subject_id,nama,date,time,epoch_ms,ts_millis,ax1,ay1,az1,gx1,gy1,gz1,ax2,ay2,az2,gx2,gy2,gz2,label
SUBJ_016,yunda,2026-06-01,16:25:50.112000,2214689568,434112,0.99561,0.17188,0.41357,0.649,2.069,-0.282,1.0188,-0.1731,-0.10645,-1.458,0.824,1.031,ergonomis
SUBJ_016,yunda,2026-06-01,16:25:50.312000,2214689768,434312,0.99365,0.17749,0.39917,-0.885,2.916,0.611,1.01758,-0.15479,-0.11328,-1.099,1.802,0.672,ergonomis
SUBJ_016,yunda,2026-06-01,16:25:50.512000,2214689968,434512,0.97583,0.177,0.40552,1.695,3.794,-2.145,1.01587,-0.16089,-0.08472,-2.718,0.962,-0.206,ergonomis
SUBJ_016,yunda,2026-06-01,16:25:50.712000,2214690168,434712,0.98486,0.16626,0.40576,-0.855,2.718,-0.038,1.02026,-0.16089,-0.0979,-1.664,0.298,-0.107,ergonomis
SUBJ_016,yunda,2026-06-01,16:25:50.912000,2214690368,433912,0.98608,0.17749,0.40063,-0.023,2.718,-0.519,1.01074,-0.17139,-0.11719,-1.847,0.87,-0.214,ergonomis
SUBJ_016,yunda,2026-06-01,16:25:51.112000,2214690568,435112,0.99341,0.17334,0.41333,-0.748,1.977,-0.969,1.03345,-0.15381,-0.10596,-0.977,-1.282,1.916,ergonomis
SUBJ_016,yunda,2026-06-01,16:25:51.312000,2214690768,435312,0.97949,0.16675,0.42505,-0.031,2.16,0.031,1.0271,-0.16919,-0.10083,-0.931,0.145,0.908,ergonomis
SUBJ_016,yunda,2026-06-01,16:25:51.512000,2214690968,435512,0.98511,0.16187,0.42749,0.168,1.542,-0.389,1.01855,-0.1665,-0.1062,-1.542,0.29,0.565,ergonomis
SUBJ_016,yunda,2026-06-01,16:25:51.712000,2214691168,435712,0.9978,0.16113,0.42603,0.748,1.702,-0.664,1.02148,-0.17065,-0.10913,-0.725,1.313,0.305,ergonomis
SUBJ_016,yunda,2026-06-01,16:25:51.912000,2214691368,434912,0.9856,0.17603,0.42261,-0.382,2.13,-0.756,1.01367,-0.16431,-0.10791,-1.595,0.443,0.656,ergonomis
SUBJ_016,yunda,2026-06-01,16:25:52.112000,2214691568,436112,0.98779,0.16895,0.41382,1.137,1.214,-0.878,1.02002,-0.16919,-0.10425,0.206,1.198,0.489,ergonomis
SUBJ_016,yunda,2026-06-01,16:25:52.312000,2214691768,436312,0.99268,0.1665,0.43115,0.557,0.962,-0.534,1.01807,-0.17065,-0.0979,-0.351,0.885,0.924,ergonomis
SUBJ_016,yunda,2026-06-01,16:25:52.512000,2214691968,436512,0.99707,0.16528,0.41284,1.13,1.832,-0.939,1.02319,-0.1687,-0.0979,-1.13,1.061,-0.618,ergonomis
SUBJ_016,yunda,2026-06-01,16:25:52.712000,2214692168,436712,0.98779,0.17114,0.40942,-1.504,3.489,-0.282,1.0166,-0.16577,-0.10205,-2.053,0.252,-0.176,ergonomis
SUBJ_016,yunda,2026-06-01,16:25:52.912000,2214692368,435912,0.99316,0.16553,0.41943,1.702,1.374,-0.916,1.01929,-0.1604,-0.10205,-0.58,1.29,0.985,ergonomis
SUBJ_016,yunda,2026-06-01,16:25:53.112000,2214692568,437112,0.99097,0.16992,0.43042,-0.542,2.427,-0.153,1.01636,-0.16016,-0.09937,-1.061,0.87,0.42,ergonomis
SUBJ_016,yunda,2026-06-01,16:25:53.312000,2214692768,437312,0.9834,0.16113,0.44214,-0.382,3.16,-0.626,1.02148,-0.16187,-0.08887,-1.702,0.16,0.992,ergonomis
SUBJ_016,yunda,2026-06-01,16:25:53.512000,2214692968,437512,0.98413,0.16187,0.44946,4.656,2.542,2.71,1.00708,-0.14795,-0.07568,-0.16,0.588,1.511,ergonomis
SUBJ_016,yunda,2026-06-01,16:25:53.712000,2214693168,437712,0.98877,0.15308,0.44434,0.008,0.389,0.542,1.01709,-0.17529,-0.08838,0.542,-0.069,0.931,ergonomis
SUBJ_016,yunda,2026-06-01,16:25:53.912000,2214693368,436912,0.99243,0.1626,0.41797,-0.527,4.214,0.374,1.01855,-0.15601,-0.09399,-0.87,1.046,0.115,ergonomis
SUBJ_016,yunda,2026-06-01,16:25:54.112000,2214693568,438112,0.98193,0.16772,0.4248,-0.092,2.809,-1.565,1.01587,-0.18701,-0.05542,-2.977,2.901,-0.115,ergonomis
SUBJ_016,yunda,2026-06-01,16:25:54.312000,2214693768,438312,0.97827,0.14551,0.43896,-0.962,4.473,-1.145,1.02393,-0.16821,-0.06152,-1.702,1.198,-0.565,ergonomis
SUBJ_016,yunda,2026-06-01,16:25:54.512000,2214693968,438512,0.97583,0.15576,0.45166,0.275,3.893,-1.885,1.02393,-0.16016,-0.06494,-0.962,1.351,-0.382,ergonomis
SUBJ_016,yunda,2026-06-01,16:25:54.712000,2214694168,438712,0.98364,0.16821,0.45801,1.321,3.351,-1.603,1.00708,-0.16284,-0.05127,-1.74,0.847,-0.397,ergonomis
SUBJ_016,yunda,2026-06-01,16:25:54.912000,2214694368,437912,0.99365,0.15063,0.42896,2.641,-0.237,-0.015,1.02026,-0.17603,-0.08252,0.313,3.145,-0.321,ergonomis
SUBJ_016,yunda,2026-06-01,16:25:55.112000,2214694568,439112,0.9873,0.18115,0.46729,-1.992,1.794,0.26,1.01147,-0.15918,-0.06616,-4.802,0.137,2.939,ergonomis
SUBJ_016,yunda,2026-06-01,16:25:55.312000,2214694768,439312,0.97778,0.15527,0.46582,-1.26,2.519,-2.229,1.01147,-0.18018,-0.05347,-1.374,0.794,-0.298,ergonomis
SUBJ_016,yunda,2026-06-01,16:25:55.512000,2214694968,439512,0.98584,0.16699,0.45361,6.282,5.992,1.863,1.02808,-0.16602,-0.05908,2.916,3.992,-4.13,ergonomis
SUBJ_016,yunda,2026-06-01,16:25:55.712000,2214695168,439712,0.97217,0.18311,0.47632,5.496,8.427,-0.519,1.0188,-0.12329,-0.02759,-1.847,3.069,1.137,ergonomis
SUBJ_016,yunda,2026-06-01,16:25:55.912000,2214695368,438912,0.97949,0.17554,0.4519,-0.45,3.344,-1.046,1.01978,-0.15479,-0.06104,-1.267,1.176,0.534,ergonomis
SUBJ_016,yunda,2026-06-01,16:25:56.112000,2214695568,440112,0.96558,0.15503,0.49658,1.427,3.473,-2.061,1.02295,-0.15186,-0.02393,-3.626,0.809,-0.893,ergonomis
SUBJ_016,yunda,2026-06-01,16:25:56.312000,2214695768,440312,0.95776,0.15137,0.51172,1.947,3.282,-1.206,1.01953,-0.15576,-0.02783,0.412,1.962,0.153,ergonomis
SUBJ_016,yunda,2026-06-01,16:25:56.512000,2214695968,440512,0.97095,0.16748,0.49683,2.824,2.221,-0.336,1.01489,-0.13989,-0.03076,-0.29,2.389,-1.107,ergonomis
SUBJ_016,yunda,2026-06-01,16:25:56.712000,2214696168,440712,0.96045,0.17285,0.51245,-0.687,0.962,-1.977,1.02393,-0.14966,-0.02075,-0.916,0.634,0.817,ergonomis
SUBJ_016,yunda,2026-06-01,16:25:56.912000,2214696368,439912,0.95557,0.14453,0.49902,-8.466,1.977,0.664,1.01489,-0.17529,-0.03711,-1.076,-0.588,1.221,ergonomis
SUBJ_016,yunda,2026-06-01,16:25:57.112000,2214696568,441112,0.9541,0.15918,0.50244,1.115,3.42,-2.053,1.02808,-0.1543,-0.01587,-0.962,2.42,-1.611,ergonomis
SUBJ_016,yunda,2026-06-01,16:25:57.312000,2214696768,441312,0.9519,0.17017,0.50439,1.832,3.763,-0.908,1.02563,-0.12817,-0.00317,-2.137,0.504,-0.359,ergonomis
SUBJ_016,yunda,2026-06-01,16:25:57.512000,2214696968,441512,0.94751,0.17578,0.51587,1.267,2.244,-1.328,1.02124,-0.14258,-0.00854,-0.435,1.328,-0.863,ergonomis
SUBJ_016,yunda,2026-06-01,16:25:57.712000,2214697168,441712,0.94238,0.17529,0.5166,1.893,2.725,-1.611,1.02637,-0.14111,-0.00415,-0.771,2.092,-0.74,ergonomis
SUBJ_016,yunda,2026-06-01,16:25:57.912000,2214697368,440912,0.94702,0.16357,0.50464,1.351,0.74,-1.481,1.03418,-0.15991,-0.02588,-2.58,-0.473,-0.153,ergonomis
SUBJ_016,yunda,2026-06-01,16:25:58.112000,2214697568,442112,0.95093,0.17236,0.50537,-2.656,2.023,-1.489,1.03003,-0.14209,-0.01465,-1.153,0.817,-0.282,ergonomis
SUBJ_016,yunda,2026-06-01,16:25:58.312000,2214697768,442312,0.94458,0.17188,0.52368,-0.542,1.641,0.252,1.02393,-0.13599,-0.00244,-1.557,0.382,-0.023,ergonomis
SUBJ_016,yunda,2026-06-01,16:25:58.512000,2214697968,442512,0.94604,0.17822,0.51733,-0.137,2.832,-0.641,1.02783,-0.13403,0.00366,-1.794,0.534,-0.298,ergonomis
SUBJ_016,yunda,2026-06-01,16:25:58.712000,2214698168,442712,0.94067,0.17017,0.53076,1.695,1.824,-1.328,1.01953,-0.13794,0.00244,0.305,3.046,-0.137,ergonomis
SUBJ_016,yunda,2026-06-01,16:25:58.912000,2214698368,441912,0.94604,0.17871,0.50903,0.366,2.244,-0.023,1.02441,-0.12695,-0.00732,-2.198,0.069,-0.069,ergonomis
SUBJ_016,yunda,2026-06-01,16:25:59.112000,2214698568,443112,0.948,0.17822,0.52002,1.695,0.328,-0.275,1.02515,-0.13086,0.00342,0.412,1.29,-0.198,ergonomis
SUBJ_016,yunda,2026-06-01,16:25:59.312000,2214698768,443312,0.95435,0.19238,0.51025,-0.443,0.359,-1.573,1.02539,-0.1272,-0.01294,-3.794,-4.076,2.489,ergonomis
SUBJ_016,yunda,2026-06-01,16:25:59.512000,2214698968,443512,0.94922,0.18579,0.51367,0.344,1.969,0.344,1.01758,-0.1333,0.00098,-0.954,0.893,0.305,ergonomis
SUBJ_016,yunda,2026-06-01,16:25:59.712000,2214699168,443712,0.94238,0.16992,0.52295,-0.534,2.29,0.16,1.02344,-0.12622,0.01367,-0.603,0.618,0.45,ergonomis
SUBJ_016,yunda,2026-06-01,16:25:59.912000,2214699368,442912,0.95508,0.17993,0.52637,1.282,1.809,-0.206,1.01245,-0.13135,-0.01294,-1.176,1.107,1.13,ergonomis
SUBJ_016,yunda,2026-06-01,16:26:00.112000,2214699568,444112,0.93335,0.2019,0.53076,1.786,2.771,1.55,1.01636,-0.12036,0.04224,-2.687,1.176,1.908,ergonomis
SUBJ_016,yunda,2026-06-01,16:26:00.312000,2214699768,444312,0.94556,0.1626,0.52637,-1.321,3.305,-2.618,1.01953,-0.13306,0.01392,-2.466,-0.725,-0.779,ergonomis
SUBJ_016,yunda,2026-06-01,16:26:00.512000,2214699968,444512,0.93237,0.18164,0.53711,-0.084,1.0,-0.084,1.02954,-0.12646,0.0083,-1.397,-0.481,0.611,ergonomis
SUBJ_016,yunda,2026-06-01,16:26:00.712000,2214700168,444712,0.99756,0.20508,0.46143,4.168,-1.84,-4.145,1.04614,-0.14087,-0.02783,-2.107,9.916,2.336,ergonomis
SUBJ_016,yunda,2026-06-01,16:26:00.912000,2214700368,443912,0.9519,0.1709,0.51489,1.214,1.672,-1.145,1.02466,-0.1311,-0.00415,-0.221,2.55,-0.863,ergonomis
SUBJ_016,yunda,2026-06-01,16:26:01.112000,2214700568,445112,0.99756,0.23511,0.42212,0.313,2.008,-3.145,1.03931,-0.13184,0.04004,-0.237,2.634,-2.366,ergonomis
SUBJ_016,yunda,2026-06-01,16:26:01.312000,2214700768,445312,0.93823,0.22266,0.52612,-10.275,12.298,4.038,1.02905,-0.12646,-0.00537,-0.229,-8.878,4.031,ergonomis
SUBJ_016,yunda,2026-06-01,16:26:01.512000,2214700968,445512,0.88354,0.18506,0.52563,-0.099,2.282,-0.183,0.98926,-0.12769,0.04736,1.939,-5.427,0.931,ergonomis
SUBJ_016,yunda,2026-06-01,16:26:01.712000,2214701168,445712,0.93774,0.19409,0.51172,9.603,-7.809,-4.29,0.9834,-0.16846,-0.00122,-2.427,-0.748,2.511,ergonomis
SUBJ_016,yunda,2026-06-01,16:26:01.912000,2214701368,444912,1.00977,0.24292,0.46973,-2.031,4.87,-1.092,1.0332,-0.13135,0.01563,-0.916,4.397,-1.031,ergonomis
SUBJ_016,yunda,2026-06-01,16:26:02.112000,2214701568,446112,0.95703,0.17261,0.50195,0.466,-2.405,1.321,1.01367,-0.15479,0.01563,-0.779,1.244,0.198,ergonomis
SUBJ_016,yunda,2026-06-01,16:26:02.312000,2214701768,446312,0.95117,0.17017,0.50854,-3.992,6.412,-1.702,1.03467,-0.18066,0.00513,-3.26,-2.206,3.603,ergonomis
SUBJ_016,yunda,2026-06-01,16:26:02.512000,2214701968,446512,0.93311,0.1626,0.52417,2.145,-1.16,-2.115,1.00732,-0.16797,-0.00049,-4.275,-0.573,0.817,ergonomis
SUBJ_016,yunda,2026-06-01,16:26:02.712000,2214702168,446712,0.9458,0.198,0.48584,1.534,3.702,-2.176,1.00146,-0.15454,0.02148,-3.985,-2.122,-0.824,ergonomis
SUBJ_016,yunda,2026-06-01,16:26:02.912000,2214702368,445912,0.94385,0.18823,0.52563,-5.481,4.802,3.573,1.02466,-0.14575,0.0105,-0.779,0.092,5.221,ergonomis
SUBJ_016,yunda,2026-06-01,16:26:03.112000,2214702568,447112,0.92212,0.1936,0.5144,2.115,6.527,-1.489,0.99854,-0.13135,0.00635,-2.076,-4.802,-2.534,ergonomis
SUBJ_016,yunda,2026-06-01,16:26:03.312000,2214702768,447312,0.89697,0.19458,0.52466,-3.626,7.0,-0.115,1.00562,-0.1394,0.01929,-4.733,-2.122,1.046,ergonomis
SUBJ_016,yunda,2026-06-01,16:26:03.512000,2214702968,447512,0.95239,0.21289,0.46802,4.16,0.076,-2.458,0.98291,-0.13403,0.01318,-2.901,0.771,-1.954,ergonomis
SUBJ_016,yunda,2026-06-01,16:26:03.712000,2214703168,447712,0.95874,0.19873,0.50806,0.573,2.053,1.74,1.01709,-0.1377,-0.0188,-0.481,-1.198,1.221,ergonomis
SUBJ_016,yunda,2026-06-01,16:26:03.912000,2214703368,446912,0.92358,0.18848,0.5061,0.626,4.427,-0.863,1.00854,-0.1333,0.02197,-4.206,-2.542,-0.756,ergonomis
SUBJ_016,yunda,2026-06-01,16:26:04.112000,2214703568,448112,0.9585,0.19141,0.53125,0.595,0.565,-0.198,1.05371,-0.12451,-0.01953,-4.336,2.168,0.023,ergonomis
SUBJ_016,yunda,2026-06-01,16:26:04.312000,2214703768,448312,0.94653,0.19873,0.50708,-2.84,3.664,1.237,1.02686,-0.13379,-0.00049,0.053,-1.137,2.374,ergonomis
SUBJ_016,yunda,2026-06-01,16:26:04.512000,2214703968,448512,0.94067,0.17969,0.5083,-1.466,1.443,0.519,1.02563,-0.15161,0.01001,-0.359,1.954,0.634,ergonomis
SUBJ_016,yunda,2026-06-01,16:26:04.712000,2214704168,448712,0.95264,0.17676,0.51733,-0.557,4.122,-0.527,1.01758,-0.14355,0.01099,-2.87,0.794,0.397,ergonomis
SUBJ_016,yunda,2026-06-01,16:26:04.912000,2214704368,447912,0.95776,0.19409,0.52588,2.107,1.573,-1.45,1.00269,-0.1438,0.00171,0.489,0.878,-0.137,ergonomis
SUBJ_016,yunda,2026-06-01,16:26:05.112000,2214704568,449112,0.94336,0.177,0.53052,0.87,3.298,-0.71,1.01758,-0.14063,0.01367,-1.183,0.702,-0.893,ergonomis
SUBJ_016,yunda,2026-06-01,16:26:05.312000,2214704768,449312,0.94067,0.18604,0.53125,0.191,2.885,-1.237,1.01831,-0.13843,0.0127,-1.321,0.427,0.351,ergonomis
SUBJ_016,yunda,2026-06-01,16:26:05.512000,2214704968,449512,0.93066,0.17285,0.53296,-0.328,2.901,-0.809,1.01685,-0.14429,0.01465,-1.405,0.191,-0.366,ergonomis
SUBJ_016,yunda,2026-06-01,16:26:05.712000,2214705168,449712,0.94263,0.17944,0.53418,0.351,3.618,-0.954,1.01147,-0.14258,0.01489,-1.664,0.481,0.595,ergonomis
SUBJ_016,yunda,2026-06-01,16:26:05.912000,2214705368,448912,0.94238,0.17822,0.52051,-0.252,3.756,-0.115,1.02051,-0.14063,0.01343,-1.527,1.008,-0.031,ergonomis
SUBJ_016,yunda,2026-06-01,16:26:06.112000,2214705568,450112,0.93945,0.18164,0.54468,1.198,2.008,-0.71,1.01904,-0.13892,0.01318,-0.252,1.183,0.237,ergonomis
SUBJ_016,yunda,2026-06-01,16:26:06.312000,2214705768,450312,0.92993,0.1731,0.55078,-2.214,1.916,-0.26,1.01367,-0.14429,0.02271,-1.679,-0.328,0.55,ergonomis
SUBJ_016,yunda,2026-06-01,16:26:06.512000,2214705968,450512,0.93506,0.18237,0.53833,2.229,2.321,-0.687,1.02344,-0.13525,0.01514,-1.405,0.878,0.031,ergonomis
SUBJ_016,yunda,2026-06-01,16:26:06.712000,2214706168,450712,0.93384,0.1731,0.5376,-1.405,1.901,-0.779,1.01978,-0.14697,0.02368,-1.412,0.74,0.328,ergonomis
SUBJ_016,yunda,2026-06-01,16:26:06.912000,2214706368,449912,0.93677,0.17188,0.54761,-2.031,2.282,0.008,1.01611,-0.14233,0.01172,-0.985,0.573,0.122,ergonomis
SUBJ_016,yunda,2026-06-01,16:26:07.112000,2214706568,451112,0.92554,0.16675,0.55249,-1.908,2.412,-1.389,1.01172,-0.15039,0.01953,-0.771,0.969,0.244,ergonomis
SUBJ_016,yunda,2026-06-01,16:26:07.312000,2214706768,451312,0.93286,0.18799,0.54517,1.733,1.595,-1.191,1.02026,-0.13037,0.02051,-0.023,2.023,0.618,ergonomis
SUBJ_016,yunda,2026-06-01,16:26:07.512000,2214706968,451512,0.92773,0.17358,0.55371,-0.725,0.878,-0.244,1.01538,-0.14185,0.02612,-0.519,0.58,0.824,ergonomis
SUBJ_016,yunda,2026-06-01,16:26:07.712000,2214707168,451712,0.93628,0.18237,0.55078,1.748,2.031,-0.046,1.02246,-0.13184,0.02759,-1.321,0.962,-0.153,ergonomis
SUBJ_016,yunda,2026-06-01,16:26:07.912000,2214707368,450912,0.92651,0.1814,0.53711,1.557,2.511,-0.725,1.02197,-0.13599,0.02148,-1.061,1.527,-0.374,ergonomis
SUBJ_016,yunda,2026-06-01,16:26:08.112000,2214707568,452112,0.93091,0.17676,0.55615,1.443,2.641,-0.298,1.02368,-0.13892,0.02393,-1.084,0.771,0.099,ergonomis
SUBJ_016,yunda,2026-06-01,16:26:08.312000,2214707768,452312,0.92285,0.17969,0.5625,-0.802,2.763,-0.496,1.0166,-0.14087,0.03491,-2.145,1.374,1.038,ergonomis
SUBJ_016,yunda,2026-06-01,16:26:08.512000,2214707968,452512,0.92944,0.1665,0.55713,0.565,2.237,-0.252,1.02075,-0.13354,0.02759,-0.924,0.725,0.115,ergonomis
SUBJ_016,yunda,2026-06-01,16:26:08.712000,2214708168,452712,0.92627,0.17725,0.56226,0.809,2.115,-1.115,1.01733,-0.14673,0.03662,-2.237,2.771,0.695,ergonomis
SUBJ_016,yunda,2026-06-01,16:26:08.912000,2214708368,451912,0.93286,0.17578,0.56201,-2.328,2.519,-0.985,1.02417,-0.14648,0.0354,-2.58,0.42,1.244,ergonomis
SUBJ_016,yunda,2026-06-01,16:26:09.112000,2214708568,453112,0.92285,0.17334,0.57153,1.42,1.87,-1.13,1.01855,-0.125,0.03564,-0.305,0.313,1.115,ergonomis
SUBJ_016,yunda,2026-06-01,16:26:09.312000,2214708768,453312,0.9231,0.16772,0.57935,-0.397,0.412,-0.336,1.01514,-0.14307,0.03613,-0.176,-0.435,0.809,ergonomis
SUBJ_016,yunda,2026-06-01,16:26:09.512000,2214708968,453512,0.92993,0.17578,0.55664,2.252,1.061,-0.756,1.01318,-0.1355,0.03516,-1.565,0.267,0.802,ergonomis
SUBJ_016,yunda,2026-06-01,16:26:09.712000,2214709168,453712,0.92969,0.15991,0.55322,-1.0,2.137,-0.229,1.01758,-0.14893,0.03882,-1.58,-0.168,0.885,ergonomis
SUBJ_016,yunda,2026-06-01,16:26:09.912000,2214709368,452912,0.92627,0.16675,0.55713,0.031,2.023,-0.282,1.01147,-0.14185,0.02368,-0.542,0.794,-0.237,ergonomis
SUBJ_016,yunda,2026-06-01,16:26:10.112000,2214709568,454112,0.91992,0.16846,0.5813,-1.924,2.321,-0.748,1.01172,-0.14673,0.04077,-1.374,0.435,0.221,ergonomis
SUBJ_016,yunda,2026-06-01,16:26:10.312000,2214709768,454312,0.92798,0.17017,0.57373,1.489,2.099,-0.817,1.01855,-0.13525,0.03979,-1.405,0.565,0.687,ergonomis
SUBJ_016,yunda,2026-06-01,16:26:10.512000,2214709968,454512,0.92041,0.17798,0.57837,-0.656,1.527,-0.58,1.02026,-0.14136,0.03369,-1.618,-0.344,1.466,ergonomis
SUBJ_016,yunda,2026-06-01,16:26:10.712000,2214710168,454712,0.91846,0.15845,0.56665,-0.885,2.252,0.198,1.02661,-0.13818,0.02954,-0.962,0.29,-0.053,ergonomis
SUBJ_016,yunda,2026-06-01,16:26:10.912000,2214710368,453912,0.93188,0.17993,0.56104,1.313,2.847,-0.366,1.02075,-0.1394,0.02515,-1.756,0.924,0.565,ergonomis
SUBJ_016,yunda,2026-06-01,16:26:11.112000,2214710568,455112,0.92627,0.15527,0.57886,,1.42,0.519,1.01855,-0.13892,0.03149,-1.16,0.42,0.115,ergonomis
SUBJ_016,yunda,2026-06-01,16:26:11.312000,2214710768,455312,0.92358,0.17139,0.56812,0.672,2.229,-1.504,1.03149,-0.14453,0.0437,-0.771,1.061,0.053,ergonomis
SUBJ_016,yunda,2026-06-01,16:26:11.512000,2214710968,455512,0.92285,0.16333,0.56909,0.42,1.046,-0.458,1.01685,-0.1394,0.04419,-0.229,0.992,0.237,ergonomis
SUBJ_016,yunda,2026-06-01,16:26:11.712000,2214711168,455712,0.9292,0.17676,0.55884,1.809,0.931,-1.527,1.02417,-0.13208,0.04639,-1.214,0.489,0.763,ergonomis
SUBJ_016,yunda,2026-06-01,16:26:11.912000,2214711368,454912,0.92627,0.17236,0.56689,0.595,1.565,-0.977,1.01367,-0.14966,0.03076,-1.511,0.924,0.954,ergonomis
SUBJ_016,yunda,2026-06-01,16:26:12.112000,2214711568,456112,0.93188,0.18311,0.55615,1.298,3.366,-0.58,1.02026,-0.13525,0.02979,-1.557,0.076,0.817,ergonomis
SUBJ_016,yunda,2026-06-01,16:26:12.312000,2214711768,456312,0.92041,0.16919,0.56934,-1.29,3.176,-0.443,1.01489,-0.13843,0.03906,-0.771,-0.489,0.221,ergonomis
SUBJ_016,yunda,2026-06-01,16:26:12.512000,2214711968,456512,0.92139,0.18286,0.56494,0.397,1.931,-1.626,1.01855,-0.13647,0.04614,-1.084,0.962,-0.931,ergonomis
SUBJ_016,yunda,2026-06-01,16:26:12.712000,2214712168,456712,0.92822,0.1875,0.5769,-1.115,2.962,0.511,1.01978,-0.11377,0.03198,-0.389,-0.939,2.008,ergonomis
SUBJ_016,yunda,2026-06-01,16:26:12.912000,2214712368,455912,0.9187,0.1665,0.56812,-1.214,1.137,-0.55,1.01929,-0.13525,0.04932,-2.557,-0.206,0.16,ergonomis
SUBJ_016,yunda,2026-06-01,16:26:13.112000,2214712568,457112,0.91895,0.17749,0.57153,1.137,0.885,-1.16,1.01636,-0.13257,0.05005,-1.748,0.794,0.672,ergonomis
SUBJ_016,yunda,2026-06-01,16:26:13.312000,2214712768,457312,0.91895,0.17578,0.5769,-1.229,2.191,0.374,1.02002,-0.13623,0.04004,-1.916,-0.008,1.237,ergonomis
SUBJ_016,yunda,2026-06-01,16:26:13.512000,2214712968,457512,0.91895,0.17651,0.56982,-0.008,2.489,0.061,1.01904,-0.13647,0.04346,-1.656,0.267,0.954,ergonomis
SUBJ_016,yunda,2026-06-01,16:26:13.877000,2214713333,457877,0.91699,0.17188,0.57056,0.023,2.679,-0.351,1.01221,-0.13623,0.05054,-1.427,0.473,0.565,ergonomis
SUBJ_016,yunda,2026-06-01,16:26:13.912000,2214713368,456912,0.91528,0.18018,0.57324,0.962,0.412,0.366,1.01782,-0.13232,0.03979,0.893,1.519,0.687,ergonomis
SUBJ_016,yunda,2026-06-01,16:26:14.077000,2214713533,458077,0.91504,0.17212,0.58179,0.87,2.511,-0.298,1.00732,-0.12915,0.04053,-1.679,0.275,0.466,ergonomis
SUBJ_016,yunda,2026-06-01,16:26:14.277000,2214713733,458277,0.91797,0.16919,0.58252,0.099,2.84,-0.275,1.02393,-0.13135,0.05005,-0.924,0.74,0.435,ergonomis
SUBJ_016,yunda,2026-06-01,16:26:14.477000,2214713933,458477,0.91602,0.1731,0.5813,1.321,-0.076,-0.557,1.01978,-0.13379,0.05029,-0.443,0.74,1.382,ergonomis
SUBJ_016,yunda,2026-06-01,16:26:14.677000,2214714133,458677,0.91504,0.16919,0.58203,0.809,1.092,-0.733,1.0083,-0.14038,0.05933,-1.557,0.595,0.382,ergonomis
SUBJ_016,yunda,2026-06-01,16:26:14.877000,2214714333,458877,0.92725,0.17188,0.57129,0.679,1.916,-1.137,1.02197,-0.13208,0.05151,-2.13,0.061,-0.137,ergonomis
SUBJ_016,yunda,2026-06-01,16:26:15.077000,2214714533,459077,0.91895,0.17676,0.56836,-0.275,3.573,-0.618,1.01904,-0.13013,0.04077,-1.405,0.092,-0.137,ergonomis
SUBJ_016,yunda,2026-06-01,16:26:15.277000,2214714733,459277,0.91675,0.17725,0.57202,-1.092,1.763,-0.229,1.0188,-0.13867,0.04419,-2.015,-0.023,0.725,ergonomis
SUBJ_016,yunda,2026-06-01,16:26:15.477000,2214714933,459477,0.91895,0.16992,0.5835,-0.618,2.214,-0.405,1.02173,-0.1333,0.03442,-2.046,0.023,1.565,ergonomis
SUBJ_016,yunda,2026-06-01,16:26:15.677000,2214715133,459677,0.91431,0.16528,0.58252,-1.244,1.664,-0.229,1.01563,-0.14575,0.04248,-1.656,0.634,1.45,ergonomis
SUBJ_016,yunda,2026-06-01,16:26:15.877000,2214715333,459877,0.91553,0.15625,0.59326,-0.038,0.664,0.443,1.01782,-0.14453,0.03955,-1.901,0.588,0.679,ergonomis
SUBJ_016,yunda,2026-06-01,16:26:16.077000,2214715533,460077,0.9248,0.16309,0.58032,0.794,-1.733,-0.511,1.01587,-0.13892,0.03711,-1.115,-1.573,1.618,ergonomis
SUBJ_016,yunda,2026-06-01,16:26:16.277000,2214715733,460277,0.93213,0.16528,0.55811,1.137,-1.763,-0.221,1.0188,-0.14355,0.02466,-0.725,-1.099,1.74,ergonomis
SUBJ_016,yunda,2026-06-01,16:26:16.477000,2214715933,460477,0.93164,0.16309,0.55786,1.015,0.427,0.046,1.01978,-0.15039,0.02002,-0.847,0.542,0.313,ergonomis
SUBJ_016,yunda,2026-06-01,16:26:16.677000,2214716133,460677,0.93091,0.1604,0.55615,-0.038,2.0,-0.191,1.01929,-0.15527,0.01563,-2.443,-0.412,0.489,ergonomis
SUBJ_016,yunda,2026-06-01,16:26:16.877000,2214716333,460877,0.92651,0.15894,0.55615,-0.092,2.931,0.145,1.01855,-0.14453,0.03149,-1.84,0.656,0.29,ergonomis
SUBJ_016,yunda,2026-06-01,16:26:17.077000,2214716533,461077,0.92358,0.15723,0.56006,-0.672,2.0,-0.008,1.0166,-0.15552,0.02905,-1.725,0.542,0.366,ergonomis
SUBJ_016,yunda,2026-06-01,16:26:17.277000,2214716733,461277,0.93433,0.14453,0.56787,1.038,0.611,-1.122,1.01245,-0.15063,0.02515,-2.771,-0.901,1.13,ergonomis
SUBJ_016,yunda,2026-06-01,16:26:17.477000,2214716933,461477,0.93799,0.16577,0.55835,1.412,2.641,-2.595,1.01807,-0.15723,0.00757,-1.58,-0.267,0.389,ergonomis
SUBJ_016,yunda,2026-06-01,16:26:17.677000,2214717133,461677,0.93188,0.17212,0.55664,-0.214,0.87,-0.13,1.01172,-0.15015,0.01929,-1.183,0.458,0.954,ergonomis
SUBJ_016,yunda,2026-06-01,16:26:17.877000,2214717333,461877,0.92944,0.16895,0.56006,0.122,2.229,-0.397,1.02002,-0.15527,0.00854,-1.069,-0.206,1.069,ergonomis
SUBJ_016,yunda,2026-06-01,16:26:18.077000,2214717533,462077,0.93384,0.16431,0.56274,0.366,2.588,-0.29,1.0188,-0.15771,0.02051,-0.687,1.87,0.496,ergonomis
SUBJ_016,yunda,2026-06-01,16:26:18.277000,2214717733,462277,0.92749,0.15796,0.56763,1.55,2.947,0.015,1.01343,-0.15771,0.02637,-1.229,0.649,-0.374,ergonomis
SUBJ_016,yunda,2026-06-01,16:26:18.477000,2214717933,462477,0.92017,0.16162,0.55542,-0.282,0.611,-0.71,1.01147,-0.15771,0.01489,-1.176,-0.489,0.45,ergonomis
SUBJ_016,yunda,2026-06-01,16:26:18.677000,2214718133,462677,0.9292,0.15942,0.55615,1.496,-1.183,-1.748,1.01099,-0.15625,0.01392,-1.641,-2.824,-0.092,ergonomis
SUBJ_016,yunda,2026-06-01,16:26:18.877000,2214718333,462877,0.94141,0.17627,0.54297,2.099,-2.664,-1.176,1.01733,-0.14258,0.01025,-2.183,-3.504,-0.168,ergonomis
SUBJ_016,yunda,2026-06-01,16:26:19.168000,2214718624,463168,0.94849,0.17676,0.52051,0.252,0.16,-1.527,1.01953,-0.14844,-0.01685,-2.206,-0.885,0.359,ergonomis
SUBJ_016,yunda,2026-06-01,16:26:19.368000,2214718824,463368,0.94556,0.17236,0.51733,-0.511,2.099,-0.557,1.01904,-0.14673,-0.01245,-0.634,1.55,-0.992,ergonomis
SUBJ_016,yunda,2026-06-01,16:26:19.682000,2214719138,463682,0.94312,0.177,0.53076,0.389,3.206,-0.809,1.02466,-0.13184,-0.01953,-0.29,1.427,-0.405,ergonomis
SUBJ_016,yunda,2026-06-01,16:26:19.882000,2214719338,463882,0.94043,0.16528,0.53955,0.214,2.366,-1.061,1.01929,-0.14868,-0.02051,-0.733,2.405,-0.45,ergonomis
SUBJ_016,yunda,2026-06-01,16:26:20.082000,2214719538,464082,0.94873,0.18286,0.54199,0.695,1.26,-1.244,1.02075,-0.13647,-0.00317,-1.573,0.672,1.458,ergonomis
SUBJ_016,yunda,2026-06-01,16:26:20.305000,2214719761,464305,0.93359,0.18774,0.51807,-3.565,-0.656,-1.496,1.03174,-0.12866,-0.00879,-3.099,-0.481,4.725,ergonomis
SUBJ_016,yunda,2026-06-01,16:26:20.526000,2214719982,464526,0.95361,0.13599,0.54272,-16.748,-10.962,-2.435,1.02026,-0.18774,0.00366,-8.756,-1.046,7.939,ergonomis
SUBJ_016,yunda,2026-06-01,16:26:20.726000,2214720182,464726,0.95337,0.1377,0.52295,1.336,1.565,0.282,1.01392,-0.17969,-0.00366,-1.519,-1.611,1.679,ergonomis
SUBJ_016,yunda,2026-06-01,16:26:21.126000,2214720582,465126,0.97046,0.18799,0.51294,-14.443,-6.13,-2.107,1.01514,-0.17993,0.00366,-13.809,4.74,8.374,ergonomis
SUBJ_016,yunda,2026-06-01,16:26:21.326000,2214720782,465326,0.96143,0.10303,0.4978,-15.977,-8.481,-4.87,0.99536,-0.26172,-0.01074,-7.687,-2.962,4.008,ergonomis
SUBJ_016,yunda,2026-06-01,16:26:21.526000,2214720982,465526,0.97778,0.13013,0.49609,9.542,6.672,1.817,1.02271,-0.20093,-0.03906,-2.611,-1.458,-1.74,ergonomis
SUBJ_016,yunda,2026-06-01,16:26:21.726000,2214721182,465726,0.9646,0.12817,0.49097,3.87,1.763,-2.344,1.01855,-0.22046,-0.02905,-2.969,-2.74,-1.893,ergonomis
SUBJ_016,yunda,2026-06-01,16:26:21.926000,2214721382,464926,0.9502,0.15405,0.50366,8.992,2.168,0.397,1.0166,-0.18604,-0.01367,2.168,-0.695,-1.603,ergonomis
SUBJ_016,yunda,2026-06-01,16:26:22.126000,2214721582,466126,0.96777,0.14453,0.48364,-8.183,0.069,3.649,1.00098,-0.21045,-0.04004,-2.046,4.397,3.672,ergonomis
SUBJ_016,yunda,2026-06-01,16:26:22.326000,2214721782,466326,0.98145,0.11694,0.48901,-5.305,7.099,-0.672,0.99219,-0.23511,-0.03955,-1.298,11.649,-0.618,ergonomis
SUBJ_016,yunda,2026-06-01,16:26:22.526000,2214721982,466526,0.94116,0.125,0.56104,-2.038,4.58,-7.779,0.99146,-0.20435,0.01733,-4.168,3.168,-0.863,ergonomis
SUBJ_016,yunda,2026-06-01,16:26:22.726000,2214722182,466726,0.94897,0.08691,0.56592,-4.87,0.374,1.771,1.00537,-0.22144,-0.00098,-1.588,0.664,-1.16,ergonomis
SUBJ_016,yunda,2026-06-01,16:26:22.926000,2214722382,465926,0.96094,0.15601,0.4978,10.534,4.603,1.153,1.03223,-0.18652,-0.05127,-0.145,0.321,-1.244,ergonomis
SUBJ_016,yunda,2026-06-01,16:26:23.126000,2214722582,467126,0.94312,0.1438,0.53198,0.626,1.71,-0.588,1.01855,-0.20142,0.00781,-1.924,-0.87,0.504,ergonomis
SUBJ_016,yunda,2026-06-01,16:26:23.326000,2214722782,467326,0.95044,0.14526,0.54028,1.038,1.992,-0.153,1.01221,-0.19312,-0.00146,-0.878,0.878,-0.038,ergonomis
SUBJ_016,yunda,2026-06-01,16:26:23.526000,2214722982,467526,0.96021,0.1582,0.52588,-9.305,-0.939,-1.16,0.99951,-0.18848,0.01465,-8.389,5.939,3.725,ergonomis
SUBJ_016,yunda,2026-06-01,16:26:23.726000,2214723182,467726,0.96582,0.10986,0.5437,-2.588,0.137,2.069,1.00879,-0.20313,-0.00513,1.374,1.656,-0.718,ergonomis
SUBJ_016,yunda,2026-06-01,16:26:23.926000,2214723382,466926,0.93384,0.14404,0.53467,5.473,2.87,-4.198,1.00781,-0.18823,0.0188,-2.542,-0.153,-0.84,ergonomis
SUBJ_016,yunda,2026-06-01,16:26:24.126000,2214723582,468126,0.93921,0.13086,0.53271,3.427,2.588,-0.427,1.00977,-0.18872,0.01245,0.527,-1.55,-0.916,ergonomis
SUBJ_016,yunda,2026-06-01,16:26:24.326000,2214723782,468326,0.94507,0.13818,0.54688,1.29,1.427,-2.031,1.01563,-0.18652,-0.00024,-1.863,-0.557,-0.489,ergonomis
SUBJ_016,yunda,2026-06-01,16:26:24.526000,2214723982,468526,0.95239,0.14966,0.53296,2.466,1.305,-1.084,1.01831,-0.17969,-0.01221,0.122,-0.847,0.427,ergonomis
SUBJ_016,yunda,2026-06-01,16:26:24.726000,2214724182,468726,0.94238,0.14478,0.53638,0.733,0.969,0.008,1.01318,-0.18311,-0.00708,-0.725,-0.405,0.664,ergonomis
SUBJ_016,yunda,2026-06-01,16:26:24.926000,2214724382,467926,0.95923,0.13379,0.54785,3.595,4.405,-3.756,1.00488,-0.20874,0.00244,-2.679,0.298,-0.275,ergonomis
SUBJ_016,yunda,2026-06-01,16:26:25.126000,2214724582,469126,0.94556,0.12793,0.52563,3.107,1.359,-0.687,1.00781,-0.19067,0.02124,-3.832,-1.328,-2.221,ergonomis
SUBJ_016,yunda,2026-06-01,16:26:25.326000,2214724782,469326,0.95972,0.1814,0.51514,12.748,8.763,8.611,1.05396,-0.14697,-0.01318,8.122,3.855,-3.748,ergonomis
SUBJ_016,yunda,2026-06-01,16:26:25.526000,2214724982,469526,0.92676,0.14233,0.53589,-0.435,3.397,-0.695,1.02173,-0.18408,0.02002,-2.878,4.26,1.634,ergonomis
SUBJ_016,yunda,2026-06-01,16:26:25.726000,2214725182,469726,0.96411,0.1709,0.56274,-23.359,-5.183,-2.603,1.0166,-0.17969,0.02295,-11.031,5.595,12.038,ergonomis
SUBJ_016,yunda,2026-06-01,16:26:25.926000,2214725382,468926,0.94458,0.14404,0.52881,-0.42,1.779,-0.092,1.00879,-0.19507,-0.00342,-1.931,0.305,1.038,ergonomis
SUBJ_016,yunda,2026-06-01,16:26:26.126000,2214725582,470126,0.93091,0.11621,0.56616,0.542,2.733,-3.252,1.00513,-0.19531,0.04053,-3.649,-0.55,-1.351,ergonomis
SUBJ_016,yunda,2026-06-01,16:26:26.326000,2214725782,470326,0.93726,0.0896,0.56934,13.168,4.321,-2.176,1.00757,-0.21021,0.00757,-1.527,-5.023,-8.588,ergonomis
SUBJ_016,yunda,2026-06-01,16:26:26.526000,2214725982,470526,0.94238,0.198,0.55298,21.939,6.008,2.611,1.03052,-0.1084,0.01465,6.527,3.176,-3.26,ergonomis
SUBJ_016,yunda,2026-06-01,16:26:26.726000,2214726182,470726,0.9043,0.15308,0.56079,-4.901,6.061,-1.771,0.99219,-0.14844,0.02393,-1.954,0.672,1.29,ergonomis
SUBJ_016,yunda,2026-06-01,16:26:26.926000,2214726382,469926,0.94385,0.06519,0.53003,2.634,4.794,-1.908,0.99878,-0.20215,0.02856,5.649,1.496,-5.221,ergonomis
SUBJ_016,yunda,2026-06-01,16:26:27.126000,2214726582,471126,0.93994,0.15405,0.58032,-2.237,2.534,-1.427,1.01636,-0.14038,0.05542,-5.611,3.427,0.885,ergonomis
SUBJ_016,yunda,2026-06-01,16:26:27.326000,2214726782,471326,0.9375,0.15137,0.58398,0.542,3.939,0.588,1.01733,-0.13208,0.05518,0.786,2.351,-0.382,ergonomis
SUBJ_016,yunda,2026-06-01,16:26:27.526000,2214726982,471526,0.91943,0.14771,0.59277,0.191,3.565,-0.137,1.01343,-0.14063,0.05981,-0.672,2.115,0.473,ergonomis
SUBJ_016,yunda,2026-06-01,16:26:27.726000,2214727182,471726,0.90918,0.14551,0.60107,1.588,2.794,1.275,1.01733,-0.12915,0.07227,-0.687,1.504,0.718,ergonomis
SUBJ_016,yunda,2026-06-01,16:26:27.926000,2214727382,470926,0.91016,0.16797,0.58374,2.336,4.489,2.221,1.00757,-0.12451,0.05615,2.366,1.641,1.267,ergonomis
SUBJ_016,yunda,2026-06-01,16:26:28.126000,2214727582,472126,0.90698,0.14087,0.60425,1.527,3.382,-0.107,1.01489,-0.12891,0.07227,-2.229,0.969,-0.664,ergonomis
SUBJ_016,yunda,2026-06-01,16:26:28.346000,2214727802,472346,0.91333,0.14136,0.60645,-1.237,4.802,-0.191,1.01611,-0.12769,0.08691,-2.519,0.794,-0.557,ergonomis
SUBJ_016,yunda,2026-06-01,16:26:28.546000,2214728002,472546,0.91235,0.14038,0.61694,-0.366,3.557,-0.847,1.01538,-0.12354,0.073,-2.031,0.733,-0.908,ergonomis
SUBJ_016,yunda,2026-06-01,16:26:28.746000,2214728202,472746,0.89185,0.146,0.61597,-0.328,2.13,-0.954,1.02075,-0.11865,0.07788,-1.763,-0.191,0.397,ergonomis
SUBJ_016,yunda,2026-06-01,16:26:28.926000,2214728382,471926,0.91699,0.14331,0.59692,0.496,2.748,-0.214,1.01123,-0.13184,0.06982,-0.031,1.031,0.725,ergonomis
SUBJ_016,yunda,2026-06-01,16:26:29.146000,2214728602,473146,0.90601,0.1416,0.61914,1.557,0.267,-0.466,1.01587,-0.12231,0.06543,-0.168,-1.87,1.252,ergonomis
SUBJ_016,yunda,2026-06-01,16:26:29.346000,2214728802,473346,0.90649,0.146,0.61035,1.183,-0.511,-0.42,1.01245,-0.12744,0.07324,-1.901,-1.412,1.649,ergonomis
SUBJ_016,yunda,2026-06-01,16:26:29.546000,2214729002,473546,0.91333,0.14185,0.6106,1.855,-2.221,-1.015,1.01147,-0.13403,0.05859,-1.702,-4.527,0.328,ergonomis
SUBJ_016,yunda,2026-06-01,16:26:29.752000,2214729208,473752,0.92041,0.15112,0.58398,1.458,-2.542,-1.511,1.02563,-0.12476,0.03394,-4.466,-5.046,0.282,ergonomis
SUBJ_016,yunda,2026-06-01,16:26:29.946000,2214729402,472946,0.90161,0.13647,0.61621,0.931,0.29,0.237,1.00757,-0.11377,0.08716,-0.229,-2.267,0.977,ergonomis
SUBJ_016,yunda,2026-06-01,16:26:30.152000,2214729608,474152,0.9248,0.1687,0.5603,0.405,0.511,-0.221,1.02271,-0.12769,,-0.374,-1.45,0.344,ergonomis
SUBJ_016,yunda,2026-06-01,16:26:30.352000,2214729808,474352,0.92944,0.16309,0.56787,0.733,1.542,-1.031,1.03296,-0.12695,-0.00049,-1.229,0.053,0.214,ergonomis
SUBJ_016,yunda,2026-06-01,16:26:30.552000,2214730008,474552,0.92529,0.16064,0.54712,0.687,1.557,-0.771,1.02954,-0.12305,0.01685,2.664,-0.55,0.389,ergonomis
SUBJ_016,yunda,2026-06-01,16:26:30.752000,2214730208,474752,0.93774,0.16357,0.55518,1.008,0.977,-1.183,1.02222,-0.12109,0.00854,0.069,0.893,1.061,ergonomis
SUBJ_016,yunda,2026-06-01,16:26:30.952000,2214730408,473952,0.92554,0.16528,0.55249,0.557,-1.16,-2.221,1.01978,-0.14233,0.00513,-2.947,-2.573,-0.015,ergonomis
SUBJ_016,yunda,2026-06-01,16:26:31.152000,2214730608,475152,0.93066,0.17017,0.5415,0.817,1.405,-0.786,1.03052,-0.12549,0.01489,-1.992,-0.55,0.298,ergonomis
SUBJ_016,yunda,2026-06-01,16:26:31.352000,2214730808,475352,0.93042,0.16821,0.55225,-2.122,1.985,-0.351,1.01782,-0.12646,-0.00732,-2.122,-1.458,1.771,ergonomis
SUBJ_016,yunda,2026-06-01,16:26:31.552000,2214731008,475552,0.91602,0.15845,0.55249,-2.84,3.611,-0.962,1.01685,-0.12866,0.00464,-3.084,-2.145,0.534,ergonomis
SUBJ_016,yunda,2026-06-01,16:26:31.752000,2214731208,475752,0.93115,0.17944,0.54321,0.519,1.519,-1.038,1.00806,-0.13159,0.01855,-0.901,-4.466,0.458,ergonomis
SUBJ_016,yunda,2026-06-01,16:26:31.952000,2214731408,474952,0.92505,0.16284,0.55542,1.664,0.344,-0.695,1.01978,-0.12354,0.00439,-0.847,0.641,0.885,ergonomis
SUBJ_016,yunda,2026-06-01,16:26:32.152000,2214731608,476152,0.93652,0.18188,0.60132,5.427,-4.756,-1.916,1.01294,-0.12524,-0.00195,-1.771,-3.962,1.634,ergonomis
SUBJ_016,yunda,2026-06-01,16:26:32.352000,2214731808,476352,0.99194,0.19482,0.53516,4.481,-1.084,-1.458,1.0127,-0.125,-0.00952,-0.634,-1.534,0.282,ergonomis
SUBJ_016,yunda,2026-06-01,16:26:32.552000,2214732008,476552,0.97437,0.18701,0.54346,2.901,0.573,-0.664,1.04248,-0.15063,-0.00537,0.496,0.542,0.198,ergonomis
SUBJ_016,yunda,2026-06-01,16:26:32.752000,2214732208,476752,0.94214,0.17822,0.53711,0.695,2.924,1.344,1.02783,-0.12744,-0.01343,-0.038,-1.771,1.786,ergonomis
SUBJ_016,yunda,2026-06-01,16:26:32.952000,2214732408,475952,0.9021,0.1709,0.57275,6.656,-1.672,-3.122,0.979,-0.12427,-0.00195,0.87,-0.137,2.16,ergonomis
SUBJ_016,yunda,2026-06-01,16:26:33.152000,2214732608,477152,0.93701,0.16968,0.55933,-1.214,1.84,-0.023,1.02197,-0.1355,-0.00513,0.038,0.672,1.863,ergonomis
SUBJ_016,yunda,2026-06-01,16:26:33.352000,2214732808,477352,0.94409,0.16846,0.53979,2.359,1.038,-0.947,1.02661,-0.13599,-0.0166,-2.473,2.916,-0.359,ergonomis
SUBJ_016,yunda,2026-06-01,16:26:33.552000,2214733008,477552,0.9458,0.16748,0.56006,-0.893,2.008,0.55,1.01953,-0.13892,-0.00513,0.519,-0.313,1.137,ergonomis
SUBJ_016,yunda,2026-06-01,16:26:33.752000,2214733208,477752,0.92139,0.15234,0.56226,1.267,2.275,-0.634,1.02466,-0.12939,0.00122,-1.305,-0.137,-0.153,ergonomis
SUBJ_016,yunda,2026-06-01,16:26:33.952000,2214733408,476952,0.92651,0.1731,0.52197,0.191,5.794,1.053,1.03027,-0.13892,-0.01807,-0.015,2.557,-0.855,ergonomis
SUBJ_016,yunda,2026-06-01,16:26:34.152000,2214733608,478152,0.93726,0.15649,0.54541,0.511,2.763,0.313,1.02319,-0.13159,0.00146,-0.504,1.794,0.603,ergonomis
SUBJ_016,yunda,2026-06-01,16:26:34.352000,2214733808,478352,0.93701,0.15649,0.56079,-0.863,1.069,0.992,1.01831,-0.13525,-0.00049,0.527,2.008,1.435,ergonomis
SUBJ_016,yunda,2026-06-01,16:26:34.552000,2214734008,478552,0.93408,0.15918,0.54736,0.656,1.122,,1.02783,-0.14575,-0.00439,-2.244,-0.885,1.832,ergonomis
SUBJ_016,yunda,2026-06-01,16:26:34.752000,2214734208,478752,0.93799,0.14966,0.54565,-0.489,3.038,-0.901,1.021,-0.13672,0.0127,0.122,2.679,-1.015,ergonomis
SUBJ_016,yunda,2026-06-01,16:26:34.952000,2214734408,477952,0.9397,0.16772,0.56665,0.282,0.908,0.305,1.03271,-0.13599,-0.00439,-0.855,-0.74,1.351,ergonomis
SUBJ_016,yunda,2026-06-01,16:26:35.152000,2214734608,479152,0.9209,0.15503,0.56274,0.084,3.573,-1.359,1.0271,-0.13672,0.02319,-0.557,2.374,0.008,ergonomis
SUBJ_016,yunda,2026-06-01,16:26:35.352000,2214734808,479352,0.92114,0.14722,0.58276,0.206,4.321,-0.641,1.02148,-0.12915,0.03027,-1.931,0.412,-0.359,ergonomis
SUBJ_016,yunda,2026-06-01,16:26:35.566000,2214735022,479566,0.91577,0.15356,0.57935,-0.038,3.053,-1.107,1.01807,-0.12695,0.01831,-2.985,-0.168,-0.015,ergonomis
SUBJ_016,yunda,2026-06-01,16:26:35.766000,2214735222,479766,0.91943,0.14526,0.59106,-2.069,1.824,-0.008,1.02563,-0.11377,0.03589,-0.824,-0.794,1.389,ergonomis
SUBJ_016,yunda,2026-06-01,16:26:35.952000,2214735408,478952,0.93091,0.14404,0.56055,1.046,4.214,0.084,1.02344,-0.13354,0.00732,-1.191,1.794,-0.58,ergonomis
SUBJ_016,yunda,2026-06-01,16:26:36.166000,2214735622,480166,0.93286,0.15454,0.57983,1.863,-0.725,-1.733,1.01611,-0.13354,0.01318,-0.641,-0.206,0.947,ergonomis
SUBJ_016,yunda,2026-06-01,16:26:36.366000,2214735822,480366,0.93066,0.15601,0.57593,1.45,0.107,-0.183,1.0271,-0.13525,0.00732,0.397,0.527,0.779,ergonomis
SUBJ_016,yunda,2026-06-01,16:26:36.566000,2214736022,480566,0.92456,0.15405,0.56299,1.237,1.427,-0.282,1.02734,-0.12427,0.02295,-0.351,-0.351,0.038,ergonomis
SUBJ_016,yunda,2026-06-01,16:26:36.766000,2214736222,480766,0.92627,0.14917,0.57153,-0.481,2.519,0.061,1.021,-0.13379,0.02197,-2.885,-0.412,0.366,ergonomis
SUBJ_016,yunda,2026-06-01,16:26:36.966000,2214736422,479966,0.91162,0.14404,0.59692,1.298,0.168,-0.626,1.01855,-0.13794,0.03101,-0.954,0.046,0.26,ergonomis
SUBJ_016,yunda,2026-06-01,16:26:37.166000,2214736622,481166,0.92236,0.14355,0.57104,0.427,2.053,0.023,1.02124,-0.13208,0.02563,-0.802,0.015,0.305,ergonomis
SUBJ_016,yunda,2026-06-01,16:26:37.366000,2214736822,481366,0.92993,0.14258,0.57202,0.42,1.702,-0.634,1.02197,-0.13745,0.02075,-1.382,0.107,0.252,ergonomis
SUBJ_016,yunda,2026-06-01,16:26:37.566000,2214737022,481566,0.92163,0.14648,0.58472,-0.015,2.076,-0.427,1.02246,-0.12939,0.01123,-1.26,0.573,0.542,ergonomis
SUBJ_016,yunda,2026-06-01,16:26:37.766000,2214737222,481766,0.91943,0.15234,0.57739,0.29,1.725,-0.053,1.03369,-0.12451,0.021,-0.321,-0.916,0.573,ergonomis
SUBJ_016,yunda,2026-06-01,16:26:37.966000,2214737422,480966,0.92969,0.15796,0.57031,-0.489,2.763,0.099,1.02246,-0.13354,0.01978,-1.748,0.252,0.443,ergonomis
SUBJ_016,yunda,2026-06-01,16:26:38.166000,2214737622,482166,0.92188,0.14966,0.57837,0.893,0.916,-0.74,1.02368,-0.13037,0.0144,-0.931,0.45,0.626,ergonomis
SUBJ_016,yunda,2026-06-01,16:26:38.366000,2214737822,482366,0.92896,0.15967,0.56372,0.618,2.084,-0.13,1.02051,-0.12573,0.0188,-2.496,-0.099,0.244,ergonomis
SUBJ_016,yunda,2026-06-01,16:26:38.566000,2214738022,482566,0.92554,0.14575,0.56494,-0.176,2.382,-0.107,1.01685,-0.12988,0.01343,-2.061,0.122,-0.092,ergonomis
SUBJ_016,yunda,2026-06-01,16:26:38.766000,2214738222,482766,0.92188,0.14502,0.56787,-0.13,2.557,-0.389,1.02271,-0.13086,0.01343,-1.55,0.641,0.595,ergonomis
SUBJ_016,yunda,2026-06-01,16:26:38.966000,2214738422,481966,0.92334,0.14795,0.57959,0.985,0.87,-0.573,1.01929,-0.13062,0.00684,-1.649,0.595,0.664,ergonomis
SUBJ_016,yunda,2026-06-01,16:26:39.166000,2214738622,483166,0.92065,0.13989,0.57666,1.679,0.031,-2.305,1.01416,-0.11938,0.0061,-1.534,-4.084,-0.962,ergonomis
SUBJ_016,yunda,2026-06-01,16:26:39.366000,2214738822,483366,0.94629,0.17529,0.54688,0.55,11.802,2.29,1.03394,-0.11035,0.00806,-0.779,-2.809,2.725,ergonomis
SUBJ_016,yunda,2026-06-01,16:26:39.566000,2214739022,483566,0.9292,0.12939,0.58569,3.107,1.573,-0.939,1.00464,-0.13892,0.05029,0.656,3.534,-0.153,ergonomis
SUBJ_016,yunda,2026-06-01,16:26:39.766000,2214739222,483766,0.92065,0.14746,0.59717,-3.069,3.527,1.626,1.0188,-0.11597,0.01147,-1.649,-1.366,1.489,ergonomis
SUBJ_016,yunda,2026-06-01,16:26:39.966000,2214739422,482966,0.92065,0.15161,0.5791,1.389,0.267,-0.198,1.02612,-0.13086,0.02319,-0.542,0.855,0.756,ergonomis
SUBJ_016,yunda,2026-06-01,16:26:40.166000,2214739622,484166,0.92822,0.14893,0.58057,0.176,0.107,-1.16,1.01294,-0.14087,0.01514,-1.649,-1.26,0.924,ergonomis
SUBJ_016,yunda,2026-06-01,16:26:40.366000,2214739822,484366,0.9126,0.15015,0.58374,-1.191,-0.382,0.13,1.01587,-0.13037,0.00244,-3.405,-1.885,1.847,ergonomis
SUBJ_016,yunda,2026-06-01,16:26:40.566000,2214740022,484566,0.92896,0.13306,0.5564,0.046,-0.344,-0.29,1.01367,-0.13965,-0.00244,-1.336,-0.664,0.664,ergonomis
SUBJ_016,yunda,2026-06-01,16:26:40.766000,2214740222,484766,0.9397,0.15015,0.5459,0.038,1.908,-1.031,1.02295,-0.13989,0.00391,-1.374,0.191,1.053,ergonomis
SUBJ_016,yunda,2026-06-01,16:26:40.966000,2214740422,483966,0.92822,0.14404,0.58325,2.267,-0.237,-0.992,1.00391,-0.13867,0.03271,-0.458,-1.122,0.168,ergonomis
SUBJ_016,yunda,2026-06-01,16:26:41.166000,2214740622,485166,0.93604,0.14331,0.56592,-0.931,2.809,-1.511,1.01709,-0.15381,-0.00073,-1.015,1.313,0.305,ergonomis
SUBJ_016,yunda,2026-06-01,16:26:41.366000,2214740822,485366,0.94629,0.12817,0.56494,2.298,5.534,-1.962,1.02637,-0.13452,0.01147,-1.405,4.046,-3.29,ergonomis
SUBJ_016,yunda,2026-06-01,16:26:41.566000,2214741022,485566,0.91455,0.17285,0.59497,-5.107,3.328,1.603,1.00879,-0.12158,0.0332,-1.496,0.695,2.847,ergonomis
SUBJ_016,yunda,2026-06-01,16:26:41.766000,2214741222,485766,0.9126,0.12085,0.60425,3.878,1.534,-1.763,1.01245,-0.13867,0.03345,-2.809,1.107,-0.847,ergonomis
SUBJ_016,yunda,2026-06-01,16:26:41.966000,2214741422,484966,0.93359,0.13477,0.55688,-0.977,1.55,0.672,1.01929,-0.13501,-0.00317,-1.115,-0.191,1.542,ergonomis
SUBJ_016,yunda,2026-06-01,16:26:42.166000,2214741622,486166,0.90527,0.08105,0.62256,1.122,-9.137,-6.412,0.99219,-0.15698,0.07153,-6.053,-4.504,0.634,ergonomis
SUBJ_016,yunda,2026-06-01,16:26:42.366000,2214741822,486366,0.93237,0.14746,0.5542,0.122,-4.244,-0.053,1.02051,-0.14966,-0.01294,-3.84,-6.443,1.664,ergonomis
SUBJ_016,yunda,2026-06-01,16:26:42.574000,2214742030,486574,0.95947,0.14648,0.50049,1.145,-0.771,-0.397,1.02661,-0.15332,-0.02661,0.046,-1.756,0.611,ergonomis
SUBJ_016,yunda,2026-06-01,16:26:42.784000,2214742240,486784,0.95361,0.15161,0.52637,1.275,0.786,-0.74,1.01367,-0.15308,-0.00635,1.29,-0.863,2.557,ergonomis
SUBJ_016,yunda,2026-06-01,16:26:42.966000,2214742422,485966,0.93481,0.15234,0.56299,-2.252,1.061,1.664,1.04102,-0.14673,-0.01294,-1.496,2.893,2.824,ergonomis
SUBJ_016,yunda,2026-06-01,16:26:43.184000,2214742640,487184,0.94312,0.16504,0.50952,-3.466,2.557,-0.076,1.02051,-0.15967,-0.02393,-2.084,-0.893,1.168,ergonomis
SUBJ_016,yunda,2026-06-01,16:26:43.384000,2214742840,487384,0.94214,0.16504,0.52246,-0.313,3.221,-0.779,1.01953,-0.15186,-0.01074,-1.924,1.939,0.061,ergonomis
SUBJ_016,yunda,2026-06-01,16:26:43.584000,2214743040,487584,0.94482,0.1543,0.5481,2.29,0.954,-1.504,1.0105,-0.15845,-0.00635,-0.443,0.679,0.305,ergonomis
SUBJ_016,yunda,2026-06-01,16:26:43.784000,2214743240,487784,0.96045,0.16284,0.52197,1.45,0.023,1.237,1.02686,-0.15039,-0.04248,-2.252,-1.84,1.595,ergonomis
SUBJ_016,yunda,2026-06-01,16:26:43.984000,2214743440,486984,0.92871,0.15698,0.50806,0.267,3.977,-0.672,1.03296,-0.12427,-0.00439,-2.282,-2.137,0.13,ergonomis
SUBJ_016,yunda,2026-06-01,16:26:44.184000,2214743640,488184,0.95776,0.15161,0.52295,0.107,2.748,0.183,1.0271,-0.16479,-0.03931,-2.115,1.42,-0.756,ergonomis
SUBJ_016,yunda,2026-06-01,16:26:44.384000,2214743840,488384,0.94189,0.15991,0.51978,4.435,1.069,0.046,1.02734,-0.13428,-0.04688,-1.107,-0.092,-0.427,ergonomis
SUBJ_016,yunda,2026-06-01,16:26:44.584000,2214744040,488584,0.9082,0.18237,0.57764,-7.191,10.076,-9.115,1.02515,-0.17456,-0.02832,-0.863,1.786,-1.023,ergonomis
SUBJ_016,yunda,2026-06-01,16:26:44.784000,2214744240,488784,0.9646,0.15942,0.50952,5.855,7.763,9.023,1.02368,-0.07739,0.00879,2.557,5.74,1.115,ergonomis
SUBJ_016,yunda,2026-06-01,16:26:44.984000,2214744440,487984,0.96313,0.15552,0.49414,1.786,0.962,-0.053,1.02783,-0.16211,-0.04248,-1.55,0.282,-0.214,ergonomis
SUBJ_016,yunda,2026-06-01,16:26:45.184000,2214744640,489184,0.93164,0.15283,0.56592,1.191,-0.183,3.809,1.02295,-0.13867,0.01831,0.015,-1.679,2.573,ergonomis
SUBJ_016,yunda,2026-06-01,16:26:45.384000,2214744840,489384,0.94946,0.13965,0.54272,2.634,2.374,-0.389,1.01514,-0.14673,-0.00171,0.718,2.229,-1.412,ergonomis
SUBJ_016,yunda,2026-06-01,16:26:45.584000,2214745040,489584,0.92236,0.15625,0.58838,0.481,0.885,-0.084,1.01978,-0.13086,,-2.817,-1.13,0.489,ergonomis
SUBJ_016,yunda,2026-06-01,16:26:45.784000,2214745240,489784,0.92896,0.15332,0.55225,-2.206,0.458,-1.344,1.01904,-0.13232,-0.00757,-2.366,-1.885,0.061,ergonomis
SUBJ_016,yunda,2026-06-01,16:26:45.984000,2214745440,488984,0.94019,0.14526,0.56689,4.496,5.26,-3.931,1.01147,-0.13818,0.00879,2.679,7.176,-2.611,ergonomis
SUBJ_016,yunda,2026-06-01,16:26:46.184000,2214745640,490184,0.9248,0.15894,0.54199,2.061,0.466,-1.718,1.05566,-0.12378,-0.00977,-3.412,-1.061,-1.763,ergonomis
SUBJ_016,yunda,2026-06-01,16:26:46.384000,2214745840,490384,0.90601,0.15405,0.57202,0.824,0.901,2.756,1.02612,-0.12598,-0.01685,-2.809,0.023,2.45,ergonomis
SUBJ_016,yunda,2026-06-01,16:26:46.584000,2214746040,490584,0.9292,0.14722,0.55371,-1.794,2.702,-4.076,1.01172,-0.14575,-0.01636,-0.153,0.008,1.267,ergonomis
SUBJ_016,yunda,2026-06-01,16:26:46.784000,2214746240,490784,0.92969,0.16724,0.56445,1.435,3.893,2.893,1.02417,-0.11792,0.00098,-0.962,2.053,0.267,ergonomis
SUBJ_016,yunda,2026-06-01,16:26:46.984000,2214746440,489984,0.95386,0.15381,0.55273,-0.771,0.573,-0.817,1.01782,-0.1355,-0.02563,-0.534,-1.107,-0.137,ergonomis
SUBJ_016,yunda,2026-06-01,16:26:47.184000,2214746640,491184,0.92676,0.1626,0.56592,1.733,1.649,-1.282,1.02563,-0.12256,-0.00415,-0.672,0.702,0.183,ergonomis
SUBJ_016,yunda,2026-06-01,16:26:47.384000,2214746840,491384,0.93115,0.15283,0.56201,-0.626,0.389,-0.603,1.02173,-0.12988,-0.01196,-1.817,-0.374,0.321,ergonomis
SUBJ_016,yunda,2026-06-01,16:26:47.584000,2214747040,491584,0.94873,0.1499,0.53931,-1.779,1.198,-2.786,1.01416,-0.13403,-0.0061,-2.504,-1.496,-0.26,ergonomis
SUBJ_016,yunda,2026-06-01,16:26:47.784000,2214747240,491784,0.9375,0.15771,0.56201,-4.191,-0.832,1.718,1.02808,-0.11499,-0.01831,-1.626,-3.13,3.153,ergonomis
SUBJ_016,yunda,2026-06-01,16:26:47.984000,2214747440,490984,0.93921,0.1333,0.54761,-1.015,0.496,-2.206,1.02173,-0.1355,0.00464,-1.489,-0.137,1.191,ergonomis
SUBJ_016,yunda,2026-06-01,16:26:48.184000,2214747640,492184,0.93799,0.14819,0.56128,2.534,2.069,-1.229,1.02466,-0.14966,-0.03076,-1.122,-0.061,-0.427,ergonomis
SUBJ_016,yunda,2026-06-01,16:26:48.384000,2214747840,492384,0.92944,0.1665,0.52979,0.817,1.565,-2.382,1.01733,-0.13281,-0.03564,-3.565,-0.473,3.183,ergonomis
SUBJ_016,yunda,2026-06-01,16:26:48.584000,2214748040,492584,0.94897,0.15894,0.5376,-0.191,0.229,2.84,1.02515,-0.12451,-0.01196,0.817,1.603,1.985,ergonomis
SUBJ_016,yunda,2026-06-01,16:26:48.784000,2214748240,492784,0.94434,0.14893,0.54346,0.481,1.985,0.496,1.01782,-0.15063,-0.03857,-0.656,0.26,1.641,ergonomis
SUBJ_016,yunda,2026-06-01,16:26:48.984000,2214748440,491984,0.9541,0.15527,0.53979,-0.366,0.412,-2.878,1.01855,-0.14526,-0.03271,-3.229,-1.206,0.344,ergonomis
SUBJ_016,yunda,2026-06-01,16:26:49.184000,2214748640,493184,0.94409,0.13477,0.5498,-0.565,2.13,0.687,1.01099,-0.15625,-0.03687,-2.183,-0.183,0.832,ergonomis
SUBJ_016,yunda,2026-06-01,16:26:49.384000,2214748840,493384,0.94995,0.14038,0.53857,1.466,0.55,-2.198,1.02222,-0.16016,-0.02637,-1.282,2.802,-1.244,ergonomis
SUBJ_016,yunda,2026-06-01,16:26:49.584000,2214749040,493584,0.93848,0.14844,0.5376,2.534,0.076,-1.115,1.00952,-0.14941,-0.01587,-1.679,-0.183,0.214,ergonomis
SUBJ_016,yunda,2026-06-01,16:26:49.784000,2214749240,493784,0.93042,0.1416,0.53662,-0.206,3.969,-0.939,1.03296,-0.14526,-0.03442,-0.412,-2.191,0.137,ergonomis
SUBJ_016,yunda,2026-06-01,16:26:49.984000,2214749440,492984,0.93481,0.14136,0.55493,-0.695,2.702,0.718,1.01294,-0.15332,-0.01807,-0.985,-0.58,1.931,ergonomis
SUBJ_016,yunda,2026-06-01,16:26:50.184000,2214749640,494184,0.9563,0.14453,0.5188,1.237,1.427,0.237,1.03247,-0.15015,-0.03564,-0.977,0.145,0.939,ergonomis
SUBJ_016,yunda,2026-06-01,16:26:50.384000,2214749840,494384,0.9585,0.13672,0.53784,0.695,1.282,0.008,1.0144,-0.15625,-0.01587,-1.809,2.679,1.611,ergonomis
SUBJ_016,yunda,2026-06-01,16:26:50.584000,2214750040,494584,0.93701,0.15356,0.54004,2.969,1.443,-1.427,1.02417,-0.14917,-0.01147,-0.069,-1.496,0.038,ergonomis
SUBJ_016,yunda,2026-06-01,16:26:50.784000,2214750240,494784,0.9624,0.15112,0.51587,-1.176,-0.321,-0.962,1.03442,-0.15479,-0.03882,-2.16,-2.611,-0.351,ergonomis
SUBJ_016,yunda,2026-06-01,16:26:50.984000,2214750440,493984,0.93872,0.15601,0.52759,0.183,1.031,-0.626,1.01978,-0.15332,-0.02808,-2.092,-1.305,3.038,ergonomis
SUBJ_016,yunda,2026-06-01,16:26:51.184000,2214750640,495184,0.94141,0.14941,0.54053,1.687,0.641,-1.412,1.01953,-0.14233,-0.02832,0.122,-1.031,-0.076,ergonomis
SUBJ_016,yunda,2026-06-01,16:26:51.384000,2214750840,495384,0.94727,0.14966,0.5293,-1.458,-0.366,-2.099,1.02441,-0.15625,-0.04321,-2.489,-1.985,0.885,ergonomis
SUBJ_016,yunda,2026-06-01,16:26:51.584000,2214751040,495584,0.95654,0.16235,0.51514,0.947,0.71,-1.26,1.02954,-0.14893,-0.04932,-1.855,-0.069,0.061,ergonomis
SUBJ_016,yunda,2026-06-01,16:26:51.784000,2214751240,495784,0.95752,0.15649,0.50195,1.176,1.702,0.137,1.01855,-0.14453,-0.04175,-1.053,0.985,0.374,ergonomis
SUBJ_016,yunda,2026-06-01,16:26:51.984000,2214751440,494984,0.95605,0.15894,0.51489,1.58,2.84,-0.527,1.01978,-0.15088,-0.05688,-1.382,0.718,-0.153,ergonomis
SUBJ_016,yunda,2026-06-01,16:26:52.184000,2214751640,496184,0.95654,0.16431,0.50781,0.595,0.992,-0.595,1.01855,-0.15381,-0.04565,-1.069,0.282,0.466,ergonomis
SUBJ_016,yunda,2026-06-01,16:26:52.384000,2214751840,496384,0.9502,0.15356,0.51123,0.214,1.336,-0.824,1.02124,-0.14404,-0.04468,-1.282,0.176,0.046,ergonomis
SUBJ_016,yunda,2026-06-01,16:26:52.584000,2214752040,496584,0.96143,0.15967,0.50317,-0.542,2.611,-0.015,1.01904,-0.1499,-0.0459,-2.221,-0.092,0.237,ergonomis
SUBJ_016,yunda,2026-06-01,16:26:52.784000,2214752240,496784,0.95654,0.16187,0.50244,-0.176,2.878,-0.145,1.0188,-0.14429,-0.03955,-0.992,0.145,0.267,ergonomis
SUBJ_016,yunda,2026-06-01,16:26:52.984000,2214752440,495984,0.95142,0.15723,0.52026,0.237,0.718,-1.115,1.01587,-0.14893,-0.04468,-0.779,0.695,0.573,ergonomis
SUBJ_016,yunda,2026-06-01,16:26:53.215000,2214752671,497215,0.94946,0.15747,0.52075,-0.115,2.145,-0.771,1.01855,-0.14111,-0.04956,-1.084,0.107,0.214,ergonomis
SUBJ_016,yunda,2026-06-01,16:26:53.415000,2214752871,497415,0.95093,0.1582,0.52344,0.168,2.168,-0.649,1.02856,-0.14014,-0.05127,-0.824,1.008,0.122,ergonomis
SUBJ_016,yunda,2026-06-01,16:26:53.693000,2214753149,497693,0.9458,0.14722,0.53198,1.16,2.198,-0.634,1.0188,-0.13647,-0.04395,-1.122,1.031,0.267,ergonomis
SUBJ_016,yunda,2026-06-01,16:26:53.984000,2214753440,496984,0.95068,0.16626,0.521,-0.565,2.084,-1.115,1.02026,-0.14551,-0.04248,-1.13,0.58,-0.679,ergonomis
SUBJ_016,yunda,2026-06-01,16:26:54.093000,2214753549,498093,0.95459,0.15967,0.51782,0.847,1.237,-0.725,1.02319,-0.14038,-0.04541,-1.069,1.092,0.58,ergonomis
SUBJ_016,yunda,2026-06-01,16:26:54.293000,2214753749,498293,0.95532,0.1687,0.52271,2.168,2.137,-0.656,1.02515,-0.13062,-0.03149,1.42,-1.87,-2.046,ergonomis
SUBJ_016,yunda,2026-06-01,16:26:54.531000,2214753987,498531,0.95508,0.16504,0.52637,0.954,1.939,-0.237,1.00854,-0.14795,-0.04492,-0.855,-2.305,0.954,ergonomis
SUBJ_016,yunda,2026-06-01,16:26:54.731000,2214754187,498731,0.96191,0.16138,0.52246,-2.977,-0.756,-2.053,1.01636,-0.1394,-0.05054,-1.008,-1.656,1.603,ergonomis
SUBJ_016,yunda,2026-06-01,16:26:54.893000,2214754349,497893,0.95532,0.16138,0.52588,0.229,1.053,-0.687,1.02222,-0.14819,-0.04614,-0.328,0.878,0.817,ergonomis
SUBJ_016,yunda,2026-06-01,16:26:55.131000,2214754587,499131,0.95288,0.13916,0.52344,-0.466,3.061,-3.191,1.02002,-0.1521,-0.06104,-1.55,2.344,-0.794,ergonomis
SUBJ_016,yunda,2026-06-01,16:26:55.331000,2214754787,499331,0.95776,0.15552,0.51709,2.122,2.763,-0.901,1.02002,-0.13135,-0.04834,-0.969,2.176,-0.427,ergonomis
SUBJ_016,yunda,2026-06-01,16:26:55.531000,2214754987,499531,0.95117,0.17261,0.52124,-1.031,-0.611,-1.664,1.02954,-0.14893,-0.06152,-0.641,-0.817,1.244,ergonomis
SUBJ_016,yunda,2026-06-01,16:26:55.731000,2214755187,499731,0.95703,0.16528,0.51758,-0.183,2.618,0.962,1.02563,-0.13232,-0.05615,-0.901,0.176,0.893,ergonomis
SUBJ_016,yunda,2026-06-01,16:26:55.931000,2214755387,498931,0.95898,0.16162,0.51782,1.137,3.046,-0.519,1.02148,-0.13647,-0.05322,-0.466,0.031,1.031,ergonomis
SUBJ_016,yunda,2026-06-01,16:26:56.131000,2214755587,500131,0.9458,0.14453,0.52759,-0.634,2.252,-0.725,1.03027,-0.14551,-0.01929,-2.42,1.71,1.282,ergonomis
SUBJ_016,yunda,2026-06-01,16:26:56.331000,2214755787,500331,0.95166,0.14893,0.52637,0.756,2.321,-0.008,1.03198,-0.14331,-0.05273,-0.489,0.031,0.748,ergonomis
SUBJ_016,yunda,2026-06-01,16:26:56.531000,2214755987,500531,0.94922,0.15845,0.52368,-0.427,2.473,0.489,1.0249,-0.14624,-0.0542,-2.031,2.954,1.351,ergonomis
SUBJ_016,yunda,2026-06-01,16:26:56.731000,2214756187,500731,0.94604,0.14697,0.55371,-0.13,0.687,-1.038,1.02026,-0.1438,-0.04272,-1.145,0.748,1.435,ergonomis
SUBJ_016,yunda,2026-06-01,16:26:56.931000,2214756387,499931,0.95898,0.16187,0.51416,-1.107,4.084,0.924,1.02905,-0.13794,-0.05005,0.42,2.023,0.466,ergonomis
SUBJ_016,yunda,2026-06-01,16:26:57.131000,2214756587,501131,0.94165,0.15918,0.54102,-0.45,2.947,-1.13,1.02124,-0.13501,-0.03174,-1.969,0.542,-0.519,ergonomis
SUBJ_016,yunda,2026-06-01,16:26:57.331000,2214756787,501331,0.95093,0.15942,0.54346,1.198,3.015,-1.344,1.02319,-0.13452,-0.03223,-0.954,1.107,0.008,ergonomis
SUBJ_016,yunda,2026-06-01,16:26:57.531000,2214756987,501531,0.9436,0.16089,0.54224,1.244,2.397,0.107,1.02588,-0.13794,-0.02197,-0.832,0.649,0.702,ergonomis
SUBJ_016,yunda,2026-06-01,16:26:57.731000,2214757187,501731,0.94458,0.16138,0.53662,0.893,0.87,0.031,1.02637,-0.12891,-0.02979,-1.298,0.718,0.962,ergonomis
SUBJ_016,yunda,2026-06-01,16:26:57.931000,2214757387,500931,0.94678,0.15381,0.5293,0.847,3.282,-1.962,1.02393,-0.14355,-0.03247,-2.008,-0.053,-1.076,ergonomis
SUBJ_016,yunda,2026-06-01,16:26:58.131000,2214757587,502131,0.94141,0.15356,0.5459,1.626,0.771,-0.466,1.01514,-0.14111,-0.01807,-1.809,0.191,0.534,ergonomis
SUBJ_016,yunda,2026-06-01,16:26:58.331000,2214757787,502331,0.94629,0.16016,0.53345,-0.527,1.87,,1.02148,-0.14575,-0.03442,-2.504,-0.466,0.496,ergonomis
SUBJ_016,yunda,2026-06-01,16:26:58.531000,2214757987,502531,0.94678,0.15649,0.53711,-0.328,3.069,0.107,1.02197,-0.14526,-0.04468,-1.244,0.26,0.084,ergonomis
SUBJ_016,yunda,2026-06-01,16:26:58.731000,2214758187,502731,0.94702,0.15527,0.5459,0.198,2.756,-0.282,1.01953,-0.1377,-0.0332,-1.466,0.557,-0.748,ergonomis
SUBJ_016,yunda,2026-06-01,16:26:58.931000,2214758387,501931,0.94312,0.15942,0.54688,1.015,0.977,-0.55,1.01611,-0.14575,-0.02417,-0.931,0.191,1.183,ergonomis
SUBJ_016,yunda,2026-06-01,16:26:59.131000,2214758587,503131,0.93506,0.14771,0.55029,0.099,2.023,-0.702,1.02222,-0.13892,-0.03955,-0.969,0.557,0.489,ergonomis
SUBJ_016,yunda,2026-06-01,16:26:59.331000,2214758787,503331,0.94727,0.146,0.5415,-0.267,2.748,-0.908,1.02832,-0.13965,-0.03003,-0.397,1.305,0.183,ergonomis
SUBJ_016,yunda,2026-06-01,16:26:59.531000,2214758987,503531,0.93213,0.14941,0.55859,-0.412,1.046,-0.687,1.02026,-0.1416,-0.03613,-1.145,-0.206,1.069,ergonomis
SUBJ_016,yunda,2026-06-01,16:26:59.731000,2214759187,503731,0.94067,0.15112,0.54785,0.878,1.611,-0.725,1.02344,-0.1416,-0.02271,-1.244,-0.458,1.298,ergonomis
SUBJ_016,yunda,2026-06-01,16:26:59.931000,2214759387,502931,0.94116,0.14551,0.53589,-0.115,2.962,-0.389,1.02832,-0.13818,-0.03345,-1.466,0.328,0.565,ergonomis
SUBJ_016,yunda,2026-06-01,16:27:00.131000,2214759587,504131,0.93262,0.15234,0.55444,0.473,-0.076,-0.351,1.02148,-0.13501,-0.02661,-2.504,-1.664,0.977,ergonomis
SUBJ_016,yunda,2026-06-01,16:27:00.331000,2214759787,504331,0.93652,0.15234,0.56152,4.924,-3.908,-1.389,1.01367,-0.14209,-0.05127,-2.214,-7.031,-1.183,ergonomis
SUBJ_016,yunda,2026-06-01,16:27:00.531000,2214759987,504531,0.95801,0.15747,0.51318,0.863,-4.511,-1.565,1.02588,-0.1377,-0.0708,-2.71,-4.84,0.473,ergonomis
SUBJ_016,yunda,2026-06-01,16:27:00.731000,2214760187,504731,0.95581,0.18188,0.4873,1.786,-2.389,-1.084,1.02271,-0.13477,-0.09546,-1.336,-2.748,0.992,ergonomis
SUBJ_016,yunda,2026-06-01,16:27:00.931000,2214760387,503931,0.94312,0.14258,0.54565,1.321,2.252,-1.366,1.02612,-0.13892,-0.0332,-1.481,1.55,0.069,ergonomis
SUBJ_016,yunda,2026-06-01,16:27:01.131000,2214760587,505131,0.97803,0.16772,0.46655,0.038,1.069,-0.679,1.02124,-0.13232,-0.10547,-0.748,-1.084,0.504,ergonomis
SUBJ_016,yunda,2026-06-01,16:27:01.331000,2214760787,505331,0.97168,0.17041,0.47583,4.053,-3.038,-2.382,1.01367,-0.13452,-0.09888,0.053,-0.282,0.58,ergonomis
SUBJ_016,yunda,2026-06-01,16:27:01.531000,2214760987,505531,0.96704,0.16943,0.46069,-2.382,4.061,0.656,1.02124,-0.125,-0.09229,-1.023,-1.412,2.0,ergonomis
SUBJ_016,yunda,2026-06-01,16:27:01.731000,2214761187,505731,0.96533,0.15796,0.48486,-0.023,2.031,-0.656,1.01733,-0.14795,-0.1001,-0.466,1.664,0.802,ergonomis
SUBJ_016,yunda,2026-06-01,16:27:01.931000,2214761387,504931,0.96338,0.17285,0.4729,0.397,-1.336,-0.954,1.03052,-0.13794,-0.10107,-1.863,-1.618,0.557,ergonomis
SUBJ_016,yunda,2026-06-01,16:27:02.203000,2214761659,506203,0.96558,0.17456,0.46802,0.137,0.748,-0.084,1.02368,-0.12695,-0.09229,-1.115,1.328,0.13,ergonomis
SUBJ_016,yunda,2026-06-01,16:27:02.403000,2214761859,506403,0.97437,0.18164,0.45337,0.366,2.015,-0.183,1.02734,-0.14429,-0.08228,-1.916,1.046,0.641,ergonomis
SUBJ_016,yunda,2026-06-01,16:27:02.603000,2214762059,506603,0.98242,0.177,0.45532,-5.183,4.244,-0.282,1.0127,-0.14673,-0.09546,-3.779,-1.328,1.252,ergonomis
SUBJ_016,yunda,2026-06-01,16:27:02.803000,2214762259,506803,0.98096,0.17114,0.46338,-0.076,1.641,1.779,1.02661,-0.14722,-0.07471,-1.336,6.092,0.817,ergonomis
SUBJ_016,yunda,2026-06-01,16:27:02.931000,2214762387,505931,0.97095,0.17261,0.47607,2.237,1.374,-1.359,1.01953,-0.14795,-0.0874,-0.817,1.847,0.817,ergonomis
SUBJ_016,yunda,2026-06-01,16:27:03.003000,2214762459,507003,0.97778,0.16479,0.46509,0.664,3.908,-0.26,1.03052,-0.1521,-0.08325,-0.145,0.359,1.168,ergonomis
SUBJ_016,yunda,2026-06-01,16:27:03.203000,2214762659,507203,0.96606,0.14111,0.48755,-1.359,3.595,0.687,1.01855,-0.15942,-0.08936,-1.863,-0.519,1.489,ergonomis
SUBJ_016,yunda,2026-06-01,16:27:03.403000,2214762859,507403,0.95947,0.15332,0.49463,-0.656,1.389,-0.519,1.01855,-0.1521,-0.09497,-1.947,-0.802,1.588,ergonomis
SUBJ_016,yunda,2026-06-01,16:27:03.603000,2214763059,507603,0.97461,0.15161,0.48047,-1.13,2.244,0.229,1.01392,-0.15845,-0.10815,-0.237,1.389,0.397,ergonomis
SUBJ_016,yunda,2026-06-01,16:27:03.803000,2214763259,507803,0.98096,0.13232,0.50439,0.458,4.527,-1.969,1.02539,-0.15332,-0.07471,0.962,2.321,-1.206,ergonomis
SUBJ_016,yunda,2026-06-01,16:27:04.003000,2214763459,508003,0.9729,0.14941,0.50024,-0.878,2.702,-1.168,1.02124,-0.16846,-0.07764,-1.534,1.802,-0.527,ergonomis
SUBJ_016,yunda,2026-06-01,16:27:04.203000,2214763659,508203,0.96582,0.14209,0.49683,-0.443,0.092,-1.023,1.02344,-0.15601,-0.06836,-1.336,4.275,-0.687,ergonomis
SUBJ_016,yunda,2026-06-01,16:27:04.403000,2214763859,508403,0.93286,0.15625,0.49683,-3.824,1.099,-1.679,1.0332,-0.15991,-0.05298,-1.954,-5.74,0.695,ergonomis
SUBJ_016,yunda,2026-06-01,16:27:04.603000,2214764059,508603,0.93726,0.16016,0.46729,-3.267,-0.458,-2.198,1.02905,-0.15894,-0.07153,3.107,-2.496,-1.672,ergonomis
SUBJ_016,yunda,2026-06-01,16:27:04.803000,2214764259,508803,0.93018,0.14648,0.46387,3.649,1.588,-5.252,0.97681,-0.15869,-0.09204,-6.092,-2.061,-0.969,ergonomis
SUBJ_016,yunda,2026-06-01,16:27:05.003000,2214764459,509003,0.98633,0.16968,0.49658,-1.366,2.168,0.305,1.01343,-0.13892,-0.12012,1.74,2.71,2.275,ergonomis
SUBJ_016,yunda,2026-06-01,16:27:05.225000,2214764681,509225,0.97437,0.17163,0.47046,-4.305,3.168,2.107,1.03442,-0.12402,-0.09912,-0.29,-2.573,0.824,ergonomis
SUBJ_016,yunda,2026-06-01,16:27:05.425000,2214764881,509425,0.97339,0.17456,0.46436,-1.176,0.107,-0.191,1.03833,-0.14453,-0.12329,-1.16,-1.489,1.061,ergonomis
SUBJ_016,yunda,2026-06-01,16:27:05.625000,2214765081,509625,0.97144,0.17065,0.44336,0.466,3.618,-0.092,1.02075,-0.14624,-0.10718,0.26,0.443,2.534,ergonomis
SUBJ_016,yunda,2026-06-01,16:27:05.825000,2214765281,509825,0.96191,0.15747,0.46899,0.221,2.008,-1.229,1.01685,-0.15527,-0.10962,-1.519,-0.382,1.702,ergonomis
SUBJ_016,yunda,2026-06-01,16:27:06.025000,2214765481,510025,0.97168,0.16431,0.47168,0.534,1.771,-1.145,1.0249,-0.15869,-0.09546,-1.626,1.198,2.069,ergonomis
SUBJ_016,yunda,2026-06-01,16:27:06.225000,2214765681,510225,0.96069,0.15918,0.48291,0.504,2.298,0.099,1.01929,-0.16138,-0.10718,-1.13,0.29,1.779,ergonomis
SUBJ_016,yunda,2026-06-01,16:27:06.425000,2214765881,510425,0.97339,0.16528,0.46387,1.962,1.374,0.336,1.01514,-0.1665,-0.1062,0.519,-0.038,2.16,ergonomis
SUBJ_016,yunda,2026-06-01,16:27:06.625000,2214766081,510625,0.97534,0.17139,0.46289,0.74,1.84,-0.832,1.01563,-0.17188,-0.10254,-0.641,0.221,2.031,ergonomis
SUBJ_016,yunda,2026-06-01,16:27:06.825000,2214766281,510825,0.97559,0.16284,0.46704,-0.618,1.168,0.435,1.01416,-0.18213,-0.10205,-1.611,0.466,0.733,ergonomis
SUBJ_016,yunda,2026-06-01,16:27:07.025000,2214766481,511025,0.97534,0.16357,0.4585,-1.115,1.382,-0.748,1.01465,-0.1792,-0.09863,-1.885,-0.45,1.16,ergonomis
SUBJ_016,yunda,2026-06-01,16:27:07.225000,2214766681,511225,0.98486,0.17896,0.46045,-1.962,1.366,-3.725,1.0127,-0.18457,-0.11426,-1.664,0.351,2.42,ergonomis
SUBJ_016,yunda,2026-06-01,16:27:07.425000,2214766881,511425,0.98047,0.16602,0.45288,-9.168,1.802,-6.359,1.00415,-0.19946,-0.10889,-4.458,0.901,3.832,ergonomis
SUBJ_016,yunda,2026-06-01,16:27:07.625000,2214767081,511625,0.96924,0.17871,0.46875,0.366,2.412,-1.656,1.01172,-0.19604,-0.11523,-2.611,0.595,-1.191,ergonomis
SUBJ_016,yunda,2026-06-01,16:27:07.825000,2214767281,511825,0.96704,0.17822,0.46777,-2.542,0.069,-1.679,1.03247,-0.16821,-0.12451,-1.908,0.069,1.756,ergonomis
SUBJ_016,yunda,2026-06-01,16:27:08.025000,2214767481,512025,0.98828,0.20776,0.46143,-7.481,-2.382,-4.458,1.0271,-0.23145,-0.09448,-9.16,8.351,1.947,ergonomis
SUBJ_016,yunda,2026-06-01,16:27:08.225000,2214767681,512225,0.96899,0.18506,0.46924,-0.534,2.656,1.336,1.02246,-0.22485,-0.06519,4.908,4.13,-2.489,ergonomis
SUBJ_016,yunda,2026-06-01,16:27:08.425000,2214767881,512425,0.96143,0.19238,0.45605,-5.718,-2.229,-6.076,1.04248,-0.2207,-0.09424,-8.221,1.031,5.115,ergonomis
SUBJ_016,yunda,2026-06-01,16:27:08.625000,2214768081,512625,0.96045,0.18994,0.48022,-11.244,1.237,-5.962,1.00977,-0.24609,-0.10938,-5.504,0.412,2.641,ergonomis
SUBJ_016,yunda,2026-06-01,16:27:08.825000,2214768281,512825,0.96484,0.2041,0.47437,0.611,4.916,0.412,1.02075,-0.18433,-0.10498,-4.443,1.061,-1.878,ergonomis
SUBJ_016,yunda,2026-06-01,16:27:09.025000,2214768481,513025,0.96265,0.18237,0.46582,-1.466,2.359,-1.176,1.01465,-0.21631,-0.11084,-2.053,0.435,-0.496,ergonomis
SUBJ_016,yunda,2026-06-01,16:27:09.225000,2214768681,513225,0.95313,0.21191,0.48901,0.29,2.733,-0.58,1.01563,-0.20752,-0.10986,-2.13,0.573,0.29,ergonomis
SUBJ_016,yunda,2026-06-01,16:27:09.425000,2214768881,513425,0.95703,0.18604,0.49023,1.244,2.664,2.427,1.01489,-0.19507,-0.10083,-0.885,-0.076,0.756,ergonomis
SUBJ_016,yunda,2026-06-01,16:27:09.625000,2214769081,513625,0.96387,0.18262,0.48706,2.351,3.26,1.977,1.01465,-0.20776,-0.11255,-0.626,1.206,0.847,ergonomis
SUBJ_016,yunda,2026-06-01,16:27:09.825000,2214769281,513825,0.9436,0.18921,0.49829,5.863,4.099,2.992,1.01489,-0.20654,-0.10596,2.061,-0.008,-2.267,ergonomis
SUBJ_016,yunda,2026-06-01,16:27:10.025000,2214769481,514025,0.9585,0.18823,0.49292,6.16,5.679,4.466,1.00757,-0.18823,-0.07764,1.42,0.511,-1.382,ergonomis
SUBJ_016,yunda,2026-06-01,16:27:10.225000,2214769681,514225,0.95313,0.17676,0.50122,0.969,3.023,2.565,1.01489,-0.19092,-0.0979,-0.023,0.443,1.305,ergonomis
SUBJ_016,yunda,2026-06-01,16:27:10.425000,2214769881,514425,0.96338,0.16772,0.50171,1.298,2.466,2.344,1.01953,-0.19507,-0.09253,0.466,0.534,1.122,ergonomis
SUBJ_016,yunda,2026-06-01,16:27:10.625000,2214770081,514625,0.95752,0.15576,0.49854,1.435,2.55,0.634,1.01025,-0.19507,-0.08789,-0.244,0.763,0.687,ergonomis
SUBJ_016,yunda,2026-06-01,16:27:10.825000,2214770281,514825,0.96094,0.15771,0.50342,0.542,1.664,-0.168,1.01196,-0.2002,-0.08643,-1.466,0.947,0.061,ergonomis
SUBJ_016,yunda,2026-06-01,16:27:11.025000,2214770481,515025,0.95044,0.1626,0.49829,0.641,2.0,-0.954,1.01294,-0.19385,-0.08618,-1.435,0.779,0.061,ergonomis
SUBJ_016,yunda,2026-06-01,16:27:11.225000,2214770681,515225,0.96094,0.16089,0.49683,0.725,1.443,-0.237,1.01489,-0.19531,-0.09326,-0.183,0.191,0.282,ergonomis
SUBJ_016,yunda,2026-06-01,16:27:11.425000,2214770881,515425,0.95996,0.17017,0.49609,1.008,0.954,0.008,1.01587,-0.18579,-0.08276,-0.626,1.183,0.962,ergonomis
SUBJ_016,yunda,2026-06-01,16:27:11.625000,2214771081,515625,0.95996,0.16064,0.49805,1.26,1.031,-0.13,1.0144,-0.19775,-0.07886,-0.603,-0.191,0.649,ergonomis
SUBJ_016,yunda,2026-06-01,16:27:11.825000,2214771281,515825,0.96753,0.17334,0.50171,-1.748,1.382,-0.313,1.02856,-0.18262,-0.07886,4.137,-1.435,5.168,ergonomis
SUBJ_016,yunda,2026-06-01,16:27:12.025000,2214771481,516025,0.95264,0.16113,0.49438,-17.053,-2.412,-19.794,0.98608,-0.30762,-0.10352,-21.298,-0.176,5.901,ergonomis
SUBJ_016,yunda,2026-06-01,16:27:12.225000,2214771681,516225,0.948,0.15942,0.51196,-0.366,1.397,-1.42,1.00391,-0.22119,-0.08618,-2.527,0.237,-0.405,ergonomis
SUBJ_016,yunda,2026-06-01,16:27:12.425000,2214771881,516425,0.96265,0.17456,0.50073,-1.389,2.389,-0.45,1.00439,-0.23438,-0.09741,-2.817,-0.443,0.023,ergonomis
SUBJ_016,yunda,2026-06-01,16:27:12.625000,2214772081,516625,0.96167,0.18506,0.48853,0.519,2.397,-1.237,1.00244,-0.2417,-0.09644,-3.351,-0.015,0.13,ergonomis
SUBJ_016,yunda,2026-06-01,16:27:12.825000,2214772281,516825,0.95752,0.19019,0.49194,0.939,3.053,-0.13,1.01123,-0.2395,-0.10425,-1.733,0.901,-0.527,ergonomis
SUBJ_016,yunda,2026-06-01,16:27:13.025000,2214772481,517025,0.95142,0.19043,0.50146,0.71,2.672,-0.817,1.00488,-0.23193,-0.09888,-1.863,0.779,0.092,ergonomis
SUBJ_016,yunda,2026-06-01,16:27:13.225000,2214772681,517225,0.95117,0.18652,0.50317,1.573,2.695,0.641,1.00244,-0.22119,-0.11084,0.595,0.038,0.092,ergonomis
SUBJ_016,yunda,2026-06-01,16:27:13.425000,2214772881,517425,0.94995,0.18188,0.51074,2.443,3.29,0.893,1.00781,-0.22119,-0.09668,-0.107,1.916,-1.626,ergonomis
SUBJ_016,yunda,2026-06-01,16:27:13.625000,2214773081,517625,0.94678,0.18286,0.50293,8.534,4.443,2.618,1.01172,-0.21484,-0.10449,4.382,0.893,-6.099,ergonomis
SUBJ_016,yunda,2026-06-01,16:27:13.825000,2214773281,517825,0.9519,0.18262,0.51416,4.969,3.496,4.244,1.01733,-0.18677,-0.09082,2.359,1.84,-2.29,ergonomis
SUBJ_016,yunda,2026-06-01,16:27:14.025000,2214773481,518025,0.95313,0.17871,0.50879,2.42,2.748,1.42,1.00977,-0.19141,-0.08252,-0.382,1.527,-0.015,ergonomis
SUBJ_016,yunda,2026-06-01,16:27:14.225000,2214773681,518225,0.94482,0.16968,0.51855,4.206,2.733,2.153,1.01538,-0.18286,-0.0769,1.176,1.435,-0.763,ergonomis
SUBJ_016,yunda,2026-06-01,16:27:14.425000,2214773881,518425,0.94678,0.17065,0.51709,1.74,2.611,1.221,1.01953,-0.1748,-0.07104,-0.237,0.489,-0.313,ergonomis
SUBJ_016,yunda,2026-06-01,16:27:14.625000,2214774081,518625,0.95459,0.1665,0.51465,0.061,2.55,0.84,1.01245,-0.18164,-0.07935,-1.137,0.733,0.405,ergonomis
SUBJ_016,yunda,2026-06-01,16:27:14.825000,2214774281,518825,0.94946,0.15503,0.51489,4.832,8.092,0.847,1.01758,-0.20752,-0.04761,11.817,11.069,-1.664,ergonomis
SUBJ_016,yunda,2026-06-01,16:27:15.025000,2214774481,519025,0.92822,0.15723,0.5498,6.733,4.069,4.244,1.02051,-0.14453,-0.03467,-1.496,-1.069,0.672,ergonomis
SUBJ_016,yunda,2026-06-01,16:27:15.263000,2214774719,519263,0.93604,0.15356,0.53613,0.725,1.519,-0.542,1.02124,-0.1626,-0.06299,-1.061,0.267,1.153,ergonomis
SUBJ_016,yunda,2026-06-01,16:27:15.463000,2214774919,519463,0.94678,0.14526,0.53442,0.992,0.924,1.305,1.01978,-0.16211,-0.04858,-1.313,-0.504,-0.076,ergonomis
SUBJ_016,yunda,2026-06-01,16:27:15.663000,2214775119,519663,0.94067,0.16089,0.54346,1.061,3.443,1.153,1.01807,-0.14771,-0.05151,0.061,0.573,-0.489,ergonomis
SUBJ_016,yunda,2026-06-01,16:27:15.863000,2214775319,519863,0.94531,0.14746,0.5415,-0.229,3.397,0.351,1.02026,-0.15356,-0.04272,-0.351,0.931,-0.176,ergonomis
SUBJ_016,yunda,2026-06-01,16:27:16.063000,2214775519,520063,0.94336,0.13794,0.55518,0.687,2.84,-0.573,1.0166,-0.15234,-0.04688,-0.435,1.038,0.107,ergonomis
SUBJ_016,yunda,2026-06-01,16:27:16.263000,2214775719,520263,0.94312,0.14258,0.55762,0.382,2.71,-0.29,1.02295,-0.15088,-0.04224,-0.557,0.939,0.588,ergonomis
SUBJ_016,yunda,2026-06-01,16:27:16.463000,2214775919,520463,0.93506,0.14624,0.55493,0.916,0.672,-0.832,1.01831,-0.15137,-0.03687,-0.618,0.618,0.481,ergonomis
SUBJ_016,yunda,2026-06-01,16:27:16.663000,2214776119,520663,0.94263,0.14185,0.55469,0.191,1.603,-0.824,1.01904,-0.15674,-0.04712,-0.679,0.634,0.298,ergonomis
SUBJ_016,yunda,2026-06-01,16:27:16.863000,2214776319,520863,0.94995,0.14697,0.55371,-1.13,0.893,-1.817,1.01416,-0.15259,-0.04785,-4.824,3.443,0.115,ergonomis
SUBJ_016,yunda,2026-06-01,16:27:17.063000,2214776519,521063,0.93896,0.14917,0.54761,2.565,3.282,0.832,1.02515,-0.13086,-0.0481,1.389,0.344,0.015,ergonomis
SUBJ_016,yunda,2026-06-01,16:27:17.263000,2214776719,521263,0.94653,0.14746,0.54834,-0.786,4.244,1.611,1.02441,-0.13989,-0.04004,1.275,1.015,1.748,ergonomis
SUBJ_016,yunda,2026-06-01,16:27:17.463000,2214776919,521463,0.92847,0.13159,0.56616,-0.756,3.863,0.733,1.01489,-0.15601,-0.02002,1.45,2.969,1.168,ergonomis
SUBJ_016,yunda,2026-06-01,16:27:17.663000,2214777119,521663,0.92139,0.13525,0.57495,3.412,2.695,-1.458,1.02197,-0.15259,-0.01733,-2.29,0.45,-0.336,ergonomis
SUBJ_016,yunda,2026-06-01,16:27:17.863000,2214777319,521863,0.92822,0.14355,0.57397,-0.969,1.511,-0.473,1.02563,-0.15063,-0.03931,-4.206,-1.504,-0.061,ergonomis
SUBJ_016,yunda,2026-06-01,16:27:18.063000,2214777519,522063,0.92822,0.13745,0.56396,0.878,1.244,-1.092,1.02271,-0.14307,-0.03076,-2.366,-0.985,-0.099,ergonomis
SUBJ_016,yunda,2026-06-01,16:27:18.263000,2214777719,522263,0.92896,0.1416,0.57007,1.695,0.13,-1.237,1.021,-0.14209,-0.04419,-1.824,-1.695,-0.206,ergonomis
SUBJ_016,yunda,2026-06-01,16:27:18.463000,2214777919,522463,0.93237,0.15112,0.56079,0.977,-1.427,-1.954,1.01855,-0.14258,-0.05054,-1.611,-1.573,0.076,ergonomis
SUBJ_016,yunda,2026-06-01,16:27:18.663000,2214778119,522663,0.94165,0.15186,0.54321,1.969,-0.863,-2.053,1.02954,-0.14063,-0.06128,-1.725,-0.198,0.763,ergonomis
SUBJ_016,yunda,2026-06-01,16:27:18.863000,2214778319,522863,0.94531,0.16089,0.54395,0.962,-0.359,-0.847,1.02588,-0.13647,-0.05542,-1.405,0.153,0.618,ergonomis
SUBJ_016,yunda,2026-06-01,16:27:19.063000,2214778519,523063,0.94629,0.15649,0.53198,0.954,1.275,-0.267,1.02783,-0.14014,-0.06543,0.557,-0.779,0.527,ergonomis
SUBJ_016,yunda,2026-06-01,16:27:19.263000,2214778719,523263,0.94409,0.15698,0.52637,0.305,1.321,-0.313,1.02271,-0.14844,-0.06152,-0.687,0.336,0.756,ergonomis
SUBJ_016,yunda,2026-06-01,16:27:19.463000,2214778919,523463,0.94067,0.16235,0.53271,0.107,1.405,-0.901,1.02661,-0.14136,-0.0686,-1.885,0.191,-0.176,ergonomis
SUBJ_016,yunda,2026-06-01,16:27:19.663000,2214779119,523663,0.9458,0.15479,0.53833,0.489,1.504,-0.71,1.03149,-0.13599,-0.06714,-2.344,0.244,0.031,ergonomis
SUBJ_016,yunda,2026-06-01,16:27:19.863000,2214779319,523863,0.95068,0.15698,0.53491,0.282,1.893,-0.885,1.02222,-0.14258,-0.06763,-0.885,0.45,0.137,ergonomis
SUBJ_016,yunda,2026-06-01,16:27:20.063000,2214779519,524063,0.94434,0.16211,0.53784,-0.595,2.817,-0.565,1.0271,-0.1333,-0.06592,-0.931,0.466,0.496,ergonomis
SUBJ_016,yunda,2026-06-01,16:27:20.263000,2214779719,524263,0.93921,0.15698,0.54419,0.145,2.58,-0.458,1.02197,-0.13721,-0.06592,-0.282,0.275,0.481,ergonomis
SUBJ_016,yunda,2026-06-01,16:27:20.463000,2214779919,524463,0.94727,0.15576,0.54028,0.046,2.328,-0.565,1.02686,-0.14038,-0.06714,-0.954,0.931,0.603,ergonomis
SUBJ_016,yunda,2026-06-01,16:27:20.663000,2214780119,524663,0.9353,0.15161,0.54272,-0.191,3.076,-0.076,1.0271,-0.14673,-0.06299,-0.847,0.794,1.084,ergonomis
SUBJ_016,yunda,2026-06-01,16:27:20.863000,2214780319,524863,0.94507,0.1499,0.54492,1.0,1.305,-0.374,1.01855,-0.15186,-0.06396,-0.313,1.878,0.626,ergonomis
SUBJ_016,yunda,2026-06-01,16:27:21.063000,2214780519,525063,0.93774,0.14893,0.54004,0.435,1.756,0.053,1.0188,-0.14136,-0.06592,-0.214,1.176,0.672,ergonomis
SUBJ_016,yunda,2026-06-01,16:27:21.263000,2214780719,525263,0.94165,0.15381,0.54053,0.443,2.229,-0.397,1.02344,-0.146,-0.05933,-2.13,0.832,0.183,ergonomis
SUBJ_016,yunda,2026-06-01,16:27:21.463000,2214780919,525463,0.93457,0.14722,0.54346,-0.076,3.954,-0.252,1.02246,-0.14429,-0.0498,-1.321,0.305,0.55,ergonomis
SUBJ_016,yunda,2026-06-01,16:27:21.663000,2214781119,525663,0.94678,0.15601,0.53662,-2.504,-0.031,-1.977,1.02441,-0.13721,-0.05103,-2.168,0.084,1.802,ergonomis
SUBJ_016,yunda,2026-06-01,16:27:21.863000,2214781319,525863,0.94385,0.1333,0.52686,2.046,-2.16,-0.237,1.01807,-0.15747,-0.05469,0.076,-0.313,0.542,ergonomis
SUBJ_016,yunda,2026-06-01,16:27:22.063000,2214781519,526063,0.95093,0.13867,0.51904,3.847,3.656,1.206,1.01709,-0.15308,-0.05444,-0.595,1.0,-0.244,ergonomis
SUBJ_016,yunda,2026-06-01,16:27:22.263000,2214781719,526263,0.94458,0.14648,0.53369,-0.908,3.244,-0.527,1.01611,-0.15015,-0.04272,-2.031,2.496,1.031,ergonomis
SUBJ_016,yunda,2026-06-01,16:27:22.463000,2214781919,526463,0.94067,0.13867,0.55176,-1.267,2.542,-0.305,1.02319,-0.15234,-0.05225,-1.779,0.321,0.344,ergonomis
SUBJ_016,yunda,2026-06-01,16:27:22.663000,2214782119,526663,0.94507,0.13745,0.54468,0.328,2.733,-0.87,1.02344,-0.15088,-0.04492,-1.214,0.679,0.053,ergonomis
SUBJ_016,yunda,2026-06-01,16:27:22.863000,2214782319,526863,0.94165,0.13452,0.54492,0.046,2.725,-0.489,1.02246,-0.14917,-0.04663,-1.893,0.947,-0.313,ergonomis
SUBJ_016,yunda,2026-06-01,16:27:23.063000,2214782519,527063,0.93774,0.14429,0.5564,0.099,3.206,-0.573,1.01733,-0.14624,-0.04541,-1.893,0.412,-0.038,ergonomis
SUBJ_016,yunda,2026-06-01,16:27:23.263000,2214782719,527263,0.93604,0.14111,0.55786,-0.519,2.718,-0.496,1.02417,-0.14331,-0.05054,-0.824,0.466,0.695,ergonomis
SUBJ_016,yunda,2026-06-01,16:27:23.463000,2214782919,527463,0.94019,0.14478,0.55298,-0.031,2.389,-0.527,1.02173,-0.15625,-0.05542,-0.779,-0.466,0.595,ergonomis
SUBJ_016,yunda,2026-06-01,16:27:23.663000,2214783119,527663,0.93359,0.13477,0.5564,0.298,2.275,-0.748,1.02246,-0.15234,-0.05444,-1.122,0.282,0.252,ergonomis
SUBJ_016,yunda,2026-06-01,16:27:23.863000,2214783319,527863,0.93286,0.14331,0.56836,-0.053,2.046,-1.145,1.0249,-0.14355,-0.04883,-1.321,0.565,-0.053,ergonomis
SUBJ_016,yunda,2026-06-01,16:27:24.063000,2214783519,528063,0.93579,0.14233,0.56128,0.687,2.206,-1.321,1.02051,-0.14331,-0.0498,-1.145,1.305,-0.176,ergonomis
SUBJ_016,yunda,2026-06-01,16:27:24.263000,2214783719,528263,0.92969,0.13794,0.56348,0.71,1.595,-1.0,1.02051,-0.13184,-0.05347,-0.519,0.916,0.298,ergonomis
SUBJ_016,yunda,2026-06-01,16:27:24.463000,2214783919,528463,0.93579,0.14624,0.56445,0.672,1.298,-0.511,1.02197,-0.13867,-0.03882,-0.977,1.0,0.511,ergonomis
SUBJ_016,yunda,2026-06-01,16:27:24.663000,2214784119,528663,0.93384,0.14502,0.55591,0.901,1.069,-0.504,1.01929,-0.13818,-0.03784,-1.023,0.336,0.916,ergonomis
SUBJ_016,yunda,2026-06-01,16:27:24.863000,2214784319,528863,0.93384,0.14551,0.54565,0.13,1.855,0.061,1.02515,-0.14453,-0.04321,-1.481,0.489,0.817,ergonomis
SUBJ_016,yunda,2026-06-01,16:27:25.063000,2214784519,529063,0.93628,0.13574,0.56079,0.038,2.809,-0.046,1.02002,-0.14258,-0.04028,-2.206,-0.031,0.45,ergonomis
SUBJ_016,yunda,2026-06-01,16:27:25.263000,2214784719,529263,0.93115,0.14502,0.56177,-0.733,3.298,0.053,1.01953,-0.14331,-0.04199,-0.786,0.298,0.794,ergonomis
SUBJ_016,yunda,2026-06-01,16:27:25.463000,2214784919,529463,0.93237,0.13403,0.56763,0.137,3.481,0.145,1.01563,-0.14209,-0.04736,-0.122,0.481,0.443,ergonomis
SUBJ_016,yunda,2026-06-01,16:27:25.663000,2214785119,529663,0.92773,0.13232,0.57642,0.702,3.168,-0.405,1.0166,-0.14575,-0.04761,-0.847,1.061,,ergonomis
SUBJ_016,yunda,2026-06-01,16:27:25.863000,2214785319,529863,0.93042,0.13281,0.57715,0.672,3.397,-0.634,1.01855,-0.13623,-0.03198,-1.641,1.656,-1.0,ergonomis
SUBJ_016,yunda,2026-06-01,16:27:26.063000,2214785519,530063,0.91699,0.13159,0.60205,2.008,0.802,-2.092,1.02783,-0.12598,-0.01416,-3.878,-0.679,-1.313,ergonomis
SUBJ_016,yunda,2026-06-01,16:27:26.263000,2214785719,530263,0.9187,0.14771,0.57007,1.351,0.473,-2.221,1.02026,-0.13965,-0.04004,-2.603,1.313,-0.802,ergonomis
SUBJ_016,yunda,2026-06-01,16:27:26.463000,2214785919,530463,0.91992,0.15015,0.56958,-0.374,0.176,-0.061,1.02905,-0.12915,-0.04053,-1.885,-1.534,1.45,ergonomis
SUBJ_016,yunda,2026-06-01,16:27:26.663000,2214786119,530663,0.93384,0.14624,0.56348,1.725,1.115,0.817,1.02417,-0.12842,-0.03882,-2.092,-0.985,0.397,ergonomis
SUBJ_016,yunda,2026-06-01,16:27:26.863000,2214786319,530863,0.93237,0.14111,0.54761,0.321,-1.099,-0.939,1.02246,-0.13037,-0.04883,-2.542,-0.878,0.679,ergonomis
SUBJ_016,yunda,2026-06-01,16:27:27.063000,2214786519,531063,0.92969,0.14722,0.56372,3.863,-2.031,-1.557,1.01294,-0.1377,-0.0542,0.908,-2.931,0.466,ergonomis
SUBJ_016,yunda,2026-06-01,16:27:27.263000,2214786719,531263,0.95532,0.15552,0.53198,0.58,-1.168,-1.786,1.0271,-0.1272,-0.07129,-0.779,-2.847,0.359,ergonomis
SUBJ_016,yunda,2026-06-01,16:27:27.463000,2214786919,531463,0.94531,0.16748,0.52954,1.763,-0.977,-1.366,1.03296,-0.13013,-0.07666,-1.443,-1.351,0.16,ergonomis
SUBJ_016,yunda,2026-06-01,16:27:27.663000,2214787119,531663,0.94434,0.17383,0.51489,0.863,0.702,-0.962,1.02271,-0.12524,-0.08276,-1.229,-0.038,0.198,ergonomis
SUBJ_016,yunda,2026-06-01,16:27:27.863000,2214787319,531863,0.9541,0.1626,0.52344,0.466,2.008,-0.344,1.0271,-0.12231,-0.08276,-2.183,0.634,-0.069,ergonomis
SUBJ_016,yunda,2026-06-01,16:27:28.063000,2214787519,532063,0.9519,0.17261,0.52075,0.725,3.542,0.092,1.0249,-0.11597,-0.08228,-1.092,0.725,-0.084,ergonomis
SUBJ_016,yunda,2026-06-01,16:27:28.263000,2214787719,532263,0.9458,0.16846,0.51978,0.13,3.908,0.29,1.02441,-0.125,-0.07666,0.084,1.229,-0.519,ergonomis
SUBJ_016,yunda,2026-06-01,16:27:28.463000,2214787919,532463,0.94189,0.16577,0.54004,0.107,2.992,-1.145,1.01978,-0.11694,-0.07056,-1.244,0.679,-0.427,ergonomis
SUBJ_016,yunda,2026-06-01,16:27:28.663000,2214788119,532663,0.94336,0.1665,0.52783,,2.435,-0.328,1.03101,-0.11035,-0.0708,-1.061,0.344,0.573,ergonomis
SUBJ_016,yunda,2026-06-01,16:27:28.863000,2214788319,532863,0.94409,0.15234,0.5332,5.908,-1.511,-3.282,1.02393,-0.11572,-0.05981,-1.626,2.588,-4.107,ergonomis
SUBJ_016,yunda,2026-06-01,16:27:29.063000,2214788519,533063,0.94678,0.20288,0.54028,-1.969,3.809,-0.809,1.03931,-0.08618,-0.07837,-1.076,-0.855,0.023,ergonomis
SUBJ_016,yunda,2026-06-01,16:27:29.263000,2214788719,533263,0.93774,0.17676,0.53467,0.443,4.244,0.359,1.02368,-0.10059,-0.05981,1.168,3.153,-0.603,ergonomis
SUBJ_016,yunda,2026-06-01,16:27:29.463000,2214788919,533463,0.93311,0.18628,0.55786,-1.748,2.374,-0.031,1.02417,-0.10791,-0.07422,-1.565,0.695,1.626,ergonomis
SUBJ_016,yunda,2026-06-01,16:27:29.663000,2214789119,533663,0.93604,0.18604,0.53125,-3.794,5.504,1.962,1.03003,-0.10791,-0.07129,-1.29,5.695,0.092,ergonomis
SUBJ_016,yunda,2026-06-01,16:27:29.863000,2214789319,533863,0.90845,0.17358,0.5708,3.344,7.435,9.794,1.04956,-0.04785,-0.05981,2.534,4.672,0.847,ergonomis
SUBJ_016,yunda,2026-06-01,16:27:30.063000,2214789519,534063,0.91748,0.14697,0.56372,-4.771,1.298,-5.038,1.03296,-0.11938,-0.03442,-7.115,-0.214,0.687,ergonomis
SUBJ_016,yunda,2026-06-01,16:27:30.263000,2214789719,534263,0.92456,0.15771,0.57593,-1.595,4.748,-0.626,1.02246,-0.10498,-0.02979,-0.504,4.275,-1.344,ergonomis
SUBJ_016,yunda,2026-06-01,16:27:30.463000,2214789919,534463,0.91553,0.17065,0.5979,-1.115,1.733,-2.26,1.02271,-0.09839,-0.02026,-1.885,-0.42,1.374,ergonomis
SUBJ_016,yunda,2026-06-01,16:27:30.663000,2214790119,534663,0.91504,0.16162,0.57813,1.29,0.214,-0.672,1.02637,-0.10938,-0.03418,-1.076,0.214,0.412,ergonomis
SUBJ_016,yunda,2026-06-01,16:27:30.863000,2214790319,534863,0.9292,0.17407,0.58496,2.832,0.542,-1.878,1.02344,-0.10596,-0.02222,-1.824,0.13,-0.221,ergonomis
SUBJ_016,yunda,2026-06-01,16:27:31.063000,2214790519,535063,0.927,0.17017,0.56543,0.489,2.107,-0.26,1.02417,-0.10181,-0.03809,-2.053,-0.145,0.931,ergonomis
SUBJ_016,yunda,2026-06-01,16:27:31.263000,2214790719,535263,0.92627,0.1665,0.56396,-0.397,2.176,0.229,1.03174,-0.10547,-0.03101,-1.382,-0.015,1.099,ergonomis
SUBJ_016,yunda,2026-06-01,16:27:31.463000,2214790919,535463,0.92554,0.16284,0.5791,,2.053,0.046,1.02466,-0.10596,-0.04028,-1.954,-0.519,1.053,ergonomis
SUBJ_016,yunda,2026-06-01,16:27:31.663000,2214791119,535663,0.91772,0.16333,0.58276,1.176,-0.023,1.84,1.03052,-0.09619,-0.02026,-2.893,-0.74,1.985,ergonomis
SUBJ_016,yunda,2026-06-01,16:27:31.863000,2214791319,535863,0.92993,0.15186,0.56616,-1.099,-1.29,0.634,1.02368,-0.1145,-0.03979,-1.847,-1.504,2.252,ergonomis
SUBJ_016,yunda,2026-06-01,16:27:32.063000,2214791519,536063,0.93677,0.14844,0.5564,-0.939,0.672,-0.023,1.02197,-0.12476,-0.04419,-1.16,-0.756,1.916,ergonomis
SUBJ_016,yunda,2026-06-01,16:27:32.263000,2214791719,536263,0.93628,0.14722,0.5647,0.695,2.145,-0.214,1.03271,-0.12012,-0.05591,-2.534,0.427,-0.626,ergonomis
SUBJ_016,yunda,2026-06-01,16:27:32.463000,2214791919,536463,0.9292,0.15356,0.56982,0.336,2.015,-0.611,1.02734,-0.11743,-0.05322,-0.924,0.992,0.29,ergonomis
SUBJ_016,yunda,2026-06-01,16:27:32.663000,2214792119,536663,0.93872,0.14453,0.56006,0.588,0.954,-1.305,1.03149,-0.11597,-0.04077,-0.672,1.504,0.702,ergonomis
SUBJ_016,yunda,2026-06-01,16:27:32.867000,2214792323,536867,0.93506,0.15259,0.5647,0.351,1.298,-0.183,1.02173,-0.12134,-0.04712,-0.275,0.008,1.122,ergonomis
SUBJ_016,yunda,2026-06-01,16:27:33.092000,2214792548,537092,0.93579,0.15576,0.55444,0.374,1.221,-0.244,1.01904,-0.12842,-0.03711,-0.641,0.031,0.962,ergonomis
SUBJ_016,yunda,2026-06-01,16:27:33.292000,2214792748,537292,0.93726,0.14819,0.55151,-0.145,2.405,0.275,1.0271,-0.12451,-0.04395,-2.618,-0.321,0.718,ergonomis
SUBJ_016,yunda,2026-06-01,16:27:33.492000,2214792948,537492,0.93677,0.14038,0.55859,-0.962,3.221,0.328,1.02441,-0.12256,-0.0437,-0.649,0.061,0.626,ergonomis
SUBJ_016,yunda,2026-06-01,16:27:33.692000,2214793148,537692,0.93335,0.14063,0.56958,-0.931,2.771,-0.191,1.03833,-0.13379,-0.04736,-1.046,0.267,0.702,ergonomis
SUBJ_016,yunda,2026-06-01,16:27:34.092000,2214793548,538092,0.93262,0.1311,0.57935,0.664,1.924,-0.45,1.03247,-0.13208,-0.02563,-0.878,1.053,0.824,ergonomis
SUBJ_016,yunda,2026-06-01,16:27:34.292000,2214793748,538292,0.92456,0.13599,0.56665,0.603,0.603,-0.756,1.02515,-0.125,-0.03442,-1.344,-0.168,1.084,ergonomis
SUBJ_016,yunda,2026-06-01,16:27:34.492000,2214793948,538492,0.92847,0.1377,0.56885,0.626,0.435,-0.603,1.02026,-0.13159,-0.03613,-1.519,0.084,0.435,ergonomis
SUBJ_016,yunda,2026-06-01,16:27:34.692000,2214794148,538692,0.94678,0.10913,0.55249,0.55,1.534,-0.176,1.01953,-0.13892,-0.04419,-2.771,1.13,-0.656,ergonomis
SUBJ_016,yunda,2026-06-01,16:27:34.892000,2214794348,537892,0.93262,0.12598,0.5686,-0.595,2.099,0.099,1.02295,-0.13062,-0.04785,-0.71,0.809,0.802,ergonomis
SUBJ_016,yunda,2026-06-01,16:27:35.092000,2214794548,539092,0.93115,0.13208,0.56372,0.282,1.977,-0.863,1.02393,-0.1272,-0.04102,-1.374,0.519,0.115,ergonomis
SUBJ_016,yunda,2026-06-01,16:27:35.292000,2214794748,539292,0.94092,0.1311,0.56494,-0.267,1.481,-0.733,1.01953,-0.13623,-0.03931,-1.809,0.321,0.076,ergonomis
SUBJ_016,yunda,2026-06-01,16:27:35.492000,2214794948,539492,0.93433,0.13257,0.56812,-0.099,1.26,-0.748,1.02417,-0.125,-0.04126,-2.16,0.107,0.359,ergonomis
SUBJ_016,yunda,2026-06-01,16:27:35.692000,2214795148,539692,0.93384,0.12939,0.5647,1.107,1.275,-0.901,1.0271,-0.12964,-0.0459,-1.038,0.611,-0.115,ergonomis
SUBJ_016,yunda,2026-06-01,16:27:35.892000,2214795348,538892,0.9292,0.12817,0.56665,0.252,1.885,0.542,1.021,-0.12939,-0.03613,-1.061,-0.336,0.656,ergonomis
SUBJ_016,yunda,2026-06-01,16:27:36.092000,2214795548,540092,0.9353,0.14087,0.55811,0.588,0.916,-0.74,1.02246,-0.12451,-0.05249,-1.389,0.374,0.878,ergonomis
SUBJ_016,yunda,2026-06-01,16:27:36.292000,2214795748,540292,0.94751,0.13672,0.5481,1.145,1.015,-1.023,1.0144,-0.13623,-0.05322,-0.511,0.153,0.427,ergonomis
SUBJ_016,yunda,2026-06-01,16:27:36.492000,2214795948,540492,0.94238,0.13965,0.54712,0.412,1.58,-0.366,1.02197,-0.12402,-0.04419,-1.817,0.237,0.366,ergonomis
SUBJ_016,yunda,2026-06-01,16:27:36.692000,2214796148,540692,0.93921,0.14014,0.55273,0.115,2.458,-0.214,1.02417,-0.12012,-0.05347,-2.198,0.252,0.397,ergonomis
SUBJ_016,yunda,2026-06-01,16:27:36.892000,2214796348,539892,0.93262,0.13818,0.56519,1.153,0.939,-0.954,1.01685,-0.11938,-0.05151,-1.0,-0.359,0.443,ergonomis
SUBJ_016,yunda,2026-06-01,16:27:37.092000,2214796548,541092,0.94263,0.13135,0.55884,0.344,2.527,-0.748,1.02637,-0.12769,-0.04028,-1.015,0.786,0.046,ergonomis
SUBJ_016,yunda,2026-06-01,16:27:37.292000,2214796748,541292,0.9375,0.1355,0.56104,0.71,1.924,-1.053,1.02881,-0.12476,-0.05811,-0.847,0.618,0.153,ergonomis
SUBJ_016,yunda,2026-06-01,16:27:37.492000,2214796948,541492,0.92993,0.14038,0.55469,0.901,2.42,-1.74,1.02563,-0.11841,-0.04565,-0.916,0.122,0.779,ergonomis
SUBJ_016,yunda,2026-06-01,16:27:37.692000,2214797148,541692,0.9397,0.15601,0.56226,1.664,1.45,-2.42,1.02441,-0.12964,-0.0459,-1.565,0.817,0.992,ergonomis
SUBJ_016,yunda,2026-06-01,16:27:37.892000,2214797348,540892,0.94214,0.13574,0.56519,-0.198,2.351,-0.275,1.02441,-0.12988,-0.05542,-1.282,0.695,0.389,ergonomis
SUBJ_016,yunda,2026-06-01,16:27:38.092000,2214797548,542092,0.93286,0.15991,0.55811,1.405,0.718,-1.214,1.02734,-0.12964,-0.04126,-0.794,0.313,0.756,ergonomis
SUBJ_016,yunda,2026-06-01,16:27:38.292000,2214797748,542292,0.92871,0.1582,0.55176,0.573,1.206,-1.13,1.02954,-0.13721,-0.05542,-0.817,0.061,0.885,ergonomis
SUBJ_016,yunda,2026-06-01,16:27:38.492000,2214797948,542492,0.93164,0.16162,0.55493,1.145,1.198,-0.443,1.02417,-0.13208,-0.04517,-2.206,0.466,-0.023,ergonomis
SUBJ_016,yunda,2026-06-01,16:27:38.692000,2214798148,542692,0.9353,0.15942,0.55566,0.076,2.504,0.092,1.02002,-0.13306,-0.05371,-2.794,-0.206,-0.168,ergonomis
SUBJ_016,yunda,2026-06-01,16:27:38.892000,2214798348,541892,0.93335,0.15845,0.56934,1.58,1.122,-1.641,1.02832,-0.12915,-0.05054,-0.748,-0.321,1.427,ergonomis
SUBJ_016,yunda,2026-06-01,16:27:39.092000,2214798548,543092,0.93945,0.15454,0.55225,0.489,2.939,-0.641,1.02295,-0.12964,-0.04541,-0.756,0.183,0.031,ergonomis
SUBJ_016,yunda,2026-06-01,16:27:39.292000,2214798748,543292,0.93164,0.15161,0.55835,0.328,2.534,-0.183,1.02686,-0.12158,-0.05078,-1.435,0.786,0.145,ergonomis
SUBJ_016,yunda,2026-06-01,16:27:39.492000,2214798948,543492,0.93652,0.15576,0.56152,0.405,1.977,-0.664,1.02612,-0.12427,-0.04614,-1.282,0.595,0.336,ergonomis
SUBJ_016,yunda,2026-06-01,16:27:39.692000,2214799148,543692,0.93091,0.15601,0.54883,0.069,1.824,-0.176,1.02808,-0.12036,-0.03857,-0.924,0.679,0.687,ergonomis
SUBJ_016,yunda,2026-06-01,16:27:39.892000,2214799348,542892,0.92969,0.15039,0.55298,0.061,2.992,-0.046,1.02612,-0.13184,-0.05005,-1.282,0.344,0.137,ergonomis
SUBJ_016,yunda,2026-06-01,16:27:40.092000,2214799548,544092,0.93799,0.15747,0.56714,0.427,1.038,-0.74,1.02466,-0.12476,-0.0437,-0.893,0.344,1.229,ergonomis
SUBJ_016,yunda,2026-06-01,16:27:40.292000,2214799748,544292,0.94165,0.15283,0.55664,0.679,1.061,-0.504,1.02319,-0.12988,-0.04932,-1.015,-0.069,1.183,ergonomis
SUBJ_016,yunda,2026-06-01,16:27:40.492000,2214799948,544492,0.93481,0.14526,0.55859,0.275,0.855,-0.336,1.02539,-0.13086,-0.04907,-0.779,0.122,0.779,ergonomis
SUBJ_016,yunda,2026-06-01,16:27:40.692000,2214800148,544692,0.93848,0.14819,0.5564,-0.282,1.893,-0.214,1.02759,-0.13159,-0.04712,-2.076,0.229,0.702,ergonomis
SUBJ_016,yunda,2026-06-01,16:27:40.892000,2214800348,543892,0.92529,0.15088,0.56665,0.771,2.0,-0.374,1.02856,-0.12158,-0.04712,-0.542,0.649,0.435,ergonomis
SUBJ_016,yunda,2026-06-01,16:27:41.092000,2214800548,545092,0.93579,0.1543,0.55859,-0.832,2.153,-0.771,1.02393,-0.13403,-0.05469,-1.206,0.313,0.527,ergonomis
SUBJ_016,yunda,2026-06-01,16:27:41.292000,2214800748,545292,0.92456,0.14941,0.55786,-0.153,2.153,-0.336,1.02441,-0.13159,-0.04443,-1.405,0.344,0.382,ergonomis
SUBJ_016,yunda,2026-06-01,16:27:41.492000,2214800948,545492,0.94067,0.14648,0.56421,0.313,1.542,-0.611,1.02905,-0.12988,-0.04688,-1.275,0.29,0.489,ergonomis
SUBJ_016,yunda,2026-06-01,16:27:41.692000,2214801148,545692,0.93359,0.13452,0.55713,-0.015,1.878,-0.611,1.02563,-0.13159,-0.0498,-1.176,0.221,0.794,ergonomis
SUBJ_016,yunda,2026-06-01,16:27:41.892000,2214801348,544892,0.93579,0.15088,0.55688,-0.244,2.519,0.221,1.02686,-0.13232,-0.05103,-0.817,0.466,0.489,ergonomis
SUBJ_016,yunda,2026-06-01,16:27:42.092000,2214801548,546092,0.94482,0.14868,0.55078,0.42,1.282,-0.412,1.02661,-0.13037,-0.0564,-0.916,0.45,1.046,ergonomis
SUBJ_016,yunda,2026-06-01,16:27:42.292000,2214801748,546292,0.93237,0.14868,0.55688,0.557,1.336,-0.679,1.02588,-0.1333,-0.04102,-1.13,0.847,1.168,ergonomis
SUBJ_016,yunda,2026-06-01,16:27:42.492000,2214801948,546492,0.94141,0.13696,0.55786,1.443,1.45,-0.55,1.02905,-0.1394,-0.03857,-1.87,0.557,0.374,ergonomis
SUBJ_016,yunda,2026-06-01,16:27:42.692000,2214802148,546692,0.94214,0.1438,0.55762,0.023,1.344,-0.542,1.02295,-0.1377,-0.0437,-1.55,-0.038,0.504,ergonomis
SUBJ_016,yunda,2026-06-01,16:27:42.892000,2214802348,545892,0.93018,0.1394,0.56982,0.641,1.939,-0.504,1.02148,-0.13599,-0.0498,-0.878,0.977,0.427,ergonomis
SUBJ_016,yunda,2026-06-01,16:27:43.092000,2214802548,547092,0.94141,0.14282,0.55444,-0.214,2.481,-0.076,1.01929,-0.13037,-0.04712,-1.382,0.443,0.366,ergonomis
SUBJ_016,yunda,2026-06-01,16:27:43.292000,2214802748,547292,0.93457,0.14087,0.56641,0.359,2.359,-0.618,1.02417,-0.13477,-0.04321,-1.786,0.794,-0.115,ergonomis
SUBJ_016,yunda,2026-06-01,16:27:43.492000,2214802948,547492,0.93042,0.14111,0.5603,0.412,2.267,-0.802,1.0249,-0.13745,-0.04492,-1.458,0.542,-0.023,ergonomis
SUBJ_016,yunda,2026-06-01,16:27:43.692000,2214803148,547692,0.93555,0.13916,0.5564,-0.16,2.29,-0.466,1.0271,-0.13452,-0.04297,-0.924,0.519,0.275,ergonomis
SUBJ_016,yunda,2026-06-01,16:27:43.892000,2214803348,546892,0.93994,0.14087,0.55298,0.137,2.29,-0.565,1.01929,-0.13306,-0.0542,-2.305,0.107,0.137,ergonomis
SUBJ_016,yunda,2026-06-01,16:27:44.092000,2214803548,548092,0.93457,0.14209,0.56787,0.229,1.542,-0.504,1.03223,-0.12109,-0.04541,-1.534,0.374,0.618,ergonomis
SUBJ_016,yunda,2026-06-01,16:27:44.292000,2214803748,548292,0.93213,0.14502,0.56299,0.954,1.542,-0.504,1.02271,-0.1272,-0.04932,-1.061,0.634,0.053,ergonomis
SUBJ_016,yunda,2026-06-01,16:27:44.492000,2214803948,548492,0.9314,0.14624,0.55835,0.221,1.359,0.053,1.02271,-0.12402,-0.03857,-0.855,0.58,-0.107,ergonomis
SUBJ_016,yunda,2026-06-01,16:27:44.692000,2214804148,548692,0.93774,0.14185,0.55737,0.641,1.534,-1.344,1.02344,-0.12451,-0.04565,-0.962,0.634,-0.061,ergonomis
SUBJ_016,yunda,2026-06-01,16:27:44.892000,2214804348,547892,0.93115,0.1394,0.55225,0.626,2.115,-0.275,1.02393,-0.12793,-0.04565,-1.374,0.573,0.466,ergonomis
SUBJ_016,yunda,2026-06-01,16:27:45.092000,2214804548,549092,0.92017,0.17676,0.55933,1.718,4.267,1.634,1.01953,-0.08911,-0.04395,-0.641,-0.382,1.626,ergonomis
SUBJ_016,yunda,2026-06-01,16:27:45.292000,2214804748,549292,0.93262,0.15063,0.57617,-0.855,2.29,0.939,1.02246,-0.11816,-0.04834,-0.443,-1.031,1.84,ergonomis
SUBJ_016,yunda,2026-06-01,16:27:45.492000,2214804948,549492,0.93262,0.14844,0.55225,-1.969,1.221,0.969,1.02612,-0.12793,-0.05786,-1.046,0.626,1.809,ergonomis
SUBJ_016,yunda,2026-06-01,16:27:45.692000,2214805148,549692,0.9314,0.14844,0.56274,-0.382,2.069,-0.29,1.0166,-0.13818,-0.05981,-1.305,1.069,0.809,ergonomis
SUBJ_016,yunda,2026-06-01,16:27:45.892000,2214805348,548892,0.9397,0.14502,0.54907,2.573,1.954,-6.115,1.02319,-0.13867,-0.06445,1.046,-1.58,-4.099,ergonomis
SUBJ_016,yunda,2026-06-01,16:27:46.092000,2214805548,550092,0.93188,0.14087,0.56494,0.565,2.611,-1.359,1.02173,-0.11865,-0.05103,-0.992,0.603,0.137,ergonomis
SUBJ_016,yunda,2026-06-01,16:27:46.296000,2214805752,550296,0.93066,0.14136,0.56201,0.221,1.725,-0.71,1.02515,-0.1228,-0.04077,-1.481,0.611,-0.015,ergonomis
SUBJ_016,yunda,2026-06-01,16:27:46.496000,2214805952,550496,0.92017,0.14136,0.57031,0.427,2.008,-0.733,1.03442,-0.12354,-0.04053,-1.496,0.748,0.099,ergonomis
SUBJ_016,yunda,2026-06-01,16:27:46.696000,2214806152,550696,0.93018,0.14502,0.57251,0.473,2.214,-0.656,1.01831,-0.12036,-0.05371,-0.481,0.534,0.534,ergonomis
SUBJ_016,yunda,2026-06-01,16:27:46.892000,2214806348,549892,0.93188,0.14111,0.58008,-0.244,2.053,-0.496,1.02563,-0.12988,-0.05347,-1.489,0.374,-0.092,ergonomis
SUBJ_016,yunda,2026-06-01,16:27:47.096000,2214806552,551096,0.92676,0.14722,0.57153,1.206,1.046,-0.786,1.02051,-0.12012,-0.0437,-0.977,0.351,0.13,ergonomis
SUBJ_016,yunda,2026-06-01,16:27:47.296000,2214806752,551296,0.9292,0.15674,0.56299,0.832,1.115,-1.16,1.02686,-0.11768,-0.0437,-1.924,0.489,-0.305,ergonomis
SUBJ_016,yunda,2026-06-01,16:27:47.496000,2214806952,551496,0.95752,0.1228,0.5918,4.267,1.679,1.763,1.02856,-0.11768,-0.05249,1.84,0.198,-4.16,ergonomis
SUBJ_016,yunda,2026-06-01,16:27:47.696000,2214807152,551696,0.9248,0.14575,0.57715,2.069,6.687,-0.725,1.02661,-0.10278,-0.0481,-3.916,0.573,-0.893,ergonomis
SUBJ_016,yunda,2026-06-01,16:27:47.896000,2214807352,550896,0.92798,0.14746,0.56226,1.092,1.511,-0.779,1.02734,-0.12354,-0.04346,-0.641,0.084,0.832,ergonomis
SUBJ_016,yunda,2026-06-01,16:27:48.096000,2214807552,552096,0.92163,0.18091,0.55151,0.939,-2.221,-4.809,1.04346,-0.09033,-0.04419,-0.595,-3.29,-0.924,ergonomis
SUBJ_016,yunda,2026-06-01,16:27:48.296000,2214807752,552296,0.9209,0.18872,0.55029,0.496,1.405,-1.29,1.03223,-0.09033,-0.06567,-1.168,0.786,-0.176,ergonomis
SUBJ_016,yunda,2026-06-01,16:27:48.496000,2214807952,552496,0.927,0.19409,0.55664,0.542,0.351,0.023,1.02271,-0.10181,-0.06006,-0.29,-0.145,2.244,ergonomis
SUBJ_016,yunda,2026-06-01,16:27:48.696000,2214808152,552696,0.92969,0.19409,0.55933,0.992,1.84,-1.153,1.02783,-0.10596,-0.0647,0.435,0.13,1.229,ergonomis
SUBJ_016,yunda,2026-06-01,16:27:48.896000,2214808352,551896,0.91919,0.15088,0.5791,-3.481,-2.847,-7.527,1.01782,-0.10522,-0.05688,-6.061,-3.275,-0.244,ergonomis
SUBJ_016,yunda,2026-06-01,16:27:49.096000,2214808552,553096,0.91968,0.15991,0.56372,0.664,2.237,-1.038,1.03003,-0.12134,-0.05688,0.496,1.779,-2.076,ergonomis
SUBJ_016,yunda,2026-06-01,16:27:49.296000,2214808752,553296,0.91162,0.20264,0.54688,1.863,1.634,-1.992,1.03784,-0.0979,-0.06323,-1.672,-1.229,0.542,ergonomis
SUBJ_016,yunda,2026-06-01,16:27:49.496000,2214808952,553496,0.93945,0.18408,0.54639,-0.069,3.122,0.954,1.03027,-0.10522,-0.06104,-2.565,1.084,-0.473,ergonomis
SUBJ_016,yunda,2026-06-01,16:27:49.696000,2214809152,553696,0.93042,0.1958,0.54248,-0.321,3.672,-1.153,1.02783,-0.09448,-0.06152,-1.908,0.489,-0.092,ergonomis
SUBJ_016,yunda,2026-06-01,16:27:49.896000,2214809352,552896,0.94531,0.18921,0.53833,-0.634,0.26,-1.71,1.03101,-0.10376,-0.0625,-2.092,3.26,1.305,ergonomis
SUBJ_016,yunda,2026-06-01,16:27:50.096000,2214809552,554096,0.92407,0.18018,0.57446,-1.557,6.511,4.13,1.02686,-0.09204,-0.04614,0.099,,2.282,ergonomis
SUBJ_016,yunda,2026-06-01,16:27:50.296000,2214809752,554296,0.91187,0.15454,0.57617,-1.023,2.473,2.901,1.0271,-0.1167,-0.0686,-2.969,-1.206,2.305,ergonomis
SUBJ_016,yunda,2026-06-01,16:27:50.496000,2214809952,554496,0.91357,0.16187,0.57422,0.817,-0.725,-1.298,1.02148,-0.10669,-0.07251,0.031,-2.557,1.519,ergonomis
SUBJ_016,yunda,2026-06-01,16:27:50.696000,2214810152,554696,0.94482,0.16479,0.54272,0.809,-1.855,-2.366,1.02124,-0.13599,-0.0647,-2.107,3.588,-0.504,ergonomis
SUBJ_016,yunda,2026-06-01,16:27:50.896000,2214810352,553896,0.92383,0.19604,0.54443,-1.336,2.695,0.878,1.03052,-0.09717,-0.07129,-1.473,0.504,1.458,ergonomis
SUBJ_016,yunda,2026-06-01,16:27:51.096000,2214810552,555096,0.90576,0.21436,0.57886,-4.374,1.198,-4.153,1.02441,-0.10815,-0.04736,-7.611,-1.947,5.435,ergonomis
SUBJ_016,yunda,2026-06-01,16:27:51.296000,2214810752,555296,0.94312,0.17871,0.52881,-2.031,-3.664,-2.511,1.01636,-0.14136,-0.05127,-0.412,1.183,-1.496,ergonomis
SUBJ_016,yunda,2026-06-01,16:27:51.496000,2214810952,555496,0.91699,0.22705,0.55005,6.916,1.489,-4.015,1.02979,-0.10522,-0.06396,-1.542,0.687,-0.122,ergonomis
SUBJ_016,yunda,2026-06-01,16:27:51.696000,2214811152,555696,0.93213,0.20215,0.52979,-0.939,2.26,1.221,1.02539,-0.11011,-0.04272,-0.901,1.321,0.351,ergonomis
SUBJ_016,yunda,2026-06-01,16:27:51.896000,2214811352,554896,0.91699,0.1687,0.56006,13.435,4.519,1.931,1.03149,-0.0979,-0.04956,5.534,2.695,-2.519,ergonomis
SUBJ_016,yunda,2026-06-01,16:27:52.096000,2214811552,556096,0.93604,0.20435,0.53931,-0.519,3.672,1.435,1.02905,-0.11353,-0.04639,-0.885,1.382,1.962,ergonomis
SUBJ_016,yunda,2026-06-01,16:27:52.296000,2214811752,556296,0.93237,0.18481,0.55273,0.13,3.504,0.71,1.02295,-0.12134,-0.04102,-0.702,1.55,1.191,ergonomis
SUBJ_016,yunda,2026-06-01,16:27:52.496000,2214811952,556496,0.93042,0.19238,0.55835,0.237,2.328,0.053,1.01807,-0.12207,-0.04712,-1.061,0.397,1.26,ergonomis
SUBJ_016,yunda,2026-06-01,16:27:52.696000,2214812152,556696,0.92993,0.19312,0.54785,1.511,2.053,-0.473,1.00928,-0.13501,-0.0459,1.275,2.244,-0.084,ergonomis
SUBJ_016,yunda,2026-06-01,16:27:52.896000,2214812352,555896,0.93262,0.21606,0.54834,0.779,4.702,-0.076,1.02222,-0.10132,-0.03564,-1.664,1.565,1.183,ergonomis
SUBJ_016,yunda,2026-06-01,16:27:53.096000,2214812552,557096,0.92578,0.19409,0.5603,0.237,1.855,-0.153,1.02515,-0.1123,-0.02832,-1.153,0.702,-0.038,ergonomis
SUBJ_016,yunda,2026-06-01,16:27:53.296000,2214812752,557296,0.92871,0.198,0.5564,2.046,0.908,-0.885,1.02759,-0.11499,-0.03125,-0.931,0.901,-0.611,ergonomis
SUBJ_016,yunda,2026-06-01,16:27:53.496000,2214812952,557496,0.92871,0.19189,0.55542,0.893,1.221,-0.542,1.02344,-0.10742,-0.02539,-0.55,0.557,-0.13,ergonomis
SUBJ_016,yunda,2026-06-01,16:27:53.696000,2214813152,557696,0.91284,0.2002,0.57568,-1.702,1.71,-2.183,1.02661,-0.1167,-0.03394,-2.13,-1.168,1.679,ergonomis
SUBJ_016,yunda,2026-06-01,16:27:53.896000,2214813352,556896,0.93018,0.19287,0.55786,0.466,1.962,-1.122,1.02954,-0.1189,-0.03589,-1.565,0.916,-0.191,ergonomis
SUBJ_016,yunda,2026-06-01,16:27:54.096000,2214813552,558096,0.91479,0.20264,0.55884,1.405,0.794,-1.962,1.02173,-0.10962,-0.03809,-0.076,1.473,-0.931,ergonomis
SUBJ_016,yunda,2026-06-01,16:27:54.296000,2214813752,558296,0.91943,0.21899,0.54761,0.702,2.802,-1.824,1.02612,-0.10986,-0.021,-3.229,0.26,0.282,ergonomis
SUBJ_016,yunda,2026-06-01,16:27:54.496000,2214813952,558496,0.92603,0.21436,0.55762,-1.359,1.962,-1.954,1.02734,-0.10742,-0.02661,-2.763,0.122,-0.183,ergonomis
SUBJ_016,yunda,2026-06-01,16:27:54.696000,2214814152,558696,0.91699,0.20728,0.55933,-1.244,2.038,-0.893,1.02686,-0.1123,-0.02808,-1.84,0.046,0.107,ergonomis
SUBJ_016,yunda,2026-06-01,16:27:54.896000,2214814352,557896,0.93188,0.20142,0.55737,2.16,1.221,-1.16,1.02612,-0.10352,-0.03589,-0.557,1.321,0.023,ergonomis
SUBJ_016,yunda,2026-06-01,16:27:55.096000,2214814552,559096,0.9187,0.21216,0.56299,1.878,0.931,0.076,1.0293,-0.10376,-0.03589,-0.542,0.42,-0.046,ergonomis
SUBJ_016,yunda,2026-06-01,16:27:55.296000,2214814752,559296,0.91724,0.21069,0.56616,0.649,2.603,-0.206,1.02026,-0.10229,-0.01855,-1.321,-0.122,1.107,ergonomis
SUBJ_016,yunda,2026-06-01,16:27:55.496000,2214814952,559496,0.92114,0.20923,0.56226,0.71,1.504,-0.534,1.02124,-0.0979,-0.02026,-2.267,-0.382,-0.031,ergonomis
SUBJ_016,yunda,2026-06-01,16:27:55.696000,2214815152,559696,0.91968,0.20654,0.56128,-0.229,1.321,-0.748,1.02124,-0.11523,-0.03345,-1.145,1.015,-0.374,ergonomis
SUBJ_016,yunda,2026-06-01,16:27:55.896000,2214815352,558896,0.91724,0.21362,0.56177,-0.115,2.137,0.046,1.02393,-0.10474,-0.02808,-1.076,-0.099,1.107,ergonomis
SUBJ_016,yunda,2026-06-01,16:27:56.096000,2214815552,560096,0.91431,0.20264,0.56689,-1.0,1.45,-1.588,1.02295,-0.11523,-0.03125,-1.015,0.45,0.435,ergonomis
SUBJ_016,yunda,2026-06-01,16:27:56.296000,2214815752,560296,0.91577,0.2168,0.56934,0.412,0.832,-1.519,1.03296,-0.1084,-0.02954,-1.298,0.725,0.511,ergonomis
SUBJ_016,yunda,2026-06-01,16:27:56.496000,2214815952,560496,0.91211,0.21094,0.54785,1.687,0.84,-1.389,1.03296,-0.09937,-0.02881,-0.679,1.031,0.099,ergonomis
SUBJ_016,yunda,2026-06-01,16:27:56.696000,2214816152,560696,0.91089,0.21606,0.56836,0.397,3.214,-1.023,1.01978,-0.11011,-0.01904,-1.763,-0.45,1.26,ergonomis
SUBJ_016,yunda,2026-06-01,16:27:56.896000,2214816352,559896,0.91138,0.20313,0.56836,1.023,3.069,-0.374,1.0271,-0.0979,-0.02515,-0.214,1.053,0.305,ergonomis
SUBJ_016,yunda,2026-06-01,16:27:57.096000,2214816552,561096,0.91895,0.2146,0.5603,-0.275,3.29,-0.702,1.03223,-0.10059,-0.02271,-2.519,0.244,0.046,ergonomis
SUBJ_016,yunda,2026-06-01,16:27:57.296000,2214816752,561296,0.91089,0.21362,0.5647,-0.16,2.16,-0.206,1.0188,-0.10156,-0.02832,-1.718,-0.13,0.221,ergonomis
SUBJ_016,yunda,2026-06-01,16:27:57.496000,2214816952,561496,0.91211,0.20996,0.57007,0.115,2.496,-0.687,1.03247,-0.10132,-0.02344,-1.595,0.252,0.328,ergonomis
SUBJ_016,yunda,2026-06-01,16:27:57.696000,2214817152,561696,0.91089,0.21069,0.56592,0.527,2.13,-0.42,1.03101,-0.09937,-0.01392,-1.29,0.542,0.107,ergonomis
SUBJ_016,yunda,2026-06-01,16:27:57.896000,2214817352,560896,0.91846,0.21753,0.55566,0.351,2.107,-0.626,1.03101,-0.10059,-0.01904,-2.366,0.183,0.305,ergonomis
SUBJ_016,yunda,2026-06-01,16:27:58.096000,2214817552,562096,0.91626,0.2146,0.57617,0.473,2.206,-0.534,1.0271,-0.09961,-0.02002,-1.305,0.58,0.099,ergonomis
SUBJ_016,yunda,2026-06-01,16:27:58.296000,2214817752,562296,0.90552,0.21997,0.56519,0.252,2.115,-0.611,1.02393,-0.0979,-0.02832,-0.985,0.565,0.351,ergonomis
SUBJ_016,yunda,2026-06-01,16:27:58.496000,2214817952,562496,0.91187,0.21484,0.57666,1.076,2.008,-0.664,1.02563,-0.09448,-0.0249,-0.626,0.344,1.183,ergonomis
SUBJ_016,yunda,2026-06-01,16:27:58.696000,2214818152,562696,0.90625,0.21484,0.5791,0.29,1.557,-0.397,1.02856,-0.08911,-0.03052,-0.763,0.298,0.954,ergonomis
SUBJ_016,yunda,2026-06-01,16:27:58.896000,2214818352,561896,0.9126,0.21777,0.56348,0.107,2.305,-0.534,1.02539,-0.09961,-0.02368,-1.389,0.382,0.229,ergonomis
SUBJ_016,yunda,2026-06-01,16:27:59.096000,2214818552,563096,0.9165,0.22363,0.57153,1.214,1.0,-0.87,1.02856,-0.09839,-0.02246,-1.107,0.122,0.87,ergonomis
SUBJ_016,yunda,2026-06-01,16:27:59.296000,2214818752,563296,0.91504,0.21655,0.56763,0.656,0.962,-0.687,1.02637,-0.10303,-0.01489,-1.29,,0.786,ergonomis
SUBJ_016,yunda,2026-06-01,16:27:59.496000,2214818952,563496,0.91968,0.2168,0.55762,0.473,1.733,-0.496,1.0293,-0.09741,-0.02734,-2.237,0.282,0.397,ergonomis
SUBJ_016,yunda,2026-06-01,16:27:59.696000,2214819152,563696,0.91211,0.22192,0.56396,-0.618,2.908,-0.13,1.02612,-0.10767,-0.03125,-1.672,0.519,0.664,ergonomis
SUBJ_016,yunda,2026-06-01,16:27:59.896000,2214819352,562896,0.91138,0.21533,0.57495,0.695,0.687,-0.626,1.02979,-0.09985,-0.02295,-0.374,0.74,0.557,ergonomis
SUBJ_016,yunda,2026-06-01,16:28:00.096000,2214819552,564096,0.9082,0.21704,0.56519,0.412,2.183,-0.664,1.02393,-0.10718,-0.02515,-2.069,0.26,-0.13,ergonomis
SUBJ_016,yunda,2026-06-01,16:28:00.296000,2214819752,564296,0.9126,0.21094,0.56787,0.58,1.779,-0.641,1.02124,-0.10474,-0.02808,-1.168,-0.527,0.504,ergonomis
SUBJ_016,yunda,2026-06-01,16:28:00.545000,2214820001,564545,0.91138,0.21582,0.56934,0.466,1.656,-0.618,1.02393,-0.10034,-0.02197,-1.42,0.305,0.26,ergonomis
SUBJ_016,yunda,2026-06-01,16:28:00.745000,2214820201,564745,0.9104,0.21606,0.56567,0.634,2.115,-0.687,1.02808,-0.09961,-0.03223,-1.344,0.573,-0.053,ergonomis
SUBJ_016,yunda,2026-06-01,16:28:00.896000,2214820352,563896,0.91626,0.21021,0.5647,-0.076,2.176,-0.183,1.02832,-0.09912,-0.01758,-1.679,0.389,0.427,ergonomis
SUBJ_016,yunda,2026-06-01,16:28:01.145000,2214820601,565145,0.91357,0.21753,0.57397,0.992,2.023,-0.695,1.02515,-0.08789,-0.0188,-1.321,0.176,0.275,ergonomis
SUBJ_016,yunda,2026-06-01,16:28:01.345000,2214820801,565345,0.9209,0.21631,0.56641,0.328,1.656,-0.611,1.02686,-0.09351,-0.02734,-1.275,0.321,0.397,ergonomis
SUBJ_016,yunda,2026-06-01,16:28:01.545000,2214821001,565545,0.90845,0.22119,0.57788,0.275,1.847,-0.374,1.03076,-0.09473,-0.0354,-0.794,0.489,0.634,ergonomis
SUBJ_016,yunda,2026-06-01,16:28:01.745000,2214821201,565745,0.90918,0.21631,0.57886,0.275,0.885,-0.595,1.03052,-0.09741,-0.01538,-1.305,-0.298,1.42,ergonomis
SUBJ_016,yunda,2026-06-01,16:28:01.945000,2214821401,564945,0.90845,0.22119,0.57056,0.641,2.0,-0.992,1.02905,-0.08984,-0.02905,-1.588,0.45,0.153,ergonomis
SUBJ_016,yunda,2026-06-01,16:28:02.145000,2214821601,566145,0.91772,0.21655,0.55859,-4.779,-3.519,-0.687,1.02612,-0.1228,-0.03784,-4.542,-3.511,5.046,ergonomis
SUBJ_016,yunda,2026-06-01,16:28:02.345000,2214821801,566345,0.93457,0.18652,0.54248,1.229,0.374,0.046,1.02026,-0.12451,-0.04224,-2.496,0.626,0.595,ergonomis
SUBJ_016,yunda,2026-06-01,16:28:02.545000,2214822001,566545,0.92261,0.20874,0.55713,-0.397,1.137,-1.847,1.02124,-0.12378,-0.05371,-3.237,-0.366,-0.672,ergonomis
SUBJ_016,yunda,2026-06-01,16:28:02.745000,2214822201,566745,0.92749,0.20947,0.55005,0.16,1.534,-1.382,1.02856,-0.10962,-0.05859,-2.122,-0.198,-0.099,ergonomis
SUBJ_016,yunda,2026-06-01,16:28:02.945000,2214822401,565945,0.90894,0.22803,0.56396,2.786,2.634,0.588,1.02905,-0.09619,-0.01978,1.092,-0.298,2.267,ergonomis
SUBJ_016,yunda,2026-06-01,16:28:03.145000,2214822601,567145,0.92578,0.198,0.55176,0.412,1.641,-0.046,1.02563,-0.11182,-0.05322,-1.198,0.16,0.832,ergonomis
SUBJ_016,yunda,2026-06-01,16:28:03.345000,2214822801,567345,0.92822,0.20557,0.5498,-0.595,1.198,0.053,1.02612,-0.1145,-0.05859,-1.695,-0.489,1.26,ergonomis
SUBJ_016,yunda,2026-06-01,16:28:03.545000,2214823001,567545,0.9292,0.19922,0.54565,-0.687,0.863,-0.527,1.02563,-0.12207,-0.0647,-1.061,-0.061,0.809,ergonomis
SUBJ_016,yunda,2026-06-01,16:28:03.745000,2214823201,567745,0.93677,0.21191,0.54663,-0.863,0.794,-2.557,1.01953,-0.13257,-0.04688,-2.405,1.847,1.595,ergonomis
SUBJ_016,yunda,2026-06-01,16:28:03.945000,2214823401,566945,0.92554,0.20776,0.54736,0.198,1.725,-0.267,1.02246,-0.10889,-0.05859,-1.45,-0.214,1.015,ergonomis
SUBJ_016,yunda,2026-06-01,16:28:04.145000,2214823601,568145,0.93433,0.20581,0.53662,-0.115,0.198,-1.145,1.02734,-0.12769,-0.06104,-1.435,0.664,1.099,ergonomis
SUBJ_016,yunda,2026-06-01,16:28:04.345000,2214823801,568345,0.93164,0.1936,0.53784,0.802,0.29,-1.366,1.02808,-0.12598,-0.07129,-0.924,-1.527,1.794,ergonomis
SUBJ_016,yunda,2026-06-01,16:28:04.545000,2214824001,568545,0.93823,0.2019,0.54272,1.191,0.229,-0.893,1.02026,-0.1311,-0.06812,-0.244,0.359,0.824,ergonomis
SUBJ_016,yunda,2026-06-01,16:28:04.745000,2214824201,568745,0.94482,0.20361,0.51782,-3.084,3.626,1.191,1.02588,-0.13696,-0.07178,1.626,4.519,-0.664,ergonomis
SUBJ_016,yunda,2026-06-01,16:28:04.945000,2214824401,567945,0.93188,0.19653,0.54199,-0.786,0.84,-0.099,1.03149,-0.11743,-0.05713,-1.565,0.527,0.924,ergonomis
SUBJ_016,yunda,2026-06-01,16:28:05.145000,2214824601,569145,0.93872,0.19727,0.55322,-4.015,9.84,2.168,1.04541,-0.12646,-0.03516,0.802,6.893,-0.221,ergonomis
SUBJ_016,yunda,2026-06-01,16:28:05.345000,2214824801,569345,0.91064,0.14673,0.57837,-3.321,12.374,6.344,1.0415,-0.11328,0.01196,1.031,9.504,0.664,ergonomis
SUBJ_016,yunda,2026-06-01,16:28:05.545000,2214825001,569545,0.87354,0.13013,0.64258,-3.122,5.229,-0.672,1.01685,-0.11206,0.02612,-8.099,3.038,0.802,ergonomis
SUBJ_016,yunda,2026-06-01,16:28:05.745000,2214825201,569745,0.89795,0.15088,0.61353,-0.916,-7.076,2.74,1.01343,-0.1167,0.03149,-0.183,-1.061,6.061,ergonomis
SUBJ_016,yunda,2026-06-01,16:28:05.945000,2214825401,568945,0.93457,0.19556,0.55078,-0.069,8.557,3.443,1.03003,-0.13013,-0.05273,0.344,4.405,-2.427,ergonomis
SUBJ_016,yunda,2026-06-01,16:28:06.145000,2214825601,570145,0.94092,0.13037,0.6001,5.626,1.115,2.504,1.00171,-0.17944,0.06006,3.695,8.084,0.664,ergonomis
SUBJ_016,yunda,2026-06-01,16:28:06.345000,2214825801,570345,0.89087,0.14917,0.63354,3.885,12.252,-0.832,1.01904,-0.10205,0.08813,-1.802,5.183,0.893,ergonomis
SUBJ_016,yunda,2026-06-01,16:28:06.545000,2214826001,570545,0.90747,0.09229,0.62109,-11.252,4.618,-0.382,1.00195,-0.15649,0.12329,-0.878,5.466,-1.099,ergonomis
SUBJ_016,yunda,2026-06-01,16:28:06.745000,2214826201,570745,0.8772,0.10938,0.65454,0.794,3.58,-0.397,1.0061,-0.14355,0.12988,1.237,4.435,1.351,ergonomis
SUBJ_016,yunda,2026-06-01,16:28:06.945000,2214826401,569945,0.90308,0.11694,0.61304,-4.031,2.733,-3.588,1.02026,-0.14624,0.04468,-3.756,4.412,5.107,ergonomis
SUBJ_016,yunda,2026-06-01,16:28:07.013000,2214826469,571013,0.90015,0.10034,0.63794,0.527,1.931,0.908,1.00757,-0.14038,0.14038,-0.824,2.206,0.74,non-ergonomis
SUBJ_016,yunda,2026-06-01,16:28:07.213000,2214826669,571213,0.85449,0.1084,0.56396,-18.527,40.504,9.748,0.92651,-0.13159,0.16943,11.725,31.847,-4.855,non-ergonomis
SUBJ_016,yunda,2026-06-01,16:28:07.413000,2214826869,571413,0.87915,0.05151,0.84277,5.008,23.702,1.641,0.95288,-0.06641,0.23511,-3.359,7.008,5.122,non-ergonomis
SUBJ_016,yunda,2026-06-01,16:28:07.613000,2214827069,571613,0.78149,0.03516,0.80127,-4.985,4.931,-9.397,0.97803,-0.15723,0.27344,2.962,3.237,0.023,non-ergonomis
SUBJ_016,yunda,2026-06-01,16:28:07.813000,2214827269,571813,0.7749,0.05078,0.81519,0.153,6.168,3.786,0.99023,-0.10059,0.26221,-0.55,-0.931,-0.435,non-ergonomis
SUBJ_016,yunda,2026-06-01,16:28:08.013000,2214827469,572013,0.77881,0.05249,0.79761,-2.214,1.718,-0.519,0.98022,-0.1123,0.25732,-1.16,0.557,-0.382,non-ergonomis
SUBJ_016,yunda,2026-06-01,16:28:08.213000,2214827669,572213,0.75708,0.0459,0.81494,1.626,2.794,-1.076,0.96777,-0.11743,0.25708,-1.122,-0.74,1.763,non-ergonomis
SUBJ_016,yunda,2026-06-01,16:28:08.532000,2214827988,572532,0.76685,0.03442,0.81567,1.527,1.664,-2.489,0.97803,-0.12402,0.24805,-2.351,,-0.023,non-ergonomis
SUBJ_016,yunda,2026-06-01,16:28:08.732000,2214828188,572732,0.77246,0.06372,0.8064,4.962,1.885,-5.382,0.98218,-0.11353,0.24072,1.695,1.855,0.725,non-ergonomis
SUBJ_016,yunda,2026-06-01,16:28:09.132000,2214828588,573132,0.76367,0.03687,0.8125,0.771,1.519,0.046,0.96704,-0.12036,0.25171,-2.58,-0.305,-0.046,non-ergonomis
SUBJ_016,yunda,2026-06-01,16:28:09.332000,2214828788,573332,0.77271,0.06128,0.7998,-2.206,1.733,-0.427,0.96436,-0.11646,0.25073,0.473,0.695,0.84,non-ergonomis
SUBJ_016,yunda,2026-06-01,16:28:09.532000,2214828988,573532,0.76172,0.04761,0.82471,-0.023,0.863,-2.053,0.96753,-0.11377,0.25269,-1.298,0.557,-0.053,non-ergonomis
SUBJ_016,yunda,2026-06-01,16:28:09.732000,2214829188,573732,0.76147,0.06104,0.81201,-0.115,3.664,-1.038,0.96899,-0.11963,0.25659,-1.092,-0.321,0.534,non-ergonomis
SUBJ_016,yunda,2026-06-01,16:28:09.932000,2214829388,572932,0.75635,0.07007,0.83423,4.061,3.855,5.641,0.97559,-0.1189,0.26587,-3.275,0.947,1.076,non-ergonomis
SUBJ_016,yunda,2026-06-01,16:28:10.132000,2214829588,574132,0.75195,0.04956,0.82837,0.397,2.107,-0.756,0.97485,-0.1145,0.26099,-2.397,0.115,0.191,non-ergonomis
SUBJ_016,yunda,2026-06-01,16:28:10.332000,2214829788,574332,0.75562,0.04248,0.82837,-0.031,1.374,-0.481,0.97705,-0.11719,0.25537,-1.473,1.328,0.015,non-ergonomis
SUBJ_016,yunda,2026-06-01,16:28:10.532000,2214829988,574532,0.75464,0.04932,0.81787,0.527,1.687,-1.13,0.97339,-0.12378,0.26074,-0.939,0.641,0.557,non-ergonomis
SUBJ_016,yunda,2026-06-01,16:28:10.732000,2214830188,574732,0.75537,0.04907,0.82568,0.275,1.702,-0.733,0.97437,-0.11646,0.25586,-1.58,0.969,0.282,non-ergonomis
SUBJ_016,yunda,2026-06-01,16:28:10.932000,2214830388,573932,0.75464,0.04346,0.82251,-0.183,3.855,1.084,0.97852,-0.1228,0.25464,-0.733,,0.878,non-ergonomis
SUBJ_016,yunda,2026-06-01,16:28:11.132000,2214830588,575132,0.75708,0.05103,0.80469,-2.122,2.374,-1.084,0.96484,-0.11963,0.25439,2.794,-1.053,0.031,non-ergonomis
SUBJ_016,yunda,2026-06-01,16:28:11.391000,2214830847,575391,0.74658,0.03101,0.83472,-2.588,4.344,1.122,0.97168,-0.10864,0.27417,-0.962,0.168,0.908,non-ergonomis
SUBJ_016,yunda,2026-06-01,16:28:11.591000,2214831047,575591,0.7439,0.021,0.83911,-3.748,3.153,-1.641,0.97876,-0.11353,0.24731,-2.374,-0.763,0.511,non-ergonomis
SUBJ_016,yunda,2026-06-01,16:28:11.843000,2214831299,575843,0.74756,0.0144,0.83203,-0.252,1.824,0.023,0.97363,-0.11035,0.25732,-1.542,-0.069,0.443,non-ergonomis
SUBJ_016,yunda,2026-06-01,16:28:11.932000,2214831388,574932,0.75317,0.04785,0.81934,-0.115,2.115,-0.847,0.97412,-0.11499,0.26099,-1.267,0.763,0.092,non-ergonomis
SUBJ_016,yunda,2026-06-01,16:28:12.101000,2214831557,576101,0.7417,0.02417,0.84766,1.008,2.008,-1.122,0.97681,-0.11792,0.25171,-1.42,0.252,0.298,non-ergonomis
SUBJ_016,yunda,2026-06-01,16:28:12.356000,2214831812,576356,0.74561,0.01733,0.83838,1.412,1.885,-1.122,0.96899,-0.1123,0.24854,-4.084,-1.153,-0.481,non-ergonomis
SUBJ_016,yunda,2026-06-01,16:28:12.556000,2214832012,576556,0.73438,0.01318,0.84473,-0.145,2.176,-5.183,0.98755,-0.12549,0.23413,-4.931,-0.702,-1.305,non-ergonomis
SUBJ_016,yunda,2026-06-01,16:28:12.824000,2214832280,576824,0.73584,0.05444,0.84766,0.748,2.076,-1.382,0.97437,-0.10913,0.24585,-2.214,0.885,0.725,non-ergonomis
SUBJ_016,yunda,2026-06-01,16:28:13.024000,2214832480,577024,0.74438,0.04004,0.83472,-0.427,2.275,0.473,0.97314,-0.10913,0.23608,-0.496,0.359,0.977,non-ergonomis
SUBJ_016,yunda,2026-06-01,16:28:13.472000,2214832928,577472,0.73926,0.03662,0.85229,-0.031,1.939,-1.687,0.97778,-0.12451,0.22778,-1.244,-0.542,0.237,non-ergonomis
SUBJ_016,yunda,2026-06-01,16:28:13.705000,2214833161,577704,0.73096,0.0332,0.8418,0.656,2.244,-0.099,0.98608,-0.11621,0.22876,-1.443,-0.198,0.84,non-ergonomis
SUBJ_016,yunda,2026-06-01,16:28:14.007000,2214833463,578007,0.72681,0.03467,0.84863,0.405,2.267,-0.45,0.98047,-0.11621,0.2373,-0.672,0.473,0.802,non-ergonomis
SUBJ_016,yunda,2026-06-01,16:28:14.207000,2214833663,578207,0.73755,0.03442,0.84814,1.336,2.023,-0.321,0.97681,-0.11694,0.24146,-1.145,0.748,0.496,non-ergonomis
SUBJ_016,yunda,2026-06-01,16:28:14.491000,2214833947,578491,0.73218,0.03467,0.85083,0.679,1.634,0.084,0.97778,-0.11157,0.24463,-0.878,0.511,0.656,non-ergonomis
SUBJ_016,yunda,2026-06-01,16:28:15.647000,2214835103,579646,0.73193,0.03516,0.84326,-0.29,2.115,-0.58,0.97803,-0.12524,0.23584,-2.511,-0.809,2.389,non-ergonomis
SUBJ_016,yunda,2026-06-01,16:28:15.910000,2214835366,578910,0.74365,0.03979,0.84229,0.679,1.595,-0.267,0.97729,-0.11328,0.24658,-2.252,0.214,0.26,non-ergonomis
SUBJ_016,yunda,2026-06-01,16:28:16.207000,2214835663,580207,0.74658,0.01563,0.84082,1.893,0.008,-1.649,0.98242,-0.13159,0.22095,-1.641,0.794,0.496,non-ergonomis
SUBJ_016,yunda,2026-06-01,16:28:16.420000,2214835876,580420,0.73975,0.02661,0.83569,-0.389,1.313,-1.55,0.98535,-0.13403,0.23462,-1.229,0.359,0.427,non-ergonomis
SUBJ_016,yunda,2026-06-01,16:28:16.670000,2214836126,580670,0.7356,0.02808,0.8418,0.771,1.771,-1.344,0.97192,-0.12769,0.23047,-0.55,0.756,0.748,non-ergonomis
SUBJ_016,yunda,2026-06-01,16:28:16.870000,2214836326,580870,0.7373,0.03149,0.8418,0.634,1.466,-0.527,0.97559,-0.12134,0.24707,-2.863,0.275,-0.015,non-ergonomis
SUBJ_016,yunda,2026-06-01,16:28:17.100000,2214836556,581100,0.73975,0.03198,0.85645,-0.298,2.191,-0.664,1.00854,-0.13623,0.24243,-1.069,0.618,1.382,non-ergonomis
SUBJ_016,yunda,2026-06-01,16:28:17.300000,2214836756,581300,0.72729,0.05249,0.83032,1.527,0.084,-3.29,0.97681,-0.13232,0.25439,0.153,-1.328,1.481,non-ergonomis
SUBJ_016,yunda,2026-06-01,16:28:17.509000,2214836965,581509,0.74512,0.03467,0.8335,1.458,-0.656,-1.687,0.98462,-0.13086,0.23315,-1.061,-1.366,1.076,non-ergonomis
SUBJ_016,yunda,2026-06-01,16:28:17.870000,2214837326,581869,0.73389,0.02222,0.84375,-0.466,2.099,0.061,0.97607,-0.12329,0.24072,-2.389,0.489,0.565,non-ergonomis
SUBJ_016,yunda,2026-06-01,16:28:18.301000,2214837757,582301,0.73975,0.03931,0.84204,-1.046,2.466,-0.382,0.9751,-0.12915,0.24487,-1.618,-0.046,0.29,non-ergonomis
SUBJ_016,yunda,2026-06-01,16:28:18.693000,2214838149,582693,0.73438,0.03027,0.84204,-0.13,1.641,-0.733,0.97827,-0.13159,0.24072,-0.908,1.328,0.344,non-ergonomis
SUBJ_016,yunda,2026-06-01,16:28:19.363000,2214838819,583363,0.74902,0.02734,0.83569,1.069,1.366,-1.0,0.97827,-0.12915,0.23901,-0.817,0.756,0.405,non-ergonomis
SUBJ_016,yunda,2026-06-01,16:28:19.565000,2214839021,583565,0.74512,0.03589,0.83691,0.244,1.893,-0.786,0.98047,-0.12915,0.22827,-1.282,0.45,0.641,non-ergonomis
SUBJ_016,yunda,2026-06-01,16:28:20.022000,2214839478,584022,0.74243,0.02954,0.84131,0.015,1.908,-0.679,0.98169,-0.13257,0.23096,-1.443,0.244,0.45,non-ergonomis
SUBJ_016,yunda,2026-06-01,16:28:20.225000,2214839681,584225,0.74097,0.03027,0.84399,0.557,1.939,-0.435,0.97778,-0.13892,0.23975,-3.649,2.053,-1.336,non-ergonomis
SUBJ_016,yunda,2026-06-01,16:28:20.519000,2214839975,584519,0.73779,0.01489,0.84058,-1.962,0.924,-0.137,0.98071,-0.12109,0.22949,-1.855,0.573,0.84,non-ergonomis
SUBJ_016,yunda,2026-06-01,16:28:20.719000,2214840175,584719,0.75781,0.01611,0.82959,-0.489,1.405,-2.435,0.97949,-0.13354,0.22583,-1.55,0.672,-0.534,non-ergonomis
SUBJ_016,yunda,2026-06-01,16:28:21.127000,2214840583,585127,0.74902,0.0271,0.82715,-0.275,-1.756,-1.748,0.98535,-0.13379,0.24146,-1.023,-0.321,0.885,non-ergonomis
SUBJ_016,yunda,2026-06-01,16:28:21.366000,2214840822,585366,0.74707,0.02246,0.8252,-0.962,3.015,-0.191,0.97974,-0.13672,0.23926,-1.527,0.305,0.725,non-ergonomis
SUBJ_016,yunda,2026-06-01,16:28:21.567000,2214841023,585567,0.74854,0.01929,0.84082,-0.015,2.107,-0.794,0.97412,-0.12524,0.24487,-1.427,2.206,-0.466,non-ergonomis
SUBJ_016,yunda,2026-06-01,16:28:21.767000,2214841223,585767,0.75342,0.03198,0.82349,2.084,1.244,-1.084,0.98096,-0.13965,0.23145,-0.931,0.244,0.763,non-ergonomis
SUBJ_016,yunda,2026-06-01,16:28:21.919000,2214841375,584919,0.74585,0.02686,0.83813,0.779,1.046,-0.878,0.97656,-0.13501,0.23511,-0.802,0.031,0.733,non-ergonomis
SUBJ_016,yunda,2026-06-01,16:28:22.167000,2214841623,586167,0.75781,0.02686,0.82031,-0.275,1.519,-0.412,0.97998,-0.12769,0.23804,-1.023,0.511,0.107,non-ergonomis
SUBJ_016,yunda,2026-06-01,16:28:22.367000,2214841823,586367,0.74341,0.02856,0.81909,-0.237,1.427,-0.802,0.98218,-0.1394,0.25464,-1.214,-0.809,0.969,non-ergonomis
SUBJ_016,yunda,2026-06-01,16:28:22.567000,2214842023,586567,0.7439,0.02515,0.82837,0.725,1.42,0.183,0.98047,-0.13818,0.23755,-2.206,1.031,0.695,non-ergonomis
SUBJ_016,yunda,2026-06-01,16:28:22.767000,2214842223,586767,0.78442,0.04614,0.83862,1.656,-0.908,-1.084,0.91992,-0.13818,0.23706,4.183,5.412,4.0,non-ergonomis
SUBJ_016,yunda,2026-06-01,16:28:22.967000,2214842423,585967,0.74731,0.0376,0.83545,1.206,0.817,-0.069,0.98389,-0.12891,0.24414,-0.466,0.618,1.328,non-ergonomis
SUBJ_016,yunda,2026-06-01,16:28:23.253000,2214842709,587253,0.74268,0.01929,0.84717,-0.45,1.076,-2.214,0.96094,-0.13013,0.25366,-2.641,1.359,-0.427,non-ergonomis
SUBJ_016,yunda,2026-06-01,16:28:23.758000,2214843214,587758,0.74023,0.01929,0.83252,-0.145,2.046,-1.313,0.97266,-0.12793,0.25,-1.832,0.42,0.29,non-ergonomis
SUBJ_016,yunda,2026-06-01,16:28:23.995000,2214843451,586995,0.71411,0.02051,0.8291,-6.534,4.359,1.71,0.95166,-0.11938,0.28613,-0.076,3.481,0.84,non-ergonomis
SUBJ_016,yunda,2026-06-01,16:28:24.255000,2214843711,588255,0.73828,0.01953,0.83911,-0.076,1.656,-0.069,0.97461,-0.12769,0.24463,-3.405,0.687,0.527,non-ergonomis
SUBJ_016,yunda,2026-06-01,16:28:24.702000,2214844158,588702,0.74243,0.03491,0.83032,0.382,2.275,-0.794,0.96826,-0.1394,0.23975,-1.618,-0.321,0.908,non-ergonomis
SUBJ_016,yunda,2026-06-01,16:28:25.064000,2214844520,589064,0.74829,0.0293,0.83862,0.779,1.664,-0.366,0.96777,-0.13306,0.25098,-1.42,-0.893,0.87,non-ergonomis
SUBJ_016,yunda,2026-06-01,16:28:25.308000,2214844764,589308,0.74609,0.0293,0.82764,-0.626,2.534,-0.84,0.97827,-0.14551,0.24121,-2.221,1.206,1.092,non-ergonomis
SUBJ_016,yunda,2026-06-01,16:28:25.695000,2214845151,589695,0.74658,0.02393,0.82178,0.237,1.748,-0.405,0.98169,-0.1394,0.23682,-1.626,-0.176,0.298,non-ergonomis
SUBJ_016,yunda,2026-06-01,16:28:26.095000,2214845551,590095,0.75049,0.02588,0.82666,0.267,1.74,-0.412,0.97827,-0.12598,0.23755,-1.405,0.176,0.542,non-ergonomis
SUBJ_016,yunda,2026-06-01,16:28:26.295000,2214845751,590295,0.74878,0.01807,0.82837,0.198,1.641,-0.626,0.97656,-0.13623,0.24048,-1.176,0.573,0.153,non-ergonomis
SUBJ_016,yunda,2026-06-01,16:28:26.495000,2214845951,590495,0.74805,0.02881,0.8335,0.015,1.557,-0.412,0.97046,-0.13257,0.23975,-0.916,0.588,0.519,non-ergonomis
SUBJ_016,yunda,2026-06-01,16:28:26.695000,2214846151,590695,0.74805,0.0249,0.8252,0.298,1.847,-0.473,0.97144,-0.12646,0.24146,-1.527,0.328,0.344,non-ergonomis
SUBJ_016,yunda,2026-06-01,16:28:26.895000,2214846351,589895,0.75122,0.01904,0.83154,0.267,1.664,-0.473,0.97632,-0.12305,0.24927,-1.008,0.183,0.618,non-ergonomis
SUBJ_016,yunda,2026-06-01,16:28:27.095000,2214846551,591095,0.74121,0.02173,0.83472,0.42,1.939,-0.672,0.98242,-0.13428,0.25098,-0.939,0.29,0.481,non-ergonomis
SUBJ_016,yunda,2026-06-01,16:28:27.295000,2214846751,591295,0.74878,0.02515,0.83594,0.26,1.908,-0.305,0.97437,-0.13452,0.23535,-1.603,0.519,0.427,non-ergonomis
SUBJ_016,yunda,2026-06-01,16:28:27.495000,2214846951,591495,0.75073,0.02759,0.83032,0.275,1.74,-0.443,0.97437,-0.13159,0.23047,-1.443,0.42,0.313,non-ergonomis
SUBJ_016,yunda,2026-06-01,16:28:27.695000,2214847151,591695,0.74536,0.02539,0.83569,0.168,1.702,-0.634,0.97705,-0.14063,0.24829,-1.252,0.305,0.55,non-ergonomis
SUBJ_016,yunda,2026-06-01,16:28:27.895000,2214847351,590895,0.74609,0.02734,0.82837,0.458,1.87,-0.26,0.96924,-0.13306,0.24805,-1.198,0.473,0.466,non-ergonomis
SUBJ_016,yunda,2026-06-01,16:28:28.095000,2214847551,592095,0.7373,0.02856,0.83789,0.466,1.885,-0.321,0.97607,-0.14233,0.25098,-1.328,0.244,0.641,non-ergonomis
SUBJ_016,yunda,2026-06-01,16:28:28.295000,2214847751,592295,0.75122,0.02759,0.82959,0.489,1.802,-0.603,0.97192,-0.13135,0.25244,-1.366,0.611,0.26,non-ergonomis
SUBJ_016,yunda,2026-06-01,16:28:28.495000,2214847951,592495,0.75391,0.02612,0.82715,-0.153,1.481,-0.435,0.97583,-0.14087,0.2478,-1.015,0.588,0.435,non-ergonomis
SUBJ_016,yunda,2026-06-01,16:28:28.695000,2214848151,592695,0.74805,0.02075,0.83447,1.71,1.58,-0.046,0.97144,-0.1333,0.23633,-1.336,0.779,0.099,non-ergonomis
SUBJ_016,yunda,2026-06-01,16:28:28.895000,2214848351,591895,0.74658,0.03052,0.82788,0.183,2.183,-0.55,0.98193,-0.13794,0.24487,-1.656,0.321,0.397,non-ergonomis
SUBJ_016,yunda,2026-06-01,16:28:29.208000,2214848664,593208,0.74292,0.03003,0.84253,0.282,1.847,-0.557,0.97729,-0.13037,0.23926,-0.802,0.115,0.664,non-ergonomis
SUBJ_016,yunda,2026-06-01,16:28:29.408000,2214848864,593408,0.74658,0.02319,0.82568,0.351,1.763,-0.504,0.98169,-0.13379,0.2373,-0.893,0.282,0.542,non-ergonomis
SUBJ_016,yunda,2026-06-01,16:28:29.680000,2214849136,593679,0.74805,0.03247,0.83643,0.725,1.489,-0.718,0.97632,-0.13281,0.2373,-0.893,0.427,0.603,non-ergonomis
SUBJ_016,yunda,2026-06-01,16:28:30.028000,2214849484,594028,0.74658,0.03271,0.83667,0.878,1.313,-0.328,0.97192,-0.13379,0.24048,-1.481,0.489,0.618,non-ergonomis
SUBJ_016,yunda,2026-06-01,16:28:33.181000,2214852637,597181,0.75757,0.03613,0.83276,-0.427,2.198,-0.122,0.97754,-0.13354,0.23486,-2.588,0.061,0.298,non-ergonomis
SUBJ_016,yunda,2026-06-01,16:28:33.381000,2214852837,597381,0.76123,0.03784,0.81787,-0.137,2.42,-0.069,0.98315,-0.12939,0.23999,-1.466,0.298,0.305,non-ergonomis
SUBJ_016,yunda,2026-06-01,16:28:33.705000,2214853161,597704,0.75171,0.03345,0.8335,-0.13,1.931,-0.359,0.98267,-0.13428,0.23267,-1.305,0.42,0.206,non-ergonomis
SUBJ_016,yunda,2026-06-01,16:28:33.975000,2214853431,596975,0.75684,0.05371,0.81543,0.336,1.55,0.656,0.97778,-0.13208,0.23193,-2.122,-0.237,0.573,non-ergonomis
SUBJ_016,yunda,2026-06-01,16:28:34.241000,2214853697,598241,0.75293,0.03687,0.81787,0.702,1.481,-0.603,0.97949,-0.13647,0.23022,-0.557,0.435,0.344,non-ergonomis
SUBJ_016,yunda,2026-06-01,16:28:34.503000,2214853959,598503,0.75684,0.03857,0.82788,0.71,1.389,-0.794,0.97632,-0.13696,0.23511,-0.626,0.405,0.71,non-ergonomis
SUBJ_016,yunda,2026-06-01,16:28:34.703000,2214854159,598703,0.75391,0.04102,0.82007,0.489,1.473,-0.779,0.97705,-0.1416,0.23633,-0.229,0.87,0.634,non-ergonomis
SUBJ_016,yunda,2026-06-01,16:28:34.968000,2214854424,597968,0.7561,0.03418,0.82788,0.183,2.107,-0.695,0.97949,-0.13037,0.23389,-1.26,0.282,0.389,non-ergonomis
SUBJ_016,yunda,2026-06-01,16:28:35.103000,2214854559,599103,0.75342,0.03467,0.82007,0.634,1.695,-0.588,0.97681,-0.13599,0.23022,-2.336,-0.061,0.473,non-ergonomis
SUBJ_016,yunda,2026-06-01,16:28:35.321000,2214854777,599321,0.7583,0.04248,0.8335,0.115,2.16,-0.298,0.97803,-0.13696,0.22559,-1.679,0.206,0.336,non-ergonomis
SUBJ_016,yunda,2026-06-01,16:28:35.639000,2214855095,599639,0.75586,0.03589,0.83228,0.084,1.817,-0.534,0.98438,-0.13403,0.23779,-1.42,-0.015,0.634,non-ergonomis
SUBJ_016,yunda,2026-06-01,16:28:35.839000,2214855295,599839,0.75391,0.04004,0.82642,0.046,2.122,-0.771,0.97681,-0.13892,0.229,-1.45,0.176,0.382,non-ergonomis
SUBJ_016,yunda,2026-06-01,16:28:35.903000,2214855359,598903,0.75171,0.04053,0.82788,0.817,1.008,-0.588,0.97827,-0.13232,0.23804,-1.0,0.397,0.473,non-ergonomis
SUBJ_016,yunda,2026-06-01,16:28:36.039000,2214855495,600039,0.75464,0.0354,0.82593,0.183,1.519,-0.466,0.97705,-0.13867,0.22852,-1.061,0.336,0.534,non-ergonomis
SUBJ_016,yunda,2026-06-01,16:28:36.239000,2214855695,600239,0.75122,0.03223,0.8291,0.695,1.725,-0.847,0.97852,-0.13818,0.23169,-1.198,0.595,0.443,non-ergonomis
SUBJ_016,yunda,2026-06-01,16:28:36.551000,2214856007,600551,0.75781,0.03687,0.82617,0.802,1.702,-0.519,0.97778,-0.13477,0.23242,-0.954,0.542,0.351,non-ergonomis
SUBJ_016,yunda,2026-06-01,16:28:36.795000,2214856251,600795,0.75464,0.03711,0.83398,1.298,1.153,-0.84,0.9834,-0.13965,0.22021,-1.115,-0.168,0.489,non-ergonomis
SUBJ_016,yunda,2026-06-01,16:28:37.663000,2214857119,601663,0.7583,0.03589,0.83081,-0.305,2.275,-0.389,0.98096,-0.13159,0.23462,-1.565,0.015,0.489,non-ergonomis
SUBJ_016,yunda,2026-06-01,16:28:37.995000,2214857451,600995,0.75391,0.0354,0.81494,0.924,1.115,-0.664,0.98633,-0.1333,0.23633,-1.756,0.115,0.496,non-ergonomis
SUBJ_016,yunda,2026-06-01,16:28:38.159000,2214857615,602159,0.75464,0.03223,0.83032,-0.252,2.305,-0.634,0.97998,-0.14014,0.22388,-0.916,-0.496,0.817,non-ergonomis
SUBJ_016,yunda,2026-06-01,16:28:38.375000,2214857831,602375,0.75806,0.02954,0.82397,0.191,1.672,-0.26,0.98389,-0.14526,0.23047,-1.29,0.26,0.42,non-ergonomis
SUBJ_016,yunda,2026-06-01,16:28:38.575000,2214858031,602575,0.75732,0.03833,0.82568,-0.099,1.878,-0.733,0.97925,-0.13574,0.22412,-1.229,0.817,0.122,non-ergonomis
SUBJ_016,yunda,2026-06-01,16:28:38.874000,2214858330,602874,0.75049,0.04297,0.82813,0.947,1.672,-0.885,0.97852,-0.13867,0.23291,-1.344,-0.206,0.656,non-ergonomis
SUBJ_016,yunda,2026-06-01,16:28:38.959000,2214858415,601959,0.75854,0.03662,0.82324,0.237,2.229,-0.221,0.97803,-0.13208,0.22388,-1.977,0.214,0.267,non-ergonomis
SUBJ_016,yunda,2026-06-01,16:28:39.074000,2214858530,603074,0.75488,0.03809,0.82788,1.496,1.053,-0.351,0.97559,-0.13794,0.22412,-1.046,0.969,0.29,non-ergonomis
SUBJ_016,yunda,2026-06-01,16:28:39.311000,2214858767,603310,0.75049,0.04028,0.83325,0.649,1.252,-1.26,0.97925,-0.13965,0.24048,-0.45,-0.458,1.496,non-ergonomis
SUBJ_016,yunda,2026-06-01,16:28:39.513000,2214858969,603513,0.76001,0.03662,0.81494,0.031,1.122,0.107,0.98145,-0.12036,0.24121,-2.84,-0.061,-1.321,non-ergonomis
SUBJ_016,yunda,2026-06-01,16:28:39.713000,2214859169,603713,0.75146,0.03613,0.83618,0.733,1.969,0.137,0.97803,-0.12354,0.22021,-0.809,-0.496,0.229,non-ergonomis
SUBJ_016,yunda,2026-06-01,16:28:40.205000,2214859661,604205,0.75684,0.0376,0.82349,-0.221,2.458,-0.962,0.97217,-0.13086,0.22876,-1.611,0.344,0.458,non-ergonomis
SUBJ_016,yunda,2026-06-01,16:28:40.481000,2214859937,604481,0.75635,0.03198,0.82104,0.389,1.695,-0.58,0.98389,-0.14331,0.22998,-0.641,-0.053,0.916,non-ergonomis
SUBJ_016,yunda,2026-06-01,16:28:40.690000,2214860146,604690,0.75562,0.02979,0.82129,0.954,1.893,-0.214,0.96875,-0.14355,0.22314,-1.962,0.435,0.496,non-ergonomis
SUBJ_016,yunda,2026-06-01,16:28:40.945000,2214860401,603945,0.76074,0.03516,0.81128,-0.382,1.832,0.099,0.97852,-0.13013,0.22778,-1.397,0.389,0.214,non-ergonomis
SUBJ_016,yunda,2026-06-01,16:28:41.110000,2214860566,605110,0.76392,0.0354,0.82422,0.832,0.336,-0.901,0.98291,-0.14258,0.22632,-0.366,0.221,1.015,non-ergonomis
SUBJ_016,yunda,2026-06-01,16:28:41.469000,2214860925,605469,0.75293,0.0332,0.81201,0.626,1.519,-0.672,0.97485,-0.13525,0.23999,-2.252,-0.786,0.603,non-ergonomis
SUBJ_016,yunda,2026-06-01,16:28:41.680000,2214861136,605680,0.76416,0.03491,0.82153,-0.634,2.015,0.031,0.97949,-0.14038,0.23511,-2.603,0.847,-0.244,non-ergonomis
SUBJ_016,yunda,2026-06-01,16:28:41.880000,2214861336,605880,0.76538,0.04248,0.82715,-0.092,2.794,-0.832,0.97583,-0.1416,0.23926,-1.916,-0.412,0.786,non-ergonomis
SUBJ_016,yunda,2026-06-01,16:28:41.890000,2214861346,604890,0.74658,0.03589,0.8418,-0.046,1.962,-0.756,0.97876,-0.13062,0.22729,-0.244,0.55,0.076,non-ergonomis
SUBJ_016,yunda,2026-06-01,16:28:42.080000,2214861536,606080,0.75732,0.03369,0.81714,-0.55,2.145,0.038,0.97705,-0.13281,0.23145,-1.794,0.275,0.29,non-ergonomis
SUBJ_016,yunda,2026-06-01,16:28:42.280000,2214861736,606280,0.75244,0.03296,0.81763,0.473,1.885,-0.87,0.97729,-0.13647,0.22949,-1.466,0.206,0.328,non-ergonomis
SUBJ_016,yunda,2026-06-01,16:28:42.480000,2214861936,606480,0.75708,0.0376,0.81543,-0.74,2.672,-0.832,0.96802,-0.14453,0.21802,-1.412,0.847,0.702,non-ergonomis
SUBJ_016,yunda,2026-06-01,16:28:42.704000,2214862160,606704,0.75635,0.02612,0.82813,0.244,1.656,-0.099,0.98535,-0.13379,0.24121,-1.45,1.206,0.221,non-ergonomis
SUBJ_016,yunda,2026-06-01,16:28:43.104000,2214862560,607104,0.76636,0.04565,0.82349,1.031,1.206,-0.679,0.9856,-0.13574,0.2334,-0.13,0.901,0.74,non-ergonomis
SUBJ_016,yunda,2026-06-01,16:28:43.304000,2214862760,607304,0.75659,0.03662,0.81592,0.313,1.695,-0.908,0.98022,-0.12988,0.23438,-1.145,0.389,0.053,non-ergonomis
SUBJ_016,yunda,2026-06-01,16:28:43.504000,2214862960,607504,0.75684,0.03345,0.81445,-0.183,2.29,-0.611,0.98389,-0.14185,0.23364,-2.252,-0.176,0.397,non-ergonomis
SUBJ_016,yunda,2026-06-01,16:28:43.704000,2214863160,607704,0.75635,0.03711,0.81445,-0.504,2.565,-0.45,0.98022,-0.13696,0.22388,-1.695,0.305,0.588,non-ergonomis
SUBJ_016,yunda,2026-06-01,16:28:43.904000,2214863360,606904,0.75171,0.03662,0.82178,0.908,1.71,-0.878,0.98096,-0.13843,0.23145,-1.031,-0.183,0.863,non-ergonomis
SUBJ_016,yunda,2026-06-01,16:28:44.104000,2214863560,608104,0.7561,0.0332,0.82178,0.176,1.939,-0.687,0.97754,-0.14063,0.2334,-1.076,0.382,0.405,non-ergonomis
SUBJ_016,yunda,2026-06-01,16:28:44.304000,2214863760,608304,0.76392,0.03955,0.82324,-0.023,1.939,-0.664,0.97876,-0.13721,0.23047,-1.588,0.618,0.42,non-ergonomis
SUBJ_016,yunda,2026-06-01,16:28:44.504000,2214863960,608504,0.75562,0.03369,0.82104,0.115,1.962,-0.496,0.98657,-0.13232,0.23145,-1.16,0.427,0.267,non-ergonomis
SUBJ_016,yunda,2026-06-01,16:28:44.845000,2214864301,608845,0.75952,0.03003,0.82593,0.29,1.763,-0.664,0.98242,-0.13696,0.22339,-1.557,-0.015,0.519,non-ergonomis
SUBJ_016,yunda,2026-06-01,16:28:44.904000,2214864360,607904,0.76001,0.04102,0.82544,-0.405,2.374,-0.534,0.98071,-0.13354,0.23242,-1.786,0.382,0.58,non-ergonomis
SUBJ_016,yunda,2026-06-01,16:28:45.045000,2214864501,609045,0.74951,0.03442,0.82495,0.298,1.626,-0.496,0.97852,-0.13403,0.22852,-1.069,0.603,0.626,non-ergonomis
SUBJ_016,yunda,2026-06-01,16:28:45.245000,2214864701,609245,0.7561,0.03394,0.81665,-0.176,1.695,-0.496,0.979,-0.13501,0.23218,-0.924,0.29,0.252,non-ergonomis
SUBJ_016,yunda,2026-06-01,16:28:45.445000,2214864901,609445,0.75586,0.03369,0.82495,0.969,1.26,-0.473,0.97363,-0.13599,0.23022,-0.473,0.901,0.55,non-ergonomis
SUBJ_016,yunda,2026-06-01,16:28:45.645000,2214865101,609645,0.74976,0.03125,0.81519,1.504,0.878,-0.893,0.97827,-0.13135,0.23047,-0.412,0.756,0.626,non-ergonomis
SUBJ_016,yunda,2026-06-01,16:28:45.845000,2214865301,609845,0.75806,0.03735,0.8208,0.733,1.031,-1.168,0.97412,-0.13403,0.23511,-0.313,1.0,0.534,non-ergonomis
SUBJ_016,yunda,2026-06-01,16:28:46.045000,2214865501,610045,0.76758,0.0376,0.81592,0.13,1.687,-0.336,0.97778,-0.12891,0.22754,-0.641,0.389,0.847,non-ergonomis
SUBJ_016,yunda,2026-06-01,16:28:46.245000,2214865701,610245,0.75659,0.03467,0.82104,0.229,2.183,-0.443,0.97852,-0.13745,0.23804,-1.687,0.122,0.29,non-ergonomis
SUBJ_016,yunda,2026-06-01,16:28:46.445000,2214865901,610445,0.76465,0.03711,0.81909,-0.359,2.382,-0.489,0.97778,-0.13989,0.23438,-3.145,-1.328,0.924,non-ergonomis
SUBJ_016,yunda,2026-06-01,16:28:46.645000,2214866101,610645,0.75122,0.03613,0.83032,-1.916,1.802,-1.893,0.97925,-0.13892,0.23389,-1.489,-0.015,1.145,non-ergonomis
SUBJ_016,yunda,2026-06-01,16:28:46.845000,2214866301,610845,0.771,0.02563,0.82471,1.023,2.26,0.405,0.98315,-0.13281,0.23242,-0.679,1.656,-0.008,non-ergonomis
SUBJ_016,yunda,2026-06-01,16:28:47.045000,2214866501,611045,0.75562,0.03149,0.83008,0.053,1.359,-1.481,0.979,-0.1394,0.24341,-1.359,0.603,0.412,non-ergonomis
SUBJ_016,yunda,2026-06-01,16:28:47.245000,2214866701,611245,0.75928,0.03296,0.82129,-0.939,1.244,-1.473,0.98022,-0.13354,0.2395,-1.496,0.832,-0.305,non-ergonomis
SUBJ_016,yunda,2026-06-01,16:28:47.445000,2214866901,611445,0.75171,0.02612,0.82617,-0.145,1.939,-1.107,0.97339,-0.13306,0.23901,-1.435,1.481,-0.015,non-ergonomis
SUBJ_016,yunda,2026-06-01,16:28:47.645000,2214867101,611645,0.75928,0.02002,0.82422,0.794,1.405,-0.763,0.97632,-0.13306,0.23364,-1.13,-0.153,0.748,non-ergonomis
SUBJ_016,yunda,2026-06-01,16:28:47.845000,2214867301,611845,0.76147,0.03052,0.81812,0.618,2.313,-0.145,0.98291,-0.13867,0.23462,-0.641,0.023,0.992,non-ergonomis
SUBJ_016,yunda,2026-06-01,16:28:48.045000,2214867501,612045,0.74829,0.02832,0.8418,-0.519,1.641,-0.534,0.97681,-0.14307,0.22632,-2.275,-0.756,0.595,non-ergonomis
SUBJ_016,yunda,2026-06-01,16:28:48.245000,2214867701,612245,0.75049,0.02905,0.83398,1.382,2.374,0.435,0.97754,-0.12549,0.24023,-1.878,0.328,0.382,non-ergonomis
SUBJ_016,yunda,2026-06-01,16:28:48.445000,2214867901,612445,0.75146,0.02295,0.82837,-0.008,2.053,-0.534,0.97852,-0.13257,0.23901,-1.122,0.443,0.26,non-ergonomis
SUBJ_016,yunda,2026-06-01,16:28:48.645000,2214868101,612645,0.75659,0.02539,0.81201,0.038,2.061,-1.137,0.979,-0.1377,0.24634,-1.137,0.046,0.366,non-ergonomis
SUBJ_016,yunda,2026-06-01,16:28:48.845000,2214868301,612845,0.75513,0.03052,0.82324,0.122,1.878,-0.611,0.97632,-0.13843,0.24976,-1.206,0.313,0.542,non-ergonomis
SUBJ_016,yunda,2026-06-01,16:28:49.045000,2214868501,613045,0.75928,0.02832,0.81958,0.672,1.374,-0.985,0.97827,-0.13892,0.23853,-1.42,1.412,0.244,non-ergonomis
SUBJ_016,yunda,2026-06-01,16:28:49.245000,2214868701,613245,0.7522,0.02637,0.82617,0.817,1.412,-0.427,0.97998,-0.13452,0.24512,-0.443,1.229,0.656,non-ergonomis
SUBJ_016,yunda,2026-06-01,16:28:49.445000,2214868901,613445,0.75708,0.0332,0.83008,1.763,0.718,-0.511,0.9729,-0.12964,0.2373,-1.519,0.168,0.466,non-ergonomis
SUBJ_016,yunda,2026-06-01,16:28:49.645000,2214869101,613645,0.76221,0.03833,0.81323,-0.412,2.115,-0.313,0.97314,-0.12939,0.23706,-1.466,0.092,0.504,non-ergonomis
SUBJ_016,yunda,2026-06-01,16:28:49.845000,2214869301,613845,0.75024,0.03125,0.81787,0.595,2.099,0.076,0.96851,-0.13232,0.24292,-1.328,0.603,0.695,non-ergonomis
SUBJ_016,yunda,2026-06-01,16:28:50.045000,2214869501,614045,0.75708,0.03271,0.82031,0.282,2.16,-0.221,0.98364,-0.13257,0.23926,-1.794,0.145,0.466,non-ergonomis
SUBJ_016,yunda,2026-06-01,16:28:50.245000,2214869701,614245,0.75464,0.0293,0.82202,0.145,2.107,-0.481,0.9812,-0.14404,0.22998,-1.511,0.344,0.374,non-ergonomis
SUBJ_016,yunda,2026-06-01,16:28:50.487000,2214869943,614487,0.76343,0.02661,0.83643,0.55,1.832,-0.824,0.97974,-0.13135,0.2373,-1.504,0.183,0.489,non-ergonomis
SUBJ_016,yunda,2026-06-01,16:28:50.687000,2214870143,614687,0.75439,0.03174,0.83032,0.13,1.992,-0.252,0.97681,-0.13086,0.23682,-1.42,0.412,0.382,non-ergonomis
SUBJ_016,yunda,2026-06-01,16:28:50.887000,2214870343,614887,0.75977,0.02808,0.83447,0.153,1.977,-0.351,0.9812,-0.13135,0.23779,-1.397,0.71,0.58,non-ergonomis
SUBJ_016,yunda,2026-06-01,16:28:51.087000,2214870543,615087,0.7522,0.02563,0.82129,0.802,1.786,-0.458,0.97827,-0.13306,0.23608,-0.924,0.649,0.382,non-ergonomis
SUBJ_016,yunda,2026-06-01,16:28:51.287000,2214870743,615287,0.77368,0.02612,0.77612,-5.603,4.573,-1.16,0.97266,-0.13647,0.23682,-0.954,2.252,-2.252,non-ergonomis
SUBJ_016,yunda,2026-06-01,16:28:51.487000,2214870943,615487,0.74658,0.03101,0.83423,3.87,0.26,1.511,0.9729,-0.11597,0.24634,0.756,-0.916,2.069,non-ergonomis
SUBJ_016,yunda,2026-06-01,16:28:51.687000,2214871143,615687,0.76343,0.03882,0.81201,2.519,0.031,-1.405,0.98779,-0.14087,0.22949,-1.336,-0.977,1.244,non-ergonomis
SUBJ_016,yunda,2026-06-01,16:28:51.887000,2214871343,615887,0.76099,0.03027,0.81885,-0.214,2.466,-0.55,0.97144,-0.14038,0.24414,-4.023,0.55,-0.458,non-ergonomis
SUBJ_016,yunda,2026-06-01,16:28:52.087000,2214871543,616087,0.75635,0.04077,0.81519,-1.053,1.733,-0.305,0.9834,-0.12793,0.23096,-1.214,-0.893,0.756,non-ergonomis
SUBJ_016,yunda,2026-06-01,16:28:52.287000,2214871743,616287,0.76685,0.03735,0.81689,0.794,2.252,-0.672,0.97974,-0.13306,0.22949,-1.45,-0.084,0.977,non-ergonomis
SUBJ_016,yunda,2026-06-01,16:28:52.487000,2214871943,616487,0.75391,0.02954,0.81934,-0.214,1.634,-0.55,0.97363,-0.13892,0.22803,-1.29,0.489,0.504,non-ergonomis
SUBJ_016,yunda,2026-06-01,16:28:52.687000,2214872143,616687,0.76025,0.03247,0.82178,-0.504,1.878,-1.771,0.98047,-0.13354,0.2312,-1.863,0.496,-0.107,non-ergonomis
SUBJ_016,yunda,2026-06-01,16:28:52.887000,2214872343,616887,0.75098,0.02588,0.82129,-0.557,1.611,-0.374,0.98047,-0.13403,0.23047,-1.511,-0.076,0.824,non-ergonomis
SUBJ_016,yunda,2026-06-01,16:28:53.087000,2214872543,617087,0.75781,0.03589,0.81885,0.145,1.863,-0.748,0.979,-0.13257,0.22632,-0.962,0.847,0.641,non-ergonomis
SUBJ_016,yunda,2026-06-01,16:28:53.287000,2214872743,617287,0.76147,0.0376,0.81787,0.718,1.947,-0.176,0.98193,-0.13599,0.23999,-1.069,1.313,0.542,non-ergonomis
SUBJ_016,yunda,2026-06-01,16:28:53.582000,2214873038,617582,0.7627,0.03906,0.82739,1.137,0.817,-0.473,0.97754,-0.13794,0.23779,-0.435,0.725,0.611,non-ergonomis
SUBJ_016,yunda,2026-06-01,16:28:53.782000,2214873238,617782,0.76099,0.03735,0.81714,0.885,1.183,-1.061,0.97925,-0.13184,0.23511,-0.489,0.435,0.466,non-ergonomis
SUBJ_016,yunda,2026-06-01,16:28:54.182000,2214873638,618182,0.75879,0.03662,0.81372,-0.107,2.588,-0.412,0.98267,-0.13306,0.23535,-3.031,-0.008,0.076,non-ergonomis
SUBJ_016,yunda,2026-06-01,16:28:54.382000,2214873838,618382,0.76294,0.0376,0.82153,-0.557,2.305,-0.42,0.979,-0.1272,0.23438,-1.649,0.374,0.344,non-ergonomis
SUBJ_016,yunda,2026-06-01,16:28:54.660000,2214874116,618660,0.76099,0.03369,0.8252,0.137,1.763,-0.992,0.97632,-0.12988,0.22754,-1.344,0.198,0.489,non-ergonomis
SUBJ_016,yunda,2026-06-01,16:28:54.860000,2214874316,618860,0.76001,0.0376,0.83057,-0.206,1.939,-0.687,0.98047,-0.1311,0.23291,-1.504,0.405,0.496,non-ergonomis
SUBJ_016,yunda,2026-06-01,16:28:54.982000,2214874438,617982,0.75342,0.03271,0.80444,0.687,1.702,-0.641,0.98315,-0.1355,0.23315,-1.771,-0.26,0.328,non-ergonomis
SUBJ_016,yunda,2026-06-01,16:28:55.060000,2214874516,619060,0.7583,0.03564,0.81982,0.061,1.924,-0.626,0.97632,-0.13843,0.22778,-1.275,0.374,0.595,non-ergonomis
SUBJ_016,yunda,2026-06-01,16:28:55.260000,2214874716,619260,0.76465,0.03955,0.82227,1.053,1.427,-0.763,0.97656,-0.13721,0.22534,-0.985,0.893,0.382,non-ergonomis
SUBJ_016,yunda,2026-06-01,16:28:55.595000,2214875051,619595,0.7561,0.03687,0.81763,0.985,1.145,-0.718,0.98267,-0.13965,0.24194,-0.824,0.458,0.466,non-ergonomis
SUBJ_016,yunda,2026-06-01,16:28:56.210000,2214875666,620210,0.76001,0.04688,0.81323,0.748,1.359,-0.817,0.97852,-0.13013,0.229,-1.664,0.252,0.336,non-ergonomis
SUBJ_016,yunda,2026-06-01,16:28:56.410000,2214875866,620410,0.7688,0.04541,0.82397,-0.282,2.321,-0.42,0.97534,-0.13037,0.23926,-1.878,0.473,-0.382,non-ergonomis
SUBJ_016,yunda,2026-06-01,16:28:56.627000,2214876083,620627,0.75952,0.04272,0.8252,0.382,1.557,-0.084,0.97754,-0.13354,0.24023,-1.145,,0.863,non-ergonomis
SUBJ_016,yunda,2026-06-01,16:28:56.827000,2214876283,620827,0.76489,0.04883,0.82104,0.954,1.168,0.275,0.97632,-0.13208,0.23315,-0.756,0.458,1.008,non-ergonomis
SUBJ_016,yunda,2026-06-01,16:28:56.964000,2214876420,619964,0.7561,0.03906,0.80493,1.115,0.649,-0.931,0.97729,-0.13818,0.23853,-0.397,0.748,0.267,non-ergonomis
SUBJ_016,yunda,2026-06-01,16:28:57.031000,2214876487,621031,0.76343,0.03369,0.80493,0.038,2.031,-1.061,0.98462,-0.14087,0.23413,-1.534,1.153,-0.321,non-ergonomis
SUBJ_016,yunda,2026-06-01,16:28:57.231000,2214876687,621231,0.75635,0.04272,0.81836,-0.824,2.664,-0.511,0.98193,-0.1355,0.22998,-1.832,-0.107,0.519,non-ergonomis
SUBJ_016,yunda,2026-06-01,16:28:57.431000,2214876887,621431,0.76001,0.0437,0.82935,0.16,2.45,-0.542,0.97461,-0.13501,0.22949,-1.542,-0.336,0.878,non-ergonomis
SUBJ_016,yunda,2026-06-01,16:28:57.631000,2214877087,621631,0.75854,0.02759,0.81616,0.55,1.947,0.038,0.98364,-0.1333,0.22998,-1.153,0.122,0.786,non-ergonomis
SUBJ_016,yunda,2026-06-01,16:28:57.831000,2214877287,621831,0.76587,0.02954,0.8125,2.275,2.969,0.58,0.97534,-0.13965,0.23926,-0.099,1.885,0.176,non-ergonomis
SUBJ_016,yunda,2026-06-01,16:28:58.031000,2214877487,622031,0.75391,0.03809,0.82397,1.076,1.038,0.069,0.97729,-0.13696,0.23462,-0.534,-0.16,1.038,non-ergonomis
SUBJ_016,yunda,2026-06-01,16:28:58.231000,2214877687,622231,0.75439,0.03955,0.82227,2.069,1.672,-1.076,0.97656,-0.13062,0.23096,-1.847,-0.534,0.733,non-ergonomis
SUBJ_016,yunda,2026-06-01,16:28:58.431000,2214877887,622431,0.75952,0.0564,0.81787,0.931,-0.107,0.046,0.98291,-0.14087,0.23071,-0.649,-0.229,2.115,non-ergonomis
SUBJ_016,yunda,2026-06-01,16:28:58.631000,2214878087,622631,0.77222,0.03369,0.81714,0.427,-0.412,-0.42,0.9834,-0.14502,0.22632,0.053,0.817,1.031,non-ergonomis
SUBJ_016,yunda,2026-06-01,16:28:58.831000,2214878287,622831,0.77466,0.03735,0.80518,-2.733,-1.023,0.405,0.98096,-0.14673,0.229,-2.71,-1.328,1.527,non-ergonomis
SUBJ_016,yunda,2026-06-01,16:28:59.031000,2214878487,623031,0.77515,0.02637,0.79126,-2.237,1.214,-0.298,0.97998,-0.16089,0.23096,-3.42,-1.435,1.191,non-ergonomis
SUBJ_016,yunda,2026-06-01,16:28:59.231000,2214878687,623231,0.77368,0.01978,0.79736,-1.183,1.58,0.603,0.97314,-0.15308,0.21533,-2.55,-0.664,1.481,non-ergonomis
SUBJ_016,yunda,2026-06-01,16:28:59.431000,2214878887,623431,0.77637,0.01563,0.79858,-1.336,0.878,-0.122,0.98657,-0.16553,0.21729,-1.794,-0.603,0.718,non-ergonomis
SUBJ_016,yunda,2026-06-01,16:28:59.631000,2214879087,623631,0.78857,0.02271,0.79712,0.115,2.0,-0.145,0.98096,-0.1626,0.21558,-1.649,-0.099,1.0,non-ergonomis
SUBJ_016,yunda,2026-06-01,16:28:59.831000,2214879287,623831,0.78369,0.01904,0.80151,-0.061,1.901,0.137,0.98682,-0.16455,0.20947,-1.122,0.87,0.374,non-ergonomis
SUBJ_016,yunda,2026-06-01,16:29:00.031000,2214879487,624031,0.7915,0.01465,0.79712,0.527,1.771,-0.252,0.97949,-0.1604,0.21899,-0.916,1.313,0.29,non-ergonomis
SUBJ_016,yunda,2026-06-01,16:29:00.231000,2214879687,624231,0.78857,0.01733,0.79688,1.092,1.0,-0.763,0.98462,-0.15796,0.2085,-0.29,0.756,0.458,non-ergonomis
SUBJ_016,yunda,2026-06-01,16:29:00.431000,2214879887,624431,0.78735,0.01782,0.79907,1.511,1.427,-0.954,0.98438,-0.1499,0.21753,-0.481,0.916,0.153,non-ergonomis
SUBJ_016,yunda,2026-06-01,16:29:00.631000,2214880087,624631,0.78491,0.02393,0.79272,1.092,1.855,-0.985,0.97339,-0.15479,0.22974,-1.901,0.298,0.176,non-ergonomis
SUBJ_016,yunda,2026-06-01,16:29:00.831000,2214880287,624831,0.77783,0.03394,0.80225,-0.519,2.282,-0.374,0.97583,-0.15479,0.21826,-2.313,-0.389,0.74,non-ergonomis
SUBJ_016,yunda,2026-06-01,16:29:01.031000,2214880487,625031,0.78174,0.01904,0.79028,0.603,2.542,-0.13,0.97998,-0.16479,0.21729,-1.45,0.221,0.679,non-ergonomis
SUBJ_016,yunda,2026-06-01,16:29:01.231000,2214880687,625231,0.78687,0.0293,0.79932,0.198,2.504,-0.802,0.98047,-0.15527,0.21533,-1.557,0.076,0.229,non-ergonomis
SUBJ_016,yunda,2026-06-01,16:29:01.431000,2214880887,625431,0.7793,0.01172,0.80298,0.595,2.443,-0.557,0.98022,-0.1543,0.21753,-1.534,1.046,0.137,non-ergonomis
SUBJ_016,yunda,2026-06-01,16:29:01.631000,2214881087,625631,0.78247,0.01978,0.80811,-0.16,2.069,-0.618,0.97803,-0.15771,0.20923,-1.519,0.153,0.267,non-ergonomis
SUBJ_016,yunda,2026-06-01,16:29:01.831000,2214881287,625831,0.77979,0.02222,0.80591,0.626,1.718,-0.786,0.97559,-0.15845,0.20215,-1.282,0.672,0.427,non-ergonomis
SUBJ_016,yunda,2026-06-01,16:29:02.031000,2214881487,626031,0.78149,0.01733,0.80347,0.74,1.527,-0.885,0.98682,-0.15063,0.22656,-0.74,0.351,0.725,non-ergonomis
SUBJ_016,yunda,2026-06-01,16:29:02.231000,2214881687,626231,0.7793,0.02295,0.80225,0.748,0.84,-0.427,0.98584,-0.16406,0.21265,-0.321,0.817,0.626,non-ergonomis
SUBJ_016,yunda,2026-06-01,16:29:02.431000,2214881887,626431,0.78271,0.02832,0.80249,1.084,1.267,-0.863,0.97583,-0.1543,0.21704,-0.282,0.893,0.275,non-ergonomis
SUBJ_016,yunda,2026-06-01,16:29:02.631000,2214882087,626631,0.78076,0.03442,0.80054,1.069,0.908,-0.924,0.97705,-0.16016,0.21191,-0.351,1.214,0.26,non-ergonomis
SUBJ_016,yunda,2026-06-01,16:29:02.831000,2214882287,626831,0.78638,0.03271,0.7998,0.191,1.771,-0.733,0.98022,-0.1543,0.22266,-2.053,-0.107,0.13,non-ergonomis
SUBJ_016,yunda,2026-06-01,16:29:03.031000,2214882487,627031,0.77881,0.03735,0.79126,-0.328,3.107,-0.412,0.98511,-0.15747,0.20752,-2.664,-0.511,0.664,non-ergonomis
SUBJ_016,yunda,2026-06-01,16:29:03.231000,2214882687,627231,0.78271,0.04272,0.79883,-0.992,2.947,-0.328,0.97803,-0.1582,0.2207,-1.885,-0.115,0.756,non-ergonomis
SUBJ_016,yunda,2026-06-01,16:29:03.431000,2214882887,627431,0.77588,0.02808,0.80103,-0.466,1.893,-0.992,0.98438,-0.15698,0.21094,-1.931,,0.55,non-ergonomis
SUBJ_016,yunda,2026-06-01,16:29:03.631000,2214883087,627631,0.77441,0.0293,0.79932,-0.435,2.008,-0.603,0.98193,-0.15332,0.20654,-1.473,0.328,0.473,non-ergonomis
SUBJ_016,yunda,2026-06-01,16:29:03.831000,2214883287,627831,0.78687,0.02124,0.80444,0.435,0.985,-0.588,0.98315,-0.15845,0.21558,-0.45,1.313,0.634,non-ergonomis
SUBJ_016,yunda,2026-06-01,16:29:04.031000,2214883487,628031,0.78174,0.02417,0.80542,0.351,0.641,-0.809,0.98682,-0.15381,0.2146,-0.038,0.45,0.313,non-ergonomis
SUBJ_016,yunda,2026-06-01,16:29:04.243000,2214883699,628243,0.77954,0.03247,0.81567,0.947,1.16,-1.718,0.9856,-0.15845,0.21973,-2.374,-0.557,0.16,non-ergonomis
SUBJ_016,yunda,2026-06-01,16:29:04.551000,2214884007,628551,0.7771,0.0376,0.79175,0.29,1.351,-1.099,0.98779,-0.16211,0.2085,-2.626,-1.412,0.87,non-ergonomis
SUBJ_016,yunda,2026-06-01,16:29:04.751000,2214884207,628751,0.78589,0.04224,0.78809,0.779,0.672,-0.718,0.98364,-0.16113,0.20776,-1.198,0.038,0.916,non-ergonomis
SUBJ_016,yunda,2026-06-01,16:29:05.379000,2214884835,629379,0.78589,0.03223,0.7915,-0.542,1.649,-0.076,0.98096,-0.16479,0.20703,-1.168,0.397,0.779,non-ergonomis
SUBJ_016,yunda,2026-06-01,16:29:05.579000,2214885035,629579,0.78857,0.02612,0.79419,-0.107,1.382,-1.015,0.98022,-0.16479,0.21484,-1.84,0.55,-0.038,non-ergonomis
SUBJ_016,yunda,2026-06-01,16:29:05.779000,2214885235,629779,0.78784,0.02881,0.79517,1.435,2.221,-1.198,0.98877,-0.15576,0.21313,-2.038,-0.214,0.473,non-ergonomis
SUBJ_016,yunda,2026-06-01,16:29:06.179000,2214885635,630179,0.78418,0.02686,0.7937,-0.511,2.366,-0.328,0.9856,-0.16284,0.20166,-1.389,0.519,0.511,non-ergonomis
SUBJ_016,yunda,2026-06-01,16:29:06.379000,2214885835,630379,0.7832,0.03003,0.80688,-0.122,1.824,-0.626,0.98633,-0.1626,0.19702,-1.557,0.13,0.405,non-ergonomis
SUBJ_016,yunda,2026-06-01,16:29:06.579000,2214886035,630579,0.79028,0.01953,0.79858,-0.763,1.084,-0.542,0.98071,-0.16357,0.20825,-0.237,1.046,1.221,non-ergonomis
SUBJ_016,yunda,2026-06-01,16:29:06.779000,2214886235,630779,0.79248,0.02759,0.79272,0.679,0.679,-0.985,0.98438,-0.16357,0.20435,-0.779,0.511,0.878,non-ergonomis
SUBJ_016,yunda,2026-06-01,16:29:06.979000,2214886435,629979,0.78247,0.02637,0.80249,0.267,2.443,-0.443,0.98218,-0.15894,0.21167,-1.641,-0.069,0.504,non-ergonomis
SUBJ_016,yunda,2026-06-01,16:29:07.179000,2214886635,631179,0.7937,0.02832,0.78027,0.794,1.481,-0.878,0.97705,-0.16602,0.20313,-0.206,0.817,0.611,non-ergonomis
SUBJ_016,yunda,2026-06-01,16:29:07.379000,2214886835,631379,0.79224,0.02637,0.78418,0.771,1.603,-0.756,0.97925,-0.16748,0.2063,-1.145,0.427,0.321,non-ergonomis
SUBJ_016,yunda,2026-06-01,16:29:07.579000,2214887035,631579,0.79297,0.02856,0.77759,-0.046,2.137,-0.374,0.97827,-0.16113,0.21338,-2.061,-0.275,0.55,non-ergonomis
SUBJ_016,yunda,2026-06-01,16:29:07.779000,2214887235,631779,0.78931,0.02905,0.79077,-0.397,2.351,-0.519,0.98096,-0.16602,0.20215,-2.504,-0.176,0.435,non-ergonomis
SUBJ_016,yunda,2026-06-01,16:29:07.979000,2214887435,630979,0.79321,0.02417,0.78564,1.046,0.45,-0.824,0.9812,-0.16211,0.19971,-0.443,0.443,0.969,non-ergonomis
SUBJ_016,yunda,2026-06-01,16:29:08.052000,2214887508,632052,0.79272,0.02954,0.78662,0.183,2.267,-0.496,0.98193,-0.15991,0.20337,-1.954,0.061,0.214,non-ergonomis
SUBJ_016,yunda,2026-06-01,16:29:08.252000,2214887708,632252,0.78687,0.03589,0.79712,-0.031,2.267,-0.725,0.99023,-0.16675,0.20044,-1.656,0.191,0.351,non-ergonomis
SUBJ_016,yunda,2026-06-01,16:29:08.452000,2214887908,632452,0.78442,0.02612,0.78442,0.206,1.84,-0.725,0.98511,-0.16162,0.19922,-1.824,-0.137,0.26,non-ergonomis
SUBJ_016,yunda,2026-06-01,16:29:08.652000,2214888108,632652,0.77881,0.03174,0.79907,1.069,2.031,-0.847,0.98706,-0.1731,0.19238,-1.466,0.527,0.336,non-ergonomis
SUBJ_016,yunda,2026-06-01,16:29:08.852000,2214888308,632852,0.78906,0.02295,0.79468,0.908,2.069,-0.351,0.98486,-0.16479,0.19824,-1.282,0.496,0.313,non-ergonomis
SUBJ_016,yunda,2026-06-01,16:29:09.052000,2214888508,633052,0.78296,0.03027,0.78955,0.229,1.893,-0.58,0.98242,-0.16309,0.20386,-0.679,0.664,0.435,non-ergonomis
SUBJ_016,yunda,2026-06-01,16:29:09.252000,2214888708,633252,0.78833,0.03662,0.78394,0.718,1.344,-0.733,0.979,-0.16309,0.20435,-0.908,0.771,0.344,non-ergonomis
SUBJ_016,yunda,2026-06-01,16:29:09.452000,2214888908,633452,0.78882,0.03052,0.79736,1.084,1.168,-0.847,0.98291,-0.16772,0.20728,-0.321,1.015,0.679,non-ergonomis
SUBJ_016,yunda,2026-06-01,16:29:09.652000,2214889108,633652,0.79492,0.0354,0.78149,0.511,1.084,-1.015,0.98413,-0.16479,0.20874,-0.679,0.573,0.443,non-ergonomis
SUBJ_016,yunda,2026-06-01,16:29:09.852000,2214889308,633852,0.79053,0.03418,0.79199,,2.168,-0.779,0.97949,-0.17139,0.20459,-2.84,-0.748,0.26,non-ergonomis
SUBJ_016,yunda,2026-06-01,16:29:10.052000,2214889508,634052,0.78296,0.03442,0.78564,-0.252,2.588,-0.298,0.98315,-0.16553,0.20068,-2.046,-0.351,0.534,non-ergonomis
SUBJ_016,yunda,2026-06-01,16:29:10.252000,2214889708,634252,0.78198,0.03247,0.79712,-0.313,2.267,-0.626,0.98438,-0.16797,0.20728,-1.573,0.305,0.511,non-ergonomis
SUBJ_016,yunda,2026-06-01,16:29:10.454000,2214889910,634454,0.78125,0.0376,0.79199,0.244,1.664,-0.855,0.98755,-0.1626,0.20532,-1.641,0.244,0.412,non-ergonomis
SUBJ_016,yunda,2026-06-01,16:29:10.654000,2214890110,634654,0.78735,0.02759,0.78857,-0.023,2.122,-0.87,0.98535,-0.16992,0.20068,-1.198,0.267,0.328,non-ergonomis
SUBJ_016,yunda,2026-06-01,16:29:10.854000,2214890310,634854,0.78467,0.03345,0.78979,0.679,1.565,-0.534,0.98828,-0.16553,0.20264,-0.695,0.16,0.718,non-ergonomis
SUBJ_016,yunda,2026-06-01,16:29:11.054000,2214890510,635054,0.78491,0.02881,0.78149,1.267,0.939,-0.908,0.98193,-0.16675,0.19775,-0.214,0.573,0.817,non-ergonomis
SUBJ_016,yunda,2026-06-01,16:29:11.254000,2214890710,635254,0.79224,0.03711,0.79761,0.672,0.916,-0.878,0.98291,-0.16016,0.20361,-0.687,0.763,0.359,non-ergonomis
SUBJ_016,yunda,2026-06-01,16:29:11.454000,2214890910,635454,0.79004,0.03345,0.78638,0.321,1.985,-0.634,0.9834,-0.16577,0.20361,-2.244,-0.26,0.198,non-ergonomis
SUBJ_016,yunda,2026-06-01,16:29:11.654000,2214891110,635654,0.79468,0.03711,0.79688,-0.42,2.672,-0.389,0.98242,-0.16504,0.20459,-1.817,-0.008,0.542,non-ergonomis
SUBJ_016,yunda,2026-06-01,16:29:12.102000,2214891558,636102,0.78955,0.03174,0.7915,0.397,1.855,-0.763,0.98657,-0.16602,0.19995,-1.634,0.069,0.206,non-ergonomis
SUBJ_016,yunda,2026-06-01,16:29:12.302000,2214891758,636302,0.79346,0.03613,0.78394,0.221,1.84,-0.939,0.98242,-0.16357,0.20679,-1.198,0.588,0.26,non-ergonomis
SUBJ_016,yunda,2026-06-01,16:29:12.502000,2214891958,636502,0.78052,0.03564,0.7915,1.359,1.962,-0.885,0.9812,-0.16016,0.20215,-1.206,0.412,0.252,non-ergonomis
SUBJ_016,yunda,2026-06-01,16:29:12.702000,2214892158,636702,0.78149,0.02637,0.79224,1.336,2.427,-1.092,0.9834,-0.1582,0.18945,-0.275,0.565,0.26,non-ergonomis
SUBJ_016,yunda,2026-06-01,16:29:12.902000,2214892358,635902,0.78589,0.03345,0.78223,-0.023,2.046,-0.687,0.98315,-0.16406,0.19678,-1.992,0.359,0.382,non-ergonomis
SUBJ_016,yunda,2026-06-01,16:29:13.156000,2214892612,637156,0.78223,0.04321,0.7959,0.924,1.55,-1.389,0.9873,-0.15967,0.20532,-0.695,1.153,0.42,non-ergonomis
SUBJ_016,yunda,2026-06-01,16:29:13.476000,2214892932,637476,0.78857,0.04907,0.78662,0.603,-0.122,-0.908,0.98315,-0.1499,0.19946,-1.878,-0.153,0.29,non-ergonomis
SUBJ_016,yunda,2026-06-01,16:29:13.736000,2214893192,637736,0.78491,0.05005,0.79004,-1.099,3.733,-1.023,0.98315,-0.15332,0.19019,-2.71,-1.359,0.366,non-ergonomis
SUBJ_016,yunda,2026-06-01,16:29:13.956000,2214893412,636956,0.77881,0.04175,0.79834,1.275,1.374,-1.26,0.98193,-0.16602,0.20337,-0.099,1.397,0.115,non-ergonomis
SUBJ_016,yunda,2026-06-01,16:29:14.154000,2214893610,638154,0.78564,0.06128,0.7915,0.924,1.939,-1.588,0.98877,-0.15332,0.20264,-1.878,0.305,-0.313,non-ergonomis
SUBJ_016,yunda,2026-06-01,16:29:14.354000,2214893810,638354,0.78638,0.0647,0.79614,0.962,1.595,-1.519,0.98999,-0.15308,0.20435,0.458,1.718,0.511,non-ergonomis
SUBJ_016,yunda,2026-06-01,16:29:14.554000,2214894010,638554,0.7793,0.08057,0.80273,-1.908,0.321,-0.466,0.99316,-0.16626,0.19629,-0.679,-0.595,1.947,non-ergonomis
SUBJ_016,yunda,2026-06-01,16:29:14.936000,2214894392,637936,0.79126,0.0498,0.771,2.008,2.87,-3.038,0.98584,-0.16211,0.19702,-3.061,0.649,-1.695,non-ergonomis
SUBJ_016,yunda,2026-06-01,16:29:15.094000,2214894550,639094,0.7981,0.05298,0.7876,0.229,3.626,-0.626,0.99146,-0.17358,0.18262,-1.313,0.55,0.061,non-ergonomis
SUBJ_016,yunda,2026-06-01,16:29:15.294000,2214894750,639294,0.78833,0.05151,0.78247,0.947,3.267,-0.466,0.97974,-0.16138,0.18408,-1.679,0.298,0.336,non-ergonomis
SUBJ_016,yunda,2026-06-01,16:29:15.494000,2214894950,639494,0.79077,0.05176,0.78589,0.382,2.053,-1.115,0.98682,-0.17432,0.18335,-1.611,0.237,0.443,non-ergonomis
SUBJ_016,yunda,2026-06-01,16:29:15.694000,2214895150,639694,0.78613,0.05176,0.79834,0.473,1.824,-0.679,0.98779,-0.16943,0.18774,-1.115,0.351,0.214,non-ergonomis
SUBJ_016,yunda,2026-06-01,16:29:15.894000,2214895350,638894,0.79614,0.05054,0.78052,-0.939,-0.176,-0.099,0.98389,-0.16577,0.19214,-2.389,-1.0,1.443,non-ergonomis
SUBJ_016,yunda,2026-06-01,16:29:16.094000,2214895550,640094,0.78003,0.05127,0.79932,0.809,2.038,-0.725,0.98242,-0.1709,0.17651,-1.366,0.496,0.42,non-ergonomis
SUBJ_016,yunda,2026-06-01,16:29:16.294000,2214895750,640294,0.7793,0.05371,0.78809,0.198,1.824,-0.389,0.98999,-0.16943,0.18799,-0.809,0.565,0.496,non-ergonomis
SUBJ_016,yunda,2026-06-01,16:29:16.494000,2214895950,640494,0.78003,0.05078,0.79614,0.618,1.443,-0.832,0.9856,-0.16919,0.18042,-1.519,0.122,0.344,non-ergonomis
SUBJ_016,yunda,2026-06-01,16:29:16.694000,2214896150,640694,0.78418,0.04907,0.80078,0.076,1.977,-0.527,0.98364,-0.16968,0.18677,-1.725,0.092,0.58,non-ergonomis
SUBJ_016,yunda,2026-06-01,16:29:16.894000,2214896350,639894,0.78735,0.05103,0.79272,0.13,1.832,-0.389,0.98364,-0.1687,0.17969,-1.916,0.115,0.511,non-ergonomis
SUBJ_016,yunda,2026-06-01,16:29:17.094000,2214896550,641094,0.7832,0.05786,0.7915,0.389,1.908,-0.855,0.97998,-0.17041,0.18457,-1.527,0.443,0.504,non-ergonomis
SUBJ_016,yunda,2026-06-01,16:29:17.294000,2214896750,641294,0.78174,0.05957,0.78979,0.267,0.779,-0.122,0.99292,-0.17285,0.18066,-0.198,1.191,0.985,non-ergonomis
SUBJ_016,yunda,2026-06-01,16:29:17.494000,2214896950,641494,0.79468,0.04565,0.78638,2.214,0.511,-0.397,0.98608,-0.17358,0.18677,-0.015,1.504,0.977,non-ergonomis
SUBJ_016,yunda,2026-06-01,16:29:17.704000,2214897160,641704,0.79077,0.04736,0.79053,1.481,-0.55,-1.206,0.98242,-0.17505,0.21313,2.122,4.366,-1.198,non-ergonomis
SUBJ_016,yunda,2026-06-01,16:29:17.894000,2214897350,640894,0.78345,0.05273,0.79492,0.412,1.794,-0.641,0.9917,-0.16748,0.18799,-1.412,0.023,0.511,non-ergonomis
SUBJ_016,yunda,2026-06-01,16:29:18.104000,2214897560,642104,0.8042,0.05469,0.76221,0.794,-0.74,-0.115,0.97827,-0.15283,0.21753,-2.847,-1.618,-0.611,non-ergonomis
SUBJ_016,yunda,2026-06-01,16:29:18.304000,2214897760,642304,0.82056,0.07251,0.75439,0.656,0.702,-0.618,0.98657,-0.16504,0.20337,-1.321,0.084,0.305,non-ergonomis
SUBJ_016,yunda,2026-06-01,16:29:18.504000,2214897960,642504,0.82983,0.06763,0.74829,-0.16,0.718,-2.962,0.98535,-0.13892,0.20093,-0.87,0.038,2.557,non-ergonomis
SUBJ_016,yunda,2026-06-01,16:29:18.764000,2214898220,642764,0.81738,0.04761,0.75317,0.672,0.527,-2.29,0.97754,-0.17236,0.19897,-0.802,0.473,-0.855,non-ergonomis
SUBJ_016,yunda,2026-06-01,16:29:18.904000,2214898360,641904,0.79614,0.07642,0.75977,0.84,-4.252,-3.481,0.98926,-0.17358,0.19434,2.344,1.992,-1.038,non-ergonomis
SUBJ_016,yunda,2026-06-01,16:29:19.177000,2214898633,643177,0.81592,0.08081,0.75854,-0.87,2.962,-1.725,0.9834,-0.15308,0.20166,-0.45,0.489,1.588,non-ergonomis
SUBJ_016,yunda,2026-06-01,16:29:19.377000,2214898833,643377,0.82007,0.04541,0.75903,0.901,-0.954,-2.443,0.98438,-0.17334,0.20288,-1.916,-0.267,1.069,non-ergonomis
SUBJ_016,yunda,2026-06-01,16:29:19.577000,2214899033,643577,0.81421,0.05981,0.76538,0.229,3.214,-1.145,0.99414,-0.15698,0.19897,-0.542,1.595,,non-ergonomis
SUBJ_016,yunda,2026-06-01,16:29:19.777000,2214899233,643777,0.80518,0.04565,0.77441,-2.084,1.916,-0.328,0.97754,-0.16138,0.21265,-0.756,0.382,-0.351,non-ergonomis
SUBJ_016,yunda,2026-06-01,16:29:19.977000,2214899433,642977,0.81128,0.06641,0.76587,0.351,1.481,-0.191,0.98438,-0.15088,0.21021,-2.16,0.809,-0.901,non-ergonomis
SUBJ_016,yunda,2026-06-01,16:29:20.177000,2214899633,644177,0.79028,0.04565,0.7771,0.183,2.183,0.321,0.98071,-0.16406,0.21021,-0.481,0.71,1.557,non-ergonomis
SUBJ_016,yunda,2026-06-01,16:29:20.377000,2214899833,644377,0.80518,0.04663,0.76294,0.206,1.779,0.237,0.98462,-0.17407,0.19556,-0.969,0.489,0.405,non-ergonomis
SUBJ_016,yunda,2026-06-01,16:29:20.577000,2214900033,644577,0.80225,0.04663,0.78662,0.626,1.611,-1.115,0.97607,-0.16284,0.21045,-2.183,0.061,0.252,non-ergonomis
SUBJ_016,yunda,2026-06-01,16:29:20.777000,2214900233,644777,0.80176,0.05591,0.77051,1.053,1.214,-0.206,0.98315,-0.1731,0.20264,-1.962,-0.985,1.015,non-ergonomis
SUBJ_016,yunda,2026-06-01,16:29:20.977000,2214900433,643977,0.80542,0.06396,0.77563,-0.748,2.412,2.221,0.9873,-0.16382,0.20386,-2.053,0.038,2.099,non-ergonomis
SUBJ_016,yunda,2026-06-01,16:29:21.177000,2214900633,645177,0.81104,0.05835,0.77002,-0.145,1.031,-2.046,0.97925,-0.17285,0.20728,-1.687,0.832,0.084,non-ergonomis
SUBJ_016,yunda,2026-06-01,16:29:21.377000,2214900833,645377,0.81104,0.0542,0.77319,-0.137,3.252,-1.366,0.98193,-0.16357,0.20361,-1.611,-0.809,0.336,non-ergonomis
SUBJ_016,yunda,2026-06-01,16:29:21.577000,2214901033,645577,0.80054,0.05884,0.78101,-0.351,2.931,-1.023,0.98071,-0.16455,0.2019,-2.198,-0.641,1.321,non-ergonomis
SUBJ_016,yunda,2026-06-01,16:29:21.777000,2214901233,645777,0.79541,0.06152,0.78247,-0.038,2.321,-0.084,0.97974,-0.1626,0.20435,-1.427,0.504,0.687,non-ergonomis
SUBJ_016,yunda,2026-06-01,16:29:21.977000,2214901433,644977,0.80884,0.04761,0.77002,0.664,2.321,0.206,0.98291,-0.1709,0.20996,-1.176,-0.008,0.511,non-ergonomis
SUBJ_016,yunda,2026-06-01,16:29:22.177000,2214901633,646177,0.80078,0.05371,0.77954,0.763,0.771,-1.053,0.97998,-0.16284,0.21045,1.336,2.42,0.061,non-ergonomis
SUBJ_016,yunda,2026-06-01,16:29:22.377000,2214901833,646377,0.80835,0.05542,0.77539,0.183,-0.489,-1.504,0.9873,-0.16333,0.19165,-2.305,-1.214,0.748,non-ergonomis
SUBJ_016,yunda,2026-06-01,16:29:22.577000,2214902033,646577,0.80151,0.06128,0.78198,-1.191,1.893,-0.534,0.9834,-0.16602,0.20508,-1.496,-0.191,0.695,non-ergonomis
SUBJ_016,yunda,2026-06-01,16:29:22.777000,2214902233,646777,0.81006,0.05103,0.77759,0.191,1.595,-0.916,0.98071,-0.15918,0.20898,-1.198,0.382,0.198,non-ergonomis
SUBJ_016,yunda,2026-06-01,16:29:22.977000,2214902433,645977,0.79395,0.05371,0.77344,0.183,2.107,-1.313,0.9895,-0.16602,0.2019,-1.137,0.679,0.649,non-ergonomis
SUBJ_016,yunda,2026-06-01,16:29:23.177000,2214902633,647177,0.80737,0.07715,0.75781,-0.695,3.504,0.656,0.98169,-0.15796,0.21265,-0.153,1.145,1.611,non-ergonomis
SUBJ_016,yunda,2026-06-01,16:29:23.377000,2214902833,647377,0.79346,0.04883,0.77832,1.824,-0.282,-0.679,0.97852,-0.18506,0.18994,-0.168,-0.733,1.519,non-ergonomis
SUBJ_016,yunda,2026-06-01,16:29:23.577000,2214903033,647577,0.81763,0.04712,0.76978,1.0,2.779,-0.206,0.97754,-0.16211,0.20215,-2.229,1.779,-0.359,non-ergonomis
SUBJ_016,yunda,2026-06-01,16:29:23.777000,2214903233,647777,0.78857,0.04761,0.78296,-0.344,1.634,-0.847,0.97949,-0.16626,0.21313,-1.313,0.473,-0.115,non-ergonomis
SUBJ_016,yunda,2026-06-01,16:29:23.977000,2214903433,646977,0.80298,0.06006,0.77832,-0.298,2.534,-0.672,0.98608,-0.16382,0.19922,-2.282,-0.321,-0.13,non-ergonomis
SUBJ_016,yunda,2026-06-01,16:29:24.177000,2214903633,648177,0.79004,0.05176,0.77954,-0.214,1.725,-1.366,0.98022,-0.16479,0.20483,-2.42,0.206,0.725,non-ergonomis
SUBJ_016,yunda,2026-06-01,16:29:24.377000,2214903833,648377,0.77954,0.05298,0.78198,-1.282,2.115,-1.695,0.98364,-0.17432,0.20581,-2.0,2.191,0.115,non-ergonomis
SUBJ_016,yunda,2026-06-01,16:29:24.679000,2214904135,648679,0.80957,0.06763,0.77808,0.695,0.626,-2.282,0.97583,-0.16992,0.20874,-3.191,-0.061,-0.336,non-ergonomis
SUBJ_016,yunda,2026-06-01,16:29:24.879000,2214904335,648879,0.81885,0.06201,0.78198,0.069,3.817,0.122,0.9751,-0.17871,0.19971,-2.412,-0.45,0.092,non-ergonomis
SUBJ_016,yunda,2026-06-01,16:29:24.977000,2214904433,647977,0.80249,0.0708,0.77344,0.389,1.977,-0.145,0.98535,-0.15967,0.20068,-0.893,0.58,1.084,non-ergonomis
SUBJ_016,yunda,2026-06-01,16:29:25.079000,2214904535,649079,0.79053,0.05371,0.78052,-0.344,3.771,-0.489,0.97583,-0.17065,0.20068,-1.031,-0.321,0.679,non-ergonomis
SUBJ_016,yunda,2026-06-01,16:29:25.279000,2214904735,649279,0.79028,0.0542,0.79004,0.519,1.458,-0.855,0.98462,-0.17456,0.19727,-1.282,0.198,0.313,non-ergonomis
SUBJ_016,yunda,2026-06-01,16:29:25.479000,2214904935,649479,0.79639,0.05664,0.78271,0.321,0.595,-1.962,0.9873,-0.16528,0.21045,1.687,2.229,-0.031,non-ergonomis
SUBJ_016,yunda,2026-06-01,16:29:25.679000,2214905135,649679,0.80371,0.06079,0.77222,-1.527,1.321,-1.641,0.98657,-0.16553,0.21875,-1.71,0.443,-0.115,non-ergonomis
SUBJ_016,yunda,2026-06-01,16:29:26.185000,2214905641,650185,0.82153,0.07666,0.7771,-0.298,4.656,0.313,0.97607,-0.16675,0.1897,-1.351,-0.214,-0.313,non-ergonomis
SUBJ_016,yunda,2026-06-01,16:29:26.500000,2214905956,650500,0.78979,0.05396,0.78247,0.122,1.656,-1.053,0.97803,-0.16699,0.20459,-2.084,0.901,-0.565,non-ergonomis
SUBJ_016,yunda,2026-06-01,16:29:26.700000,2214906156,650700,0.79419,0.05786,0.78149,0.878,2.374,0.084,0.98267,-0.18115,0.20386,-2.405,0.366,-0.145,non-ergonomis
SUBJ_016,yunda,2026-06-01,16:29:26.930000,2214906386,649930,0.79517,0.06665,0.77734,1.092,1.305,-0.099,0.9812,-0.15405,0.18677,-0.985,2.588,1.107,non-ergonomis
SUBJ_016,yunda,2026-06-01,16:29:27.100000,2214906556,651100,0.78052,0.05615,0.79053,1.435,2.099,0.244,0.98413,-0.17188,0.20972,-0.168,0.252,-0.031,non-ergonomis
SUBJ_016,yunda,2026-06-01,16:29:27.300000,2214906756,651300,0.79761,0.0686,0.78101,1.359,1.695,1.664,0.97949,-0.16577,0.18823,-3.382,2.076,-1.847,non-ergonomis
SUBJ_016,yunda,2026-06-01,16:29:27.500000,2214906956,651500,0.79102,0.07642,0.79419,-2.183,2.534,-2.641,0.99976,-0.16797,0.21362,-5.053,-0.573,-2.214,non-ergonomis
SUBJ_016,yunda,2026-06-01,16:29:27.700000,2214907156,651700,0.76855,0.06958,0.78687,-0.115,4.412,1.511,0.98389,-0.1521,0.21021,0.298,-2.122,3.885,non-ergonomis
SUBJ_016,yunda,2026-06-01,16:29:27.900000,2214907356,650900,0.80054,0.07666,0.78247,0.267,2.107,0.206,0.9873,-0.16699,0.19116,-1.611,-3.321,3.0,non-ergonomis
SUBJ_016,yunda,2026-06-01,16:29:28.220000,2214907676,652220,0.78003,0.04468,0.81763,-0.076,1.282,-3.771,0.98096,-0.16699,0.22217,-3.137,1.71,-2.336,non-ergonomis
SUBJ_016,yunda,2026-06-01,16:29:28.466000,2214907922,652466,0.78125,0.08105,0.80005,-0.221,2.099,-1.885,0.97998,-0.15454,0.20508,-1.42,0.756,-1.008,non-ergonomis
SUBJ_016,yunda,2026-06-01,16:29:28.686000,2214908142,652686,0.77417,0.07544,0.78271,0.74,1.427,-0.29,0.979,-0.15283,0.22021,0.679,0.71,1.298,non-ergonomis
SUBJ_016,yunda,2026-06-01,16:29:28.886000,2214908342,652886,0.7832,0.07715,0.78052,1.145,-0.183,0.878,0.97998,-0.15161,0.21558,-0.008,0.969,0.962,non-ergonomis
SUBJ_016,yunda,2026-06-01,16:29:28.900000,2214908356,651900,0.79321,0.03174,0.79492,0.366,0.16,0.214,0.98047,-0.15942,0.20996,-2.084,-1.351,0.466,non-ergonomis
SUBJ_016,yunda,2026-06-01,16:29:29.086000,2214908542,653086,0.78589,0.07568,0.78931,0.489,1.145,-0.145,0.97681,-0.14844,0.2146,-1.969,-0.145,1.336,non-ergonomis
SUBJ_016,yunda,2026-06-01,16:29:29.326000,2214908782,653326,0.78369,0.05957,0.78223,0.038,0.344,-2.664,0.98389,-0.14844,0.1853,-4.282,0.618,0.458,non-ergonomis
SUBJ_016,yunda,2026-06-01,16:29:29.591000,2214909047,653591,0.8147,0.06226,0.80566,0.084,1.13,-0.809,0.98438,-0.15845,0.21899,-3.519,0.191,-0.656,non-ergonomis
SUBJ_016,yunda,2026-06-01,16:29:29.791000,2214909247,653791,0.80054,0.07373,0.79248,-0.519,2.679,-0.954,0.98657,-0.15698,0.19897,-1.702,1.656,0.435,non-ergonomis
SUBJ_016,yunda,2026-06-01,16:29:30.191000,2214909647,654191,0.77905,0.06201,0.7915,-0.84,2.061,-0.496,0.98389,-0.16089,0.20679,-0.87,0.229,0.374,non-ergonomis
SUBJ_016,yunda,2026-06-01,16:29:30.391000,2214909847,654391,0.78564,0.05444,0.80762,0.313,0.985,0.282,0.98267,-0.16528,0.20508,-0.863,-0.046,-0.099,non-ergonomis
SUBJ_016,yunda,2026-06-01,16:29:30.591000,2214910047,654591,0.77515,0.06689,0.80225,-0.779,1.145,-1.198,0.98486,-0.15869,0.21533,-1.786,-0.13,0.878,non-ergonomis
SUBJ_016,yunda,2026-06-01,16:29:30.791000,2214910247,654791,0.78003,0.06079,0.78442,0.74,1.557,0.489,0.98511,-0.14648,0.20801,-0.336,-0.145,0.168,non-ergonomis
SUBJ_016,yunda,2026-06-01,16:29:30.991000,2214910447,653991,0.80518,0.05908,0.80127,-0.198,4.092,-0.115,0.98413,-0.16064,0.20532,-1.061,-0.122,0.26,non-ergonomis
SUBJ_016,yunda,2026-06-01,16:29:31.191000,2214910647,655191,0.78979,0.06079,0.79858,1.405,1.641,-0.939,0.9812,-0.15405,0.20313,-1.511,0.748,0.435,non-ergonomis
SUBJ_016,yunda,2026-06-01,16:29:31.596000,2214911052,655596,0.78882,0.06689,0.78955,-1.061,2.214,-0.244,0.99048,-0.15894,0.20898,-1.359,0.435,0.29,non-ergonomis
SUBJ_016,yunda,2026-06-01,16:29:31.991000,2214911447,654991,0.79663,0.07568,0.76367,-0.023,1.45,-1.389,0.98438,-0.14771,0.2019,-0.84,0.244,0.977,non-ergonomis
SUBJ_016,yunda,2026-06-01,16:29:34.311000,2214913767,658311,0.78955,0.06396,0.79126,0.397,1.847,-0.824,0.9895,-0.15186,0.20459,-1.099,0.282,0.588,non-ergonomis
SUBJ_016,yunda,2026-06-01,16:29:34.511000,2214913967,658511,0.78516,0.0603,0.79712,0.267,1.458,-0.656,0.99048,-0.14722,0.19727,-1.0,0.84,0.359,non-ergonomis
SUBJ_016,yunda,2026-06-01,16:29:34.711000,2214914167,658711,0.78735,0.06763,0.79321,0.489,1.656,-0.756,0.98535,-0.15405,0.19434,-0.458,-0.023,0.481,non-ergonomis
SUBJ_016,yunda,2026-06-01,16:29:35.111000,2214914567,659111,0.78247,0.07202,0.78735,0.847,1.374,-0.45,0.98804,-0.15308,0.19556,-1.756,0.573,0.496,non-ergonomis
SUBJ_016,yunda,2026-06-01,16:29:35.311000,2214914767,659311,0.78345,0.06787,0.78906,0.13,2.13,-0.611,0.98657,-0.14941,0.19995,-1.42,0.45,0.534,non-ergonomis
SUBJ_016,yunda,2026-06-01,16:29:35.586000,2214915042,659586,0.78247,0.06104,0.7915,0.328,1.985,-0.221,0.98755,-0.15552,0.1936,-1.099,0.542,0.321,non-ergonomis
SUBJ_016,yunda,2026-06-01,16:29:35.786000,2214915242,659786,0.78564,0.06592,0.78857,0.351,1.534,-0.687,0.98828,-0.15747,0.19678,-1.626,0.458,0.496,non-ergonomis
SUBJ_016,yunda,2026-06-01,16:29:35.911000,2214915367,658911,0.7854,0.06372,0.78491,0.573,1.542,-0.611,0.98706,-0.15234,0.20435,-1.656,0.015,0.45,non-ergonomis
SUBJ_016,yunda,2026-06-01,16:29:36.186000,2214915642,660186,0.79175,0.06641,0.78711,0.298,1.702,-0.519,0.99194,-0.15186,0.19531,-1.519,0.573,0.542,non-ergonomis
SUBJ_016,yunda,2026-06-01,16:29:36.386000,2214915842,660386,0.78564,0.06958,0.79053,1.038,1.389,-0.504,0.98901,-0.15039,0.19604,-1.115,0.153,0.534,non-ergonomis
SUBJ_016,yunda,2026-06-01,16:29:36.586000,2214916042,660586,0.78809,0.06494,0.79346,0.626,1.74,-0.557,0.98511,-0.15479,0.19727,-1.267,0.557,0.198,non-ergonomis
SUBJ_016,yunda,2026-06-01,16:29:36.786000,2214916242,660786,0.79053,0.07373,0.79932,0.084,1.649,-0.557,0.98926,-0.1521,0.18115,-1.275,,0.397,non-ergonomis
SUBJ_016,yunda,2026-06-01,16:29:36.986000,2214916442,659986,0.78638,0.06421,0.79028,0.405,1.573,-0.595,0.98096,-0.15161,0.20166,-1.443,0.344,0.405,non-ergonomis
SUBJ_016,yunda,2026-06-01,16:29:37.186000,2214916642,661186,0.78564,0.07007,0.78662,0.13,1.641,-0.664,0.98462,-0.1521,0.20068,-1.679,0.053,0.359,non-ergonomis
SUBJ_016,yunda,2026-06-01,16:29:37.386000,2214916842,661386,0.78076,0.06616,0.79297,0.267,1.794,-0.664,0.98657,-0.15356,0.20117,-1.382,0.481,0.298,non-ergonomis
SUBJ_016,yunda,2026-06-01,16:29:37.586000,2214917042,661586,0.78833,0.06689,0.78931,0.71,1.702,-0.71,0.98486,-0.14868,0.1936,-0.908,0.908,0.496,non-ergonomis
SUBJ_016,yunda,2026-06-01,16:29:37.786000,2214917242,661786,0.78809,0.06592,0.79492,0.58,1.191,-0.29,0.99072,-0.14795,0.18384,-0.679,0.725,0.519,non-ergonomis
SUBJ_016,yunda,2026-06-01,16:29:37.986000,2214917442,660986,0.78394,0.06543,0.7915,0.939,1.588,-0.847,0.98267,-0.15039,0.19971,-1.267,0.611,0.618,non-ergonomis
SUBJ_016,yunda,2026-06-01,16:29:38.186000,2214917642,662186,0.78564,0.07251,0.77295,0.87,1.328,-0.473,0.97705,-0.15576,0.20337,-1.008,0.405,0.405,non-ergonomis
SUBJ_016,yunda,2026-06-01,16:29:38.386000,2214917842,662386,0.78931,0.07251,0.7959,-0.366,2.313,-0.603,0.98608,-0.15112,0.18628,-2.725,-0.176,0.076,non-ergonomis
SUBJ_016,yunda,2026-06-01,16:29:38.586000,2214918042,662586,0.78955,0.07007,0.78857,-0.16,2.198,-0.695,0.98682,-0.14722,0.19458,-1.947,-0.061,0.611,non-ergonomis
SUBJ_016,yunda,2026-06-01,16:29:38.786000,2214918242,662786,0.78442,0.07007,0.79932,0.305,2.466,-1.061,0.98828,-0.15454,0.19775,-1.748,0.069,0.885,non-ergonomis
SUBJ_016,yunda,2026-06-01,16:29:38.986000,2214918442,661986,0.79224,0.06714,0.79834,0.885,1.0,-0.679,0.98364,-0.15747,0.20605,-0.443,0.634,0.42,non-ergonomis
SUBJ_016,yunda,2026-06-01,16:29:39.186000,2214918642,663186,0.78271,0.06689,0.78638,0.466,1.634,-0.71,0.98486,-0.15234,0.19238,-1.534,0.382,0.481,non-ergonomis
SUBJ_016,yunda,2026-06-01,16:29:39.386000,2214918842,663386,0.78784,0.07129,0.79199,0.305,1.771,-0.519,0.98901,-0.15112,0.19824,-1.534,0.45,0.573,non-ergonomis
SUBJ_016,yunda,2026-06-01,16:29:39.586000,2214919042,663586,0.78906,0.06616,0.79761,0.565,1.802,-0.878,0.98901,-0.16113,0.19214,-1.611,0.504,0.305,non-ergonomis
SUBJ_016,yunda,2026-06-01,16:29:39.786000,2214919242,663786,0.7959,0.07349,0.78516,1.061,1.42,-0.58,0.98853,-0.15405,0.19775,-1.634,0.351,0.489,non-ergonomis
SUBJ_016,yunda,2026-06-01,16:29:39.986000,2214919442,662986,0.79028,0.06616,0.7876,-0.084,1.832,-0.267,0.98462,-0.15674,0.18994,-1.198,0.779,0.321,non-ergonomis
SUBJ_016,yunda,2026-06-01,16:29:40.186000,2214919642,664186,0.78491,0.07129,0.79053,0.298,1.733,-0.679,0.98999,-0.15063,0.18701,-1.206,0.42,0.397,non-ergonomis
SUBJ_016,yunda,2026-06-01,16:29:40.386000,2214919842,664386,0.79248,0.06763,0.78955,0.26,2.122,-0.504,0.99121,-0.14868,0.19727,-0.427,1.328,0.557,non-ergonomis
SUBJ_016,yunda,2026-06-01,16:29:40.586000,2214920042,664586,0.77832,0.05713,0.80127,0.382,-0.137,-0.756,0.98535,-0.15552,0.18677,-0.756,0.954,0.45,non-ergonomis
SUBJ_016,yunda,2026-06-01,16:29:40.786000,2214920242,664786,0.78979,0.07324,0.77734,1.168,-0.366,-0.672,0.98486,-0.15601,0.19434,-0.267,1.282,0.786,non-ergonomis
SUBJ_016,yunda,2026-06-01,16:29:40.986000,2214920442,663986,0.78491,0.07129,0.78589,0.389,1.664,-0.71,0.98804,-0.15186,0.18872,-1.481,0.237,0.527,non-ergonomis
SUBJ_016,yunda,2026-06-01,16:29:41.186000,2214920642,665186,0.79956,0.0708,0.7749,0.985,1.305,-0.16,0.99097,-0.1521,0.20508,-1.885,-0.092,0.313,non-ergonomis
SUBJ_016,yunda,2026-06-01,16:29:41.386000,2214920842,665386,0.79956,0.06714,0.78198,-0.397,3.069,-0.473,0.98975,-0.15503,0.19116,-2.267,-0.763,0.519,non-ergonomis
SUBJ_016,yunda,2026-06-01,16:29:41.586000,2214921042,665586,0.78906,0.06445,0.78223,-0.466,2.954,-0.595,0.98999,-0.14966,0.19507,-1.626,0.473,0.244,non-ergonomis
SUBJ_016,yunda,2026-06-01,16:29:41.786000,2214921242,665786,0.78271,0.06982,0.78418,-0.237,2.588,-0.489,0.98682,-0.15698,0.19727,-1.412,-0.237,0.595,non-ergonomis
SUBJ_016,yunda,2026-06-01,16:29:41.986000,2214921442,664986,0.78979,0.07031,0.77856,0.466,1.13,-0.878,0.98511,-0.15259,0.20825,-0.458,0.397,0.702,non-ergonomis
SUBJ_016,yunda,2026-06-01,16:29:42.186000,2214921642,666186,0.7854,0.06567,0.79053,0.809,1.008,-0.053,0.9873,-0.14771,0.19824,-0.076,1.71,0.58,non-ergonomis
SUBJ_016,yunda,2026-06-01,16:29:42.386000,2214921842,666386,0.79077,0.07153,0.7915,0.947,0.893,-0.504,0.99219,-0.14917,0.19775,-0.168,1.267,0.817,non-ergonomis
SUBJ_016,yunda,2026-06-01,16:29:42.586000,2214922042,666586,0.79346,0.07275,0.77661,0.779,0.916,-0.389,0.98511,-0.15308,0.20361,0.221,1.244,0.344,non-ergonomis
SUBJ_016,yunda,2026-06-01,16:29:42.786000,2214922242,666786,0.79395,0.0708,0.77173,0.489,2.115,-0.305,0.98535,-0.15332,0.19824,-2.389,-0.313,0.038,non-ergonomis
SUBJ_016,yunda,2026-06-01,16:29:42.986000,2214922442,665986,0.78882,0.07056,0.79175,0.153,1.962,-0.496,0.99365,-0.15991,0.18921,-1.168,0.321,0.656,non-ergonomis
SUBJ_016,yunda,2026-06-01,16:29:43.186000,2214922642,667186,0.78857,0.06445,0.78735,-0.71,2.603,-1.298,0.9812,-0.15552,0.19824,-2.191,-0.053,0.351,non-ergonomis
SUBJ_016,yunda,2026-06-01,16:29:43.386000,2214922842,667386,0.78857,0.0625,0.78833,0.267,2.168,-0.542,0.98901,-0.15552,0.19409,-1.656,0.313,0.473,non-ergonomis
SUBJ_016,yunda,2026-06-01,16:29:43.586000,2214923042,667586,0.78833,0.06128,0.79346,-0.137,1.885,-1.252,0.98828,-0.16479,0.19751,-0.748,0.748,0.16,non-ergonomis
SUBJ_016,yunda,2026-06-01,16:29:43.786000,2214923242,667786,0.79077,0.06885,0.78711,1.0,1.137,-0.756,0.98682,-0.15503,0.19824,-0.45,0.489,0.84,non-ergonomis
SUBJ_016,yunda,2026-06-01,16:29:43.986000,2214923442,666986,0.79077,0.07324,0.77563,-0.626,3.855,-0.153,0.98267,-0.15308,0.20215,-1.519,-0.55,0.748,non-ergonomis
SUBJ_016,yunda,2026-06-01,16:29:44.186000,2214923642,668186,0.78931,0.06494,0.79077,1.015,1.046,-0.885,0.99438,-0.16089,0.20239,-0.473,1.191,0.412,non-ergonomis
SUBJ_016,yunda,2026-06-01,16:29:44.386000,2214923842,668386,0.79028,0.06689,0.77783,0.015,1.779,-0.252,0.98413,-0.16187,0.2002,-1.756,-0.16,0.237,non-ergonomis
SUBJ_016,yunda,2026-06-01,16:29:44.586000,2214924042,668586,0.79346,0.06738,0.78271,,2.481,-0.443,0.98242,-0.15796,0.19946,-2.366,0.061,0.328,non-ergonomis
SUBJ_016,yunda,2026-06-01,16:29:44.786000,2214924242,668786,0.79395,0.06567,0.78979,0.092,2.58,-0.855,0.98657,-0.15894,0.20068,-1.321,0.061,0.183,non-ergonomis
SUBJ_016,yunda,2026-06-01,16:29:44.986000,2214924442,667986,0.7854,0.07007,0.78491,0.863,0.87,-0.763,0.98706,-0.15625,0.19629,-0.382,0.748,0.863,non-ergonomis
SUBJ_016,yunda,2026-06-01,16:29:45.186000,2214924642,669186,0.7854,0.06348,0.78589,0.542,1.847,-0.847,0.98511,-0.16089,0.20093,-1.328,-0.107,0.321,non-ergonomis
SUBJ_016,yunda,2026-06-01,16:29:45.386000,2214924842,669386,0.78979,0.06543,0.78931,0.382,1.832,-0.756,0.98438,-0.15967,0.19189,-0.84,0.519,0.481,non-ergonomis
SUBJ_016,yunda,2026-06-01,16:29:45.586000,2214925042,669586,0.78589,0.07007,0.78809,0.687,1.069,-0.679,0.9856,-0.16406,0.20264,-0.298,1.13,0.534,non-ergonomis
SUBJ_016,yunda,2026-06-01,16:29:45.786000,2214925242,669786,0.79199,0.06665,0.79395,1.336,0.656,-0.908,0.98413,-0.15503,0.20313,0.435,1.473,0.786,non-ergonomis
SUBJ_016,yunda,2026-06-01,16:29:45.986000,2214925442,668986,0.78687,0.06494,0.78564,-0.038,2.076,-0.695,0.98462,-0.15967,0.1936,-1.786,0.069,0.557,non-ergonomis
SUBJ_016,yunda,2026-06-01,16:29:46.186000,2214925642,670186,0.79688,0.06616,0.78052,0.214,1.893,-0.435,0.98291,-0.15161,0.20654,-2.435,-0.198,0.412,non-ergonomis
SUBJ_016,yunda,2026-06-01,16:29:46.386000,2214925842,670386,0.79053,0.07202,0.7937,-0.687,2.389,-0.489,0.98242,-0.15405,0.19873,-2.817,-0.603,0.595,non-ergonomis
SUBJ_016,yunda,2026-06-01,16:29:46.586000,2214926042,670586,0.79028,0.073,0.78979,0.122,2.626,-0.519,0.98706,-0.15796,0.19897,-2.137,-0.206,0.351,non-ergonomis
SUBJ_016,yunda,2026-06-01,16:29:46.786000,2214926242,670786,0.79272,0.06909,0.78418,-0.092,2.13,-0.29,0.98462,-0.15894,0.19458,-1.649,0.29,0.336,non-ergonomis
SUBJ_016,yunda,2026-06-01,16:29:46.986000,2214926442,669986,0.80078,0.06958,0.78418,0.802,0.969,-0.511,0.98682,-0.15698,0.20605,-0.466,0.511,0.55,non-ergonomis
SUBJ_016,yunda,2026-06-01,16:29:47.186000,2214926642,671186,0.78149,0.06982,0.78247,2.107,1.71,-0.656,0.9812,-0.16479,0.19678,,1.069,0.244,non-ergonomis
SUBJ_016,yunda,2026-06-01,16:29:47.386000,2214926842,671386,0.79272,0.07422,0.77734,1.702,1.458,-1.557,0.98633,-0.15845,0.1958,-1.183,0.366,0.168,non-ergonomis
SUBJ_016,yunda,2026-06-01,16:29:47.586000,2214927042,671586,0.78149,0.07642,0.77393,-0.305,3.0,-0.87,0.98682,-0.15137,0.19849,-2.412,-0.473,0.305,non-ergonomis
SUBJ_016,yunda,2026-06-01,16:29:47.874000,2214927330,671873,0.77832,0.07129,0.79175,0.794,2.42,-0.893,0.98291,-0.15479,0.19385,-1.977,-0.191,0.58,non-ergonomis
SUBJ_016,yunda,2026-06-01,16:29:47.986000,2214927442,670986,0.78296,0.05835,0.79053,0.969,1.122,-0.786,0.99243,-0.16016,0.19897,-0.809,1.672,-0.038,non-ergonomis
SUBJ_016,yunda,2026-06-01,16:29:48.073000,2214927529,672073,0.78369,0.07178,0.80396,-0.237,1.779,-0.42,0.9856,-0.16138,0.20264,-0.489,0.763,0.45,non-ergonomis
SUBJ_016,yunda,2026-06-01,16:29:48.273000,2214927729,672273,0.7854,0.07153,0.79175,0.489,0.954,-0.695,0.9856,-0.15747,0.20337,-0.336,1.664,0.595,non-ergonomis
SUBJ_016,yunda,2026-06-01,16:29:48.473000,2214927929,672473,0.78833,0.07813,0.78687,1.328,-0.519,-0.427,0.98145,-0.15991,0.20459,1.924,1.954,1.053,non-ergonomis
SUBJ_016,yunda,2026-06-01,16:29:48.673000,2214928129,672673,0.79346,0.07642,0.78296,0.672,-0.397,-0.702,0.98853,-0.14771,0.21509,0.87,1.557,0.641,non-ergonomis
SUBJ_016,yunda,2026-06-01,16:29:48.873000,2214928329,672873,0.80225,0.07813,0.77002,0.282,0.771,-1.015,0.97925,-0.14722,0.21289,-1.344,-0.008,0.168,non-ergonomis
SUBJ_016,yunda,2026-06-01,16:29:49.073000,2214928529,673073,0.78223,0.07031,0.78711,-2.519,3.878,-1.13,0.97949,-0.15479,0.21216,-1.557,1.221,-0.267,non-ergonomis
SUBJ_016,yunda,2026-06-01,16:29:49.273000,2214928729,673273,0.78442,0.06689,0.77295,0.176,1.527,-1.344,0.98682,-0.15674,0.21704,-1.664,0.786,-0.122,non-ergonomis
SUBJ_016,yunda,2026-06-01,16:29:49.473000,2214928929,673473,0.79468,0.07471,0.78223,-0.191,2.817,-0.031,0.9856,-0.14893,0.20947,-2.305,-0.443,0.183,non-ergonomis
SUBJ_016,yunda,2026-06-01,16:29:49.673000,2214929129,673673,0.78638,0.07324,0.76904,1.0,1.565,-0.534,0.97754,-0.15552,0.20923,-0.832,0.435,0.916,non-ergonomis
SUBJ_016,yunda,2026-06-01,16:29:49.873000,2214929329,673873,0.7937,0.07007,0.77954,-0.473,1.626,-1.092,0.98413,-0.15112,0.21558,-2.405,0.466,0.099,non-ergonomis
SUBJ_016,yunda,2026-06-01,16:29:50.073000,2214929529,674073,0.79712,0.08008,0.77759,0.427,1.206,-0.687,0.99023,-0.15259,0.20557,-1.153,0.336,0.855,non-ergonomis
SUBJ_016,yunda,2026-06-01,16:29:50.273000,2214929729,674273,0.79028,0.06616,0.79419,-0.122,2.473,-1.878,0.98218,-0.15747,0.2168,-2.489,0.275,-0.649,non-ergonomis
SUBJ_016,yunda,2026-06-01,16:29:50.473000,2214929929,674473,0.7915,0.0791,0.78076,0.618,2.053,0.626,0.99194,-0.14624,0.20142,-1.053,-0.084,1.321,non-ergonomis
SUBJ_016,yunda,2026-06-01,16:29:50.673000,2214930129,674673,0.79541,0.07715,0.77417,0.038,1.931,-0.962,0.9856,-0.15186,0.20728,-1.244,0.031,1.153,non-ergonomis
SUBJ_016,yunda,2026-06-01,16:29:50.873000,2214930329,674873,0.78979,0.07178,0.77856,0.618,-0.588,-3.695,0.98657,-0.15381,0.20215,-2.366,0.397,-0.344,non-ergonomis
SUBJ_016,yunda,2026-06-01,16:29:51.073000,2214930529,675073,0.80566,0.08594,0.76733,2.023,0.878,-1.611,0.98853,-0.1543,0.20313,-1.412,-0.557,-0.176,non-ergonomis
SUBJ_016,yunda,2026-06-01,16:29:51.273000,2214930729,675273,0.82056,0.10864,0.77759,-0.473,0.786,-1.55,0.99268,-0.14771,0.20703,-4.969,-1.42,2.305,non-ergonomis
SUBJ_016,yunda,2026-06-01,16:29:51.473000,2214930929,675473,0.80859,0.09131,0.78516,-2.244,3.237,1.405,0.98096,-0.15454,0.22632,-1.634,2.183,1.748,non-ergonomis
SUBJ_016,yunda,2026-06-01,16:29:51.673000,2214931129,675673,0.81128,0.09277,0.7749,-0.878,5.641,1.817,0.99365,-0.15479,0.19971,-1.779,-1.061,1.809,non-ergonomis
SUBJ_016,yunda,2026-06-01,16:29:51.873000,2214931329,675873,0.79077,0.07373,0.77466,-0.809,3.962,0.191,0.98022,-0.15747,0.21582,-1.863,0.733,0.763,non-ergonomis
SUBJ_016,yunda,2026-06-01,16:29:52.073000,2214931529,676073,0.78979,0.0813,0.77808,-0.305,2.84,-0.237,0.98608,-0.15796,0.2168,-2.405,-0.183,0.901,non-ergonomis
SUBJ_016,yunda,2026-06-01,16:29:52.273000,2214931729,676273,0.78442,0.08081,0.79248,0.779,3.519,0.031,0.98462,-0.13989,0.21265,-0.969,-0.198,1.298,non-ergonomis
SUBJ_016,yunda,2026-06-01,16:29:52.473000,2214931929,676473,0.78857,0.08398,0.78931,1.511,2.153,0.191,0.98096,-0.15576,0.21924,-1.924,-0.298,0.733,non-ergonomis
SUBJ_016,yunda,2026-06-01,16:29:52.673000,2214932129,676673,0.80005,0.06519,0.79663,2.145,1.435,-1.0,0.98242,-0.16309,0.20361,-2.122,-0.267,-0.359,non-ergonomis
SUBJ_016,yunda,2026-06-01,16:29:52.873000,2214932329,676873,0.79712,0.07178,0.79272,1.107,1.206,-0.916,0.98828,-0.15698,0.20361,-0.519,1.046,-0.26,non-ergonomis
SUBJ_016,yunda,2026-06-01,16:29:53.073000,2214932529,677073,0.79736,0.08447,0.79468,-1.802,1.969,-0.13,0.98706,-0.18335,0.20166,1.305,2.664,0.145,non-ergonomis
SUBJ_016,yunda,2026-06-01,16:29:53.273000,2214932729,677273,0.78613,0.08081,0.77637,2.71,-1.122,-0.565,0.97363,-0.15283,0.22339,1.015,0.137,0.275,non-ergonomis
SUBJ_016,yunda,2026-06-01,16:29:53.473000,2214932929,677473,0.77783,0.08643,0.78101,0.229,-0.473,0.954,0.97925,-0.16382,0.19897,-5.992,-5.389,3.206,non-ergonomis
SUBJ_016,yunda,2026-06-01,16:29:53.673000,2214933129,677673,0.7998,0.07568,0.7771,2.527,-0.313,0.42,0.98926,-0.1626,0.19971,-2.969,-1.511,1.145,non-ergonomis
SUBJ_016,yunda,2026-06-01,16:29:53.873000,2214933329,677873,0.79102,0.10474,0.77124,0.389,1.679,-2.069,1.00635,-0.16968,0.21191,-1.641,-0.542,-0.969,non-ergonomis
SUBJ_016,yunda,2026-06-01,16:29:54.073000,2214933529,678073,0.79663,0.06812,0.7395,-0.87,2.511,-1.229,0.979,-0.16016,0.20459,-1.183,0.847,-1.328,non-ergonomis
SUBJ_016,yunda,2026-06-01,16:29:54.273000,2214933729,678273,0.80737,0.08447,0.77686,1.0,1.191,2.137,0.98755,-0.15967,0.19849,-1.603,-1.206,1.206,non-ergonomis
SUBJ_016,yunda,2026-06-01,16:29:54.473000,2214933929,678473,0.80566,0.06836,0.75879,2.053,-0.26,-5.099,0.9873,-0.16846,0.19751,-0.893,-1.252,-0.435,non-ergonomis
SUBJ_016,yunda,2026-06-01,16:29:54.673000,2214934129,678673,0.80103,0.11401,0.7522,1.74,4.405,4.198,0.99072,-0.1543,0.19043,-0.45,-1.336,4.237,non-ergonomis
SUBJ_016,yunda,2026-06-01,16:29:54.873000,2214934329,678873,0.8064,0.06616,0.77197,1.267,4.237,-3.427,0.97852,-0.17334,0.20435,-2.313,-0.122,-0.58,non-ergonomis
SUBJ_016,yunda,2026-06-01,16:29:55.073000,2214934529,679073,0.81519,0.0918,0.74023,-1.0,1.55,-0.237,0.98193,-0.15625,0.20532,-2.084,0.756,-0.198,non-ergonomis
SUBJ_016,yunda,2026-06-01,16:29:55.347000,2214934803,679347,0.79077,0.08862,0.78076,1.076,2.252,-0.496,0.98267,-0.15869,0.20898,-0.832,0.29,1.344,non-ergonomis
SUBJ_016,yunda,2026-06-01,16:29:55.547000,2214935003,679547,0.80322,0.08105,0.77368,0.901,1.611,-0.321,0.98364,-0.15991,0.19067,-1.695,0.427,0.344,non-ergonomis
SUBJ_016,yunda,2026-06-01,16:29:55.747000,2214935203,679747,0.79663,0.07886,0.77173,-1.565,2.893,-0.527,0.97314,-0.16064,0.20874,-2.359,0.534,-0.198,non-ergonomis
SUBJ_016,yunda,2026-06-01,16:29:56.147000,2214935603,680147,0.79858,0.08325,0.77808,0.672,2.038,-1.244,0.99341,-0.17358,0.19019,-1.947,-1.328,0.786,non-ergonomis
SUBJ_016,yunda,2026-06-01,16:29:56.347000,2214935803,680347,0.80054,0.08423,0.78589,-1.023,3.038,-0.229,0.9895,-0.16919,0.18823,-1.069,0.504,0.573,non-ergonomis
SUBJ_016,yunda,2026-06-01,16:29:56.547000,2214936003,680547,0.78931,0.08179,0.78027,0.282,2.015,-0.626,0.99268,-0.16431,0.18164,-1.916,-0.092,0.427,non-ergonomis
SUBJ_016,yunda,2026-06-01,16:29:56.747000,2214936203,680747,0.78979,0.08057,0.78931,1.603,0.763,-1.687,0.9834,-0.16724,0.19507,-1.13,2.656,-1.053,non-ergonomis
SUBJ_016,yunda,2026-06-01,16:29:56.947000,2214936403,679947,0.79761,0.07056,0.77832,1.626,1.084,-1.695,0.98926,-0.17065,0.18237,-2.046,0.382,-0.366,non-ergonomis
SUBJ_016,yunda,2026-06-01,16:29:57.147000,2214936603,681147,0.80103,0.09521,0.7793,0.58,1.466,-1.198,0.98901,-0.1687,0.18188,-1.221,0.313,0.634,non-ergonomis
SUBJ_016,yunda,2026-06-01,16:29:57.347000,2214936803,681347,0.79175,0.08594,0.78149,-0.527,2.168,-0.389,0.99292,-0.1626,0.18286,-1.656,0.229,0.702,non-ergonomis
SUBJ_016,yunda,2026-06-01,16:29:57.547000,2214937003,681547,0.79492,0.0769,0.77954,-0.641,2.702,0.137,0.98535,-0.16113,0.18457,-1.412,0.336,0.817,non-ergonomis
SUBJ_016,yunda,2026-06-01,16:29:57.747000,2214937203,681747,0.79688,0.08325,0.78687,-0.26,2.55,-0.496,0.98755,-0.16016,0.1897,-1.198,0.481,0.267,non-ergonomis
SUBJ_016,yunda,2026-06-01,16:29:57.947000,2214937403,680947,0.79907,0.09424,0.78906,2.0,0.061,-1.267,0.98608,-0.15967,0.1853,-0.29,0.939,-0.008,non-ergonomis
SUBJ_016,yunda,2026-06-01,16:29:58.147000,2214937603,682147,0.79565,0.08252,0.78076,,2.031,-0.664,0.98828,-0.15845,0.17676,-1.305,0.443,0.229,non-ergonomis
SUBJ_016,yunda,2026-06-01,16:29:58.377000,2214937833,682377,0.79565,0.08203,0.7771,0.389,1.756,-0.466,0.98096,-0.16333,0.18799,-1.13,0.702,0.527,non-ergonomis
SUBJ_016,yunda,2026-06-01,16:29:58.577000,2214938033,682577,0.79248,0.08667,0.77393,0.26,2.069,-0.786,0.98584,-0.16016,0.18115,-1.176,0.084,0.344,non-ergonomis
SUBJ_016,yunda,2026-06-01,16:29:58.777000,2214938233,682777,0.79541,0.08667,0.78442,0.58,1.84,-0.412,0.99365,-0.15747,0.18896,-1.519,0.344,0.443,non-ergonomis
SUBJ_016,yunda,2026-06-01,16:29:58.947000,2214938403,681947,0.79663,0.08301,0.77588,1.038,1.336,-0.664,0.98584,-0.15894,0.18848,-1.26,1.183,0.092,non-ergonomis
SUBJ_016,yunda,2026-06-01,16:29:59.177000,2214938633,683177,0.79102,0.08374,0.78052,-0.008,2.137,-0.366,0.98682,-0.15576,0.18311,-0.954,0.267,0.374,non-ergonomis
SUBJ_016,yunda,2026-06-01,16:29:59.377000,2214938833,683377,0.79932,0.08447,0.76416,-0.015,2.015,-0.519,0.99121,-0.1582,0.198,-1.16,0.672,0.901,non-ergonomis
SUBJ_016,yunda,2026-06-01,16:29:59.577000,2214939033,683577,0.78833,0.07568,0.78198,0.382,1.885,-0.466,0.98779,-0.15747,0.18921,-1.382,0.344,0.489,non-ergonomis
SUBJ_016,yunda,2026-06-01,16:29:59.777000,2214939233,683777,0.79102,0.0874,0.77905,0.473,1.55,-0.481,0.98584,-0.15698,0.19409,-1.527,0.397,0.412,non-ergonomis
SUBJ_016,yunda,2026-06-01,16:29:59.977000,2214939433,682977,0.7959,0.08838,0.77466,0.137,2.015,-0.443,0.99023,-0.16528,0.19092,-1.58,0.076,0.55,non-ergonomis
SUBJ_016,yunda,2026-06-01,16:30:00.177000,2214939633,684177,0.79224,0.07935,0.7666,0.313,1.794,-0.588,0.9873,-0.15576,0.19263,-1.244,0.366,0.244,non-ergonomis
SUBJ_016,yunda,2026-06-01,16:30:00.377000,2214939833,684377,0.79224,0.08398,0.77563,0.298,1.901,-0.573,0.9856,-0.15796,0.18433,-1.198,0.374,0.435,non-ergonomis
SUBJ_016,yunda,2026-06-01,16:30:00.577000,2214940033,684577,0.7937,0.08252,0.77344,0.634,1.573,-0.748,0.98242,-0.15967,0.18994,-0.74,0.954,0.267,non-ergonomis
SUBJ_016,yunda,2026-06-01,16:30:00.825000,2214940281,684825,0.79712,0.08594,0.78467,0.313,1.42,-0.466,0.98462,-0.15918,0.19482,-0.672,1.122,0.695,non-ergonomis
SUBJ_016,yunda,2026-06-01,16:30:00.977000,2214940433,683977,0.79785,0.08423,0.77515,0.947,1.366,-0.603,0.98462,-0.16577,0.19287,-1.511,0.015,0.511,non-ergonomis
SUBJ_016,yunda,2026-06-01,16:30:01.025000,2214940481,685025,0.79614,0.08276,0.79272,0.824,1.13,-0.649,0.98267,-0.16162,0.18945,-0.557,0.656,0.55,non-ergonomis
SUBJ_016,yunda,2026-06-01,16:30:01.262000,2214940718,685262,0.7998,0.08472,0.77783,0.84,1.328,-0.58,0.99268,-0.16504,0.20142,-0.924,0.313,0.817,non-ergonomis
SUBJ_016,yunda,2026-06-01,16:30:01.462000,2214940918,685462,0.79614,0.08838,0.76782,0.244,2.122,-0.634,0.98535,-0.16675,0.20239,-1.885,-0.466,0.542,non-ergonomis
SUBJ_016,yunda,2026-06-01,16:30:01.662000,2214941118,685662,0.78833,0.0791,0.76709,-0.214,2.595,-0.542,0.98706,-0.15405,0.18823,-1.809,-0.16,0.366,non-ergonomis
SUBJ_016,yunda,2026-06-01,16:30:01.862000,2214941318,685862,0.79834,0.07715,0.78198,-0.168,2.382,-0.427,0.98511,-0.1665,0.19165,-1.046,0.824,0.298,non-ergonomis
SUBJ_016,yunda,2026-06-01,16:30:02.062000,2214941518,686062,0.79639,0.07446,0.78369,0.924,2.137,-0.496,0.99414,-0.15869,0.18726,-1.504,0.198,0.542,non-ergonomis
SUBJ_016,yunda,2026-06-01,16:30:02.262000,2214941718,686262,0.79395,0.08325,0.77393,0.214,1.855,-0.42,0.98584,-0.15869,0.19971,-1.611,0.527,0.618,non-ergonomis
SUBJ_016,yunda,2026-06-01,16:30:02.462000,2214941918,686462,0.79248,0.08789,0.7688,0.038,1.786,-0.412,0.98853,-0.15576,0.198,-1.649,0.221,0.374,non-ergonomis
SUBJ_016,yunda,2026-06-01,16:30:02.662000,2214942118,686662,0.78979,0.08081,0.77051,0.763,1.55,-0.863,0.98462,-0.15991,0.18896,-1.221,0.405,0.802,non-ergonomis
SUBJ_016,yunda,2026-06-01,16:30:02.862000,2214942318,686862,0.78931,0.08057,0.77832,-0.221,2.046,-0.366,0.9873,-0.15894,0.18579,-1.382,0.443,0.565,non-ergonomis
SUBJ_016,yunda,2026-06-01,16:30:03.062000,2214942518,687062,0.78857,0.0896,0.77783,0.038,1.87,-0.542,0.98584,-0.16724,0.19043,-1.137,0.374,0.527,non-ergonomis
SUBJ_016,yunda,2026-06-01,16:30:03.262000,2214942718,687262,0.78833,0.08203,0.78149,0.74,1.664,-0.435,0.98901,-0.16235,0.19019,-1.191,0.26,0.359,non-ergonomis
SUBJ_016,yunda,2026-06-01,16:30:03.462000,2214942918,687462,0.7981,0.08081,0.77368,-0.13,1.725,-0.267,0.99097,-0.16138,0.19189,-1.389,0.389,0.473,non-ergonomis
SUBJ_016,yunda,2026-06-01,16:30:03.662000,2214943118,687662,0.79419,0.08301,0.79321,0.229,1.87,-0.382,0.98413,-0.16284,0.19116,-0.855,0.618,0.55,non-ergonomis
SUBJ_016,yunda,2026-06-01,16:30:03.862000,2214943318,687862,0.78931,0.09033,0.78076,0.237,2.099,-0.557,0.98853,-0.16187,0.19409,-1.046,0.473,0.344,non-ergonomis
SUBJ_016,yunda,2026-06-01,16:30:04.062000,2214943518,688062,0.79346,0.08032,0.77319,1.191,1.069,-0.55,0.99097,-0.15991,0.19287,-0.84,1.038,0.511,non-ergonomis
SUBJ_016,yunda,2026-06-01,16:30:04.262000,2214943718,688262,0.79614,0.08203,0.7793,1.053,0.916,-0.573,0.98267,-0.16162,0.19946,-0.053,1.366,0.511,non-ergonomis
SUBJ_016,yunda,2026-06-01,16:30:04.462000,2214943918,688462,0.79834,0.08765,0.76978,0.412,1.71,-0.565,0.98462,-0.15747,0.20068,-0.618,0.443,0.351,non-ergonomis
SUBJ_016,yunda,2026-06-01,16:30:04.662000,2214944118,688662,0.79419,0.08545,0.7793,-0.008,2.053,-0.405,0.98462,-0.15698,0.19775,-2.481,-0.656,0.626,non-ergonomis
SUBJ_016,yunda,2026-06-01,16:30:04.862000,2214944318,688862,0.802,0.08569,0.77271,-0.588,3.389,-0.519,0.9834,-0.16016,0.18799,-2.084,-0.496,0.443,non-ergonomis
SUBJ_016,yunda,2026-06-01,16:30:05.062000,2214944518,689062,0.79419,0.08423,0.78125,0.107,2.435,-0.679,0.98975,-0.15527,0.1853,-1.679,0.206,0.443,non-ergonomis
SUBJ_016,yunda,2026-06-01,16:30:05.262000,2214944718,689262,0.79297,0.08179,0.78198,0.16,1.901,-0.611,0.99121,-0.16357,0.19312,-1.603,0.13,0.481,non-ergonomis
SUBJ_016,yunda,2026-06-01,16:30:05.462000,2214944918,689462,0.79199,0.08301,0.77661,0.275,1.878,-0.611,0.9834,-0.15918,0.1875,-1.351,0.382,0.557,non-ergonomis
SUBJ_016,yunda,2026-06-01,16:30:05.662000,2214945118,689662,0.79272,0.07324,0.77856,0.405,2.084,-0.565,0.98779,-0.16455,0.1853,-1.534,0.275,0.344,non-ergonomis
SUBJ_016,yunda,2026-06-01,16:30:05.862000,2214945318,689862,0.78809,0.07739,0.77954,0.672,1.275,-0.519,0.99219,-0.15601,0.19604,-0.809,1.061,0.244,non-ergonomis
SUBJ_016,yunda,2026-06-01,16:30:06.062000,2214945518,690062,0.79614,0.08911,0.78735,1.244,0.786,-0.71,0.9895,-0.15967,0.19336,0.015,1.237,0.443,non-ergonomis
SUBJ_016,yunda,2026-06-01,16:30:06.262000,2214945718,690262,0.79956,0.08179,0.77026,0.954,1.099,-0.473,0.98462,-0.16479,0.19629,-0.313,0.916,0.489,non-ergonomis
SUBJ_016,yunda,2026-06-01,16:30:06.462000,2214945918,690462,0.79077,0.08276,0.7749,0.42,1.916,-0.519,0.98779,-0.15771,0.19556,-2.244,-0.809,0.275,non-ergonomis
SUBJ_016,yunda,2026-06-01,16:30:06.662000,2214946118,690662,0.80273,0.08569,0.78687,-1.366,3.511,-0.802,0.97925,-0.15479,0.19727,-2.58,-1.13,0.74,non-ergonomis
SUBJ_016,yunda,2026-06-01,16:30:06.862000,2214946318,690862,0.79712,0.08398,0.77441,1.0,1.656,-0.916,0.98779,-0.16455,0.18262,-0.42,0.534,0.595,non-ergonomis
SUBJ_016,yunda,2026-06-01,16:30:07.064000,2214946520,691064,0.80273,0.09155,0.77295,1.168,0.969,-0.763,0.98291,-0.16187,0.19946,-0.45,2.084,0.237,non-ergonomis
SUBJ_016,yunda,2026-06-01,16:30:07.264000,2214946720,691264,0.78784,0.08057,0.77417,2.26,-0.511,-0.427,0.98828,-0.16821,0.18921,0.595,1.29,0.58,non-ergonomis
SUBJ_016,yunda,2026-06-01,16:30:07.464000,2214946920,691464,0.79736,0.08716,0.77759,0.634,0.611,-1.656,0.98901,-0.16748,0.20288,-0.046,1.611,-0.405,non-ergonomis
SUBJ_016,yunda,2026-06-01,16:30:07.675000,2214947131,691675,0.79126,0.08374,0.78247,-1.107,2.496,-0.817,0.98853,-0.15527,0.20166,-3.176,-0.244,-0.29,non-ergonomis
SUBJ_016,yunda,2026-06-01,16:30:07.875000,2214947331,691875,0.80249,0.0896,0.76929,-0.489,2.557,-1.122,0.98438,-0.15405,0.1958,-2.634,-0.237,0.069,non-ergonomis
SUBJ_016,yunda,2026-06-01,16:30:08.075000,2214947531,692075,0.79419,0.09204,0.77441,-0.534,3.206,-0.84,0.98438,-0.15405,0.1958,-2.634,-0.237,0.069,non-ergonomis
