datetime,epoch_ms,ts_millis,mpu_id,ax,ay,az,gx,gy,gz,label
2026-06-01 14:02:30.375,2206089831,241375,1,0.65161,0.19263,0.88818,0.611,-2.214,2.641,ergonomis
2026-06-01 14:02:30.375,2206089831,241375,2,1.0249,-0.0918,-0.01953,-5.878,-4.031,8.321,ergonomis
2026-06-01 14:02:30.672,2206090128,241671,1,0.69458,0.16382,0.85474,-1.679,-2.58,5.794,ergonomis
2026-06-01 14:02:30.672,2206090128,241671,2,1.02612,-0.10693,-0.04492,-2.45,-3.527,7.344,ergonomis
2026-06-01 14:02:30.871,2206090327,241871,1,0.71167,0.14795,0.85815,-2.237,-3.443,3.557,ergonomis
2026-06-01 14:02:30.871,2206090327,241871,2,1.02002,-0.13623,-0.06641,-3.252,-2.481,7.702,ergonomis
2026-06-01 14:02:30.071,2206089527,242071,1,0.72241,0.12549,0.84302,-2.282,-0.45,3.779,ergonomis
2026-06-01 14:02:30.071,2206089527,242071,2,1.02637,-0.1709,-0.07202,-3.931,-0.779,3.962,ergonomis
2026-06-01 14:02:31.271,2206090727,242271,1,0.73071,0.09302,0.84106,0.298,0.183,3.878,ergonomis
2026-06-01 14:02:31.271,2206090727,242271,2,1.02051,-0.17407,-0.07544,-1.763,-0.603,3.443,ergonomis
2026-06-01 14:02:31.471,2206090927,242471,1,0.71436,0.09863,0.85034,0.183,1.664,-3.725,ergonomis
2026-06-01 14:02:31.471,2206090927,242471,2,1.01807,-0.16333,-0.0625,-0.008,0.374,-1.275,ergonomis
2026-06-01 14:02:31.671,2206091127,242671,1,0.73267,0.09131,0.84302,-2.878,0.466,-1.45,ergonomis
2026-06-01 14:02:31.671,2206091127,242671,2,1.01489,-0.16113,-0.06299,3.511,-1.641,-1.168,ergonomis
2026-06-01 14:02:31.871,2206091327,242871,1,0.72778,0.1189,0.84814,4.916,0.191,1.855,ergonomis
2026-06-01 14:02:31.871,2206091327,242871,2,1.0459,-0.17041,-0.0874,-3.267,-2.771,1.481,ergonomis
2026-06-01 14:02:31.071,2206090527,243071,1,0.75708,0.10449,0.83765,2.298,-8.389,0.656,ergonomis
2026-06-01 14:02:31.071,2206090527,243071,2,1.00928,-0.17358,-0.12256,-1.435,-1.504,0.275,ergonomis
2026-06-01 14:02:32.271,2206091727,243271,1,0.76123,0.12134,0.7876,-2.053,-8.305,-6.16,ergonomis
2026-06-01 14:02:32.271,2206091727,243271,2,1.02246,-0.15991,-0.08936,-5.344,-1.656,1.519,ergonomis
2026-06-01 14:02:32.471,2206091927,243471,1,0.7854,0.13892,0.77075,2.603,0.145,-2.282,ergonomis
2026-06-01 14:02:32.471,2206091927,243471,2,1.01294,-0.14355,-0.04736,-1.389,2.977,0.496,ergonomis
2026-06-01 14:02:32.671,2206092127,243671,1,0.74902,0.13696,0.8186,1.885,4.779,-0.573,ergonomis
2026-06-01 14:02:32.671,2206092127,243671,2,1.01685,-0.16016,-0.0835,3.527,-0.176,-0.855,ergonomis
2026-06-01 14:02:32.871,2206092327,243871,1,0.75024,0.14233,0.80688,-0.206,3.122,-2.13,ergonomis
2026-06-01 14:02:32.871,2206092327,243871,2,1.0127,-0.16846,-0.09424,-2.191,1.847,-0.053,ergonomis
2026-06-01 14:02:32.071,2206091527,244071,1,0.76587,0.146,0.79688,1.489,0.557,0.473,ergonomis
2026-06-01 14:02:32.071,2206091527,244071,2,1.01123,-0.14453,-0.09033,-1.061,0.206,-1.305,ergonomis
2026-06-01 14:02:33.271,2206092727,244271,1,0.74927,0.15161,0.81055,1.313,1.748,-0.817,ergonomis
2026-06-01 14:02:33.271,2206092727,244271,2,1.02539,-0.1499,-0.09033,-3.443,-0.656,0.275,ergonomis
2026-06-01 14:02:33.471,2206092927,244471,1,0.73926,0.14502,0.81128,1.191,3.092,0.031,ergonomis
2026-06-01 14:02:33.471,2206092927,244471,2,1.02319,-0.15454,-0.09937,-2.351,0.557,-0.359,ergonomis
2026-06-01 14:02:33.671,2206093127,244671,1,0.76343,0.14063,0.7937,1.214,1.863,0.267,ergonomis
2026-06-01 14:02:33.671,2206093127,244671,2,1.02173,-0.14795,-0.10132,-0.206,1.733,-0.656,ergonomis
2026-06-01 14:02:33.871,2206093327,244871,1,0.75171,0.15186,0.80908,0.634,2.519,-0.618,ergonomis
2026-06-01 14:02:33.871,2206093327,244871,2,1.02295,-0.14136,-0.09229,-0.809,-0.298,-0.176,ergonomis
2026-06-01 14:02:33.071,2206092527,245071,1,0.75952,0.13989,0.80957,0.817,1.13,0.038,ergonomis
2026-06-01 14:02:33.071,2206092527,245071,2,1.02783,-0.12988,-0.08667,1.336,1.366,-1.435,ergonomis
2026-06-01 14:02:34.271,2206093727,245271,1,0.75854,0.14551,0.802,2.573,4.313,-0.16,ergonomis
2026-06-01 14:02:34.271,2206093727,245271,2,1.02515,-0.14941,-0.09082,2.321,-2.481,-1.092,ergonomis
2026-06-01 14:02:34.471,2206093927,245471,1,0.73975,0.15991,0.82813,5.13,1.557,6.328,ergonomis
2026-06-01 14:02:34.471,2206093927,245471,2,1.02661,-0.1355,-0.10376,-2.443,-1.366,1.412,ergonomis
2026-06-01 14:02:34.671,2206094127,245671,1,0.80981,0.1394,0.78564,-0.237,1.374,-2.42,ergonomis
2026-06-01 14:02:34.671,2206094127,245671,2,1.02515,-0.13892,-0.11572,0.947,3.489,-1.985,ergonomis
2026-06-01 14:02:34.871,2206094327,245871,1,0.69092,0.18018,0.84546,6.641,8.061,0.061,ergonomis
2026-06-01 14:02:34.871,2206094327,245871,2,1.01318,-0.11255,-0.07275,-4.26,6.076,0.824,ergonomis
2026-06-01 14:02:34.071,2206093527,246071,1,0.7605,0.15039,0.8916,5.061,1.687,2.336,ergonomis
2026-06-01 14:02:34.071,2206093527,246071,2,1.02124,-0.12012,-0.0979,5.885,-2.198,-1.405,ergonomis
2026-06-01 14:02:35.271,2206094727,246271,1,0.73804,0.16309,0.83154,-2.29,1.412,-2.58,ergonomis
2026-06-01 14:02:35.271,2206094727,246271,2,1.02637,-0.12305,-0.09155,-1.802,0.221,1.046,ergonomis
2026-06-01 14:02:35.471,2206094927,246471,1,0.72827,0.15674,0.83154,0.679,0.595,1.099,ergonomis
2026-06-01 14:02:35.471,2206094927,246471,2,1.02856,-0.12695,-0.09229,-1.176,-0.206,0.893,ergonomis
2026-06-01 14:02:35.671,2206095127,246671,1,0.73486,0.15332,0.8291,0.489,1.107,-0.023,ergonomis
2026-06-01 14:02:35.671,2206095127,246671,2,1.03198,-0.12061,-0.0896,-1.656,0.511,1.076,ergonomis
2026-06-01 14:02:35.871,2206095327,246871,1,0.7312,0.15259,0.82983,-0.053,2.107,-0.718,ergonomis
2026-06-01 14:02:35.871,2206095327,246871,2,1.02734,-0.1311,-0.09155,-1.244,0.588,0.534,ergonomis
2026-06-01 14:02:35.071,2206094527,247071,1,0.72778,0.1438,0.83325,0.939,2.031,0.344,ergonomis
2026-06-01 14:02:35.071,2206094527,247071,2,1.03174,-0.1272,-0.09399,-1.328,0.321,-0.168,ergonomis
2026-06-01 14:02:36.271,2206095727,247271,1,0.75854,0.15869,0.82422,1.122,2.863,-0.672,ergonomis
2026-06-01 14:02:36.271,2206095727,247271,2,1.01636,-0.12842,-0.09302,-1.908,1.336,-0.061,ergonomis
2026-06-01 14:02:36.471,2206095927,247471,1,0.71997,0.1355,0.84253,0.573,2.321,0.298,ergonomis
2026-06-01 14:02:36.471,2206095927,247471,2,1.04004,-0.12109,-0.09814,0.107,0.992,-1.603,ergonomis
2026-06-01 14:02:36.671,2206096127,247671,1,0.73633,0.16016,0.82202,1.672,1.672,-0.901,ergonomis
2026-06-01 14:02:36.671,2206096127,247671,2,1.00757,-0.12329,-0.09985,-3.542,0.985,1.634,ergonomis
2026-06-01 14:02:36.871,2206096327,247871,1,0.72314,0.1377,0.84302,1.206,3.198,2.015,ergonomis
2026-06-01 14:02:36.871,2206096327,247871,2,1.02295,-0.11938,-0.09058,0.542,0.42,-0.527,ergonomis
2026-06-01 14:02:36.071,2206095527,248071,1,0.73633,0.15039,0.81372,-1.282,1.267,-2.26,ergonomis
2026-06-01 14:02:36.071,2206095527,248071,2,1.02466,-0.12183,-0.08154,-0.718,0.611,1.107,ergonomis
2026-06-01 14:02:37.271,2206096727,248271,1,0.72876,0.15161,0.83105,0.893,2.328,0.366,ergonomis
2026-06-01 14:02:37.271,2206096727,248271,2,1.0293,-0.11133,-0.08545,-1.092,0.534,0.313,ergonomis
2026-06-01 14:02:37.471,2206096927,248471,1,0.7229,0.14697,0.83838,-0.565,1.702,-1.336,ergonomis
2026-06-01 14:02:37.471,2206096927,248471,2,1.02466,-0.11963,-0.08521,-1.573,0.779,1.221,ergonomis
2026-06-01 14:02:37.671,2206097127,248671,1,0.73315,0.14868,0.83765,1.443,1.573,0.221,ergonomis
2026-06-01 14:02:37.671,2206097127,248671,2,1.02148,-0.11914,-0.09229,-1.023,0.229,0.244,ergonomis
2026-06-01 14:02:37.871,2206097327,248871,1,0.71753,0.14453,0.84351,-1.824,2.313,-0.832,ergonomis
2026-06-01 14:02:37.871,2206097327,248871,2,1.02148,-0.1228,-0.07666,-1.763,0.824,0.962,ergonomis
2026-06-01 14:02:37.071,2206096527,249071,1,0.72681,0.14429,0.82739,1.176,1.214,-1.282,ergonomis
2026-06-01 14:02:37.071,2206096527,249071,2,1.02026,-0.11621,-0.0813,-1.443,0.534,0.618,ergonomis
2026-06-01 14:02:38.271,2206097727,249271,1,0.72754,0.14819,0.84009,0.534,2.351,-0.153,ergonomis
2026-06-01 14:02:38.271,2206097727,249271,2,1.03223,-0.11743,-0.08691,-1.489,0.244,-0.069,ergonomis
2026-06-01 14:02:38.471,2206097927,249471,1,0.7168,0.15454,0.82373,-1.092,1.252,-1.58,ergonomis
2026-06-01 14:02:38.471,2206097927,249471,2,1.02954,-0.1228,-0.06543,-1.534,0.588,0.435,ergonomis
2026-06-01 14:02:38.671,2206098127,249671,1,0.72803,0.1521,0.82568,-0.26,0.611,-1.153,ergonomis
2026-06-01 14:02:38.671,2206098127,249671,2,1.0188,-0.11621,-0.07886,-1.931,0.733,0.695,ergonomis
2026-06-01 14:02:38.871,2206098327,249871,1,0.73706,0.15625,0.83496,0.786,2.466,-0.031,ergonomis
2026-06-01 14:02:38.871,2206098327,249871,2,1.02686,-0.12354,-0.0874,-3.366,2.191,0.198,ergonomis
2026-06-01 14:02:38.071,2206097527,250071,1,0.73096,0.15698,0.83765,1.679,2.031,0.519,ergonomis
2026-06-01 14:02:38.071,2206097527,250071,2,1.02954,-0.11182,-0.08545,-1.557,-0.038,0.076,ergonomis
2026-06-01 14:02:39.271,2206098727,250271,1,0.72461,0.1521,0.82544,0.527,1.473,-0.435,ergonomis
2026-06-01 14:02:39.271,2206098727,250271,2,1.03052,-0.11865,-0.07129,-0.588,0.756,0.504,ergonomis
2026-06-01 14:02:39.471,2206098927,250471,1,0.71899,0.16064,0.82544,0.534,1.252,-1.656,ergonomis
2026-06-01 14:02:39.471,2206098927,250471,2,1.01636,-0.12329,-0.09058,-2.695,1.275,1.626,ergonomis
2026-06-01 14:02:39.671,2206099127,250671,1,0.73193,0.13745,0.83374,0.794,2.519,0.748,ergonomis
2026-06-01 14:02:39.671,2206099127,250671,2,1.02808,-0.12646,-0.09473,-0.084,0.076,-0.26,ergonomis
2026-06-01 14:02:39.871,2206099327,250871,1,0.72729,0.14551,0.82837,0.435,1.038,,ergonomis
2026-06-01 14:02:39.871,2206099327,250871,2,1.0271,-0.11499,-0.07764,-0.641,0.542,0.893,ergonomis
2026-06-01 14:02:39.071,2206098527,251071,1,0.72949,0.14502,0.82178,-0.313,2.397,-1.802,ergonomis
2026-06-01 14:02:39.071,2206098527,251071,2,1.01807,-0.12354,-0.07959,-2.153,1.053,1.168,ergonomis
2026-06-01 14:02:40.271,2206099727,251271,1,0.74512,0.14966,0.84131,1.679,2.046,0.214,ergonomis
2026-06-01 14:02:40.271,2206099727,251271,2,1.01636,-0.12305,-0.09106,-0.672,0.42,-0.153,ergonomis
2026-06-01 14:02:40.471,2206099927,251471,1,0.7373,0.14697,0.84741,-0.733,1.557,-0.473,ergonomis
2026-06-01 14:02:40.471,2206099927,251471,2,1.02979,-0.1189,-0.07666,-0.214,-0.298,-0.122,ergonomis
2026-06-01 14:02:40.671,2206100127,251671,1,0.72314,0.14282,0.823,-0.176,1.809,-1.046,ergonomis
2026-06-01 14:02:40.671,2206100127,251671,2,1.02979,-0.12329,-0.08203,-0.595,0.069,0.588,ergonomis
2026-06-01 14:02:40.871,2206100327,251871,1,0.72192,0.15259,0.82739,0.336,2.275,-1.244,ergonomis
2026-06-01 14:02:40.871,2206100327,251871,2,1.01685,-0.11987,-0.08765,-3.626,1.092,1.618,ergonomis
2026-06-01 14:02:40.071,2206099527,252071,1,0.73071,0.14917,0.84058,1.366,3.115,0.511,ergonomis
2026-06-01 14:02:40.071,2206099527,252071,2,1.03003,-0.11987,-0.09937,-2.336,0.351,0.649,ergonomis
2026-06-01 14:02:41.271,2206100727,252271,1,0.73975,0.14575,0.83472,-0.504,0.092,-1.183,ergonomis
2026-06-01 14:02:41.271,2206100727,252271,2,1.0415,-0.12549,-0.08179,-0.954,-0.229,0.069,ergonomis
2026-06-01 14:02:41.471,2206100927,252471,1,0.72144,0.146,0.82275,0.939,2.015,-0.733,ergonomis
2026-06-01 14:02:41.471,2206100927,252471,2,1.03442,-0.1167,-0.07886,-1.481,-0.107,,ergonomis
2026-06-01 14:02:41.671,2206101127,252671,1,0.7168,0.14746,0.81348,0.893,1.809,-1.237,ergonomis
2026-06-01 14:02:41.671,2206101127,252671,2,1.02148,-0.12793,-0.09033,-3.252,0.847,1.092,ergonomis
2026-06-01 14:02:41.871,2206101327,252871,1,0.73486,0.15454,0.82422,2.817,2.55,0.992,ergonomis
2026-06-01 14:02:41.871,2206101327,252871,2,1.01929,-0.11597,-0.09424,-1.664,0.473,0.313,ergonomis
2026-06-01 14:02:41.071,2206100527,253071,1,0.7417,0.14917,0.83472,-0.794,2.313,-0.328,ergonomis
2026-06-01 14:02:41.071,2206100527,253071,2,1.03052,-0.11182,-0.10107,0.206,0.252,-0.756,ergonomis
2026-06-01 14:02:42.271,2206101727,253271,1,0.73389,0.15234,0.82593,-0.252,1.595,-1.115,ergonomis
2026-06-01 14:02:42.271,2206101727,253271,2,1.02515,-0.12085,-0.07495,-0.695,1.015,0.672,ergonomis
2026-06-01 14:02:42.579,2206102035,253579,1,0.72583,0.14624,0.83984,-1.443,1.435,-1.191,ergonomis
2026-06-01 14:02:42.579,2206102035,253579,2,1.03442,-0.11646,-0.08472,0.298,0.359,0.305,ergonomis
2026-06-01 14:02:42.779,2206102235,253779,1,0.7146,0.14502,0.83447,0.542,1.061,-0.931,ergonomis
2026-06-01 14:02:42.779,2206102235,253779,2,1.03271,-0.11841,-0.08813,-2.137,0.885,1.023,ergonomis
2026-06-01 14:02:42.979,2206102435,253979,1,0.72144,0.14258,0.83936,0.275,2.458,-0.763,ergonomis
2026-06-01 14:02:42.979,2206102435,253979,2,1.02319,-0.1228,-0.08789,-1.229,0.237,0.206,ergonomis
2026-06-01 14:02:42.179,2206101635,254179,1,0.72974,0.15308,0.83862,-0.511,2.733,-0.557,ergonomis
2026-06-01 14:02:42.179,2206101635,254179,2,1.02783,-0.12134,-0.09351,-1.649,0.382,0.695,ergonomis
2026-06-01 14:02:43.379,2206102835,254379,1,0.72192,0.14868,0.82715,0.008,1.305,-1.183,ergonomis
2026-06-01 14:02:43.379,2206102835,254379,2,1.02515,-0.1189,-0.07471,-1.16,0.534,0.573,ergonomis
2026-06-01 14:02:43.579,2206103035,254579,1,0.72363,0.15942,0.83276,1.321,2.489,0.16,ergonomis
2026-06-01 14:02:43.579,2206103035,254579,2,1.02368,-0.11621,-0.09497,-1.595,0.198,0.702,ergonomis
2026-06-01 14:02:43.779,2206103235,254779,1,0.73242,0.14722,0.82568,1.16,2.137,-0.366,ergonomis
2026-06-01 14:02:43.779,2206103235,254779,2,1.02466,-0.12427,-0.08228,-1.893,0.443,0.908,ergonomis
2026-06-01 14:02:43.979,2206103435,254979,1,0.72266,0.15503,0.83594,-0.382,1.695,-1.328,ergonomis
2026-06-01 14:02:43.979,2206103435,254979,2,1.02759,-0.11987,-0.08765,-0.603,0.107,0.382,ergonomis
2026-06-01 14:02:43.179,2206102635,255179,1,0.73242,0.15601,0.83301,1.206,1.107,-0.374,ergonomis
2026-06-01 14:02:43.179,2206102635,255179,2,1.02466,-0.1189,-0.07666,-2.679,0.557,0.359,ergonomis
2026-06-01 14:02:44.379,2206103835,255379,1,0.73193,0.14819,0.83325,0.115,1.992,-0.588,ergonomis
2026-06-01 14:02:44.379,2206103835,255379,2,1.02295,-0.11841,-0.08301,-1.107,0.221,0.046,ergonomis
2026-06-01 14:02:44.579,2206104035,255579,1,0.73218,0.14771,0.83008,0.557,0.374,-0.29,ergonomis
2026-06-01 14:02:44.579,2206104035,255579,2,1.01855,-0.11963,-0.09204,-1.649,-0.015,0.626,ergonomis
2026-06-01 14:02:44.779,2206104235,255779,1,0.72241,0.14893,0.82446,2.069,2.282,0.26,ergonomis
2026-06-01 14:02:44.779,2206104235,255779,2,1.02515,-0.11987,-0.09521,-1.466,0.389,0.84,ergonomis
2026-06-01 14:02:44.979,2206104435,255979,1,0.72778,0.15503,0.8335,-0.244,1.969,-0.779,ergonomis
2026-06-01 14:02:44.979,2206104435,255979,2,1.02734,-0.12329,-0.08301,-0.794,0.664,0.672,ergonomis
2026-06-01 14:02:44.179,2206103635,256179,1,0.72339,0.15161,0.82886,-0.26,2.038,-0.618,ergonomis
2026-06-01 14:02:44.179,2206103635,256179,2,1.0271,-0.12085,-0.08813,-0.664,1.084,0.954,ergonomis
2026-06-01 14:02:45.379,2206104835,256379,1,0.72705,0.1499,0.83911,-0.382,1.641,-1.099,ergonomis
2026-06-01 14:02:45.379,2206104835,256379,2,1.02539,-0.11987,-0.07813,-0.626,0.305,0.412,ergonomis
2026-06-01 14:02:45.579,2206105035,256579,1,0.72974,0.15308,0.83887,0.344,1.45,-0.794,ergonomis
2026-06-01 14:02:45.579,2206105035,256579,2,1.02246,-0.11743,-0.09277,-1.328,0.58,0.626,ergonomis
2026-06-01 14:02:45.779,2206105235,256779,1,0.72534,0.15356,0.82837,0.443,2.053,-0.13,ergonomis
2026-06-01 14:02:45.779,2206105235,256779,2,1.02002,-0.1272,-0.08545,-1.29,0.481,0.473,ergonomis
2026-06-01 14:02:45.979,2206105435,256979,1,0.72827,0.15161,0.82739,-0.687,2.115,-1.031,ergonomis
2026-06-01 14:02:45.979,2206105435,256979,2,1.03027,-0.11719,-0.08813,-0.725,0.611,0.595,ergonomis
2026-06-01 14:02:45.179,2206104635,257179,1,0.73242,0.15088,0.83154,0.45,1.58,0.137,ergonomis
2026-06-01 14:02:45.179,2206104635,257179,2,1.02295,-0.12134,-0.08936,-1.137,0.664,0.481,ergonomis
2026-06-01 14:02:46.379,2206105835,257379,1,0.72095,0.15063,0.83398,0.336,2.282,-0.359,ergonomis
2026-06-01 14:02:46.379,2206105835,257379,2,1.02954,-0.11987,-0.08691,-1.702,0.55,0.427,ergonomis
2026-06-01 14:02:46.579,2206106035,257579,1,0.72534,0.14233,0.81592,0.374,2.382,-1.031,ergonomis
2026-06-01 14:02:46.579,2206106035,257579,2,1.02661,-0.12305,-0.07568,-1.252,0.893,0.58,ergonomis
2026-06-01 14:02:46.779,2206106235,257779,1,0.729,0.15625,0.8418,0.794,2.176,-0.908,ergonomis
2026-06-01 14:02:46.779,2206106235,257779,2,1.02954,-0.11768,-0.09326,-1.649,-0.122,0.626,ergonomis
2026-06-01 14:02:46.979,2206106435,257979,1,0.73706,0.15405,0.83105,0.977,0.641,-0.092,ergonomis
2026-06-01 14:02:46.979,2206106435,257979,2,1.02734,-0.12695,-0.0835,-2.84,0.389,0.71,ergonomis
2026-06-01 14:02:46.179,2206105635,258179,1,0.72681,0.14844,0.83325,0.015,2.069,-0.718,ergonomis
2026-06-01 14:02:46.179,2206105635,258179,2,1.02246,-0.12183,-0.08472,-1.802,0.076,0.519,ergonomis
2026-06-01 14:02:47.379,2206106835,258379,1,0.72949,0.15698,0.83472,0.076,1.13,-0.969,ergonomis
2026-06-01 14:02:47.379,2206106835,258379,2,1.0188,-0.11865,-0.08105,-1.649,0.008,0.42,ergonomis
2026-06-01 14:02:47.579,2206107035,258579,1,0.729,0.14795,0.82959,1.153,2.718,-0.237,ergonomis
2026-06-01 14:02:47.579,2206107035,258579,2,1.021,-0.12207,-0.09985,-1.74,0.076,0.55,ergonomis
2026-06-01 14:02:47.779,2206107235,258779,1,0.72998,0.14746,0.83618,0.107,1.954,-0.489,ergonomis
2026-06-01 14:02:47.779,2206107235,258779,2,1.0271,-0.12231,-0.08813,-1.397,0.725,0.565,ergonomis
2026-06-01 14:02:47.979,2206107435,258979,1,0.72974,0.16064,0.83252,-0.374,1.863,-0.863,ergonomis
2026-06-01 14:02:47.979,2206107435,258979,2,1.02246,-0.1228,-0.08618,-0.832,1.099,0.397,ergonomis
2026-06-01 14:02:47.179,2206106635,259179,1,0.73267,0.15601,0.83984,-0.519,2.588,-0.939,ergonomis
2026-06-01 14:02:47.179,2206106635,259179,2,1.02002,-0.11768,-0.0769,-0.092,0.534,0.046,ergonomis
2026-06-01 14:02:48.379,2206107835,259379,1,0.73242,0.14844,0.82959,-0.267,1.779,-0.924,ergonomis
2026-06-01 14:02:48.379,2206107835,259379,2,1.0271,-0.11914,-0.0918,0.168,0.389,-0.198,ergonomis
2026-06-01 14:02:48.579,2206108035,259579,1,0.73218,0.15381,0.83032,1.435,1.931,-0.252,ergonomis
2026-06-01 14:02:48.579,2206108035,259579,2,1.02515,-0.10864,-0.08398,-2.29,1.076,1.053,ergonomis
2026-06-01 14:02:48.779,2206108235,259779,1,0.72095,0.14819,0.8335,-0.626,1.763,-0.878,ergonomis
2026-06-01 14:02:48.779,2206108235,259779,2,1.02417,-0.11841,-0.08667,-1.496,0.038,0.511,ergonomis
2026-06-01 14:02:48.979,2206108435,259979,1,0.73779,0.14355,0.83252,1.947,1.473,-1.16,ergonomis
2026-06-01 14:02:48.979,2206108435,259979,2,1.02075,-0.12231,-0.08496,-1.748,1.092,0.901,ergonomis
2026-06-01 14:02:48.179,2206107635,260179,1,0.71875,0.15356,0.82227,-0.405,2.496,0.542,ergonomis
2026-06-01 14:02:48.179,2206107635,260179,2,1.02441,-0.11646,-0.08667,-0.267,0.45,0.511,ergonomis
2026-06-01 14:02:49.379,2206108835,260379,1,0.72168,0.14282,0.84155,-0.626,3.038,-0.389,ergonomis
2026-06-01 14:02:49.379,2206108835,260379,2,1.02417,-0.10962,-0.07764,-1.0,0.328,0.656,ergonomis
2026-06-01 14:02:49.579,2206109035,260579,1,0.72046,0.1377,0.83325,0.74,1.557,0.802,ergonomis
2026-06-01 14:02:49.579,2206109035,260579,2,1.02466,-0.1189,-0.08423,-1.969,-0.107,0.542,ergonomis
2026-06-01 14:02:49.779,2206109235,260779,1,0.72607,0.14697,0.84058,0.534,2.542,0.191,ergonomis
2026-06-01 14:02:49.779,2206109235,260779,2,1.01953,-0.11426,-0.08667,-2.603,1.779,0.542,ergonomis
2026-06-01 14:02:49.979,2206109435,260979,1,0.72266,0.13306,0.85205,-0.328,2.939,-0.641,ergonomis
2026-06-01 14:02:49.979,2206109435,260979,2,1.02295,-0.1145,-0.08008,-1.473,0.252,0.26,ergonomis
2026-06-01 14:02:49.179,2206108635,261179,1,0.73193,0.14233,0.84277,0.13,1.588,-0.45,ergonomis
2026-06-01 14:02:49.179,2206108635,261179,2,1.02051,-0.1084,-0.08325,-1.58,-0.069,0.244,ergonomis
2026-06-01 14:02:50.379,2206109835,261379,1,0.72437,0.14185,0.8418,0.626,1.664,-0.756,ergonomis
2026-06-01 14:02:50.379,2206109835,261379,2,1.03076,-0.10962,-0.09277,-1.466,0.603,0.42,ergonomis
2026-06-01 14:02:50.579,2206110035,261579,1,0.72168,0.13647,0.84326,0.015,0.603,-2.076,ergonomis
2026-06-01 14:02:50.579,2206110035,261579,2,1.01807,-0.125,-0.08154,-1.458,-0.176,0.053,ergonomis
2026-06-01 14:02:50.779,2206110235,261779,1,0.72241,0.14575,0.8313,2.122,2.336,0.435,ergonomis
2026-06-01 14:02:50.779,2206110235,261779,2,1.02124,-0.11353,-0.09155,-1.084,0.58,0.313,ergonomis
2026-06-01 14:02:50.979,2206110435,261979,1,0.72119,0.14697,0.82715,-0.298,1.863,-1.176,ergonomis
2026-06-01 14:02:50.979,2206110435,261979,2,1.02661,-0.10596,-0.08496,-0.733,0.481,0.511,ergonomis
2026-06-01 14:02:50.179,2206109635,262179,1,0.72339,0.15576,0.83691,1.489,2.198,0.267,ergonomis
2026-06-01 14:02:50.179,2206109635,262179,2,1.02832,-0.10742,-0.07739,-1.496,0.695,0.695,ergonomis
2026-06-01 14:02:51.379,2206110835,262379,1,0.72046,0.13525,0.84229,0.214,1.901,-0.511,ergonomis
2026-06-01 14:02:51.379,2206110835,262379,2,1.02515,-0.11841,-0.07983,0.122,0.679,0.137,ergonomis
2026-06-01 14:02:51.579,2206111035,262579,1,0.71704,0.14844,0.85205,0.344,3.046,-0.191,ergonomis
2026-06-01 14:02:51.579,2206111035,262579,2,1.02734,-0.12012,-0.0874,-0.382,0.519,0.58,ergonomis
2026-06-01 14:02:51.779,2206111235,262779,1,0.72437,0.14551,0.8501,0.557,2.031,-0.137,ergonomis
2026-06-01 14:02:51.779,2206111235,262779,2,1.01978,-0.1145,-0.0813,-1.847,0.939,1.115,ergonomis
2026-06-01 14:02:51.979,2206111435,262979,1,0.72583,0.13794,0.84839,0.435,2.802,0.046,ergonomis
2026-06-01 14:02:51.979,2206111435,262979,2,1.01978,-0.11621,-0.07764,-1.252,0.931,0.885,ergonomis
2026-06-01 14:02:51.179,2206110635,263179,1,0.7146,0.13989,0.84155,0.145,1.603,-0.412,ergonomis
2026-06-01 14:02:51.179,2206110635,263179,2,1.02588,-0.1106,-0.07935,-1.374,0.336,0.473,ergonomis
2026-06-01 14:02:52.379,2206111835,263379,1,0.71777,0.14771,0.8501,1.847,1.756,-0.252,ergonomis
2026-06-01 14:02:52.379,2206111835,263379,2,1.02563,-0.11743,-0.07983,-3.099,-0.115,0.252,ergonomis
2026-06-01 14:02:52.579,2206112035,263579,1,0.72314,0.14575,0.84009,0.832,1.84,-0.267,ergonomis
2026-06-01 14:02:52.579,2206112035,263579,2,1.02832,-0.11548,-0.08521,-3.229,-0.214,0.473,ergonomis
2026-06-01 14:02:52.779,2206112235,263779,1,0.71973,0.14111,0.84351,0.71,-0.176,-1.389,ergonomis
2026-06-01 14:02:52.779,2206112235,263779,2,1.02124,-0.10864,-0.0752,-2.977,0.481,0.557,ergonomis
2026-06-01 14:02:52.979,2206112435,263979,1,0.72876,0.14331,0.84277,0.939,2.191,0.672,ergonomis
2026-06-01 14:02:52.979,2206112435,263979,2,1.02075,-0.11206,-0.08911,-1.588,-0.244,-0.084,ergonomis
2026-06-01 14:02:52.179,2206111635,264179,1,0.72021,0.14941,0.83203,-0.511,1.794,-2.427,ergonomis
2026-06-01 14:02:52.179,2206111635,264179,2,1.02832,-0.1145,-0.08984,-2.122,0.504,0.718,ergonomis
2026-06-01 14:02:53.379,2206112835,264379,1,0.71045,0.14575,0.84595,0.565,2.229,0.863,ergonomis
2026-06-01 14:02:53.379,2206112835,264379,2,1.02832,-0.11523,-0.08569,-0.29,0.42,0.458,ergonomis
2026-06-01 14:02:53.579,2206113035,264579,1,0.71802,0.14404,0.83887,-0.122,2.298,-0.595,ergonomis
2026-06-01 14:02:53.579,2206113035,264579,2,1.02686,-0.10376,-0.0813,-0.046,1.0,0.412,ergonomis
2026-06-01 14:02:53.779,2206113235,264779,1,0.71606,0.13843,0.84912,1.962,3.038,2.023,ergonomis
2026-06-01 14:02:53.779,2206113235,264779,2,1.02002,-0.10596,-0.09229,-0.672,0.954,0.45,ergonomis
2026-06-01 14:02:53.979,2206113435,264979,1,0.71338,0.13843,0.83862,-0.221,2.427,0.824,ergonomis
2026-06-01 14:02:53.979,2206113435,264979,2,1.03931,-0.10986,-0.07373,1.458,0.176,-0.275,ergonomis
2026-06-01 14:02:53.179,2206112635,265179,1,0.71606,0.13696,0.84521,0.885,2.229,-0.427,ergonomis
2026-06-01 14:02:53.179,2206112635,265179,2,1.02075,-0.11133,-0.07031,-1.267,0.656,0.336,ergonomis
2026-06-01 14:02:54.379,2206113835,265379,1,0.72656,0.14087,0.85083,0.542,1.908,-0.382,ergonomis
2026-06-01 14:02:54.379,2206113835,265379,2,1.02417,-0.11548,-0.0769,0.092,0.687,-0.412,ergonomis
2026-06-01 14:02:54.579,2206114035,265579,1,0.72046,0.14063,0.84375,-4.725,0.756,-4.183,ergonomis
2026-06-01 14:02:54.579,2206114035,265579,2,1.03149,-0.12085,-0.08398,-3.229,0.985,1.252,ergonomis
2026-06-01 14:02:54.779,2206114235,265779,1,0.7168,0.13257,0.84155,-0.489,2.252,-0.359,ergonomis
2026-06-01 14:02:54.779,2206114235,265779,2,1.02393,-0.11035,-0.07568,-0.969,1.176,-0.176,ergonomis
2026-06-01 14:02:54.979,2206114435,265979,1,0.70361,0.14282,0.8606,2.145,1.412,0.504,ergonomis
2026-06-01 14:02:54.979,2206114435,265979,2,1.0293,-0.10327,-0.06812,-1.565,-0.328,0.855,ergonomis
2026-06-01 14:02:54.179,2206113635,266179,1,0.72803,0.14478,0.83813,0.87,1.611,-0.748,ergonomis
2026-06-01 14:02:54.179,2206113635,266179,2,1.02466,-0.12183,-0.09033,-1.122,0.023,-0.305,ergonomis
2026-06-01 14:02:55.379,2206114835,266379,1,0.71606,0.12866,0.84497,0.137,2.16,-0.962,ergonomis
2026-06-01 14:02:55.379,2206114835,266379,2,1.03613,-0.10449,-0.07544,-1.931,-0.321,0.26,ergonomis
2026-06-01 14:02:55.579,2206115035,266579,1,0.71313,0.13892,0.83594,-0.107,2.397,-1.802,ergonomis
2026-06-01 14:02:55.579,2206115035,266579,2,1.02393,-0.11182,-0.073,-2.687,0.321,0.397,ergonomis
2026-06-01 14:02:55.779,2206115235,266779,1,0.72144,0.14575,0.83813,2.473,1.237,-0.351,ergonomis
2026-06-01 14:02:55.779,2206115235,266779,2,1.02612,-0.1062,-0.07764,-1.985,-0.107,0.58,ergonomis
2026-06-01 14:02:55.979,2206115435,266979,1,0.72485,0.14502,0.83862,-0.435,1.763,-0.618,ergonomis
2026-06-01 14:02:55.979,2206115435,266979,2,1.02759,-0.10791,-0.08911,-0.656,1.252,0.718,ergonomis
2026-06-01 14:02:55.179,2206114635,267179,1,0.72144,0.14453,0.84033,-0.405,2.328,0.183,ergonomis
2026-06-01 14:02:55.179,2206114635,267179,2,1.01953,-0.1062,-0.07495,-0.13,1.412,0.26,ergonomis
2026-06-01 14:02:56.379,2206115835,267379,1,0.72339,0.1416,0.84326,1.13,2.481,0.473,ergonomis
2026-06-01 14:02:56.379,2206115835,267379,2,1.03418,-0.09863,-0.07837,1.504,-0.107,-0.092,ergonomis
2026-06-01 14:02:56.579,2206116035,267579,1,0.71289,0.14819,0.84082,-0.557,1.168,-1.649,ergonomis
2026-06-01 14:02:56.579,2206116035,267579,2,1.02417,-0.11646,-0.06079,-1.458,0.969,1.221,ergonomis
2026-06-01 14:02:56.779,2206116235,267779,1,0.7085,0.13745,0.84619,-1.046,2.519,-0.924,ergonomis
2026-06-01 14:02:56.779,2206116235,267779,2,1.02515,-0.11621,-0.07007,-2.183,1.183,0.015,ergonomis
2026-06-01 14:02:56.979,2206116435,267979,1,0.70337,0.14209,0.85132,-0.603,1.405,-0.405,ergonomis
2026-06-01 14:02:56.979,2206116435,267979,2,1.02295,-0.10571,-0.07153,-0.359,0.244,0.58,ergonomis
2026-06-01 14:02:56.179,2206115635,268179,1,0.72388,0.14771,0.84204,1.687,2.115,-0.779,ergonomis
2026-06-01 14:02:56.179,2206115635,268179,2,1.02686,-0.10962,-0.08789,-2.122,0.992,1.412,ergonomis
2026-06-01 14:02:57.379,2206116835,268379,1,0.70972,0.1394,0.8396,-0.519,2.71,0.443,ergonomis
2026-06-01 14:02:57.379,2206116835,268379,2,1.02588,-0.11792,-0.07275,-0.992,0.038,0.107,ergonomis
2026-06-01 14:02:57.579,2206117035,268579,1,0.70752,0.14136,0.85229,-0.962,1.763,-2.0,ergonomis
2026-06-01 14:02:57.579,2206117035,268579,2,1.02222,-0.11279,-0.06128,-2.847,0.359,0.931,ergonomis
2026-06-01 14:02:57.779,2206117235,268779,1,0.72485,0.13477,0.86206,0.198,1.748,0.13,ergonomis
2026-06-01 14:02:57.779,2206117235,268779,2,1.03345,-0.1145,-0.08594,-1.084,-0.695,-0.076,ergonomis
2026-06-01 14:02:57.979,2206117435,268979,1,0.70947,0.14697,0.84448,0.603,1.107,-1.641,ergonomis
2026-06-01 14:02:57.979,2206117435,268979,2,1.02393,-0.1189,-0.08301,-3.725,0.015,1.74,ergonomis
2026-06-01 14:02:57.179,2206116635,269179,1,0.71851,0.13135,0.84033,2.832,1.565,1.511,ergonomis
2026-06-01 14:02:57.179,2206116635,269179,2,1.02637,-0.10938,-0.07031,-2.015,0.198,-0.084,ergonomis
2026-06-01 14:02:58.379,2206117835,269379,1,0.71045,0.14258,0.84424,-0.435,0.947,-1.405,ergonomis
2026-06-01 14:02:58.379,2206117835,269379,2,1.01318,-0.10693,-0.0769,-3.496,0.115,0.969,ergonomis
2026-06-01 14:02:58.579,2206118035,269579,1,0.7229,0.1377,0.84106,0.16,3.015,-0.878,ergonomis
2026-06-01 14:02:58.579,2206118035,269579,2,1.00854,-0.10498,-0.07813,-0.588,0.519,-0.115,ergonomis
2026-06-01 14:02:58.779,2206118235,269779,1,0.72144,0.13647,0.84644,-0.794,1.267,-0.534,ergonomis
2026-06-01 14:02:58.779,2206118235,269779,2,1.03491,-0.11865,-0.09497,-0.435,0.305,0.618,ergonomis
2026-06-01 14:02:58.979,2206118435,269979,1,0.7063,0.15137,0.85132,1.252,1.947,-0.076,ergonomis
2026-06-01 14:02:58.979,2206118435,269979,2,1.02759,-0.11279,-0.0813,-1.389,0.229,0.931,ergonomis
2026-06-01 14:02:58.179,2206117635,270179,1,0.72632,0.1311,0.8374,0.198,2.038,-0.962,ergonomis
2026-06-01 14:02:58.179,2206117635,270179,2,1.021,-0.10889,-0.0686,-0.786,0.527,-0.183,ergonomis
2026-06-01 14:02:59.379,2206118835,270379,1,0.71094,0.15039,0.84839,1.206,2.275,-0.076,ergonomis
2026-06-01 14:02:59.379,2206118835,270379,2,1.02759,-0.13062,-0.08447,-2.176,0.298,0.718,ergonomis
2026-06-01 14:02:59.579,2206119035,270579,1,0.7124,0.14111,0.84229,1.267,2.427,-1.298,ergonomis
2026-06-01 14:02:59.579,2206119035,270579,2,1.01855,-0.10474,-0.07202,-1.336,0.107,-0.198,ergonomis
2026-06-01 14:02:59.779,2206119235,270779,1,0.72168,0.13867,0.84155,-0.534,1.237,-1.031,ergonomis
2026-06-01 14:02:59.779,2206119235,270779,2,1.02979,-0.10107,-0.07227,-1.473,0.282,-0.176,ergonomis
2026-06-01 14:02:59.979,2206119435,270979,1,0.70264,0.15405,0.83984,2.504,2.328,-0.313,ergonomis
2026-06-01 14:02:59.979,2206119435,270979,2,1.02661,-0.10425,-0.08203,-2.069,0.038,0.679,ergonomis
2026-06-01 14:02:59.179,2206118635,271179,1,0.71802,0.14697,0.82617,-0.183,1.496,-0.84,ergonomis
2026-06-01 14:02:59.179,2206118635,271179,2,1.03711,-0.11328,-0.07104,-3.878,-0.107,0.405,ergonomis
2026-06-01 14:03:00.379,2206119835,271379,1,0.70654,0.15723,0.84253,2.779,3.229,-0.229,ergonomis
2026-06-01 14:03:00.379,2206119835,271379,2,1.02563,-0.10498,-0.0896,-4.42,0.13,1.397,ergonomis
2026-06-01 14:03:00.579,2206120035,271579,1,0.73242,0.14551,0.85132,-0.191,2.313,-1.725,ergonomis
2026-06-01 14:03:00.579,2206120035,271579,2,1.02197,-0.10376,-0.07739,0.359,0.092,-0.985,ergonomis
2026-06-01 14:03:00.779,2206120235,271779,1,0.7124,0.15649,0.83252,1.191,4.611,-1.618,ergonomis
2026-06-01 14:03:00.779,2206120235,271779,2,1.04102,-0.12256,-0.08862,-1.038,1.244,0.626,ergonomis
2026-06-01 14:03:00.979,2206120435,271979,1,0.68481,0.18042,0.86182,-3.992,0.962,-8.061,ergonomis
2026-06-01 14:03:00.979,2206120435,271979,2,1.01929,-0.12012,-0.06812,-0.336,2.221,0.389,ergonomis
2026-06-01 14:03:00.179,2206119635,272179,1,0.69019,0.15381,0.8606,-3.458,0.557,-4.137,ergonomis
2026-06-01 14:03:00.179,2206119635,272179,2,1.02539,-0.13501,-0.06348,-1.13,1.504,-0.183,ergonomis
2026-06-01 14:03:01.379,2206120835,272379,1,0.70605,0.15259,0.84888,-1.527,-1.13,-5.511,ergonomis
2026-06-01 14:03:01.379,2206120835,272379,2,1.03101,-0.11963,-0.0708,1.298,0.26,-3.237,ergonomis
2026-06-01 14:03:01.579,2206121035,272579,1,0.69946,0.15381,0.85474,-2.069,0.947,-2.519,ergonomis
2026-06-01 14:03:01.579,2206121035,272579,2,1.02393,-0.09692,-0.05151,-2.084,1.176,0.298,ergonomis
2026-06-01 14:03:01.779,2206121235,272779,1,0.71167,0.17261,0.85376,3.931,3.069,1.687,ergonomis
2026-06-01 14:03:01.779,2206121235,272779,2,1.02832,-0.09277,-0.06738,-1.359,0.481,-0.74,ergonomis
2026-06-01 14:03:01.979,2206121435,272979,1,0.7019,0.18359,0.86768,-2.817,0.901,-1.038,ergonomis
2026-06-01 14:03:01.979,2206121435,272979,2,1.01904,-0.09937,-0.05688,-0.351,-0.198,0.443,ergonomis
2026-06-01 14:03:01.179,2206120635,273179,1,0.69556,0.17578,0.86475,-1.183,0.809,1.985,ergonomis
2026-06-01 14:03:01.179,2206120635,273179,2,1.02295,-0.08984,-0.03442,0.809,0.275,1.206,ergonomis
2026-06-01 14:03:02.379,2206121835,273379,1,0.70654,0.16138,0.86011,1.015,1.573,-2.16,ergonomis
2026-06-01 14:03:02.379,2206121835,273379,2,1.02832,-0.0979,-0.05762,-3.443,0.511,2.13,ergonomis
2026-06-01 14:03:02.579,2206122035,273579,1,0.69873,0.17017,0.84521,2.275,3.763,0.901,ergonomis
2026-06-01 14:03:02.579,2206122035,273579,2,1.01855,-0.11426,-0.04736,-3.55,0.321,0.794,ergonomis
2026-06-01 14:03:02.779,2206122235,273779,1,0.69556,0.16333,0.85718,-1.534,0.634,-2.542,ergonomis
2026-06-01 14:03:02.779,2206122235,273779,2,1.02588,-0.10498,-0.05469,-2.504,1.664,0.435,ergonomis
2026-06-01 14:03:02.979,2206122435,273979,1,0.69116,0.1709,0.8606,-0.481,0.405,-3.779,ergonomis
2026-06-01 14:03:02.979,2206122435,273979,2,1.02051,-0.11938,-0.0564,-4.351,1.351,1.565,ergonomis
2026-06-01 14:03:02.179,2206121635,274179,1,0.70581,0.16284,0.86011,2.718,3.015,2.756,ergonomis
2026-06-01 14:03:02.179,2206121635,274179,2,1.02246,-0.09595,-0.06616,2.489,0.092,-1.527,ergonomis
2026-06-01 14:03:03.379,2206122835,274379,1,0.71094,0.17554,0.84717,-0.382,1.679,-2.168,ergonomis
2026-06-01 14:03:03.379,2206122835,274379,2,1.0271,-0.11914,-0.05664,-1.282,1.168,0.824,ergonomis
2026-06-01 14:03:03.579,2206123035,274579,1,0.69922,0.1665,0.85571,2.504,2.84,-0.641,ergonomis
2026-06-01 14:03:03.579,2206123035,274579,2,1.02441,-0.09863,-0.05835,0.893,0.382,-1.443,ergonomis
2026-06-01 14:03:03.779,2206123235,274779,1,0.69043,0.18408,0.84985,-2.397,0.244,-2.733,ergonomis
2026-06-01 14:03:03.779,2206123235,274779,2,1.01904,-0.09985,-0.04907,-4.809,1.145,2.374,ergonomis
2026-06-01 14:03:03.979,2206123435,274979,1,0.7002,0.1731,0.86768,2.733,1.809,1.954,ergonomis
2026-06-01 14:03:03.979,2206123435,274979,2,1.03149,-0.09106,-0.06665,-0.137,-0.427,0.542,ergonomis
2026-06-01 14:03:03.179,2206122635,275179,1,0.70459,0.18091,0.8457,-0.565,0.351,-2.221,ergonomis
2026-06-01 14:03:03.179,2206122635,275179,2,1.02002,-0.11865,-0.0564,-3.641,0.702,2.603,ergonomis
2026-06-01 14:03:04.379,2206123835,275379,1,0.70776,0.15625,0.84058,0.481,1.87,1.038,ergonomis
2026-06-01 14:03:04.379,2206123835,275379,2,1.02661,-0.10986,-0.05688,0.412,0.008,-0.794,ergonomis
2026-06-01 14:03:04.579,2206124035,275579,1,0.70435,0.17725,0.84155,-1.061,1.855,-1.458,ergonomis
2026-06-01 14:03:04.579,2206124035,275579,2,1.02344,-0.11255,-0.05176,-4.374,0.817,1.336,ergonomis
2026-06-01 14:03:04.779,2206124235,275779,1,0.70166,0.1687,0.84692,1.267,1.962,0.145,ergonomis
2026-06-01 14:03:04.779,2206124235,275779,2,1.02808,-0.10864,-0.073,-2.046,-0.298,0.29,ergonomis
2026-06-01 14:03:04.979,2206124435,275979,1,0.70361,0.16187,0.83398,-1.321,0.901,-1.099,ergonomis
2026-06-01 14:03:04.979,2206124435,275979,2,1.02539,-0.11792,-0.05273,-2.565,0.298,1.0,ergonomis
2026-06-01 14:03:04.179,2206123635,276179,1,0.70898,0.17407,0.85522,2.641,1.45,-0.969,ergonomis
2026-06-01 14:03:04.179,2206123635,276179,2,1.02856,-0.1123,-0.07349,-3.687,0.779,1.328,ergonomis
2026-06-01 14:03:05.379,2206124835,276379,1,0.71021,0.17529,0.84155,-2.099,0.84,-2.313,ergonomis
2026-06-01 14:03:05.379,2206124835,276379,2,1.02295,-0.12085,-0.05518,-2.527,-0.168,0.664,ergonomis
2026-06-01 14:03:05.579,2206125035,276579,1,0.70752,0.17065,0.84644,3.305,2.947,1.084,ergonomis
2026-06-01 14:03:05.579,2206125035,276579,2,1.02856,-0.11157,-0.073,-0.672,0.565,-0.42,ergonomis
2026-06-01 14:03:05.779,2206125235,276779,1,0.69727,0.1731,0.84961,-1.351,2.809,-1.58,ergonomis
2026-06-01 14:03:05.779,2206125235,276779,2,1.02539,-0.11304,-0.04932,2.366,1.061,-1.969,ergonomis
2026-06-01 14:03:05.979,2206125435,276979,1,0.69556,0.17041,0.85913,3.924,5.046,2.328,ergonomis
2026-06-01 14:03:05.979,2206125435,276979,2,1.02002,-0.08472,-0.07397,-0.061,1.992,-1.282,ergonomis
2026-06-01 14:03:05.179,2206124635,277179,1,0.68091,0.17432,0.86328,-3.496,0.733,-3.924,ergonomis
2026-06-01 14:03:05.179,2206124635,277179,2,1.02002,-0.10645,-0.03174,-4.107,1.817,1.053,ergonomis
2026-06-01 14:03:06.379,2206125835,277379,1,0.69434,0.18457,0.86548,2.824,1.504,2.679,ergonomis
2026-06-01 14:03:06.379,2206125835,277379,2,1.0271,-0.08936,-0.05908,-1.855,-0.45,-0.252,ergonomis
2026-06-01 14:03:06.579,2206126035,277579,1,0.69873,0.15698,0.87061,-0.702,0.061,-1.092,ergonomis
2026-06-01 14:03:06.579,2206126035,277579,2,1.03345,-0.10059,-0.05054,2.282,-0.672,-0.076,ergonomis
2026-06-01 14:03:06.779,2206126235,277779,1,0.69678,0.16162,0.84131,-0.069,1.931,0.191,ergonomis
2026-06-01 14:03:06.779,2206126235,277779,2,1.0166,-0.10474,-0.05469,-3.366,0.832,2.221,ergonomis
2026-06-01 14:03:06.979,2206126435,277979,1,0.69678,0.15234,0.875,3.0,3.29,2.115,ergonomis
2026-06-01 14:03:06.979,2206126435,277979,2,1.02246,-0.10376,-0.04785,-0.939,2.221,0.053,ergonomis
2026-06-01 14:03:06.179,2206125635,278179,1,0.68359,0.15991,0.85205,-0.099,0.519,-1.832,ergonomis
2026-06-01 14:03:06.179,2206125635,278179,2,1.01953,-0.10913,-0.04614,-6.328,1.076,2.382,ergonomis
2026-06-01 14:03:07.379,2206126835,278379,1,0.6958,0.15674,0.85913,2.725,3.13,1.45,ergonomis
2026-06-01 14:03:07.379,2206126835,278379,2,1.02222,-0.10254,-0.06348,0.046,-0.13,-0.656,ergonomis
2026-06-01 14:03:07.579,2206127035,278579,1,0.6958,0.15649,0.84961,-2.267,0.29,-2.847,ergonomis
2026-06-01 14:03:07.579,2206127035,278579,2,1.02954,-0.11987,-0.03491,-3.473,0.389,1.939,ergonomis
2026-06-01 14:03:07.779,2206127235,278779,1,0.69409,0.15479,0.86597,2.527,2.443,1.695,ergonomis
2026-06-01 14:03:07.779,2206127235,278779,2,1.03003,-0.10474,-0.07129,-0.527,-0.641,0.29,ergonomis
2026-06-01 14:03:07.979,2206127435,278979,1,0.68701,0.15308,0.85181,-1.504,1.214,-1.107,ergonomis
2026-06-01 14:03:07.979,2206127435,278979,2,1.02661,-0.11743,-0.03809,-1.718,1.672,1.153,ergonomis
2026-06-01 14:03:07.179,2206126635,279179,1,0.68286,0.16406,0.86768,2.893,3.275,0.473,ergonomis
2026-06-01 14:03:07.179,2206126635,279179,2,1.02686,-0.10156,-0.06738,-0.55,0.214,1.244,ergonomis
2026-06-01 14:03:08.379,2206127835,279379,1,0.698,0.15698,0.84595,-1.786,0.802,-1.573,ergonomis
2026-06-01 14:03:08.379,2206127835,279379,2,1.02344,-0.12939,-0.0376,-2.87,1.847,1.557,ergonomis
2026-06-01 14:03:08.579,2206128035,279579,1,0.68799,0.15088,0.87598,0.992,3.282,0.885,ergonomis
2026-06-01 14:03:08.579,2206128035,279579,2,1.02686,-0.10278,-0.06055,0.718,-0.214,-0.198,ergonomis
2026-06-01 14:03:08.779,2206128235,279779,1,0.69385,0.16016,0.85938,-1.107,1.595,-2.649,ergonomis
2026-06-01 14:03:08.779,2206128235,279779,2,1.02148,-0.12085,-0.02661,-3.374,1.031,1.534,ergonomis
2026-06-01 14:03:08.979,2206128435,279979,1,0.69238,0.15088,0.86938,2.84,3.008,1.618,ergonomis
2026-06-01 14:03:08.979,2206128435,279979,2,1.02832,-0.09277,-0.04736,2.008,-0.588,-1.481,ergonomis
2026-06-01 14:03:08.179,2206127635,280179,1,0.69556,0.16968,0.854,-0.573,1.29,-2.573,ergonomis
2026-06-01 14:03:08.179,2206127635,280179,2,1.0271,-0.1272,-0.0437,-3.13,1.84,1.756,ergonomis
2026-06-01 14:03:09.379,2206128835,280379,1,0.6814,0.14453,0.87939,1.382,-2.748,1.443,ergonomis
2026-06-01 14:03:09.379,2206128835,280379,2,1.02075,-0.09473,-0.04004,-4.649,-2.275,1.397,ergonomis
2026-06-01 14:03:09.579,2206129035,280579,1,0.70044,0.15698,0.84521,-0.435,-2.458,-3.412,ergonomis
2026-06-01 14:03:09.579,2206129035,280579,2,1.03076,-0.11279,-0.05347,-6.092,-1.229,1.969,ergonomis
2026-06-01 14:03:09.779,2206129235,280779,1,0.70068,0.14722,0.8313,2.26,-1.13,0.893,ergonomis
2026-06-01 14:03:09.779,2206129235,280779,2,1.00977,-0.11914,-0.06006,-1.893,,0.443,ergonomis
2026-06-01 14:03:09.979,2206129435,280979,1,0.71875,0.15942,0.84204,-0.046,0.924,-1.481,ergonomis
2026-06-01 14:03:09.979,2206129435,280979,2,1.0166,-0.10791,-0.03247,-2.221,1.412,1.069,ergonomis
2026-06-01 14:03:09.179,2206128635,281179,1,0.70776,0.14404,0.85791,0.893,3.0,0.359,ergonomis
2026-06-01 14:03:09.179,2206128635,281179,2,1.03491,-0.12354,-0.03076,-2.771,0.305,0.969,ergonomis
2026-06-01 14:03:10.379,2206129835,281379,1,0.7041,0.16479,0.8418,2.137,1.908,-0.214,ergonomis
2026-06-01 14:03:10.379,2206129835,281379,2,1.0354,-0.11597,-0.06714,-0.328,0.969,0.527,ergonomis
2026-06-01 14:03:10.579,2206130035,281579,1,0.70483,0.14526,0.84521,-1.802,1.344,-0.42,ergonomis
2026-06-01 14:03:10.579,2206130035,281579,2,1.02612,-0.11768,-0.03198,-1.58,1.099,0.389,ergonomis
2026-06-01 14:03:10.779,2206130235,281779,1,0.70605,0.15552,0.8667,1.046,5.412,-0.374,ergonomis
2026-06-01 14:03:10.779,2206130235,281779,2,1.02734,-0.10864,-0.04761,0.206,0.443,-1.176,ergonomis
2026-06-01 14:03:10.979,2206130435,281979,1,0.68994,0.15234,0.84082,-1.336,-0.45,-2.237,ergonomis
2026-06-01 14:03:10.979,2206130435,281979,2,1.02466,-0.13428,-0.01855,-2.901,0.084,0.794,ergonomis
2026-06-01 14:03:10.179,2206129635,282179,1,0.69775,0.1687,0.85303,2.695,4.26,0.008,ergonomis
2026-06-01 14:03:10.179,2206129635,282179,2,1.02197,-0.09937,-0.04443,-0.107,1.137,-1.16,ergonomis
2026-06-01 14:03:11.379,2206130835,282379,1,0.69141,0.1604,0.85303,-3.511,1.252,-2.275,ergonomis
2026-06-01 14:03:11.379,2206130835,282379,2,1.02319,-0.10815,-0.03833,-2.061,1.031,1.366,ergonomis
2026-06-01 14:03:11.579,2206131035,282579,1,0.69556,0.177,0.88306,4.13,4.58,1.489,ergonomis
2026-06-01 14:03:11.579,2206131035,282579,2,1.03296,-0.10425,-0.04346,0.229,1.534,-0.305,ergonomis
2026-06-01 14:03:11.779,2206131235,282779,1,0.68921,0.15527,0.87012,-3.29,0.725,-1.611,ergonomis
2026-06-01 14:03:11.779,2206131235,282779,2,1.01685,-0.11279,-0.01538,-0.374,1.443,-0.099,ergonomis
2026-06-01 14:03:11.979,2206131435,282979,1,0.68042,0.15942,0.88184,4.771,3.733,0.847,ergonomis
2026-06-01 14:03:11.979,2206131435,282979,2,1.02954,-0.09521,-0.04199,-0.786,0.191,-1.115,ergonomis
2026-06-01 14:03:11.179,2206130635,283179,1,0.67871,0.15186,0.87451,-3.511,-0.313,-2.183,ergonomis
2026-06-01 14:03:11.179,2206130635,283179,2,1.02466,-0.12305,-0.02075,-1.718,-0.237,0.237,ergonomis
2026-06-01 14:03:12.379,2206131835,283379,1,0.68091,0.17358,0.87476,5.092,3.298,3.099,ergonomis
2026-06-01 14:03:12.379,2206131835,283379,2,1.02905,-0.08936,-0.0498,-2.802,0.985,1.527,ergonomis
2026-06-01 14:03:12.579,2206132035,283579,1,0.68726,0.14697,0.8562,-2.053,0.87,-1.389,ergonomis
2026-06-01 14:03:12.579,2206132035,283579,2,1.02417,-0.11768,-0.01123,-2.977,1.366,1.641,ergonomis
2026-06-01 14:03:12.779,2206132235,283779,1,0.67139,0.1665,0.86475,3.13,4.244,1.725,ergonomis
2026-06-01 14:03:12.779,2206132235,283779,2,1.02515,-0.09058,-0.04175,-0.557,-1.412,-0.756,ergonomis
2026-06-01 14:03:12.979,2206132435,283979,1,0.68774,0.15649,0.85986,-2.595,0.168,-1.359,ergonomis
2026-06-01 14:03:12.979,2206132435,283979,2,1.01953,-0.10522,-0.03052,-3.679,0.58,1.992,ergonomis
2026-06-01 14:03:12.179,2206131635,284179,1,0.67334,0.1543,0.87183,3.763,2.58,0.573,ergonomis
2026-06-01 14:03:12.179,2206131635,284179,2,1.0105,-0.08643,-0.0332,-0.863,0.053,0.282,ergonomis
2026-06-01 14:03:13.379,2206132835,284379,1,0.68652,0.15112,0.87329,-2.55,0.756,-1.229,ergonomis
2026-06-01 14:03:13.379,2206132835,284379,2,1.02832,-0.10474,-0.02466,-2.618,0.275,1.023,ergonomis
2026-06-01 14:03:13.579,2206133035,284579,1,0.69067,0.15771,0.87427,3.427,3.557,0.931,ergonomis
2026-06-01 14:03:13.579,2206133035,284579,2,1.02661,-0.09082,-0.04175,1.282,0.313,-0.527,ergonomis
2026-06-01 14:03:13.779,2206133235,284779,1,0.6897,0.15405,0.85962,-0.672,0.626,-2.786,ergonomis
2026-06-01 14:03:13.779,2206133235,284779,2,1.02173,-0.10864,-0.02759,-2.687,1.687,0.878,ergonomis
2026-06-01 14:03:13.979,2206133435,284979,1,0.67798,0.15967,0.88159,1.885,3.206,0.626,ergonomis
2026-06-01 14:03:13.979,2206133435,284979,2,1.02881,-0.08716,-0.0271,1.405,-0.473,-2.534,ergonomis
2026-06-01 14:03:13.179,2206132635,285179,1,0.68433,0.17212,0.86206,-0.885,1.649,-3.038,ergonomis
2026-06-01 14:03:13.179,2206132635,285179,2,1.02197,-0.09277,-0.02637,-2.023,1.092,0.382,ergonomis
2026-06-01 14:03:14.379,2206133835,285379,1,0.66675,0.15698,0.89307,2.267,2.336,0.336,ergonomis
2026-06-01 14:03:14.379,2206133835,285379,2,1.03174,-0.0813,-0.03223,0.107,-0.496,-0.229,ergonomis
2026-06-01 14:03:14.579,2206134035,285579,1,0.68701,0.17407,0.86328,2.954,1.763,1.443,ergonomis
2026-06-01 14:03:14.579,2206134035,285579,2,1.02319,-0.08643,-0.03882,-2.74,0.55,1.13,ergonomis
2026-06-01 14:03:14.779,2206134235,285779,1,0.6748,0.15137,0.87769,1.29,3.718,1.908,ergonomis
2026-06-01 14:03:14.779,2206134235,285779,2,1.03198,-0.06934,-0.03662,0.687,-0.252,-0.733,ergonomis
2026-06-01 14:03:14.979,2206134435,285979,1,0.68286,0.16577,0.88159,-1.809,1.351,-2.313,ergonomis
2026-06-01 14:03:14.979,2206134435,285979,2,1.03613,-0.08643,-0.03613,-2.626,0.878,1.962,ergonomis
2026-06-01 14:03:14.179,2206133635,286179,1,0.66797,0.14575,0.87671,0.427,3.115,1.122,ergonomis
2026-06-01 14:03:14.179,2206133635,286179,2,1.03052,-0.07349,-0.01953,-0.626,0.221,,ergonomis
2026-06-01 14:03:15.379,2206134835,286379,1,0.67798,0.17529,0.88062,-0.115,0.725,-2.573,ergonomis
2026-06-01 14:03:15.379,2206134835,286379,2,1.03296,-0.08594,-0.0481,-4.496,0.206,1.588,ergonomis
2026-06-01 14:03:15.579,2206135035,286579,1,0.68506,0.1543,0.86743,0.168,1.763,1.695,ergonomis
2026-06-01 14:03:15.579,2206135035,286579,2,1.02124,-0.07837,-0.01831,-1.122,-0.206,0.351,ergonomis
2026-06-01 14:03:15.779,2206135235,286779,1,0.6875,0.17383,0.88379,1.29,0.511,-2.237,ergonomis
2026-06-01 14:03:15.779,2206135235,286779,2,1.03296,-0.08862,-0.04053,-3.542,0.511,1.626,ergonomis
2026-06-01 14:03:15.979,2206135435,286979,1,0.67993,0.14331,0.86304,-0.855,1.626,0.252,ergonomis
2026-06-01 14:03:15.979,2206135435,286979,2,1.0293,-0.08813,-0.02222,-0.45,0.481,0.863,ergonomis
2026-06-01 14:03:15.179,2206134635,287179,1,0.68408,0.16431,0.87207,1.0,1.038,-1.603,ergonomis
2026-06-01 14:03:15.179,2206134635,287179,2,1.0354,-0.09009,-0.05347,-1.588,0.412,0.557,ergonomis
2026-06-01 14:03:16.379,2206135835,287379,1,0.67847,0.14868,0.88184,-0.756,1.664,0.527,ergonomis
2026-06-01 14:03:16.379,2206135835,287379,2,1.03052,-0.09277,-0.03076,0.405,0.832,-0.573,ergonomis
2026-06-01 14:03:16.579,2206136035,287579,1,0.67822,0.17529,0.88843,2.061,1.634,-0.947,ergonomis
2026-06-01 14:03:16.579,2206136035,287579,2,1.02808,-0.08789,-0.04297,-2.389,,1.0,ergonomis
2026-06-01 14:03:16.779,2206136235,287779,1,0.68433,0.15259,0.86963,-2.389,0.527,-1.557,ergonomis
2026-06-01 14:03:16.779,2206136235,287779,2,1.02344,-0.08618,-0.01563,0.145,-0.183,1.008,ergonomis
2026-06-01 14:03:16.979,2206136435,287979,1,0.69409,0.16699,0.875,3.656,2.847,0.649,ergonomis
2026-06-01 14:03:16.979,2206136435,287979,2,1.03833,-0.08716,-0.04492,0.443,0.802,0.351,ergonomis
2026-06-01 14:03:16.179,2206135635,288179,1,0.67847,0.14771,0.88037,-2.74,0.679,-1.145,ergonomis
2026-06-01 14:03:16.179,2206135635,288179,2,1.02539,-0.10156,-0.01392,0.092,1.298,0.939,ergonomis
2026-06-01 14:03:17.379,2206136835,288379,1,0.68335,0.15942,0.87524,0.481,1.527,-1.122,ergonomis
2026-06-01 14:03:17.379,2206136835,288379,2,1.03467,-0.0896,-0.03296,-1.092,-0.29,0.359,ergonomis
2026-06-01 14:03:17.579,2206137035,288579,1,0.68359,0.14307,0.86621,-2.405,0.244,-2.344,ergonomis
2026-06-01 14:03:17.579,2206137035,288579,2,1.02295,-0.10278,-0.03564,-1.885,0.527,-0.038,ergonomis
2026-06-01 14:03:17.779,2206137235,288779,1,0.67847,0.16675,0.86743,1.595,1.137,-0.626,ergonomis
2026-06-01 14:03:17.779,2206137235,288779,2,1.03149,-0.08423,-0.03418,-2.267,-0.206,0.305,ergonomis
2026-06-01 14:03:17.979,2206137435,288979,1,0.68823,0.15601,0.85669,-0.687,1.634,-0.863,ergonomis
2026-06-01 14:03:17.979,2206137435,288979,2,1.01855,-0.09863,-0.04028,-3.282,0.565,0.527,ergonomis
2026-06-01 14:03:17.179,2206136635,289179,1,0.6748,0.16821,0.87085,2.55,2.092,-0.092,ergonomis
2026-06-01 14:03:17.179,2206136635,289179,2,1.0293,-0.08716,-0.03589,-2.176,0.084,0.366,ergonomis
2026-06-01 14:03:18.379,2206137835,289379,1,0.68945,0.17578,0.87451,-0.328,2.061,-2.069,ergonomis
2026-06-01 14:03:18.379,2206137835,289379,2,1.02686,-0.09473,-0.04004,-3.427,0.282,0.573,ergonomis
2026-06-01 14:03:18.579,2206138035,289579,1,0.67383,0.14917,0.87915,1.046,1.985,0.038,ergonomis
2026-06-01 14:03:18.579,2206138035,289579,2,1.02954,-0.0813,-0.04028,-0.458,-0.466,,ergonomis
2026-06-01 14:03:18.779,2206138235,289779,1,0.68677,0.16821,0.8645,-0.328,0.565,-2.656,ergonomis
2026-06-01 14:03:18.779,2206138235,289779,2,1.02222,-0.09595,-0.05151,-2.733,0.992,1.664,ergonomis
2026-06-01 14:03:18.979,2206138435,289979,1,0.68726,0.15259,0.87427,2.122,3.496,1.748,ergonomis
2026-06-01 14:03:18.979,2206138435,289979,2,1.02808,-0.07642,-0.04297,2.489,0.16,-1.099,ergonomis
2026-06-01 14:03:18.179,2206137635,290179,1,0.68164,0.16968,0.86475,-1.748,1.626,-2.603,ergonomis
2026-06-01 14:03:18.179,2206137635,290179,2,1.02441,-0.1062,-0.04321,-3.191,1.443,2.412,ergonomis
2026-06-01 14:03:19.379,2206138835,290379,1,0.67627,0.16211,0.87622,3.031,2.435,1.649,ergonomis
2026-06-01 14:03:19.379,2206138835,290379,2,1.03564,-0.0791,-0.04028,-0.321,-0.275,-0.099,ergonomis
2026-06-01 14:03:19.579,2206139035,290579,1,0.68237,0.15991,0.85352,-2.282,1.695,-1.603,ergonomis
2026-06-01 14:03:19.579,2206139035,290579,2,1.02539,-0.09253,-0.02856,0.214,1.557,0.817,ergonomis
2026-06-01 14:03:19.779,2206139235,290779,1,0.68066,0.15576,0.87109,1.763,2.916,-0.603,ergonomis
2026-06-01 14:03:19.779,2206139235,290779,2,1.02515,-0.08984,-0.03638,-0.885,-0.008,0.725,ergonomis
2026-06-01 14:03:19.979,2206139435,290979,1,0.69067,0.15039,0.85742,-1.229,1.527,-0.427,ergonomis
2026-06-01 14:03:19.979,2206139435,290979,2,1.02905,-0.10767,-0.01904,-0.275,-1.008,0.733,ergonomis
2026-06-01 14:03:19.179,2206138635,291179,1,0.69312,0.16602,0.87061,3.847,2.198,-2.496,ergonomis
2026-06-01 14:03:19.179,2206138635,291179,2,1.02734,-0.09985,-0.04639,-3.481,1.458,0.84,ergonomis
2026-06-01 14:03:20.379,2206139835,291379,1,0.67163,0.14526,0.88062,0.313,2.0,0.115,ergonomis
2026-06-01 14:03:20.379,2206139835,291379,2,1.02588,-0.09033,-0.02124,-1.382,-0.145,-1.42,ergonomis
2026-06-01 14:03:20.579,2206140035,291579,1,0.67041,0.1875,0.8728,-0.328,0.74,-3.351,ergonomis
2026-06-01 14:03:20.579,2206140035,291579,2,1.0332,-0.07764,-0.04834,-3.725,-0.962,0.794,ergonomis
2026-06-01 14:03:20.779,2206140235,291779,1,0.67749,0.1626,0.86035,0.023,1.397,-0.45,ergonomis
2026-06-01 14:03:20.779,2206140235,291779,2,1.03564,-0.08154,-0.04541,-0.397,-0.45,-0.206,ergonomis
2026-06-01 14:03:20.979,2206140435,291979,1,0.67554,0.18896,0.86987,1.275,1.962,-0.481,ergonomis
2026-06-01 14:03:20.979,2206140435,291979,2,1.04224,-0.08936,-0.04956,-3.847,0.702,1.26,ergonomis
2026-06-01 14:03:20.179,2206139635,292179,1,0.68091,0.16064,0.86304,-2.794,0.26,-1.198,ergonomis
2026-06-01 14:03:20.179,2206139635,292179,2,1.03589,-0.08887,-0.03149,0.779,-0.641,-0.366,ergonomis
2026-06-01 14:03:21.379,2206140835,292379,1,0.68457,0.1792,0.86743,0.748,2.489,-1.389,ergonomis
2026-06-01 14:03:21.379,2206140835,292379,2,1.02271,-0.10132,-0.05078,-2.924,1.45,2.031,ergonomis
2026-06-01 14:03:21.579,2206141035,292579,1,0.68701,0.15063,0.875,1.534,3.053,1.031,ergonomis
2026-06-01 14:03:21.579,2206141035,292579,2,1.02441,-0.08887,-0.03345,2.611,0.168,-1.817,ergonomis
2026-06-01 14:03:21.779,2206141235,292779,1,0.66895,0.16797,0.86426,-1.42,1.626,-2.275,ergonomis
2026-06-01 14:03:21.779,2206141235,292779,2,1.03003,-0.09497,-0.02734,-1.649,1.221,1.328,ergonomis
2026-06-01 14:03:21.979,2206141435,292979,1,0.67212,0.16357,0.8645,2.176,2.565,0.802,ergonomis
2026-06-01 14:03:21.979,2206141435,292979,2,1.02441,-0.08179,-0.04517,-0.725,1.145,0.267,ergonomis
2026-06-01 14:03:21.179,2206140635,293179,1,0.67773,0.17749,0.87524,0.573,2.794,-0.664,ergonomis
2026-06-01 14:03:21.179,2206140635,293179,2,1.02222,-0.08423,-0.03369,-2.122,0.076,1.237,ergonomis
2026-06-01 14:03:22.379,2206141835,293379,1,0.69238,0.16284,0.87817,-0.435,1.55,0.061,ergonomis
2026-06-01 14:03:22.379,2206141835,293379,2,1.03003,-0.08032,-0.04736,0.069,-0.053,-0.183,ergonomis
2026-06-01 14:03:22.579,2206142035,293579,1,0.67749,0.16699,0.87378,0.519,0.809,0.389,ergonomis
2026-06-01 14:03:22.579,2206142035,293579,2,1.03101,-0.08496,-0.03613,,-0.183,0.168,ergonomis
2026-06-01 14:03:22.779,2206142235,293779,1,0.68677,0.17944,0.86621,1.015,1.939,-1.13,ergonomis
2026-06-01 14:03:22.779,2206142235,293779,2,1.02197,-0.09253,-0.03735,-2.145,0.733,1.328,ergonomis
2026-06-01 14:03:22.979,2206142435,293979,1,0.68701,0.16577,0.87256,2.84,3.595,1.84,ergonomis
2026-06-01 14:03:22.979,2206142435,293979,2,1.03857,-0.0813,-0.03369,1.473,-0.405,-1.489,ergonomis
2026-06-01 14:03:22.179,2206141635,294179,1,0.6687,0.16455,0.86328,-2.015,0.031,-2.832,ergonomis
2026-06-01 14:03:22.179,2206141635,294179,2,1.04541,-0.10059,-0.02368,-2.947,0.511,1.458,ergonomis
2026-06-01 14:03:23.379,2206142835,294379,1,0.68408,0.16992,0.86768,1.206,2.893,-0.443,ergonomis
2026-06-01 14:03:23.379,2206142835,294379,2,1.01416,-0.07935,-0.05347,-3.519,0.076,0.389,ergonomis
2026-06-01 14:03:23.579,2206143035,294579,1,0.69019,0.1604,0.87964,0.305,2.45,0.344,ergonomis
2026-06-01 14:03:23.579,2206143035,294579,2,1.02808,-0.06885,-0.03882,0.137,-0.695,-1.183,ergonomis
2026-06-01 14:03:23.779,2206143235,294779,1,0.67896,0.16626,0.86255,0.046,0.481,-1.282,ergonomis
2026-06-01 14:03:23.779,2206143235,294779,2,1.02783,-0.09937,-0.02026,-3.595,0.427,2.183,ergonomis
2026-06-01 14:03:23.979,2206143435,294979,1,0.69043,0.16943,0.87378,1.298,1.725,0.573,ergonomis
2026-06-01 14:03:23.979,2206143435,294979,2,1.01978,-0.09302,-0.04517,-1.321,0.618,0.901,ergonomis
2026-06-01 14:03:23.179,2206142635,295179,1,0.70117,0.15088,0.87329,0.198,2.153,-0.191,ergonomis
2026-06-01 14:03:23.179,2206142635,295179,2,1.02295,-0.08594,-0.04688,1.802,0.305,-0.069,ergonomis
2026-06-01 14:03:24.379,2206143835,295379,1,0.67603,0.1626,0.85913,-1.069,1.84,-1.412,ergonomis
2026-06-01 14:03:24.379,2206143835,295379,2,1.01929,-0.10352,-0.04834,-2.382,1.427,1.718,ergonomis
2026-06-01 14:03:24.579,2206144035,295579,1,0.67871,0.16284,0.87817,2.901,2.298,1.42,ergonomis
2026-06-01 14:03:24.579,2206144035,295579,2,1.03101,-0.0791,-0.05273,0.389,-0.191,-0.58,ergonomis
2026-06-01 14:03:24.779,2206144235,295779,1,0.68823,0.15771,0.85962,-1.267,0.641,-2.023,ergonomis
2026-06-01 14:03:24.779,2206144235,295779,2,1.03247,-0.09546,-0.04224,-1.779,1.038,1.107,ergonomis
2026-06-01 14:03:24.979,2206144435,295979,1,0.68018,0.16992,0.87256,1.595,2.191,0.008,ergonomis
2026-06-01 14:03:24.979,2206144435,295979,2,1.0271,-0.08228,-0.04883,-1.221,0.618,0.595,ergonomis
2026-06-01 14:03:24.179,2206143635,296179,1,0.69312,0.16431,0.86182,0.015,0.863,-1.176,ergonomis
2026-06-01 14:03:24.179,2206143635,296179,2,1.02393,-0.1001,-0.0332,-0.947,0.626,0.397,ergonomis
2026-06-01 14:03:25.379,2206144835,296379,1,0.68457,0.16895,0.85693,1.443,1.771,-0.092,ergonomis
2026-06-01 14:03:25.379,2206144835,296379,2,1.02954,-0.08472,-0.05054,0.321,0.229,0.26,ergonomis
2026-06-01 14:03:25.579,2206145035,296579,1,0.68604,0.15723,0.86597,-0.534,1.038,-0.695,ergonomis
2026-06-01 14:03:25.579,2206145035,296579,2,1.02954,-0.09717,-0.04028,-0.939,0.885,0.695,ergonomis
2026-06-01 14:03:25.779,2206145235,296779,1,0.68555,0.16699,0.85718,1.008,1.534,-0.313,ergonomis
2026-06-01 14:03:25.779,2206145235,296779,2,1.01782,-0.08569,-0.03687,-1.893,0.672,0.55,ergonomis
2026-06-01 14:03:25.979,2206145435,296979,1,0.68311,0.15747,0.86816,1.015,2.16,-0.237,ergonomis
2026-06-01 14:03:25.979,2206145435,296979,2,1.02539,-0.08984,-0.04102,-2.374,0.099,0.489,ergonomis
2026-06-01 14:03:25.179,2206144635,297179,1,0.68652,0.16138,0.86279,0.252,1.389,-0.901,ergonomis
2026-06-01 14:03:25.179,2206144635,297179,2,1.02661,-0.0896,-0.03687,-2.13,-0.008,0.214,ergonomis
2026-06-01 14:03:26.379,2206145835,297379,1,0.68457,0.16479,0.86938,-0.153,1.985,-1.168,ergonomis
2026-06-01 14:03:26.379,2206145835,297379,2,1.03027,-0.08472,-0.03955,-2.611,-0.076,0.511,ergonomis
2026-06-01 14:03:26.579,2206146035,297579,1,0.69214,0.1665,0.86572,1.351,1.321,-0.481,ergonomis
2026-06-01 14:03:26.579,2206146035,297579,2,1.02148,-0.08887,-0.04639,-2.351,0.542,0.74,ergonomis
2026-06-01 14:03:26.779,2206146235,297779,1,0.69189,0.1665,0.85986,1.405,1.931,-0.672,ergonomis
2026-06-01 14:03:26.779,2206146235,297779,2,1.01855,-0.08887,-0.05591,-2.397,0.229,0.573,ergonomis
2026-06-01 14:03:26.979,2206146435,297979,1,0.67993,0.15771,0.86768,0.427,1.664,-0.023,ergonomis
2026-06-01 14:03:26.979,2206146435,297979,2,1.02661,-0.08838,-0.04541,-1.153,0.107,0.458,ergonomis
2026-06-01 14:03:26.179,2206145635,298179,1,0.6897,0.16821,0.86743,0.573,1.611,-0.656,ergonomis
2026-06-01 14:03:26.179,2206145635,298179,2,1.03247,-0.0957,-0.04175,-1.458,0.863,1.13,ergonomis
2026-06-01 14:03:27.379,2206146835,298379,1,0.68726,0.16553,0.85913,-0.321,1.649,-1.595,ergonomis
2026-06-01 14:03:27.379,2206146835,298379,2,1.0354,-0.09595,-0.03809,-0.725,1.038,0.794,ergonomis
2026-06-01 14:03:27.579,2206147035,298579,1,0.6875,0.15967,0.86865,1.26,2.656,-0.023,ergonomis
2026-06-01 14:03:27.579,2206147035,298579,2,1.02563,-0.09961,-0.04492,-0.137,0.473,0.053,ergonomis
2026-06-01 14:03:27.779,2206147235,298779,1,0.68726,0.15625,0.86353,-1.328,0.87,-1.42,ergonomis
2026-06-01 14:03:27.779,2206147235,298779,2,1.02881,-0.10156,-0.03882,-0.267,0.947,0.977,ergonomis
2026-06-01 14:03:27.979,2206147435,298979,1,0.69458,0.17651,0.85938,0.458,2.221,-1.611,ergonomis
2026-06-01 14:03:27.979,2206147435,298979,2,1.02051,-0.09106,-0.04858,-2.015,1.397,1.069,ergonomis
2026-06-01 14:03:27.179,2206146635,299179,1,0.69507,0.15747,0.87085,1.412,2.573,0.496,ergonomis
2026-06-01 14:03:27.179,2206146635,299179,2,1.03101,-0.07593,-0.04761,0.405,-0.13,-0.221,ergonomis
2026-06-01 14:03:28.379,2206147835,299379,1,0.68359,0.16528,0.87744,-2.061,0.786,-1.893,ergonomis
2026-06-01 14:03:28.379,2206147835,299379,2,1.02832,-0.10132,-0.02979,-2.58,0.885,1.885,ergonomis
2026-06-01 14:03:28.579,2206148035,299579,1,0.68726,0.17065,0.87915,2.107,1.687,0.206,ergonomis
2026-06-01 14:03:28.579,2206148035,299579,2,1.02637,-0.09204,-0.05542,-2.198,0.55,1.084,ergonomis
2026-06-01 14:03:28.779,2206148235,299779,1,0.68726,0.14844,0.86743,-0.107,2.344,0.58,ergonomis
2026-06-01 14:03:28.779,2206148235,299779,2,1.03076,-0.09644,-0.04395,-0.916,0.137,0.542,ergonomis
2026-06-01 14:03:28.979,2206148435,299979,1,0.67871,0.17261,0.86084,1.473,1.298,-1.305,ergonomis
2026-06-01 14:03:28.979,2206148435,299979,2,1.02783,-0.10791,-0.04614,-4.504,0.748,1.366,ergonomis
2026-06-01 14:03:28.179,2206147635,300179,1,0.67578,0.15186,0.8689,-0.702,1.511,0.214,ergonomis
2026-06-01 14:03:28.179,2206147635,300179,2,1.02539,-0.09961,-0.03882,-1.198,-2.069,-0.092,ergonomis
2026-06-01 14:03:29.379,2206148835,300379,1,0.68018,0.16333,0.86377,0.282,-1.076,-2.405,ergonomis
2026-06-01 14:03:29.379,2206148835,300379,2,1.02612,-0.10718,-0.05566,-6.351,-2.458,3.359,ergonomis
2026-06-01 14:03:29.579,2206149035,300579,1,0.70679,0.16187,0.85815,0.206,-1.84,-1.916,ergonomis
2026-06-01 14:03:29.579,2206149035,300579,2,1.01294,-0.09814,-0.05713,-3.366,-3.389,1.687,ergonomis
2026-06-01 14:03:29.779,2206149235,300779,1,0.71167,0.17163,0.83618,0.282,-1.382,-1.374,ergonomis
2026-06-01 14:03:29.779,2206149235,300779,2,1.02856,-0.11694,-0.07178,-2.107,-0.443,2.137,ergonomis
2026-06-01 14:03:29.979,2206149435,300979,1,0.71924,0.16113,0.84229,0.473,1.534,-2.015,ergonomis
2026-06-01 14:03:29.979,2206149435,300979,2,1.03442,-0.12085,-0.07544,-2.473,0.511,2.305,ergonomis
2026-06-01 14:03:29.179,2206148635,301179,1,0.7041,0.17358,0.83887,-0.634,3.794,-2.863,ergonomis
2026-06-01 14:03:29.179,2206148635,301179,2,1.00464,-0.12451,-0.06152,-4.947,-2.58,1.679,ergonomis
2026-06-01 14:03:30.379,2206149835,301379,1,0.7312,0.17651,0.83691,0.557,1.977,0.649,ergonomis
2026-06-01 14:03:30.379,2206149835,301379,2,1.02002,-0.13257,-0.10059,-0.519,0.282,0.237,ergonomis
2026-06-01 14:03:30.579,2206150035,301579,1,0.7168,0.16724,0.84619,1.046,0.802,-0.046,ergonomis
2026-06-01 14:03:30.579,2206150035,301579,2,1.02979,-0.13135,-0.09229,-0.626,0.634,-0.244,ergonomis
2026-06-01 14:03:30.779,2206150235,301779,1,0.69897,0.16821,0.83813,0.405,2.015,-0.45,ergonomis
2026-06-01 14:03:30.779,2206150235,301779,2,1.0249,-0.12671,-0.06592,-0.901,0.924,-0.26,ergonomis
2026-06-01 14:03:30.979,2206150435,301979,1,0.71362,0.17798,0.84155,1.244,1.802,-1.443,ergonomis
2026-06-01 14:03:30.979,2206150435,301979,2,1.02808,-0.12524,-0.09375,-3.092,1.023,1.366,ergonomis
2026-06-01 14:03:30.179,2206149635,302179,1,0.71167,0.16113,0.85278,-0.183,2.573,0.16,ergonomis
2026-06-01 14:03:30.179,2206149635,302179,2,1.02563,-0.1272,-0.0647,1.42,0.435,-0.519,ergonomis
2026-06-01 14:03:31.379,2206150835,302379,1,0.71118,0.1748,0.83179,1.511,1.237,-1.168,ergonomis
2026-06-01 14:03:31.379,2206150835,302379,2,1.02783,-0.12866,-0.09326,-3.489,0.58,1.504,ergonomis
2026-06-01 14:03:31.579,2206151035,302579,1,0.69775,0.1604,0.85547,-0.344,3.038,-0.313,ergonomis
2026-06-01 14:03:31.579,2206151035,302579,2,1.02783,-0.09814,-0.08521,0.389,0.672,0.366,ergonomis
2026-06-01 14:03:31.779,2206151235,302779,1,0.71313,0.16772,0.83008,0.412,0.099,-3.786,ergonomis
2026-06-01 14:03:31.779,2206151235,302779,2,1.02808,-0.14868,-0.07056,-2.595,0.107,-0.237,ergonomis
2026-06-01 14:03:31.979,2206151435,302979,1,0.70288,0.18335,0.84277,0.55,3.221,1.756,ergonomis
2026-06-01 14:03:31.979,2206151435,302979,2,1.02832,-0.10132,-0.08032,1.618,0.137,-1.557,ergonomis
2026-06-01 14:03:31.179,2206150635,303179,1,0.70605,0.18726,0.85229,0.115,-0.061,-1.901,ergonomis
2026-06-01 14:03:31.179,2206150635,303179,2,1.02686,-0.14307,-0.06689,-3.176,1.313,1.901,ergonomis
2026-06-01 14:03:32.379,2206151835,303379,1,0.69702,0.16064,0.83374,0.412,2.412,0.916,ergonomis
2026-06-01 14:03:32.379,2206151835,303379,2,1.03003,-0.11792,-0.0603,-0.412,-0.427,-0.107,ergonomis
2026-06-01 14:03:32.579,2206152035,303579,1,0.70996,0.19287,0.84204,1.947,0.794,-0.924,ergonomis
2026-06-01 14:03:32.579,2206152035,303579,2,1.02515,-0.12549,-0.08618,-2.664,1.328,1.229,ergonomis
2026-06-01 14:03:32.779,2206152235,303779,1,0.70728,0.1604,0.84106,-0.252,2.45,0.099,ergonomis
2026-06-01 14:03:32.779,2206152235,303779,2,1.02295,-0.10474,-0.07178,-0.519,-0.168,-0.29,ergonomis
2026-06-01 14:03:32.979,2206152435,303979,1,0.70801,0.17749,0.85205,0.107,0.321,0.267,ergonomis
2026-06-01 14:03:32.979,2206152435,303979,2,1.02393,-0.12329,-0.09033,-3.595,0.748,0.84,ergonomis
2026-06-01 14:03:32.179,2206151635,304179,1,0.70313,0.15454,0.84326,-0.939,1.977,0.786,ergonomis
2026-06-01 14:03:32.179,2206151635,304179,2,1.02173,-0.12061,-0.06543,0.458,-0.634,0.069,ergonomis
2026-06-01 14:03:33.379,2206152835,304379,1,0.71362,0.1792,0.84448,0.931,-0.008,-2.069,ergonomis
2026-06-01 14:03:33.379,2206152835,304379,2,1.02417,-0.13232,-0.0874,-4.382,0.244,1.427,ergonomis
2026-06-01 14:03:33.579,2206153035,304579,1,0.71387,0.15991,0.84912,-0.473,2.534,0.405,ergonomis
2026-06-01 14:03:33.579,2206153035,304579,2,1.02466,-0.11938,-0.06982,0.382,-0.16,-0.664,ergonomis
2026-06-01 14:03:33.779,2206153235,304779,1,0.71143,0.18018,0.83252,0.603,1.183,-2.031,ergonomis
2026-06-01 14:03:33.779,2206153235,304779,2,1.02563,-0.12354,-0.08545,-3.015,0.641,1.313,ergonomis
2026-06-01 14:03:33.979,2206153435,304979,1,0.71191,0.16602,0.84766,-0.015,1.595,1.015,ergonomis
2026-06-01 14:03:33.979,2206153435,304979,2,1.02686,-0.11328,-0.07153,2.084,-0.145,-0.771,ergonomis
2026-06-01 14:03:33.179,2206152635,305179,1,0.71362,0.18481,0.84302,1.763,2.107,-0.908,ergonomis
2026-06-01 14:03:33.179,2206152635,305179,2,1.0271,-0.12012,-0.0896,-2.191,0.748,1.649,ergonomis
2026-06-01 14:03:34.379,2206153835,305379,1,0.70728,0.15527,0.83984,-1.26,1.313,0.046,ergonomis
2026-06-01 14:03:34.379,2206153835,305379,2,1.03101,-0.11987,-0.07544,1.374,0.275,-0.664,ergonomis
2026-06-01 14:03:34.579,2206154035,305579,1,0.7041,0.17529,0.84082,1.321,2.611,-0.687,ergonomis
2026-06-01 14:03:34.579,2206154035,305579,2,1.03662,-0.12256,-0.07935,-1.076,1.198,0.763,ergonomis
2026-06-01 14:03:34.779,2206154235,305779,1,0.71045,0.15332,0.83838,-0.267,1.405,-0.328,ergonomis
2026-06-01 14:03:34.779,2206154235,305779,2,1.02612,-0.1228,-0.0647,-1.206,0.298,0.038,ergonomis
2026-06-01 14:03:34.979,2206154435,305979,1,0.70874,0.177,0.85327,2.26,2.626,-0.519,ergonomis
2026-06-01 14:03:34.979,2206154435,305979,2,1.03125,-0.11108,-0.08276,-0.58,0.305,0.26,ergonomis
2026-06-01 14:03:34.179,2206153635,306179,1,0.70898,0.15576,0.83496,-1.626,1.344,-1.298,ergonomis
2026-06-01 14:03:34.179,2206153635,306179,2,1.02173,-0.11768,-0.05542,-0.985,0.527,0.618,ergonomis
2026-06-01 14:03:35.379,2206154835,306379,1,0.7041,0.18188,0.84521,2.29,2.626,-0.145,ergonomis
2026-06-01 14:03:35.379,2206154835,306379,2,1.02783,-0.11279,-0.08545,-2.282,0.55,0.718,ergonomis
2026-06-01 14:03:35.579,2206155035,306579,1,0.71191,0.15576,0.84277,-0.489,0.328,-0.099,ergonomis
2026-06-01 14:03:35.579,2206155035,306579,2,1.02832,-0.12134,-0.06006,-0.099,0.382,-0.344,ergonomis
2026-06-01 14:03:35.779,2206155235,306779,1,0.71191,0.17969,0.84058,0.855,1.031,-1.397,ergonomis
2026-06-01 14:03:35.779,2206155235,306779,2,1.02271,-0.12866,-0.08569,-4.229,0.733,1.198,ergonomis
2026-06-01 14:03:35.979,2206155435,306979,1,0.71558,0.15405,0.84448,0.031,0.802,0.099,ergonomis
2026-06-01 14:03:35.979,2206155435,306979,2,1.02344,-0.1123,-0.06201,-0.641,-0.031,-0.527,ergonomis
2026-06-01 14:03:35.179,2206154635,307179,1,0.70581,0.18188,0.84033,2.137,1.511,-0.809,ergonomis
2026-06-01 14:03:35.179,2206154635,307179,2,1.02466,-0.11523,-0.10376,-2.939,0.473,1.191,ergonomis
2026-06-01 14:03:36.379,2206155835,307379,1,0.7019,0.16382,0.84302,-0.504,2.359,-0.305,ergonomis
2026-06-01 14:03:36.379,2206155835,307379,2,1.02856,-0.11523,-0.07007,-0.221,0.847,0.061,ergonomis
2026-06-01 14:03:36.579,2206156035,307579,1,0.7002,0.17944,0.85034,1.107,2.649,-0.763,ergonomis
2026-06-01 14:03:36.579,2206156035,307579,2,1.02881,-0.10645,-0.08008,-0.649,-0.092,0.695,ergonomis
2026-06-01 14:03:36.779,2206156235,307779,1,0.71289,0.15356,0.84229,-0.786,1.71,-0.084,ergonomis
2026-06-01 14:03:36.779,2206156235,307779,2,1.02954,-0.13232,-0.08228,-1.687,1.221,0.672,ergonomis
2026-06-01 14:03:36.979,2206156435,307979,1,0.70508,0.17847,0.85254,1.382,3.198,0.084,ergonomis
2026-06-01 14:03:36.979,2206156435,307979,2,1.03369,-0.1167,-0.0896,-1.015,0.405,0.359,ergonomis
2026-06-01 14:03:36.179,2206155635,308179,1,0.70679,0.15723,0.83643,-1.779,0.084,-1.053,ergonomis
2026-06-01 14:03:36.179,2206155635,308179,2,1.02295,-0.12061,-0.07471,-2.359,1.115,0.863,ergonomis
2026-06-01 14:03:37.379,2206156835,308379,1,0.70557,0.17236,0.85229,2.908,3.763,0.321,ergonomis
2026-06-01 14:03:37.379,2206156835,308379,2,1.03125,-0.11694,-0.08667,-0.992,0.473,0.412,ergonomis
2026-06-01 14:03:37.579,2206157035,308579,1,0.70898,0.15381,0.85059,-1.504,1.641,-0.87,ergonomis
2026-06-01 14:03:37.579,2206157035,308579,2,1.03101,-0.11987,-0.06421,-0.511,0.435,-0.031,ergonomis
2026-06-01 14:03:37.779,2206157235,308779,1,0.71191,0.18311,0.84985,1.527,1.863,-0.748,ergonomis
2026-06-01 14:03:37.779,2206157235,308779,2,1.02954,-0.12231,-0.08789,-2.344,0.595,1.038,ergonomis
2026-06-01 14:03:37.979,2206157435,308979,1,0.70801,0.15479,0.84595,-0.344,1.748,0.076,ergonomis
2026-06-01 14:03:37.979,2206157435,308979,2,1.02563,-0.12231,-0.06689,-0.603,0.824,-0.29,ergonomis
2026-06-01 14:03:37.179,2206156635,309179,1,0.70264,0.17285,0.84033,2.176,2.145,-0.427,ergonomis
2026-06-01 14:03:37.179,2206156635,309179,2,1.02783,-0.11719,-0.08081,-2.74,0.366,1.443,ergonomis
2026-06-01 14:03:38.379,2206157835,309379,1,0.70508,0.1543,0.83203,-1.672,1.87,-0.611,ergonomis
2026-06-01 14:03:38.379,2206157835,309379,2,1.01929,-0.12427,-0.06348,-1.107,0.496,-0.046,ergonomis
2026-06-01 14:03:38.579,2206158035,309579,1,0.70703,0.16626,0.84326,2.756,1.611,-0.084,ergonomis
2026-06-01 14:03:38.579,2206158035,309579,2,1.0271,-0.11499,-0.07397,-2.924,0.405,1.191,ergonomis
2026-06-01 14:03:38.779,2206158235,309779,1,0.71606,0.15405,0.8418,-1.061,1.725,-0.733,ergonomis
2026-06-01 14:03:38.779,2206158235,309779,2,1.01953,-0.12573,-0.06787,-1.809,-0.328,0.244,ergonomis
2026-06-01 14:03:38.979,2206158435,309979,1,0.71289,0.16528,0.84692,1.824,1.489,-0.137,ergonomis
2026-06-01 14:03:38.979,2206158435,309979,2,1.02588,-0.11597,-0.08862,-2.695,0.282,0.878,ergonomis
2026-06-01 14:03:38.179,2206157635,310179,1,0.71216,0.15845,0.83252,-1.55,1.427,-0.885,ergonomis
2026-06-01 14:03:38.179,2206157635,310179,2,1.01685,-0.13013,-0.07129,-0.916,0.359,0.252,ergonomis
2026-06-01 14:03:39.379,2206158835,310379,1,0.7229,0.16797,0.85474,-0.061,1.351,-1.702,ergonomis
2026-06-01 14:03:39.379,2206158835,310379,2,1.03003,-0.11865,-0.10059,-2.038,0.412,0.656,ergonomis
2026-06-01 14:03:39.579,2206159035,310579,1,0.71973,0.15356,0.83838,0.397,2.45,-0.42,ergonomis
2026-06-01 14:03:39.579,2206159035,310579,2,1.01099,-0.12183,-0.07324,-0.916,0.992,-0.115,ergonomis
2026-06-01 14:03:39.779,2206159235,310779,1,0.71118,0.16895,0.84497,2.321,2.336,0.45,ergonomis
2026-06-01 14:03:39.779,2206159235,310779,2,1.02661,-0.10913,-0.08618,-0.214,0.504,0.45,ergonomis
2026-06-01 14:03:39.979,2206159435,310979,1,0.70972,0.15649,0.84888,-1.267,2.046,-1.405,ergonomis
2026-06-01 14:03:39.979,2206159435,310979,2,1.02637,-0.11963,-0.07056,0.038,0.481,0.26,ergonomis
2026-06-01 14:03:39.179,2206158635,311179,1,0.71069,0.16309,0.8457,2.588,2.863,0.725,ergonomis
2026-06-01 14:03:39.179,2206158635,311179,2,1.02856,-0.11719,-0.08301,-1.542,0.771,0.824,ergonomis
2026-06-01 14:03:40.379,2206159835,311379,1,0.71875,0.15527,0.84155,-1.344,1.702,-1.405,ergonomis
2026-06-01 14:03:40.379,2206159835,311379,2,1.01904,-0.12744,-0.06445,-1.473,0.855,-0.305,ergonomis
2026-06-01 14:03:40.579,2206160035,311579,1,0.69775,0.16528,0.86255,0.901,3.122,-0.412,ergonomis
2026-06-01 14:03:40.579,2206160035,311579,2,1.02344,-0.10791,-0.08276,-0.786,-0.435,0.252,ergonomis
2026-06-01 14:03:40.779,2206160235,311779,1,0.71387,0.15869,0.85278,-0.504,0.718,-0.672,ergonomis
2026-06-01 14:03:40.779,2206160235,311779,2,1.02002,-0.12427,-0.07568,-1.87,1.206,0.542,ergonomis
2026-06-01 14:03:40.979,2206160435,311979,1,0.7002,0.1604,0.85522,1.985,2.74,0.489,ergonomis
2026-06-01 14:03:40.979,2206160435,311979,2,1.03223,-0.10376,-0.0813,-0.305,-0.168,-0.145,ergonomis
2026-06-01 14:03:40.179,2206159635,312179,1,0.71558,0.16968,0.84644,-0.511,1.893,-1.427,ergonomis
2026-06-01 14:03:40.179,2206159635,312179,2,1.01904,-0.12793,-0.06177,-3.023,0.954,0.824,ergonomis
2026-06-01 14:03:41.379,2206160835,312379,1,0.69922,0.14673,0.85303,0.397,1.832,0.076,ergonomis
2026-06-01 14:03:41.379,2206160835,312379,2,1.02344,-0.10864,-0.07349,-0.206,-0.87,-0.916,ergonomis
2026-06-01 14:03:41.579,2206161035,312579,1,0.69727,0.17065,0.84595,-1.328,0.107,-4.168,ergonomis
2026-06-01 14:03:41.579,2206161035,312579,2,1.0293,-0.12134,-0.07764,-2.267,-1.427,3.137,ergonomis
2026-06-01 14:03:41.779,2206161235,312779,1,0.71069,0.17651,0.82837,4.885,5.405,2.74,ergonomis
2026-06-01 14:03:41.779,2206161235,312779,2,1.02734,-0.09424,-0.08789,5.71,0.237,-1.061,ergonomis
2026-06-01 14:03:41.995,2206161451,312995,1,0.68677,0.1438,0.86206,-4.412,-0.573,-5.702,ergonomis
2026-06-01 14:03:41.995,2206161451,312995,2,1.02002,-0.13892,-0.0791,-2.679,0.985,1.611,ergonomis
2026-06-01 14:03:41.195,2206160651,313195,1,0.70776,0.17163,0.84814,7.328,1.137,2.641,ergonomis
2026-06-01 14:03:41.195,2206160651,313195,2,1.02856,-0.10596,-0.08667,0.305,-1.855,-0.893,ergonomis
2026-06-01 14:03:42.395,2206161851,313395,1,0.7085,0.18311,0.84644,-1.099,1.779,-2.634,ergonomis
2026-06-01 14:03:42.395,2206161851,313395,2,1.02173,-0.12256,-0.07837,-1.489,1.42,0.771,ergonomis
2026-06-01 14:03:42.595,2206162051,313595,1,0.68774,0.16821,0.8606,-0.695,2.42,1.13,ergonomis
2026-06-01 14:03:42.595,2206162051,313595,2,1.02051,-0.10645,-0.07666,-0.672,-0.206,0.336,ergonomis
2026-06-01 14:03:42.795,2206162251,313795,1,0.70508,0.16064,0.85596,0.588,1.519,0.412,ergonomis
2026-06-01 14:03:42.795,2206162251,313795,2,1.0249,-0.12183,-0.08374,0.527,-0.305,-0.16,ergonomis
2026-06-01 14:03:42.995,2206162451,313995,1,0.70605,0.17773,0.84326,-0.779,0.496,-2.176,ergonomis
2026-06-01 14:03:42.995,2206162451,313995,2,1.02563,-0.11865,-0.08618,-1.191,0.145,0.031,ergonomis
2026-06-01 14:03:42.195,2206161651,314195,1,0.70728,0.16479,0.85156,2.107,1.893,0.389,ergonomis
2026-06-01 14:03:42.195,2206161651,314195,2,1.01978,-0.1167,-0.08911,-2.053,0.191,0.634,ergonomis
2026-06-01 14:03:43.395,2206162851,314395,1,0.70386,0.16992,0.83667,0.244,2.435,-0.321,ergonomis
2026-06-01 14:03:43.395,2206162851,314395,2,1.02515,-0.10498,-0.08179,1.084,0.275,-0.748,ergonomis
2026-06-01 14:03:43.595,2206163051,314595,1,0.71289,0.17407,0.84277,1.053,0.802,-0.962,ergonomis
2026-06-01 14:03:43.595,2206163051,314595,2,1.0271,-0.1228,-0.09082,-1.618,1.435,0.366,ergonomis
2026-06-01 14:03:43.795,2206163251,314795,1,0.69678,0.17017,0.86133,1.176,3.023,0.573,ergonomis
2026-06-01 14:03:43.795,2206163251,314795,2,1.03076,-0.11182,-0.08276,-1.916,0.664,0.275,ergonomis
2026-06-01 14:03:43.995,2206163451,314995,1,0.69873,0.16528,0.8689,1.466,1.382,0.733,ergonomis
2026-06-01 14:03:43.995,2206163451,314995,2,1.03052,-0.11255,-0.09058,-1.672,-0.015,0.351,ergonomis
2026-06-01 14:03:43.195,2206162651,315195,1,0.70288,0.16357,0.84863,-2.382,2.13,-3.008,ergonomis
2026-06-01 14:03:43.195,2206162651,315195,2,1.02637,-0.1167,-0.07349,-2.115,1.115,0.588,ergonomis
2026-06-01 14:03:44.395,2206163851,315395,1,0.6958,0.16406,0.84961,0.504,2.573,-1.237,ergonomis
2026-06-01 14:03:44.395,2206163851,315395,2,1.02539,-0.11182,-0.09155,-2.244,0.458,0.397,ergonomis
2026-06-01 14:03:44.595,2206164051,315595,1,0.69946,0.15967,0.84619,1.916,2.405,2.145,ergonomis
2026-06-01 14:03:44.595,2206164051,315595,2,1.01172,-0.10229,-0.07764,-1.351,0.534,0.389,ergonomis
2026-06-01 14:03:44.795,2206164251,315795,1,0.70459,0.16919,0.85547,0.649,2.412,-1.405,ergonomis
2026-06-01 14:03:44.795,2206164251,315795,2,1.02808,-0.11011,-0.08838,1.382,0.031,-0.595,ergonomis
2026-06-01 14:03:44.995,2206164451,315995,1,0.69971,0.15601,0.83203,-1.687,-0.366,0.305,ergonomis
2026-06-01 14:03:44.995,2206164451,315995,2,1.03369,-0.11011,-0.06177,-4.031,0.611,1.496,ergonomis
2026-06-01 14:03:44.195,2206163651,316195,1,0.70654,0.17725,0.85181,6.389,1.893,-0.176,ergonomis
2026-06-01 14:03:44.195,2206163651,316195,2,1.03223,-0.11328,-0.09497,-3.725,0.679,0.84,ergonomis
2026-06-01 14:03:45.395,2206164851,316395,1,0.71899,0.18481,0.84009,-1.389,3.794,-1.29,ergonomis
2026-06-01 14:03:45.395,2206164851,316395,2,1.02637,-0.10547,-0.07813,-1.313,2.603,1.405,ergonomis
2026-06-01 14:03:45.595,2206165051,316595,1,0.69824,0.16772,0.85034,-5.634,3.405,-8.664,ergonomis
2026-06-01 14:03:45.595,2206165051,316595,2,1.02637,-0.12256,-0.06689,-1.901,4.183,0.687,ergonomis
2026-06-01 14:03:45.795,2206165251,316795,1,0.67871,0.13232,0.86816,-6.267,3.412,-0.374,ergonomis
2026-06-01 14:03:45.795,2206165251,316795,2,1.02319,-0.12646,-0.06079,-5.687,3.573,1.931,ergonomis
2026-06-01 14:03:45.995,2206165451,316995,1,0.68701,0.15698,0.87378,7.0,2.878,1.557,ergonomis
2026-06-01 14:03:45.995,2206165451,316995,2,1.02563,-0.10132,-0.04639,-2.313,3.992,1.725,ergonomis
2026-06-01 14:03:45.195,2206164651,317195,1,0.69312,0.16235,0.86694,2.168,3.16,1.336,ergonomis
2026-06-01 14:03:45.195,2206164651,317195,2,1.02588,-0.11719,-0.05347,-2.13,1.748,0.023,ergonomis
2026-06-01 14:03:46.395,2206165851,317395,1,0.67676,0.14966,0.87866,2.412,4.038,1.031,ergonomis
2026-06-01 14:03:46.395,2206165851,317395,2,1.02563,-0.10474,-0.02002,2.053,0.603,-1.718,ergonomis
2026-06-01 14:03:46.595,2206166051,317595,1,0.67432,0.17456,0.8667,0.092,-0.427,-1.328,ergonomis
2026-06-01 14:03:46.595,2206166051,317595,2,1.01929,-0.1311,-0.04688,-3.145,0.122,2.351,ergonomis
2026-06-01 14:03:46.795,2206166251,317795,1,0.68066,0.14941,0.87134,2.893,2.351,2.252,ergonomis
2026-06-01 14:03:46.795,2206166251,317795,2,1.02563,-0.10132,-0.04614,2.519,-0.87,-1.015,ergonomis
2026-06-01 14:03:46.995,2206166451,317995,1,0.67969,0.15601,0.8584,-1.374,0.366,-2.344,ergonomis
2026-06-01 14:03:46.995,2206166451,317995,2,1.02173,-0.12476,-0.04102,-3.626,1.374,1.863,ergonomis
2026-06-01 14:03:46.195,2206165651,318195,1,0.6897,0.15552,0.87256,5.046,2.137,2.099,ergonomis
2026-06-01 14:03:46.195,2206165651,318195,2,1.02905,-0.1062,-0.05811,-1.374,0.061,-0.504,ergonomis
2026-06-01 14:03:47.395,2206166851,318395,1,0.68457,0.15479,0.86108,-2.153,0.885,-2.405,ergonomis
2026-06-01 14:03:47.395,2206166851,318395,2,1.03418,-0.11963,-0.02441,-1.214,1.015,0.725,ergonomis
2026-06-01 14:03:47.595,2206167051,318595,1,0.68384,0.16187,0.86182,1.214,2.244,-1.198,ergonomis
2026-06-01 14:03:47.595,2206167051,318595,2,1.01733,-0.10889,-0.05444,-2.702,0.107,0.588,ergonomis
2026-06-01 14:03:47.795,2206167251,318795,1,0.68506,0.15771,0.87402,0.916,3.008,0.573,ergonomis
2026-06-01 14:03:47.795,2206167251,318795,2,1.03613,-0.09399,-0.03198,1.122,-0.84,-1.359,ergonomis
2026-06-01 14:03:47.995,2206167451,318995,1,0.67651,0.17065,0.86133,-0.397,1.443,-2.038,ergonomis
2026-06-01 14:03:47.995,2206167451,318995,2,1.03125,-0.12183,-0.03076,-3.634,0.939,1.74,ergonomis
2026-06-01 14:03:47.205,2206166661,319205,1,0.67798,0.1748,0.86743,1.763,1.885,0.29,ergonomis
2026-06-01 14:03:47.205,2206166661,319205,2,1.0271,-0.10107,-0.06689,-2.656,-0.298,0.26,ergonomis
2026-06-01 14:03:48.405,2206167861,319405,1,0.69824,0.15039,0.85522,-1.099,1.382,-0.534,ergonomis
2026-06-01 14:03:48.405,2206167861,319405,2,1.03296,-0.10547,-0.04883,-0.191,-0.092,0.29,ergonomis
2026-06-01 14:03:48.605,2206168061,319605,1,0.67554,0.17065,0.85767,-0.573,1.931,-2.137,ergonomis
2026-06-01 14:03:48.605,2206168061,319605,2,1.02197,-0.11353,-0.0437,-4.55,0.58,1.71,ergonomis
2026-06-01 14:03:48.805,2206168261,319805,1,0.68628,0.15479,0.87573,2.679,2.847,1.427,ergonomis
2026-06-01 14:03:48.805,2206168261,319805,2,1.02075,-0.10034,-0.05029,-0.084,-0.748,-0.42,ergonomis
2026-06-01 14:03:48.005,2206167461,320005,1,0.68457,0.16064,0.84912,-2.221,-0.031,-2.0,ergonomis
2026-06-01 14:03:48.005,2206167461,320005,2,1.03027,-0.11548,-0.03857,0.763,0.641,0.237,ergonomis
2026-06-01 14:03:48.205,2206167661,320205,1,0.69043,0.17725,0.85742,3.565,2.076,0.832,ergonomis
2026-06-01 14:03:48.205,2206167661,320205,2,1.0271,-0.10669,-0.05444,-1.924,1.328,1.29,ergonomis
2026-06-01 14:03:49.405,2206168861,320405,1,0.68945,0.15356,0.87207,0.145,3.565,0.603,ergonomis
2026-06-01 14:03:49.405,2206168861,320405,2,1.03369,-0.10693,-0.04028,1.412,0.069,-0.924,ergonomis
2026-06-01 14:03:49.605,2206169061,320605,1,0.67896,0.15918,0.85596,-1.328,0.847,-1.664,ergonomis
2026-06-01 14:03:49.605,2206169061,320605,2,1.03442,-0.1123,-0.03027,-0.969,1.267,1.366,ergonomis
2026-06-01 14:03:49.805,2206169261,320805,1,0.67334,0.17163,0.86475,3.107,2.198,-0.191,ergonomis
2026-06-01 14:03:49.805,2206169261,320805,2,1.02905,-0.11084,-0.03979,-1.893,0.298,1.069,ergonomis
2026-06-01 14:03:49.005,2206168461,321005,1,0.68823,0.16187,0.86157,1.038,1.198,0.336,ergonomis
2026-06-01 14:03:49.005,2206168461,321005,2,1.02173,-0.10547,-0.05322,-0.489,-0.504,0.389,ergonomis
2026-06-01 14:03:49.205,2206168661,321205,1,0.69653,0.17505,0.85938,0.771,1.053,-1.359,ergonomis
2026-06-01 14:03:49.205,2206168661,321205,2,1.02124,-0.11011,-0.05371,-2.794,0.321,1.153,ergonomis
2026-06-01 14:03:50.405,2206169861,321405,1,0.69263,0.17847,0.86401,0.962,2.893,0.298,ergonomis
2026-06-01 14:03:50.405,2206169861,321405,2,1.0293,-0.10864,-0.04419,-0.496,-0.16,-0.664,ergonomis
2026-06-01 14:03:50.605,2206170061,321605,1,0.69287,0.16968,0.85254,-0.084,0.672,-1.893,ergonomis
2026-06-01 14:03:50.605,2206170061,321605,2,1.02197,-0.10864,-0.05005,-4.489,0.786,1.298,ergonomis
2026-06-01 14:03:50.805,2206170261,321805,1,0.6897,0.15454,0.86548,1.137,3.16,1.168,ergonomis
2026-06-01 14:03:50.805,2206170261,321805,2,1.02417,-0.09448,-0.05322,0.809,-0.84,-0.855,ergonomis
2026-06-01 14:03:50.005,2206169461,322005,1,0.69824,0.18018,0.86597,0.969,0.763,-1.084,ergonomis
2026-06-01 14:03:50.005,2206169461,322005,2,1.03101,-0.12183,-0.04907,-4.206,1.168,1.794,ergonomis
2026-06-01 14:03:50.205,2206169661,322205,1,0.68237,0.15332,0.87012,0.618,2.832,1.267,ergonomis
2026-06-01 14:03:50.205,2206169661,322205,2,1.02856,-0.10474,-0.04395,1.626,0.183,-0.359,ergonomis
2026-06-01 14:03:51.405,2206170861,322405,1,0.69043,0.17383,0.85693,0.359,0.412,-1.069,ergonomis
2026-06-01 14:03:51.405,2206170861,322405,2,1.0249,-0.12695,-0.0625,-2.977,1.374,2.092,ergonomis
2026-06-01 14:03:51.605,2206171061,322605,1,0.68481,0.15161,0.86694,-0.336,3.55,1.092,ergonomis
2026-06-01 14:03:51.605,2206171061,322605,2,1.02661,-0.10669,-0.04517,2.382,-0.053,-0.618,ergonomis
2026-06-01 14:03:51.805,2206171261,322805,1,0.70313,0.17041,0.86987,2.046,0.076,-1.092,ergonomis
2026-06-01 14:03:51.805,2206171261,322805,2,1.02734,-0.10913,-0.05859,-2.832,0.718,1.489,ergonomis
2026-06-01 14:03:51.005,2206170461,323005,1,0.68945,0.14819,0.86279,-1.947,3.244,-1.13,ergonomis
2026-06-01 14:03:51.005,2206170461,323005,2,1.0271,-0.10571,-0.04028,2.298,-0.168,-1.115,ergonomis
2026-06-01 14:03:51.205,2206170661,323205,1,0.69556,0.17944,0.85938,0.969,0.221,-1.863,ergonomis
2026-06-01 14:03:51.205,2206170661,323205,2,1.03027,-0.12451,-0.05591,-3.237,0.443,1.901,ergonomis
2026-06-01 14:03:52.405,2206171861,323405,1,0.68506,0.15234,0.87061,-0.252,2.084,0.565,ergonomis
2026-06-01 14:03:52.405,2206171861,323405,2,1.02417,-0.11426,-0.03125,0.443,0.565,-0.382,ergonomis
2026-06-01 14:03:52.605,2206172061,323605,1,0.69165,0.18042,0.86108,0.328,1.168,-1.626,ergonomis
2026-06-01 14:03:52.605,2206172061,323605,2,1.03223,-0.10767,-0.0791,-2.885,0.305,1.412,ergonomis
2026-06-01 14:03:52.805,2206172261,323805,1,0.69727,0.15137,0.85913,-0.42,2.031,0.237,ergonomis
2026-06-01 14:03:52.805,2206172261,323805,2,1.03101,-0.11279,-0.04321,-0.863,1.282,0.122,ergonomis
2026-06-01 14:03:52.005,2206171461,324005,1,0.68433,0.177,0.87256,2.954,2.397,-0.939,ergonomis
2026-06-01 14:03:52.005,2206171461,324005,2,1.03003,-0.1123,-0.05542,-3.595,0.473,0.565,ergonomis
2026-06-01 14:03:52.205,2206171661,324205,1,0.68091,0.15283,0.86279,-3.015,1.046,-1.55,ergonomis
2026-06-01 14:03:52.205,2206171661,324205,2,1.01953,-0.11621,-0.03418,-1.84,-0.015,0.023,ergonomis
2026-06-01 14:03:53.405,2206172861,324405,1,0.67896,0.17725,0.86377,2.061,1.985,-0.725,ergonomis
2026-06-01 14:03:53.405,2206172861,324405,2,1.02759,-0.10278,-0.06128,-3.611,-0.015,1.046,ergonomis
2026-06-01 14:03:53.605,2206173061,324605,1,0.68018,0.16553,0.85522,-0.321,0.84,0.611,ergonomis
2026-06-01 14:03:53.605,2206173061,324605,2,1.0293,-0.11426,-0.04541,-1.221,0.229,1.405,ergonomis
2026-06-01 14:03:53.805,2206173261,324805,1,0.69238,0.18359,0.86011,-2.107,3.076,-3.412,ergonomis
2026-06-01 14:03:53.805,2206173261,324805,2,1.01074,-0.08496,-0.04248,-5.794,3.382,4.756,ergonomis
2026-06-01 14:03:53.005,2206172461,325005,1,0.6814,0.15576,0.87915,4.893,1.718,1.466,ergonomis
2026-06-01 14:03:53.005,2206172461,325005,2,1.02881,-0.13452,-0.05713,4.924,-3.252,-3.29,ergonomis
2026-06-01 14:03:53.205,2206172661,325205,1,0.67871,0.18774,0.85083,7.656,4.908,8.008,ergonomis
2026-06-01 14:03:53.205,2206172661,325205,2,1.02954,-0.08984,-0.05811,-1.168,0.954,0.137,ergonomis
2026-06-01 14:03:54.405,2206173861,325405,1,0.67822,0.1582,0.86914,-0.412,3.031,0.71,ergonomis
2026-06-01 14:03:54.405,2206173861,325405,2,1.01831,-0.1189,-0.05054,-1.252,1.969,0.847,ergonomis
2026-06-01 14:03:54.634,2206174090,325634,1,0.68335,0.14673,0.87354,-4.252,1.26,-2.229,ergonomis
2026-06-01 14:03:54.634,2206174090,325634,2,1.02612,-0.12866,-0.04272,-3.183,0.756,0.313,ergonomis
2026-06-01 14:03:54.834,2206174290,325834,1,0.68408,0.15479,0.88159,3.664,2.885,0.489,ergonomis
2026-06-01 14:03:54.834,2206174290,325834,2,1.02979,-0.09302,-0.06982,0.023,0.168,-1.374,ergonomis
2026-06-01 14:03:54.034,2206173490,326034,1,0.67969,0.15845,0.86523,0.649,1.405,-1.015,ergonomis
2026-06-01 14:03:54.034,2206173490,326034,2,1.03394,-0.11792,-0.02979,-0.893,1.153,0.611,ergonomis
2026-06-01 14:03:55.234,2206174690,326234,1,0.68188,0.16528,0.8645,0.176,1.786,-1.046,ergonomis
2026-06-01 14:03:55.234,2206174690,326234,2,1.02344,-0.10767,-0.0459,-2.748,0.496,1.45,ergonomis
2026-06-01 14:03:55.434,2206174890,326434,1,0.68677,0.14697,0.87012,-1.008,2.198,-0.656,ergonomis
2026-06-01 14:03:55.434,2206174890,326434,2,1.03223,-0.10376,-0.0459,-0.504,-0.511,-0.031,ergonomis
2026-06-01 14:03:55.634,2206175090,326634,1,0.68652,0.16919,0.86963,0.908,-0.595,-1.16,ergonomis
2026-06-01 14:03:55.634,2206175090,326634,2,1.03003,-0.11914,-0.06372,-4.252,0.489,2.252,ergonomis
2026-06-01 14:03:55.834,2206175290,326834,1,0.67188,0.14746,0.87134,-0.931,1.45,0.16,ergonomis
2026-06-01 14:03:55.834,2206175290,326834,2,1.02954,-0.11304,-0.05005,-1.153,-1.16,-0.336,ergonomis
2026-06-01 14:03:55.034,2206174490,327034,1,0.68042,0.16895,0.87378,0.58,1.038,-2.496,ergonomis
2026-06-01 14:03:55.034,2206174490,327034,2,1.03662,-0.11914,-0.06177,-3.855,0.359,1.992,ergonomis
2026-06-01 14:03:56.234,2206175690,327234,1,0.67993,0.15186,0.85547,-0.405,1.634,0.542,ergonomis
2026-06-01 14:03:56.234,2206175690,327234,2,1.02441,-0.11377,-0.04883,-0.641,0.13,0.206,ergonomis
2026-06-01 14:03:56.434,2206175890,327434,1,0.68042,0.16431,0.86743,1.244,2.031,-1.206,ergonomis
2026-06-01 14:03:56.434,2206175890,327434,2,1.0188,-0.10645,-0.06812,-0.847,0.779,1.046,ergonomis
2026-06-01 14:03:56.634,2206176090,327634,1,0.68335,0.15259,0.86353,-1.13,1.656,-0.206,ergonomis
2026-06-01 14:03:56.634,2206176090,327634,2,1.02026,-0.125,-0.04199,-0.42,0.992,1.061,ergonomis
2026-06-01 14:03:56.834,2206176290,327834,1,0.68579,0.15063,0.86963,3.481,2.733,1.931,ergonomis
2026-06-01 14:03:56.834,2206176290,327834,2,1.03271,-0.11279,-0.05493,-4.588,1.344,1.878,ergonomis
2026-06-01 14:03:56.034,2206175490,328034,1,0.68213,0.14478,0.86401,-2.679,1.267,-2.145,ergonomis
2026-06-01 14:03:56.034,2206175490,328034,2,1.02905,-0.12891,-0.04761,-1.076,0.382,0.267,ergonomis
2026-06-01 14:03:57.234,2206176690,328234,1,0.69141,0.15991,0.86572,3.008,3.282,1.183,ergonomis
2026-06-01 14:03:57.234,2206176690,328234,2,1.02832,-0.09937,-0.06079,0.16,0.198,-0.015,ergonomis
2026-06-01 14:03:57.434,2206176890,328434,1,0.68921,0.15479,0.85742,-0.702,1.626,-0.641,ergonomis
2026-06-01 14:03:57.434,2206176890,328434,2,1.01245,-0.12451,-0.05127,-2.427,0.885,0.55,ergonomis
2026-06-01 14:03:57.634,2206177090,328634,1,0.68433,0.15674,0.87622,2.595,2.916,1.13,ergonomis
2026-06-01 14:03:57.634,2206177090,328634,2,1.03809,-0.10742,-0.06079,-0.496,0.618,0.084,ergonomis
2026-06-01 14:03:57.834,2206177290,328834,1,0.68481,0.15625,0.86597,-1.611,1.115,-2.153,ergonomis
2026-06-01 14:03:57.834,2206177290,328834,2,1.01392,-0.12988,-0.04053,-2.985,0.87,1.244,ergonomis
2026-06-01 14:03:57.034,2206176490,329034,1,0.68335,0.15039,0.87793,2.229,2.924,1.374,ergonomis
2026-06-01 14:03:57.034,2206176490,329034,2,1.02417,-0.10962,-0.05981,-1.519,-0.527,0.206,ergonomis
2026-06-01 14:03:58.234,2206177690,329234,1,0.68823,0.14941,0.86841,-0.634,1.107,-1.969,ergonomis
2026-06-01 14:03:58.234,2206177690,329234,2,1.01978,-0.13525,-0.04565,-3.733,0.321,1.359,ergonomis
2026-06-01 14:03:58.434,2206177890,329434,1,0.6897,0.15649,0.87402,0.366,2.176,-0.183,ergonomis
2026-06-01 14:03:58.434,2206177890,329434,2,1.0249,-0.1145,-0.04907,-1.748,-0.023,0.443,ergonomis
2026-06-01 14:03:58.634,2206178090,329634,1,0.69189,0.15527,0.86646,0.206,1.031,-0.84,ergonomis
2026-06-01 14:03:58.634,2206178090,329634,2,1.02612,-0.11621,-0.05078,-1.718,-0.084,0.061,ergonomis
2026-06-01 14:03:58.834,2206178290,329834,1,0.68579,0.15405,0.87329,0.489,1.992,-0.191,ergonomis
2026-06-01 14:03:58.834,2206178290,329834,2,1.03149,-0.12451,-0.06494,-2.008,0.603,0.618,ergonomis
2026-06-01 14:03:58.034,2206177490,330034,1,0.68994,0.15039,0.85596,-0.26,1.565,-0.832,ergonomis
2026-06-01 14:03:58.034,2206177490,330034,2,1.03027,-0.11841,-0.05322,-1.069,0.275,0.58,ergonomis
2026-06-01 14:03:59.234,2206178690,330234,1,0.69092,0.16382,0.8728,0.099,1.718,-0.611,ergonomis
2026-06-01 14:03:59.234,2206178690,330234,2,1.02637,-0.12256,-0.05151,-0.198,0.634,0.496,ergonomis
2026-06-01 14:03:59.434,2206178890,330434,1,0.69043,0.15527,0.86548,0.527,1.634,-0.252,ergonomis
2026-06-01 14:03:59.434,2206178890,330434,2,1.02612,-0.11938,-0.06396,-0.221,0.679,0.832,ergonomis
2026-06-01 14:03:59.634,2206179090,330634,1,0.69409,0.14331,0.85815,0.053,1.733,-0.832,ergonomis
2026-06-01 14:03:59.634,2206179090,330634,2,1.02832,-0.12671,-0.0481,-0.031,0.313,0.084,ergonomis
2026-06-01 14:03:59.834,2206179290,330834,1,0.69238,0.14478,0.86743,1.695,2.771,-0.023,ergonomis
2026-06-01 14:03:59.834,2206179290,330834,2,1.02734,-0.11108,-0.06104,-1.053,0.595,-0.046,ergonomis
2026-06-01 14:03:59.034,2206178490,331034,1,0.69116,0.15796,0.87305,-0.351,2.809,-1.107,ergonomis
2026-06-01 14:03:59.034,2206178490,331034,2,1.02246,-0.1106,-0.05762,-0.588,0.313,-0.115,ergonomis
2026-06-01 14:04:00.271,2206179727,331271,1,0.68921,0.16406,0.86548,0.206,2.733,-1.275,ergonomis
2026-06-01 14:04:00.271,2206179727,331271,2,1.03003,-0.11621,-0.05786,-1.901,0.321,0.13,ergonomis
2026-06-01 14:04:00.471,2206179927,331471,1,0.68555,0.16968,0.87402,6.122,2.244,4.046,ergonomis
2026-06-01 14:04:00.471,2206179927,331471,2,1.01929,-0.10718,-0.06665,-2.053,1.947,3.099,ergonomis
2026-06-01 14:04:00.671,2206180127,331671,1,0.69434,0.12305,0.84937,-2.893,0.748,-0.626,ergonomis
2026-06-01 14:04:00.671,2206180127,331671,2,1.02832,-0.12793,-0.03418,-4.679,2.374,3.893,ergonomis
2026-06-01 14:04:00.871,2206180327,331871,1,0.67822,0.14355,0.88403,-5.374,2.244,-4.336,ergonomis
2026-06-01 14:04:00.871,2206180327,331871,2,1.01782,-0.13062,-0.05444,-6.656,2.084,1.176,ergonomis
2026-06-01 14:04:00.071,2206179527,332071,1,0.70093,0.13867,0.8584,7.29,3.473,-0.603,ergonomis
2026-06-01 14:04:00.071,2206179527,332071,2,1.01807,-0.11548,-0.04663,4.099,0.603,-5.466,ergonomis
2026-06-01 14:04:01.271,2206180727,332271,1,0.66968,0.18335,0.87891,0.977,2.496,-2.893,ergonomis
2026-06-01 14:04:01.271,2206180727,332271,2,1.01807,-0.11597,-0.03809,-2.977,1.122,0.565,ergonomis
2026-06-01 14:04:01.471,2206180927,332471,1,0.67529,0.16016,0.86694,-1.015,1.458,0.542,ergonomis
2026-06-01 14:04:01.471,2206180927,332471,2,1.02832,-0.10205,-0.04077,0.58,0.168,0.145,ergonomis
2026-06-01 14:04:01.671,2206181127,332671,1,0.67505,0.17407,0.875,2.244,1.305,-0.084,ergonomis
2026-06-01 14:04:01.671,2206181127,332671,2,1.03125,-0.11523,-0.04004,-1.817,0.557,2.229,ergonomis
2026-06-01 14:04:01.871,2206181327,332871,1,0.68579,0.16357,0.87231,-1.282,1.55,-0.695,ergonomis
2026-06-01 14:04:01.871,2206181327,332871,2,1.021,-0.13062,-0.03418,-0.74,0.885,1.084,ergonomis
2026-06-01 14:04:01.071,2206180527,333071,1,0.68335,0.16211,0.85986,1.817,1.901,1.015,ergonomis
2026-06-01 14:04:01.071,2206180527,333071,2,1.02319,-0.10693,-0.03516,-0.122,-0.13,-0.298,ergonomis
2026-06-01 14:04:02.271,2206181727,333271,1,0.68677,0.16675,0.85742,-0.511,0.427,-0.817,ergonomis
2026-06-01 14:04:02.271,2206181727,333271,2,1.02759,-0.12402,-0.04272,-2.351,0.908,1.153,ergonomis
2026-06-01 14:04:02.471,2206181927,333471,1,0.68262,0.16406,0.87085,2.061,2.71,0.916,ergonomis
2026-06-01 14:04:02.471,2206181927,333471,2,1.02563,-0.11011,-0.04102,1.313,0.321,-0.458,ergonomis
2026-06-01 14:04:02.671,2206182127,333671,1,0.67578,0.16333,0.8667,-0.267,0.947,-1.527,ergonomis
2026-06-01 14:04:02.671,2206182127,333671,2,1.0249,-0.12939,-0.03564,-2.382,0.504,1.374,ergonomis
2026-06-01 14:04:02.871,2206182327,333871,1,0.68066,0.16943,0.86377,1.687,2.321,0.55,ergonomis
2026-06-01 14:04:02.871,2206182327,333871,2,1.02417,-0.11011,-0.04004,-1.618,0.183,0.687,ergonomis
2026-06-01 14:04:02.071,2206181527,334071,1,0.69092,0.16138,0.86597,0.496,1.985,-0.374,ergonomis
2026-06-01 14:04:02.071,2206181527,334071,2,1.02905,-0.11719,-0.04639,-1.053,0.435,0.702,ergonomis
2026-06-01 14:04:03.271,2206182727,334271,1,0.68311,0.16235,0.86987,-1.076,0.725,-1.611,ergonomis
2026-06-01 14:04:03.271,2206182727,334271,2,1.02954,-0.12891,-0.03833,-2.015,-0.061,0.137,ergonomis
2026-06-01 14:04:03.471,2206182927,334471,1,0.68823,0.16162,0.86914,0.672,1.664,-0.389,ergonomis
2026-06-01 14:04:03.471,2206182927,334471,2,1.02881,-0.1084,-0.02979,-1.221,-0.076,0.206,ergonomis
2026-06-01 14:04:03.671,2206183127,334671,1,0.69116,0.16895,0.86475,0.725,1.069,-1.137,ergonomis
2026-06-01 14:04:03.671,2206183127,334671,2,1.02881,-0.12671,-0.04639,-3.527,0.443,1.656,ergonomis
2026-06-01 14:04:03.871,2206183327,334871,1,0.68286,0.14917,0.87061,-0.641,2.107,0.214,ergonomis
2026-06-01 14:04:03.871,2206183327,334871,2,1.01929,-0.11401,-0.03223,-0.275,-0.397,-0.328,ergonomis
2026-06-01 14:04:03.071,2206182527,335071,1,0.69116,0.16431,0.86816,0.191,1.038,-1.954,ergonomis
2026-06-01 14:04:03.071,2206182527,335071,2,1.02026,-0.12573,-0.05054,-3.313,0.359,1.412,ergonomis
2026-06-01 14:04:04.271,2206183727,335271,1,0.68481,0.15112,0.85913,1.405,2.794,1.527,ergonomis
2026-06-01 14:04:04.271,2206183727,335271,2,1.02661,-0.11572,-0.03442,-0.023,0.389,-0.16,ergonomis
2026-06-01 14:04:04.471,2206183927,335471,1,0.68286,0.15869,0.87231,0.878,0.718,-2.053,ergonomis
2026-06-01 14:04:04.471,2206183927,335471,2,1.02783,-0.12305,-0.04517,-1.763,0.473,1.176,ergonomis
2026-06-01 14:04:04.671,2206184127,335671,1,0.69165,0.15283,0.86475,-0.115,2.328,-0.267,ergonomis
2026-06-01 14:04:04.671,2206184127,335671,2,1.02271,-0.13062,-0.0354,-0.641,0.863,0.397,ergonomis
2026-06-01 14:04:04.871,2206184327,335871,1,0.68774,0.16357,0.8689,0.687,2.13,-1.183,ergonomis
2026-06-01 14:04:04.871,2206184327,335871,2,1.02417,-0.13354,-0.04663,-1.809,0.26,0.55,ergonomis
2026-06-01 14:04:04.071,2206183527,336071,1,0.68286,0.15405,0.86035,-1.58,0.733,-1.26,ergonomis
2026-06-01 14:04:04.071,2206183527,336071,2,1.03052,-0.12598,-0.02686,-0.061,0.489,0.168,ergonomis
2026-06-01 14:04:05.271,2206184727,336271,1,0.69141,0.16602,0.85645,2.313,2.504,-0.061,ergonomis
2026-06-01 14:04:05.271,2206184727,336271,2,1.03149,-0.11719,-0.04736,-2.649,0.458,0.473,ergonomis
2026-06-01 14:04:05.471,2206184927,336471,1,0.68799,0.14355,0.87207,0.229,1.649,-0.832,ergonomis
2026-06-01 14:04:05.471,2206184927,336471,2,1.02612,-0.11157,-0.03613,1.389,-0.527,-1.153,ergonomis
2026-06-01 14:04:05.671,2206185127,336671,1,0.68628,0.17529,0.86719,0.588,0.916,-2.092,ergonomis
2026-06-01 14:04:05.671,2206185127,336671,2,1.0293,-0.13037,-0.05518,-1.603,0.634,0.71,ergonomis
2026-06-01 14:04:05.871,2206185327,336871,1,0.68262,0.15283,0.87549,1.809,2.756,0.756,ergonomis
2026-06-01 14:04:05.871,2206185327,336871,2,1.02002,-0.11841,-0.0415,-0.641,0.588,0.122,ergonomis
2026-06-01 14:04:05.071,2206184527,337071,1,0.69263,0.16675,0.87061,-0.634,1.092,-1.221,ergonomis
2026-06-01 14:04:05.071,2206184527,337071,2,1.02808,-0.12183,-0.04175,-1.176,0.573,0.885,ergonomis
2026-06-01 14:04:06.271,2206185727,337271,1,0.68677,0.16406,0.86328,0.344,2.221,-0.504,ergonomis
2026-06-01 14:04:06.271,2206185727,337271,2,1.03418,-0.11255,-0.04736,-2.374,0.435,1.183,ergonomis
2026-06-01 14:04:06.471,2206185927,337471,1,0.68066,0.15869,0.86255,-1.565,1.16,-2.275,ergonomis
2026-06-01 14:04:06.471,2206185927,337471,2,1.03052,-0.12402,-0.0481,-1.008,0.221,0.595,ergonomis
2026-06-01 14:04:06.671,2206186127,337671,1,0.69385,0.15796,0.85913,0.405,2.13,0.107,ergonomis
2026-06-01 14:04:06.671,2206186127,337671,2,1.02856,-0.12012,-0.04004,-1.107,0.557,0.427,ergonomis
2026-06-01 14:04:06.871,2206186327,337871,1,0.68286,0.16553,0.8689,0.687,2.069,-0.084,ergonomis
2026-06-01 14:04:06.871,2206186327,337871,2,1.01685,-0.12085,-0.05151,-1.565,0.656,0.824,ergonomis
2026-06-01 14:04:06.071,2206185527,338071,1,0.69629,0.16553,0.8623,1.412,1.885,0.252,ergonomis
2026-06-01 14:04:06.071,2206185527,338071,2,1.02466,-0.11206,-0.03125,-1.702,0.397,0.305,ergonomis
2026-06-01 14:04:07.271,2206186727,338271,1,0.68823,0.16138,0.86694,2.496,2.328,1.305,ergonomis
2026-06-01 14:04:07.271,2206186727,338271,2,1.02563,-0.11499,-0.04321,-2.733,0.229,-0.328,ergonomis
2026-06-01 14:04:07.471,2206186927,338471,1,0.68311,0.16577,0.85767,-1.611,0.664,-3.771,ergonomis
2026-06-01 14:04:07.471,2206186927,338471,2,1.03076,-0.12109,-0.0437,-2.824,-0.183,0.786,ergonomis
2026-06-01 14:04:07.671,2206187127,338671,1,0.68921,0.16748,0.86182,0.771,1.527,0.244,ergonomis
2026-06-01 14:04:07.671,2206187127,338671,2,1.02588,-0.1145,-0.04639,-1.214,-0.099,0.252,ergonomis
2026-06-01 14:04:07.871,2206187327,338871,1,0.68774,0.16724,0.85718,0.107,1.977,-0.725,ergonomis
2026-06-01 14:04:07.871,2206187327,338871,2,1.02637,-0.12817,-0.04175,-1.725,0.183,1.061,ergonomis
2026-06-01 14:04:07.071,2206186527,339071,1,0.69507,0.15845,0.86108,-0.176,2.061,-0.351,ergonomis
2026-06-01 14:04:07.071,2206186527,339071,2,1.01929,-0.11694,-0.03833,-0.985,0.351,0.763,ergonomis
2026-06-01 14:04:08.271,2206187727,339271,1,0.68481,0.1626,0.8606,2.618,2.809,1.191,ergonomis
2026-06-01 14:04:08.271,2206187727,339271,2,1.02515,-0.11255,-0.06006,-1.359,0.656,0.672,ergonomis
2026-06-01 14:04:08.471,2206187927,339471,1,0.69043,0.16211,0.85498,-0.679,1.603,-0.908,ergonomis
2026-06-01 14:04:08.471,2206187927,339471,2,1.02686,-0.11401,-0.04028,0.511,0.71,0.321,ergonomis
2026-06-01 14:04:08.671,2206188127,339671,1,0.68726,0.15552,0.8689,2.153,2.664,0.756,ergonomis
2026-06-01 14:04:08.671,2206188127,339671,2,1.02808,-0.12012,-0.04663,-0.885,0.725,0.443,ergonomis
2026-06-01 14:04:08.871,2206188327,339871,1,0.68848,0.16479,0.85767,-0.366,1.214,-0.924,ergonomis
2026-06-01 14:04:08.871,2206188327,339871,2,1.02197,-0.12402,-0.03833,-0.649,0.786,0.58,ergonomis
2026-06-01 14:04:08.071,2206187527,340071,1,0.6875,0.1731,0.87378,-0.107,2.763,-0.74,ergonomis
2026-06-01 14:04:08.071,2206187527,340071,2,1.02393,-0.12012,-0.04858,-0.962,0.557,0.748,ergonomis
2026-06-01 14:04:09.271,2206188727,340271,1,0.68262,0.16235,0.86694,1.069,1.771,0.244,ergonomis
2026-06-01 14:04:09.271,2206188727,340271,2,1.02612,-0.11548,-0.0332,-0.916,0.45,0.382,ergonomis
2026-06-01 14:04:09.471,2206188927,340471,1,0.68018,0.16504,0.86377,-0.832,2.534,-0.519,ergonomis
2026-06-01 14:04:09.471,2206188927,340471,2,1.02417,-0.12744,-0.04883,-1.389,0.71,1.015,ergonomis
2026-06-01 14:04:09.671,2206189127,340671,1,0.69214,0.16943,0.86084,2.87,1.985,1.809,ergonomis
2026-06-01 14:04:09.671,2206189127,340671,2,1.03271,-0.11865,-0.04639,-3.435,1.008,1.229,ergonomis
2026-06-01 14:04:09.871,2206189327,340871,1,0.68945,0.16284,0.86279,0.496,1.58,0.153,ergonomis
2026-06-01 14:04:09.871,2206189327,340871,2,1.02295,-0.12866,-0.0459,-0.779,0.298,0.298,ergonomis
2026-06-01 14:04:09.071,2206188527,341071,1,0.69019,0.16064,0.86011,0.634,1.931,-0.779,ergonomis
2026-06-01 14:04:09.071,2206188527,341071,2,1.02563,-0.11011,-0.03564,-0.679,-0.13,0.321,ergonomis
2026-06-01 14:04:10.271,2206189727,341271,1,0.67798,0.16528,0.8667,-0.702,1.748,-1.55,ergonomis
2026-06-01 14:04:10.271,2206189727,341271,2,1.0293,-0.12549,-0.03394,-2.58,0.244,0.733,ergonomis
2026-06-01 14:04:10.471,2206189927,341471,1,0.69409,0.16235,0.85913,1.099,1.191,0.282,ergonomis
2026-06-01 14:04:10.471,2206189927,341471,2,1.01953,-0.12183,-0.04712,-2.176,0.573,0.786,ergonomis
2026-06-01 14:04:10.671,2206190127,341671,1,0.69116,0.16162,0.87207,0.252,2.603,-0.214,ergonomis
2026-06-01 14:04:10.671,2206190127,341671,2,1.02563,-0.11011,-0.04004,0.389,-0.344,-0.069,ergonomis
2026-06-01 14:04:10.871,2206190327,341871,1,0.69385,0.15479,0.86206,-0.527,2.344,-0.122,ergonomis
2026-06-01 14:04:10.871,2206190327,341871,2,1.02002,-0.12134,-0.04102,-0.603,0.252,-0.412,ergonomis
2026-06-01 14:04:10.071,2206189527,342071,1,0.68335,0.16797,0.86694,1.832,1.344,-1.038,ergonomis
2026-06-01 14:04:10.071,2206189527,342071,2,1.02344,-0.12891,-0.04761,-2.84,0.603,1.26,ergonomis
2026-06-01 14:04:11.271,2206190727,342271,1,0.69531,0.16284,0.85889,-1.137,1.901,-0.679,ergonomis
2026-06-01 14:04:11.271,2206190727,342271,2,1.01953,-0.13037,-0.03345,-3.221,1.267,1.817,ergonomis
2026-06-01 14:04:11.471,2206190927,342471,1,0.69165,0.15723,0.87061,1.458,1.672,0.504,ergonomis
2026-06-01 14:04:11.471,2206190927,342471,2,1.02881,-0.11328,-0.0415,-0.153,0.649,0.42,ergonomis
2026-06-01 14:04:11.671,2206191127,342671,1,0.69751,0.1582,0.86035,-1.305,1.412,-1.015,ergonomis
2026-06-01 14:04:11.671,2206191127,342671,2,1.03394,-0.13843,-0.03882,-0.107,0.237,0.756,ergonomis
2026-06-01 14:04:11.871,2206191327,342871,1,0.6853,0.15601,0.86841,-0.519,1.786,-0.985,ergonomis
2026-06-01 14:04:11.871,2206191327,342871,2,1.02539,-0.12378,-0.0354,0.573,0.733,0.672,ergonomis
2026-06-01 14:04:11.071,2206190527,343071,1,0.69556,0.15576,0.854,1.198,2.137,0.153,ergonomis
2026-06-01 14:04:11.071,2206190527,343071,2,1.03174,-0.13232,-0.04956,-3.191,1.45,1.359,ergonomis
2026-06-01 14:04:12.271,2206191727,343271,1,0.68457,0.15527,0.8623,-0.176,2.74,0.137,ergonomis
2026-06-01 14:04:12.271,2206191727,343271,2,1.02344,-0.12646,-0.04126,0.275,0.718,0.16,ergonomis
2026-06-01 14:04:12.471,2206191927,343471,1,0.69312,0.17188,0.87134,2.16,1.763,-0.611,ergonomis
2026-06-01 14:04:12.471,2206191927,343471,2,1.03076,-0.13354,-0.0415,-3.534,0.496,0.855,ergonomis
2026-06-01 14:04:12.671,2206192127,343671,1,0.68726,0.14697,0.8623,0.168,3.725,0.084,ergonomis
2026-06-01 14:04:12.671,2206192127,343671,2,1.01758,-0.11572,-0.03833,0.092,0.489,-0.176,ergonomis
2026-06-01 14:04:12.871,2206192327,343871,1,0.69531,0.14966,0.86792,1.427,1.099,-0.115,ergonomis
2026-06-01 14:04:12.871,2206192327,343871,2,1.0293,-0.12842,-0.04419,-3.023,-0.298,0.634,ergonomis
2026-06-01 14:04:12.071,2206191527,344071,1,0.68774,0.1499,0.86426,-2.107,1.687,-1.885,ergonomis
2026-06-01 14:04:12.071,2206191527,344071,2,1.0166,-0.13159,-0.03833,-0.855,-0.229,-0.412,ergonomis
2026-06-01 14:04:13.271,2206192727,344271,1,0.68799,0.1748,0.86108,0.748,1.977,-1.015,ergonomis
2026-06-01 14:04:13.271,2206192727,344271,2,1.02319,-0.12354,-0.04346,-2.679,0.427,0.863,ergonomis
2026-06-01 14:04:13.471,2206192927,344471,1,0.68945,0.15527,0.86646,0.412,1.298,-0.656,ergonomis
2026-06-01 14:04:13.471,2206192927,344471,2,1.01221,-0.125,-0.04297,-2.061,0.191,0.107,ergonomis
2026-06-01 14:04:13.671,2206193127,344671,1,0.68262,0.15845,0.87158,2.031,1.656,0.534,ergonomis
2026-06-01 14:04:13.671,2206193127,344671,2,1.02905,-0.11816,-0.0481,-1.397,0.802,1.763,ergonomis
2026-06-01 14:04:13.871,2206193327,344871,1,0.6936,0.15283,0.86523,-1.641,1.26,-1.351,ergonomis
2026-06-01 14:04:13.871,2206193327,344871,2,1.02246,-0.12061,-0.03809,0.58,0.267,0.282,ergonomis
2026-06-01 14:04:13.071,2206192527,345071,1,0.69067,0.15796,0.85864,0.137,1.954,-0.702,ergonomis
2026-06-01 14:04:13.071,2206192527,345071,2,1.02954,-0.12915,-0.05225,-0.779,0.489,0.198,ergonomis
2026-06-01 14:04:14.271,2206193727,345271,1,0.69067,0.15454,0.86572,-0.053,1.611,-0.878,ergonomis
2026-06-01 14:04:14.271,2206193727,345271,2,1.0188,-0.11963,-0.04517,0.534,0.298,-0.053,ergonomis
2026-06-01 14:04:14.471,2206193927,345471,1,0.68604,0.15894,0.87109,0.221,1.481,-2.191,ergonomis
2026-06-01 14:04:14.471,2206193927,345471,2,1.02686,-0.12817,-0.04492,-2.229,0.679,0.42,ergonomis
2026-06-01 14:04:14.671,2206194127,345671,1,0.53613,0.14844,0.92358,21.26,53.198,10.466,ergonomis
2026-06-01 14:04:14.671,2206194127,345671,2,1.02637,-0.08447,0.02637,6.397,4.947,-3.603,ergonomis
2026-06-01 14:04:14.871,2206194327,345871,1,0.53345,0.16162,1.01343,2.366,-65.015,-0.954,ergonomis
2026-06-01 14:04:14.871,2206194327,345871,2,1.0542,-0.01221,0.21436,-47.137,-2.733,17.344,ergonomis
2026-06-01 14:04:14.071,2206193527,346071,1,0.65918,0.15161,0.88257,-3.359,43.511,-3.084,ergonomis
2026-06-01 14:04:14.071,2206193527,346071,2,1.02881,-0.11646,-0.02856,2.847,3.611,-1.267,ergonomis
2026-06-01 14:04:15.271,2206194727,346271,1,0.83081,0.17554,0.88062,-6.221,-73.878,1.031,ergonomis
2026-06-01 14:04:15.271,2206194727,346271,2,1.01953,-0.15552,-0.06592,-13.191,-8.901,6.412,ergonomis
2026-06-01 14:04:15.471,2206194927,346471,1,0.91431,0.16064,0.58472,5.237,-84.74,22.458,ergonomis
2026-06-01 14:04:15.471,2206194927,346471,2,1.06958,-0.15381,-0.13257,6.947,-9.618,0.45,ergonomis
2026-06-01 14:04:15.671,2206195127,346671,1,0.98438,0.13086,0.43359,-1.0,-13.427,5.015,ergonomis
2026-06-01 14:04:15.671,2206195127,346671,2,1.01807,-0.15112,-0.13599,-10.779,3.389,3.618,ergonomis
2026-06-01 14:04:15.871,2206195327,346871,1,1.0083,0.11133,0.37476,-3.031,-2.107,3.305,ergonomis
2026-06-01 14:04:15.871,2206195327,346871,2,1.01587,-0.16602,-0.13013,-3.305,2.115,0.71,ergonomis
2026-06-01 14:04:15.071,2206194527,347071,1,1.01001,0.07837,0.36816,0.885,-5.626,5.809,ergonomis
2026-06-01 14:04:15.071,2206194527,347071,2,1.01587,-0.14185,-0.11523,0.344,,0.427,ergonomis
2026-06-01 14:04:16.271,2206195727,347271,1,1.01514,0.04395,0.36426,0.427,5.29,3.458,ergonomis
2026-06-01 14:04:16.271,2206195727,347271,2,1.02124,-0.15308,-0.13721,-4.298,2.153,0.809,ergonomis
2026-06-01 14:04:16.471,2206195927,347471,1,1.00684,0.05298,0.4021,-9.664,16.145,-5.725,ergonomis
2026-06-01 14:04:16.471,2206195927,347471,2,1.01953,-0.15552,-0.11768,0.74,-0.87,1.099,ergonomis
2026-06-01 14:04:16.671,2206196127,347671,1,1.05933,0.05103,0.39502,-5.687,-6.634,-0.489,ergonomis
2026-06-01 14:04:16.671,2206196127,347671,2,1.02344,-0.13281,-0.09521,-10.626,4.679,2.328,ergonomis
2026-06-01 14:04:16.891,2206196347,347891,1,1.01782,0.03784,0.35278,4.603,-4.206,1.16,ergonomis
2026-06-01 14:04:16.891,2206196347,347891,2,1.00781,-0.16797,-0.12134,11.099,-2.847,-2.458,ergonomis
2026-06-01 14:04:16.091,2206195547,348091,1,1.0376,0.06177,0.33813,10.58,-5.809,-6.641,ergonomis
2026-06-01 14:04:16.091,2206195547,348091,2,1.03394,-0.16113,-0.10352,4.16,0.588,-0.71,ergonomis
2026-06-01 14:04:17.291,2206196747,348291,1,1.03394,0.0542,0.30054,-3.084,1.382,-4.099,ergonomis
2026-06-01 14:04:17.291,2206196747,348291,2,1.01538,-0.15552,-0.09741,-35.115,13.534,9.924,ergonomis
2026-06-01 14:04:17.491,2206196947,348491,1,1.05249,0.07568,0.3186,59.038,-42.916,22.366,ergonomis
2026-06-01 14:04:17.491,2206196947,348491,2,1.0564,-0.17578,-0.12256,31.214,5.855,-14.504,ergonomis
2026-06-01 14:04:17.691,2206197147,348691,1,1.04736,0.10107,0.29248,-34.649,48.412,-2.901,ergonomis
2026-06-01 14:04:17.691,2206197147,348691,2,1.01758,-0.12769,-0.10913,-20.45,4.206,4.366,ergonomis
2026-06-01 14:04:17.891,2206197347,348891,1,1.00928,0.05737,0.4248,0.198,0.527,-1.153,ergonomis
2026-06-01 14:04:17.891,2206197347,348891,2,1.02002,-0.14453,-0.12134,-4.824,1.565,1.282,ergonomis
2026-06-01 14:04:17.091,2206196547,349091,1,1.00122,0.05591,0.43457,1.328,2.511,-0.42,ergonomis
2026-06-01 14:04:17.091,2206196547,349091,2,1.02954,-0.16138,-0.14502,2.214,-6.107,2.779,ergonomis
2026-06-01 14:04:18.291,2206197747,349291,1,1.00854,0.05396,0.40747,-1.092,-4.137,2.183,ergonomis
2026-06-01 14:04:18.291,2206197747,349291,2,1.03369,-0.13159,-0.14209,-12.344,-29.969,9.389,ergonomis
2026-06-01 14:04:18.491,2206197947,349491,1,0.9856,0.06885,0.4126,4.412,23.901,-0.748,ergonomis
2026-06-01 14:04:18.491,2206197947,349491,2,0.99072,-0.14087,-0.19531,-11.427,-6.992,6.687,ergonomis
2026-06-01 14:04:18.691,2206198147,349691,1,0.99048,0.05664,0.44946,-5.374,10.656,-2.191,ergonomis
2026-06-01 14:04:18.691,2206198147,349691,2,0.99927,-0.17871,-0.26489,-3.053,0.71,1.031,ergonomis
2026-06-01 14:04:18.891,2206198347,349891,1,0.979,0.0542,0.4895,-4.198,9.588,-2.0,ergonomis
2026-06-01 14:04:18.891,2206198347,349891,2,0.97974,-0.18848,-0.2522,-8.939,-7.473,5.359,ergonomis
2026-06-01 14:04:18.091,2206197547,350091,1,0.97925,0.05688,0.51563,-1.267,0.611,-2.084,ergonomis
2026-06-01 14:04:18.091,2206197547,350091,2,0.99854,-0.19751,-0.29761,-9.611,16.168,-0.542,ergonomis
2026-06-01 14:04:19.291,2206198747,350291,1,0.96094,0.05664,0.52905,2.351,-1.687,0.153,ergonomis
2026-06-01 14:04:19.291,2206198747,350291,2,0.96484,-0.146,-0.19897,-9.55,-8.656,4.977,ergonomis
2026-06-01 14:04:19.491,2206198947,350491,1,0.95264,0.06689,0.53223,2.71,1.573,1.244,ergonomis
2026-06-01 14:04:19.491,2206198947,350491,2,0.90088,-0.13037,-0.30103,5.817,2.328,-3.122,ergonomis
2026-06-01 14:04:19.691,2206199147,350691,1,0.99951,0.02637,0.56641,28.519,63.321,-9.382,ergonomis
2026-06-01 14:04:19.691,2206199147,350691,2,1.00439,-0.19873,-0.33203,-9.298,-24.435,7.023,ergonomis
2026-06-01 14:04:19.891,2206199347,350891,1,0.92798,0.08911,0.56982,7.855,-16.634,2.679,ergonomis
2026-06-01 14:04:19.891,2206199347,350891,2,0.97021,-0.19702,-0.3938,-5.74,9.221,-0.466,ergonomis
2026-06-01 14:04:19.091,2206198547,351091,1,0.92725,0.08472,0.59668,1.511,-3.534,-0.405,ergonomis
2026-06-01 14:04:19.091,2206198547,351091,2,0.95825,-0.18115,-0.36206,-4.664,14.87,-1.252,ergonomis
2026-06-01 14:04:20.291,2206199747,351291,1,0.94482,0.06909,0.55688,7.969,-3.435,2.924,ergonomis
2026-06-01 14:04:20.291,2206199747,351291,2,0.4834,-0.70435,-0.53833,-20.176,53.519,-16.74,ergonomis
2026-06-01 14:04:20.491,2206199947,351491,1,0.94775,0.0918,0.53711,1.221,2.206,-0.58,ergonomis
2026-06-01 14:04:20.491,2206199947,351491,2,1.05298,-0.08301,-0.1228,-16.878,-22.046,13.031,ergonomis
2026-06-01 14:04:20.691,2206200147,351691,1,0.93384,0.07568,0.51782,-0.298,-5.359,-0.763,ergonomis
2026-06-01 14:04:20.691,2206200147,351691,2,1.0166,-0.14258,-0.26025,-8.527,-15.076,2.443,ergonomis
2026-06-01 14:04:20.891,2206200347,351891,1,0.88135,0.16943,0.4585,31.382,27.794,-5.565,ergonomis
2026-06-01 14:04:20.891,2206200347,351891,2,1.02783,-0.09937,-0.22021,11.794,19.702,-6.137,ergonomis
2026-06-01 14:04:20.091,2206199547,352091,1,0.93896,0.10767,0.479,-10.031,-3.221,-3.351,ergonomis
2026-06-01 14:04:20.091,2206199547,352091,2,1.01489,-0.09082,-0.22266,2.847,19.916,-6.87,ergonomis
2026-06-01 14:04:21.291,2206200747,352291,1,0.95068,0.1084,0.54248,0.466,-11.847,-2.214,ergonomis
2026-06-01 14:04:21.291,2206200747,352291,2,1.51685,0.06641,0.23071,-45.191,116.458,48.626,ergonomis
2026-06-01 14:04:21.491,2206200947,352491,1,1.00195,0.1062,0.55493,0.824,7.145,-0.427,ergonomis
2026-06-01 14:04:21.491,2206200947,352491,2,1.06323,-0.10791,-0.14941,-33.763,-25.366,18.374,ergonomis
2026-06-01 14:04:21.691,2206201147,352691,1,0.98193,0.10791,0.42969,-1.176,1.916,-3.809,ergonomis
2026-06-01 14:04:21.691,2206201147,352691,2,0.99316,-0.07129,-0.16675,10.542,26.061,-8.511,ergonomis
2026-06-01 14:04:21.891,2206201347,352891,1,0.97266,0.14209,0.50781,-38.664,-17.626,2.634,ergonomis
2026-06-01 14:04:21.891,2206201347,352891,2,1.0166,-0.07959,-0.13721,6.13,8.237,-2.74,ergonomis
2026-06-01 14:04:21.091,2206200547,353091,1,0.98633,0.06396,0.4895,9.328,-4.069,-2.16,ergonomis
2026-06-01 14:04:21.091,2206200547,353091,2,1.02026,-0.06714,-0.08203,0.008,10.977,-4.649,ergonomis
2026-06-01 14:04:22.291,2206201747,353291,1,1.06348,0.09839,0.48364,-11.374,0.962,-3.504,ergonomis
2026-06-01 14:04:22.291,2206201747,353291,2,0.96094,-0.09302,-0.07959,23.282,-8.0,-6.229,ergonomis
2026-06-01 14:04:22.491,2206201947,353491,1,0.89771,0.13599,0.53247,-2.771,-0.756,1.901,ergonomis
2026-06-01 14:04:22.491,2206201947,353491,2,1.02466,-0.08813,-0.11938,-3.107,-7.855,3.344,ergonomis
2026-06-01 14:04:22.691,2206202147,353691,1,0.93457,0.11792,0.50342,14.954,3.458,-4.962,ergonomis
2026-06-01 14:04:22.691,2206202147,353691,2,1.03931,-0.08203,-0.11377,-0.206,0.802,0.137,ergonomis
2026-06-01 14:04:22.891,2206202347,353891,1,0.93433,-0.40503,0.72461,127.504,-57.29,-16.901,ergonomis
2026-06-01 14:04:22.891,2206202347,353891,2,1.02954,-0.06494,-0.12671,5.611,13.267,-6.824,ergonomis
2026-06-01 14:04:22.091,2206201547,354091,1,0.97485,0.08594,0.49438,-0.351,1.458,-0.336,ergonomis
2026-06-01 14:04:22.091,2206201547,354091,2,1.03076,-0.07568,-0.11206,-0.511,-0.466,-0.122,ergonomis
2026-06-01 14:04:23.291,2206202747,354291,1,0.98779,0.08936,0.48438,-2.565,-1.748,1.084,ergonomis
2026-06-01 14:04:23.291,2206202747,354291,2,1.42407,-0.15747,-0.57983,5.267,34.985,0.229,ergonomis
2026-06-01 14:04:23.491,2206202947,354491,1,1.02759,0.104,0.49072,7.389,5.924,0.595,ergonomis
2026-06-01 14:04:23.491,2206202947,354491,2,1.02612,-0.0708,-0.12817,4.489,4.893,-6.527,ergonomis
2026-06-01 14:04:23.691,2206203147,354691,1,0.8877,0.06274,0.43018,-4.16,-9.855,0.824,ergonomis
2026-06-01 14:04:23.691,2206203147,354691,2,1.05322,-0.08667,-0.12622,-4.145,-3.786,2.198,ergonomis
2026-06-01 14:04:23.891,2206203347,354891,1,0.88354,0.15112,0.50342,-13.275,0.649,2.282,ergonomis
2026-06-01 14:04:23.891,2206203347,354891,2,1.11597,-0.05859,-0.18262,-1.649,-2.412,4.824,ergonomis
2026-06-01 14:04:23.091,2206202547,355091,1,0.97852,0.09668,0.49243,-5.023,-8.366,0.374,ergonomis
2026-06-01 14:04:23.091,2206202547,355091,2,1.052,-0.07813,-0.12939,-12.229,-0.42,2.519,ergonomis
2026-06-01 14:04:24.291,2206203747,355291,1,0.97534,0.10156,0.44189,1.863,-0.305,-0.443,ergonomis
2026-06-01 14:04:24.291,2206203747,355291,2,1.07593,-0.0708,-0.07324,11.412,13.298,-4.84,ergonomis
2026-06-01 14:04:24.491,2206203947,355491,1,0.9873,0.10571,0.48096,-0.908,1.092,-0.313,ergonomis
2026-06-01 14:04:24.491,2206203947,355491,2,1.04956,-0.08765,-0.0957,-3.153,1.931,3.321,ergonomis
2026-06-01 14:04:24.691,2206204147,355691,1,0.94727,0.12549,0.46509,-5.176,1.511,0.504,ergonomis
2026-06-01 14:04:24.691,2206204147,355691,2,1.02173,-0.07886,-0.02222,-2.389,-1.427,1.015,ergonomis
2026-06-01 14:04:24.891,2206204347,355891,1,0.96387,0.09717,0.5022,-4.008,4.122,-1.992,ergonomis
2026-06-01 14:04:24.891,2206204347,355891,2,1.03442,-0.06909,-0.02808,-0.893,0.412,0.313,ergonomis
2026-06-01 14:04:24.091,2206203547,356091,1,0.94873,0.09155,0.53857,1.275,2.45,-4.557,ergonomis
2026-06-01 14:04:24.091,2206203547,356091,2,1.03564,-0.03467,-0.01318,10.26,8.481,-0.618,ergonomis
2026-06-01 14:04:25.291,2206204747,356291,1,0.97949,0.10327,0.50586,-4.076,4.435,-3.145,ergonomis
2026-06-01 14:04:25.291,2206204747,356291,2,0.94385,-0.00293,-0.00366,-3.725,-13.893,6.252,ergonomis
2026-06-01 14:04:25.491,2206204947,356491,1,0.97046,0.10571,0.50806,-7.931,8.183,-3.954,ergonomis
2026-06-01 14:04:25.491,2206204947,356491,2,1.03149,-0.03882,-0.04443,-0.84,0.84,-1.26,ergonomis
2026-06-01 14:04:25.691,2206205147,356691,1,0.95361,0.11035,0.53052,-5.504,5.603,-3.221,ergonomis
2026-06-01 14:04:25.691,2206205147,356691,2,1.02075,-0.03418,-0.01489,-1.534,-0.061,0.473,ergonomis
2026-06-01 14:04:25.891,2206205347,356891,1,0.94043,0.10107,0.56689,11.466,-4.282,2.038,ergonomis
2026-06-01 14:04:25.891,2206205347,356891,2,0.82275,-0.0354,-0.12646,5.916,6.275,1.038,ergonomis
2026-06-01 14:04:25.091,2206204547,357091,1,0.94116,0.10425,0.5686,-0.756,1.16,-0.74,ergonomis
2026-06-01 14:04:25.091,2206204547,357091,2,1.02832,-0.05371,-0.03223,-1.733,-0.122,-0.023,ergonomis
2026-06-01 14:04:26.291,2206205747,357291,1,0.91821,0.10791,0.58594,-2.763,4.275,-3.359,ergonomis
2026-06-01 14:04:26.291,2206205747,357291,2,1.06128,-0.0437,-0.04639,-1.87,2.794,0.183,ergonomis
2026-06-01 14:04:26.491,2206205947,357491,1,0.93213,0.09692,0.5752,2.137,-0.649,-0.092,ergonomis
2026-06-01 14:04:26.491,2206205947,357491,2,1.00049,-0.0083,-0.03906,0.748,2.794,0.099,ergonomis
2026-06-01 14:04:26.691,2206206147,357691,1,0.91992,0.12988,0.60229,-15.145,10.71,-18.328,ergonomis
2026-06-01 14:04:26.691,2206206147,357691,2,0.52856,0.05762,0.19067,-22.42,-62.74,16.748,ergonomis
2026-06-01 14:04:26.891,2206206347,357891,1,0.90308,0.15088,0.58643,0.817,-0.977,1.328,ergonomis
2026-06-01 14:04:26.891,2206206347,357891,2,1.02002,-0.06079,-0.0415,1.466,-1.443,-1.748,ergonomis
2026-06-01 14:04:26.091,2206205547,358091,1,0.92432,0.14209,0.59521,-0.015,0.069,-0.885,ergonomis
2026-06-01 14:04:26.091,2206205547,358091,2,1.04297,-0.07324,-0.05981,-1.939,1.351,0.931,ergonomis
2026-06-01 14:04:27.291,2206206747,358291,1,0.91187,0.15186,0.59814,8.076,-0.458,1.443,ergonomis
2026-06-01 14:04:27.291,2206206747,358291,2,1.01758,-0.10034,-0.02417,0.084,-5.244,-0.504,ergonomis
2026-06-01 14:04:27.491,2206206947,358491,1,0.91211,0.15479,0.61646,-7.763,10.916,-12.069,ergonomis
2026-06-01 14:04:27.491,2206206947,358491,2,1.00952,-0.03662,-0.01172,-7.534,-6.038,3.046,ergonomis
2026-06-01 14:04:27.691,2206207147,358691,1,0.87891,0.05469,0.51294,85.969,-42.878,47.389,ergonomis
2026-06-01 14:04:27.691,2206207147,358691,2,1.0625,-0.11182,-0.05688,17.344,10.87,-3.611,ergonomis
2026-06-01 14:04:27.891,2206207347,358891,1,0.88965,0.14575,0.61108,-9.504,9.695,-17.817,ergonomis
2026-06-01 14:04:27.891,2206207347,358891,2,1.01587,-0.06519,0.01489,1.985,-1.557,-0.649,ergonomis
2026-06-01 14:04:27.091,2206206547,359091,1,0.90601,0.11255,0.61963,11.351,-1.145,4.412,ergonomis
2026-06-01 14:04:27.091,2206206547,359091,2,0.93726,-0.09106,0.17065,-2.733,-20.954,2.618,ergonomis
2026-06-01 14:04:28.291,2206207747,359291,1,0.96313,0.13403,0.58618,-9.344,0.176,0.069,ergonomis
2026-06-01 14:04:28.291,2206207747,359291,2,1.0498,0.02881,-0.01343,39.969,26.55,-28.863,ergonomis
2026-06-01 14:04:28.491,2206207947,359491,1,0.93652,0.1062,0.59692,-6.527,6.069,-4.878,ergonomis
2026-06-01 14:04:28.491,2206207947,359491,2,0.99341,0.0332,0.03345,-16.557,-12.015,3.824,ergonomis
2026-06-01 14:04:28.691,2206208147,359691,1,0.91504,0.1189,0.6001,-4.008,4.122,-7.473,ergonomis
2026-06-01 14:04:28.691,2206208147,359691,2,1.00635,0.03442,0.00317,-11.802,-6.611,5.252,ergonomis
2026-06-01 14:04:28.891,2206208347,359891,1,0.93018,0.12402,0.59692,-7.008,10.359,-18.076,ergonomis
2026-06-01 14:04:28.891,2206208347,359891,2,0.93579,-0.01514,-0.0249,-10.13,15.397,12.084,ergonomis
2026-06-01 14:04:28.091,2206207547,360091,1,0.93018,0.12524,0.60376,4.847,-5.855,15.908,ergonomis
2026-06-01 14:04:28.091,2206207547,360091,2,1.0459,-0.03516,-0.02637,-7.389,-5.756,4.046,ergonomis
2026-06-01 14:04:29.291,2206208747,360291,1,0.90356,0.04907,0.66772,-27.053,26.534,-15.992,ergonomis
2026-06-01 14:04:29.291,2206208747,360291,2,1.04053,-0.01245,0.02124,-3.206,-3.733,2.504,ergonomis
2026-06-01 14:04:29.491,2206208947,360491,1,0.90723,0.14014,0.60791,-1.183,1.794,-2.084,ergonomis
2026-06-01 14:04:29.491,2206208947,360491,2,1.02417,-0.06494,-0.06128,-2.748,0.031,1.824,ergonomis
2026-06-01 14:04:29.691,2206209147,360691,1,0.93481,-0.40161,0.98804,108.878,-50.489,78.969,ergonomis
2026-06-01 14:04:29.691,2206209147,360691,2,1.02002,-0.0542,-0.05469,12.374,1.382,-5.183,ergonomis
2026-06-01 14:04:29.891,2206209347,360891,1,1.02393,0.06152,0.34619,1.748,-43.405,19.687,ergonomis
2026-06-01 14:04:29.891,2206209347,360891,2,1.03955,-0.06079,-0.06372,-2.443,-1.023,1.069,ergonomis
2026-06-01 14:04:29.091,2206208547,361091,1,1.00464,0.07056,0.26416,12.733,-13.046,3.595,ergonomis
2026-06-01 14:04:29.091,2206208547,361091,2,1.03491,-0.0415,-0.0647,6.924,2.267,-3.107,ergonomis
2026-06-01 14:04:30.291,2206209747,361291,1,1.01147,-0.00977,0.26831,-1.031,2.618,2.985,ergonomis
2026-06-01 14:04:30.291,2206209747,361291,2,1.02393,-0.02612,-0.04663,2.26,1.756,-1.588,ergonomis
2026-06-01 14:04:30.491,2206209947,361491,1,1.05737,0.01855,0.31177,4.779,7.756,-9.855,ergonomis
2026-06-01 14:04:30.491,2206209947,361491,2,1.03857,-0.02002,-0.06421,-14.962,0.359,5.618,ergonomis
2026-06-01 14:04:30.691,2206210147,361691,1,1.08716,-0.00659,0.31226,-35.832,56.969,-16.863,ergonomis
2026-06-01 14:04:30.691,2206210147,361691,2,1.05103,-0.07324,-0.06079,2.038,,-0.076,ergonomis
2026-06-01 14:04:30.891,2206210347,361891,1,1.03662,0.11157,0.1814,-3.962,-33.435,14.901,ergonomis
2026-06-01 14:04:30.891,2206210347,361891,2,1.02759,-0.03076,-0.0437,0.115,0.824,0.099,ergonomis
2026-06-01 14:04:30.091,2206209547,362091,1,1.02222,0.01929,0.28979,-0.389,12.183,-5.069,ergonomis
2026-06-01 14:04:30.091,2206209547,362091,2,1.03442,-0.04688,-0.05981,-4.771,-0.489,1.023,ergonomis
2026-06-01 14:04:31.291,2206210747,362291,1,1.05981,0.00781,0.29712,-7.756,11.374,-4.977,ergonomis
2026-06-01 14:04:31.291,2206210747,362291,2,1.02881,-0.04053,-0.05225,-7.954,-2.374,2.336,ergonomis
2026-06-01 14:04:31.491,2206210947,362491,1,0.99731,0.01294,0.44702,-0.023,-3.992,-1.122,ergonomis
2026-06-01 14:04:31.491,2206210947,362491,2,1.03223,-0.05249,-0.06958,-4.42,0.046,1.588,ergonomis
2026-06-01 14:04:31.691,2206211147,362691,1,-0.27026,1.61523,-0.27075,170.595,243.275,-110.611,ergonomis
2026-06-01 14:04:31.691,2206211147,362691,2,1.03564,-0.05371,-0.07959,-2.313,1.221,-0.351,ergonomis
2026-06-01 14:04:31.891,2206211347,362891,1,1.01099,-0.09424,0.49365,8.802,7.985,-6.542,ergonomis
2026-06-01 14:04:31.891,2206211347,362891,2,1.02783,-0.0603,-0.05737,-2.534,0.786,0.931,ergonomis
2026-06-01 14:04:31.091,2206210547,363091,1,1.00684,0.00464,0.43872,8.336,-0.496,-1.076,ergonomis
2026-06-01 14:04:31.091,2206210547,363091,2,1.02612,-0.0437,-0.073,-1.748,0.168,1.008,ergonomis
2026-06-01 14:04:32.291,2206211747,363291,1,1.01074,0.01123,0.41284,1.321,0.908,-0.588,ergonomis
2026-06-01 14:04:32.291,2206211747,363291,2,1.02881,-0.06177,-0.06616,-0.84,0.87,0.473,ergonomis
2026-06-01 14:04:32.491,2206211947,363491,1,1.00562,0.01367,0.42236,2.107,2.031,-0.595,ergonomis
2026-06-01 14:04:32.491,2206211947,363491,2,1.03076,-0.04248,-0.06909,0.634,0.046,0.038,ergonomis
2026-06-01 14:04:32.691,2206212147,363691,1,1.0127,0.0127,0.39551,0.855,1.847,-0.374,ergonomis
2026-06-01 14:04:32.691,2206212147,363691,2,1.02441,-0.04199,-0.06323,0.145,0.443,0.229,ergonomis
2026-06-01 14:04:32.891,2206212347,363891,1,1.00952,0.01904,0.41553,0.748,1.794,0.015,ergonomis
2026-06-01 14:04:32.891,2206212347,363891,2,1.01416,-0.05371,-0.05127,0.214,0.221,0.855,ergonomis
2026-06-01 14:04:32.091,2206211547,364091,1,1.01025,0.00806,0.40845,0.756,1.916,-0.595,ergonomis
2026-06-01 14:04:32.091,2206211547,364091,2,1.02563,-0.06006,-0.0686,0.595,-0.221,0.405,ergonomis
2026-06-01 14:04:33.297,2206212753,364297,1,1.01392,0.00342,0.41382,0.328,2.13,-0.84,ergonomis
2026-06-01 14:04:33.297,2206212753,364297,2,1.03247,-0.05151,-0.0647,-1.366,-0.382,-0.282,ergonomis
2026-06-01 14:04:33.497,2206212953,364497,1,0.95166,0.02612,0.43286,-3.16,13.779,0.015,ergonomis
2026-06-01 14:04:33.497,2206212953,364497,2,0.94751,-0.07617,-0.05396,13.344,14.16,-7.389,ergonomis
2026-06-01 14:04:33.738,2206213194,364738,1,0.98535,-0.01318,0.40405,-1.634,24.008,1.221,ergonomis
2026-06-01 14:04:33.738,2206213194,364738,2,0.96265,-0.04468,-0.04272,-9.092,13.511,-7.618,ergonomis
2026-06-01 14:04:33.938,2206213394,364938,1,0.98877,,0.55908,0.237,18.237,-3.191,ergonomis
2026-06-01 14:04:33.938,2206213394,364938,2,1.07861,0.02856,-0.12207,-18.855,7.237,-4.42,ergonomis
2026-06-01 14:04:33.138,2206212594,365138,1,0.99414,0.00562,0.54541,-5.786,-3.015,-0.511,ergonomis
2026-06-01 14:04:33.138,2206212594,365138,2,1.01636,0.0415,0.04126,-7.718,-12.802,3.099,ergonomis
2026-06-01 14:04:34.338,2206213794,365338,1,0.92993,0.00391,0.55835,2.023,2.359,-2.595,non-ergonomis
2026-06-01 14:04:34.338,2206213794,365338,2,1.03223,-0.01416,-0.02271,-3.13,1.137,-1.344,non-ergonomis
2026-06-01 14:04:34.538,2206213994,365538,1,0.95557,0.01685,0.56982,0.412,2.794,-1.336,non-ergonomis
2026-06-01 14:04:34.538,2206213994,365538,2,1.04321,-0.00391,-0.02173,-4.076,-0.863,0.947,non-ergonomis
2026-06-01 14:04:34.738,2206214194,365738,1,0.94678,0.00903,0.54712,-0.16,1.588,-0.885,non-ergonomis
2026-06-01 14:04:34.738,2206214194,365738,2,1.03613,-0.00659,-0.0083,-1.305,0.038,0.771,non-ergonomis
2026-06-01 14:04:34.938,2206214394,365938,1,0.95239,0.01758,0.55249,0.985,3.389,-0.863,non-ergonomis
2026-06-01 14:04:34.938,2206214394,365938,2,1.03223,-0.01221,-0.02271,0.481,0.588,0.145,non-ergonomis
2026-06-01 14:04:34.138,2206213594,366138,1,0.9436,0.01831,0.56348,1.817,8.641,-0.954,non-ergonomis
2026-06-01 14:04:34.138,2206213594,366138,2,1.02124,0.01123,0.00659,0.015,5.74,-1.58,non-ergonomis
2026-06-01 14:04:35.338,2206214794,366338,1,0.91919,0.02441,0.63916,1.656,9.626,-1.947,non-ergonomis
2026-06-01 14:04:35.338,2206214794,366338,2,1.02637,-0.02783,-0.00952,-1.176,2.702,-1.435,non-ergonomis
2026-06-01 14:04:35.538,2206214994,366538,1,0.92065,0.02759,0.60889,-0.924,1.511,-0.992,non-ergonomis
2026-06-01 14:04:35.538,2206214994,366538,2,1.03296,-0.00732,-0.00024,-0.794,0.046,0.015,non-ergonomis
2026-06-01 14:04:35.738,2206215194,366738,1,0.91602,0.02539,0.60962,0.328,1.863,-0.985,non-ergonomis
2026-06-01 14:04:35.738,2206215194,366738,2,1.03101,0.00195,0.00952,-0.687,0.656,-0.321,non-ergonomis
2026-06-01 14:04:35.938,2206215394,366938,1,0.91284,0.02417,0.61255,-0.046,0.718,-0.824,non-ergonomis
2026-06-01 14:04:35.938,2206215394,366938,2,1.02368,-0.00269,0.00684,-2.527,0.237,0.565,non-ergonomis
2026-06-01 14:04:35.138,2206214594,367138,1,0.9248,0.02466,0.62036,1.55,3.046,-0.443,non-ergonomis
2026-06-01 14:04:35.138,2206214594,367138,2,1.02783,0.02002,-0.00024,-2.954,0.397,0.107,non-ergonomis
2026-06-01 14:04:36.338,2206215794,367338,1,0.92676,0.02905,0.62402,0.298,2.344,-0.87,non-ergonomis
2026-06-01 14:04:36.338,2206215794,367338,2,1.03003,0.00171,0.00269,-1.733,0.214,1.015,non-ergonomis
2026-06-01 14:04:36.538,2206215994,367538,1,0.92334,0.03271,0.60181,0.908,2.244,-0.351,non-ergonomis
2026-06-01 14:04:36.538,2206215994,367538,2,1.0293,-0.00415,-0.00098,-2.344,0.992,0.053,non-ergonomis
2026-06-01 14:04:36.738,2206216194,367738,1,0.91602,0.02466,0.62109,1.42,1.573,-1.321,non-ergonomis
2026-06-01 14:04:36.738,2206216194,367738,2,1.02734,0.00391,0.00293,-3.55,-0.076,0.878,non-ergonomis
2026-06-01 14:04:36.938,2206216394,367938,1,0.91626,0.02588,0.60986,-0.962,1.802,1.29,non-ergonomis
2026-06-01 14:04:36.938,2206216394,367938,2,1.02954,0.00244,0.0022,-3.153,-0.099,1.351,non-ergonomis
2026-06-01 14:04:36.138,2206215594,368138,1,0.92749,0.0127,0.62305,2.282,2.664,-0.176,non-ergonomis
2026-06-01 14:04:36.138,2206215594,368138,2,1.02905,-0.00562,0.00073,-1.87,0.679,0.466,non-ergonomis
2026-06-01 14:04:37.338,2206216794,368338,1,0.90552,0.0144,0.63477,0.954,1.71,0.458,non-ergonomis
2026-06-01 14:04:37.338,2206216794,368338,2,1.02441,0.00659,0.00659,-1.802,0.038,0.344,non-ergonomis
2026-06-01 14:04:37.538,2206216994,368538,1,0.92676,0.01611,0.61353,0.29,1.947,-1.74,non-ergonomis
2026-06-01 14:04:37.538,2206216994,368538,2,1.02246,-0.00122,0.01538,-0.221,0.702,0.084,non-ergonomis
2026-06-01 14:04:37.738,2206217194,368738,1,0.91675,0.02979,0.63062,1.626,3.771,-1.031,non-ergonomis
2026-06-01 14:04:37.738,2206217194,368738,2,1.03296,0.01538,0.00732,-0.061,0.519,-0.656,non-ergonomis
2026-06-01 14:04:37.938,2206217394,368938,1,0.90723,0.01807,0.62524,-0.595,3.069,-1.031,non-ergonomis
2026-06-01 14:04:37.938,2206217394,368938,2,1.03174,0.0022,0.01001,-0.779,1.71,0.718,non-ergonomis
2026-06-01 14:04:37.138,2206216594,369138,1,0.91528,0.03882,0.63647,0.626,2.321,-0.992,non-ergonomis
2026-06-01 14:04:37.138,2206216594,369138,2,1.03076,0.0083,-0.00024,-0.45,0.725,1.015,non-ergonomis
2026-06-01 14:04:38.338,2206217794,369338,1,0.91309,0.01563,0.64575,-0.13,2.015,-0.924,non-ergonomis
2026-06-01 14:04:38.338,2206217794,369338,2,1.02783,0.00317,0.01392,-3.282,0.908,0.053,non-ergonomis
2026-06-01 14:04:38.538,2206217994,369538,1,0.91724,0.00562,0.58667,0.496,9.481,-4.626,non-ergonomis
2026-06-01 14:04:38.538,2206217994,369538,2,1.04102,0.00244,0.00928,-8.153,4.863,0.45,non-ergonomis
2026-06-01 14:04:38.738,2206218194,369738,1,0.89502,0.01733,0.65894,3.382,10.321,4.405,non-ergonomis
2026-06-01 14:04:38.738,2206218194,369738,2,1.04468,0.00562,0.0332,3.229,10.0,-1.588,non-ergonomis
2026-06-01 14:04:38.938,2206218394,369938,1,0.89941,0.01807,0.64038,-0.099,8.939,2.58,non-ergonomis
2026-06-01 14:04:38.938,2206218394,369938,2,1.06714,0.01538,0.15112,-5.702,21.504,-6.527,non-ergonomis
2026-06-01 14:04:38.138,2206217594,370138,1,0.79907,0.05835,0.78149,5.74,18.489,4.481,non-ergonomis
2026-06-01 14:04:38.138,2206217594,370138,2,0.99609,0.04248,0.1582,-10.023,8.901,-2.023,non-ergonomis
2026-06-01 14:04:39.338,2206218794,370338,1,0.8147,-0.00586,0.71216,4.542,5.809,1.076,non-ergonomis
2026-06-01 14:04:39.338,2206218794,370338,2,1.0,0.03076,0.14819,-0.481,4.908,-1.794,non-ergonomis
2026-06-01 14:04:39.538,2206218994,370538,1,0.83105,0.06201,0.78052,3.519,2.748,-3.023,non-ergonomis
2026-06-01 14:04:39.538,2206218994,370538,2,1.00342,0.05981,0.11938,-3.321,-2.878,0.153,non-ergonomis
2026-06-01 14:04:39.738,2206219194,370738,1,0.84521,0.02075,0.71118,-0.939,1.176,-0.42,non-ergonomis
2026-06-01 14:04:39.738,2206219194,370738,2,1.01245,0.03369,0.12085,-2.611,0.802,0.542,non-ergonomis
2026-06-01 14:04:39.938,2206219394,370938,1,0.84473,0.04517,0.7373,3.191,3.321,-0.634,non-ergonomis
2026-06-01 14:04:39.938,2206219394,370938,2,1.0188,0.05249,0.12744,-1.473,1.557,-1.443,non-ergonomis
2026-06-01 14:04:39.138,2206218594,371138,1,0.81226,0.04346,0.75195,-0.84,1.893,-0.29,non-ergonomis
2026-06-01 14:04:39.138,2206218594,371138,2,1.00757,0.03564,0.11938,-2.267,-0.305,1.481,non-ergonomis
2026-06-01 14:04:40.434,2206219890,371433,1,0.83105,0.04565,0.7439,1.573,2.282,-1.427,non-ergonomis
2026-06-01 14:04:40.434,2206219890,371433,2,1.01953,0.04639,0.11694,-2.954,0.466,0.58,non-ergonomis
2026-06-01 14:04:40.633,2206220089,371633,1,0.82349,0.02441,0.72803,-1.244,1.641,0.588,non-ergonomis
2026-06-01 14:04:40.633,2206220089,371633,2,1.00928,0.0437,0.13696,-0.008,0.191,0.298,non-ergonomis
2026-06-01 14:04:40.833,2206220289,371833,1,0.82593,0.04761,0.74585,0.733,1.618,-1.802,non-ergonomis
2026-06-01 14:04:40.833,2206220289,371833,2,1.01904,0.04199,0.12695,-2.832,-0.305,0.824,non-ergonomis
2026-06-01 14:04:40.033,2206219489,372033,1,0.83032,0.0249,0.74438,-0.687,1.504,0.008,non-ergonomis
2026-06-01 14:04:40.033,2206219489,372033,2,1.01318,0.03076,0.11792,2.031,-0.405,0.954,non-ergonomis
2026-06-01 14:04:41.233,2206220689,372233,1,0.83618,0.04004,0.75317,0.198,1.962,-2.382,non-ergonomis
2026-06-01 14:04:41.233,2206220689,372233,2,1.00928,0.02954,0.11597,-4.076,-0.664,0.42,non-ergonomis
2026-06-01 14:04:41.433,2206220889,372433,1,0.83472,0.02319,0.74976,1.206,1.527,0.626,non-ergonomis
2026-06-01 14:04:41.433,2206220889,372433,2,1.01416,0.07104,0.11304,-0.038,-0.191,-1.473,non-ergonomis
2026-06-01 14:04:41.633,2206221089,372633,1,0.83276,0.0354,0.74463,-1.534,1.824,-1.511,non-ergonomis
2026-06-01 14:04:41.633,2206221089,372633,2,1.02295,0.03125,0.12891,-0.908,0.679,0.618,non-ergonomis
2026-06-01 14:04:41.833,2206221289,372833,1,0.83105,0.03931,0.74243,1.221,2.351,-1.031,non-ergonomis
2026-06-01 14:04:41.833,2206221289,372833,2,1.01367,0.03687,0.13062,-3.595,0.664,0.916,non-ergonomis
2026-06-01 14:04:41.033,2206220489,373033,1,0.82959,0.03662,0.73779,0.634,2.779,-0.237,non-ergonomis
2026-06-01 14:04:41.033,2206220489,373033,2,1.01025,0.05005,0.13232,1.351,0.916,-0.634,non-ergonomis
2026-06-01 14:04:42.233,2206221689,373233,1,0.83423,0.03833,0.74316,-0.405,1.351,-1.672,non-ergonomis
2026-06-01 14:04:42.233,2206221689,373233,2,1.01782,0.03467,0.12378,-2.374,-0.298,0.649,non-ergonomis
2026-06-01 14:04:42.433,2206221889,373433,1,0.82446,0.03369,0.74072,0.573,2.298,0.084,non-ergonomis
2026-06-01 14:04:42.433,2206221889,373433,2,1.01514,0.05591,0.12793,0.565,0.733,-0.267,non-ergonomis
2026-06-01 14:04:42.633,2206222089,373633,1,0.83594,0.04517,0.75366,-0.13,0.756,-2.443,non-ergonomis
2026-06-01 14:04:42.633,2206222089,373633,2,1.00781,0.03198,0.12231,-2.969,-0.519,1.099,non-ergonomis
2026-06-01 14:04:42.833,2206222289,373833,1,0.81958,0.03345,0.74512,1.183,1.84,0.588,non-ergonomis
2026-06-01 14:04:42.833,2206222289,373833,2,1.0105,0.0708,0.12183,-0.817,0.527,-0.359,non-ergonomis
2026-06-01 14:04:42.033,2206221489,374033,1,0.83398,0.04077,0.73779,-0.282,1.015,-0.573,non-ergonomis
2026-06-01 14:04:42.033,2206221489,374033,2,1.01294,0.02271,0.12305,-2.427,0.519,1.924,non-ergonomis
2026-06-01 14:04:43.233,2206222689,374233,1,0.83008,0.03711,0.75122,0.908,2.382,0.534,non-ergonomis
2026-06-01 14:04:43.233,2206222689,374233,2,1.01538,0.0542,0.12622,-1.84,0.695,0.115,non-ergonomis
2026-06-01 14:04:43.433,2206222889,374433,1,0.83057,0.0354,0.73804,0.344,0.84,-0.573,non-ergonomis
2026-06-01 14:04:43.433,2206222889,374433,2,1.00757,0.02368,0.13428,-2.008,0.443,1.023,non-ergonomis
2026-06-01 14:04:43.633,2206223089,374633,1,0.82788,0.03857,0.75537,2.595,2.023,0.168,non-ergonomis
2026-06-01 14:04:43.633,2206223089,374633,2,1.01392,0.05859,0.10425,-1.0,-0.351,-0.275,non-ergonomis
2026-06-01 14:04:43.833,2206223289,374833,1,0.82935,0.03418,0.74292,-0.374,2.557,-0.13,non-ergonomis
2026-06-01 14:04:43.833,2206223289,374833,2,1.01196,0.04199,0.13086,0.389,1.756,0.878,non-ergonomis
2026-06-01 14:04:43.033,2206222489,375033,1,0.8186,0.0459,0.74731,1.26,2.634,-0.908,non-ergonomis
2026-06-01 14:04:43.033,2206222489,375033,2,1.01563,0.04712,0.13379,-2.374,0.145,0.779,non-ergonomis
2026-06-01 14:04:44.233,2206223689,375233,1,0.8269,0.02661,0.74243,0.145,2.58,-0.229,non-ergonomis
2026-06-01 14:04:44.233,2206223689,375233,2,1.01733,0.04834,0.12646,-0.031,0.916,-0.023,non-ergonomis
2026-06-01 14:04:44.433,2206223889,375433,1,0.8291,0.04224,0.74951,-0.626,2.252,-2.107,non-ergonomis
2026-06-01 14:04:44.433,2206223889,375433,2,1.00928,0.0437,0.1167,-1.992,-0.145,0.45,non-ergonomis
2026-06-01 14:04:44.633,2206224089,375633,1,0.83203,0.0332,0.74707,0.13,1.405,0.405,non-ergonomis
2026-06-01 14:04:44.633,2206224089,375633,2,1.01294,0.0686,0.14307,-0.405,0.328,-0.656,non-ergonomis
2026-06-01 14:04:44.833,2206224289,375833,1,0.83594,0.05298,0.74243,0.809,2.405,-1.145,non-ergonomis
2026-06-01 14:04:44.833,2206224289,375833,2,1.01514,0.04736,0.11719,-1.656,0.977,1.55,non-ergonomis
2026-06-01 14:04:44.033,2206223489,376033,1,0.81567,0.06592,0.75659,5.504,3.855,-6.389,non-ergonomis
2026-06-01 14:04:44.033,2206223489,376033,2,1.02563,0.04419,0.1189,-4.389,5.603,4.817,non-ergonomis
2026-06-01 14:04:45.233,2206224689,376233,1,0.81543,0.07813,0.75708,1.321,1.137,-2.603,non-ergonomis
2026-06-01 14:04:45.233,2206224689,376233,2,1.01221,0.00317,0.14063,-3.153,1.954,6.359,non-ergonomis
2026-06-01 14:04:45.433,2206224889,376433,1,0.82349,0.0769,0.75195,2.458,2.427,-1.885,non-ergonomis
2026-06-01 14:04:45.433,2206224889,376433,2,1.01172,-0.00391,0.14429,-1.183,1.382,2.71,non-ergonomis
2026-06-01 14:04:45.633,2206225089,376633,1,0.81274,0.06934,0.76147,0.832,3.084,0.244,non-ergonomis
2026-06-01 14:04:45.633,2206225089,376633,2,1.01172,0.00146,0.1377,-0.252,0.74,-0.641,non-ergonomis
2026-06-01 14:04:45.833,2206225289,376833,1,0.81592,0.08228,0.75488,-1.214,1.641,-1.145,non-ergonomis
2026-06-01 14:04:45.833,2206225289,376833,2,1.01123,-0.00342,0.16064,-1.427,0.252,-1.168,non-ergonomis
2026-06-01 14:04:45.033,2206224489,377033,1,0.81299,0.08569,0.75024,0.809,2.389,-0.542,non-ergonomis
2026-06-01 14:04:45.033,2206224489,377033,2,1.01025,-0.00146,0.14258,-3.092,0.29,0.557,non-ergonomis
2026-06-01 14:04:46.233,2206225689,377233,1,0.81055,0.08374,0.7605,0.206,1.336,-0.359,non-ergonomis
2026-06-01 14:04:46.233,2206225689,377233,2,1.00269,0.01563,0.13721,-2.313,0.42,0.931,non-ergonomis
2026-06-01 14:04:46.433,2206225889,377433,1,0.81396,0.07983,0.75806,1.214,1.229,-0.611,non-ergonomis
2026-06-01 14:04:46.433,2206225889,377433,2,1.0,,0.13696,-1.832,0.756,1.718,non-ergonomis
2026-06-01 14:04:46.633,2206226089,377633,1,0.82007,0.06812,0.75366,1.641,1.618,0.855,non-ergonomis
2026-06-01 14:04:46.633,2206226089,377633,2,1.00537,0.00903,0.14087,-2.573,-0.641,0.244,non-ergonomis
2026-06-01 14:04:46.833,2206226289,377833,1,0.82397,0.07202,0.75415,-0.71,1.595,0.053,non-ergonomis
2026-06-01 14:04:46.833,2206226289,377833,2,1.021,0.01123,0.14502,-0.046,0.023,-0.336,non-ergonomis
2026-06-01 14:04:46.033,2206225489,378033,1,0.80811,0.08301,0.74512,-0.504,1.313,-1.282,non-ergonomis
2026-06-01 14:04:46.033,2206225489,378033,2,1.0083,0.0022,0.14966,-2.565,0.908,1.176,non-ergonomis
2026-06-01 14:04:47.233,2206226689,378233,1,0.81738,0.07764,0.75269,2.267,1.931,-0.427,non-ergonomis
2026-06-01 14:04:47.233,2206226689,378233,2,1.00806,0.01074,0.13623,-3.366,-0.191,0.282,non-ergonomis
2026-06-01 14:04:47.433,2206226889,378433,1,0.82397,0.07007,0.76001,-0.366,2.053,-0.206,non-ergonomis
2026-06-01 14:04:47.433,2206226889,378433,2,1.0105,0.01831,0.16309,1.115,0.519,-0.573,non-ergonomis
2026-06-01 14:04:47.633,2206227089,378633,1,0.81519,0.08423,0.74731,-0.901,1.16,-2.183,non-ergonomis
2026-06-01 14:04:47.633,2206227089,378633,2,1.00439,-0.00586,0.15308,-4.298,0.756,1.389,non-ergonomis
2026-06-01 14:04:47.833,2206227289,378833,1,0.81152,0.07642,0.7522,2.076,1.939,0.206,non-ergonomis
2026-06-01 14:04:47.833,2206227289,378833,2,1.00513,0.02588,0.13281,-1.191,-0.626,-0.015,non-ergonomis
2026-06-01 14:04:47.033,2206226489,379033,1,0.81934,0.07471,0.74805,-0.824,2.069,-0.13,non-ergonomis
2026-06-01 14:04:47.033,2206226489,379033,2,1.00562,0.01807,0.13867,1.595,0.069,-0.107,non-ergonomis
2026-06-01 14:04:48.233,2206227689,379233,1,0.81543,0.07715,0.75952,0.229,1.855,-1.359,non-ergonomis
2026-06-01 14:04:48.233,2206227689,379233,2,1.01221,0.00439,0.14307,-2.725,0.328,1.107,non-ergonomis
2026-06-01 14:04:48.433,2206227889,379433,1,0.81421,0.07251,0.75903,1.397,1.954,0.45,non-ergonomis
2026-06-01 14:04:48.433,2206227889,379433,2,1.00977,0.02271,0.14575,-1.076,-0.076,-0.206,non-ergonomis
2026-06-01 14:04:48.633,2206228089,379633,1,0.81641,0.07715,0.74927,-0.55,1.885,-1.359,non-ergonomis
2026-06-01 14:04:48.633,2206228089,379633,2,1.01196,0.0144,0.15771,0.802,1.405,-0.107,non-ergonomis
2026-06-01 14:04:48.846,2206228302,379846,1,0.8125,0.08423,0.74512,2.321,3.344,-0.725,non-ergonomis
2026-06-01 14:04:48.846,2206228302,379846,2,1.01563,0.02222,0.13354,-0.198,0.496,-0.008,non-ergonomis
2026-06-01 14:04:48.046,2206227502,380046,1,0.81323,0.07275,0.75488,0.046,1.878,-0.053,non-ergonomis
2026-06-01 14:04:48.046,2206227502,380046,2,1.01025,0.02173,0.14136,0.214,0.664,0.145,non-ergonomis
2026-06-01 14:04:49.246,2206228702,380246,1,0.81567,0.08032,0.76904,-0.107,1.13,-1.244,non-ergonomis
2026-06-01 14:04:49.246,2206228702,380246,2,1.0061,0.01318,0.15283,-2.443,0.496,0.443,non-ergonomis
2026-06-01 14:04:49.446,2206228902,380446,1,0.80005,0.07495,0.76294,0.817,1.702,-0.733,non-ergonomis
2026-06-01 14:04:49.446,2206228902,380446,2,1.00781,0.02954,0.13672,-0.725,-0.046,-0.344,non-ergonomis
2026-06-01 14:04:49.646,2206229102,380646,1,0.82056,0.07983,0.75635,-0.305,1.092,-1.313,non-ergonomis
2026-06-01 14:04:49.646,2206229102,380646,2,1.01831,0.0083,0.13184,-3.924,0.244,0.58,non-ergonomis
2026-06-01 14:04:49.846,2206229302,380846,1,0.8103,0.08276,0.76172,1.282,1.794,0.069,non-ergonomis
2026-06-01 14:04:49.846,2206229302,380846,2,1.00488,0.03345,0.13403,-1.504,0.252,-0.008,non-ergonomis
2026-06-01 14:04:49.046,2206228502,381046,1,0.82446,0.08765,0.74292,-0.145,1.237,-1.168,non-ergonomis
2026-06-01 14:04:49.046,2206228502,381046,2,1.00415,0.00171,0.13135,-2.458,-0.496,1.099,non-ergonomis
2026-06-01 14:04:50.246,2206229702,381246,1,0.8064,0.08057,0.75635,0.26,1.435,0.122,non-ergonomis
2026-06-01 14:04:50.246,2206229702,381246,2,1.00757,0.02856,0.14819,-0.916,0.336,-0.183,non-ergonomis
2026-06-01 14:04:50.446,2206229902,381446,1,0.8208,0.09595,0.75537,-0.405,1.137,-1.534,non-ergonomis
2026-06-01 14:04:50.446,2206229902,381446,2,1.01489,0.00146,0.12769,-2.809,-0.45,1.176,non-ergonomis
2026-06-01 14:04:50.646,2206230102,381646,1,0.81714,0.0791,0.74487,0.672,1.687,0.427,non-ergonomis
2026-06-01 14:04:50.646,2206230102,381646,2,1.00415,0.0249,0.14307,-1.084,0.26,0.237,non-ergonomis
2026-06-01 14:04:50.846,2206230302,381846,1,0.81494,0.0957,0.74902,1.321,2.916,-0.908,non-ergonomis
2026-06-01 14:04:50.846,2206230302,381846,2,1.01807,0.02222,0.1333,-1.939,1.069,0.969,non-ergonomis
2026-06-01 14:04:50.046,2206229502,382046,1,0.80444,0.0686,0.74927,-0.595,2.305,0.084,non-ergonomis
2026-06-01 14:04:50.046,2206229502,382046,2,1.00537,0.02393,0.14746,-0.145,1.397,-0.374,non-ergonomis
2026-06-01 14:04:51.246,2206230702,382246,1,0.81177,0.09692,0.76953,0.084,3.0,-3.389,non-ergonomis
2026-06-01 14:04:51.246,2206230702,382246,2,1.00562,0.01807,0.14746,-3.336,0.122,0.489,non-ergonomis
2026-06-01 14:04:51.446,2206230902,382446,1,0.81543,0.07886,0.75098,-0.939,1.099,-0.885,non-ergonomis
2026-06-01 14:04:51.446,2206230902,382446,2,1.00928,0.01489,0.1377,-0.863,0.931,-0.893,non-ergonomis
2026-06-01 14:04:51.646,2206231102,382646,1,0.81519,0.09253,0.75757,1.214,2.634,-0.389,non-ergonomis
2026-06-01 14:04:51.646,2206231102,382646,2,1.01343,0.01758,0.14502,-0.725,0.282,0.824,non-ergonomis
2026-06-01 14:04:51.846,2206231302,382846,1,0.80249,0.08911,0.76611,-1.832,2.061,0.008,non-ergonomis
2026-06-01 14:04:51.846,2206231302,382846,2,0.99854,0.02075,0.15088,-1.893,0.756,1.542,non-ergonomis
2026-06-01 14:04:51.046,2206230502,383046,1,0.8042,0.08105,0.76245,0.038,1.344,0.565,non-ergonomis
2026-06-01 14:04:51.046,2206230502,383046,2,1.00928,0.0083,0.14478,-0.924,0.015,1.122,non-ergonomis
2026-06-01 14:04:52.246,2206231702,383246,1,0.81299,0.07007,0.76172,-1.13,1.504,-0.695,non-ergonomis
2026-06-01 14:04:52.246,2206231702,383246,2,1.00757,0.00757,0.146,-1.511,0.588,0.534,non-ergonomis
2026-06-01 14:04:52.446,2206231902,383446,1,0.80811,0.08301,0.77002,0.939,2.13,0.046,non-ergonomis
2026-06-01 14:04:52.446,2206231902,383446,2,1.00586,0.021,0.13965,-1.595,0.389,0.29,non-ergonomis
2026-06-01 14:04:52.646,2206232102,383646,1,0.81372,0.08032,0.75098,-0.71,1.321,-0.924,non-ergonomis
2026-06-01 14:04:52.646,2206232102,383646,2,1.00854,0.00781,0.15869,-1.107,0.74,0.519,non-ergonomis
2026-06-01 14:04:52.846,2206232302,383846,1,0.80713,0.07007,0.76196,2.031,2.221,1.382,non-ergonomis
2026-06-01 14:04:52.846,2206232302,383846,2,1.00781,0.04468,0.13135,-1.382,0.115,-0.076,non-ergonomis
2026-06-01 14:04:52.046,2206231502,384046,1,0.81348,0.06885,0.76733,-1.13,0.176,-0.496,non-ergonomis
2026-06-01 14:04:52.046,2206231502,384046,2,1.01318,-0.00635,0.15234,-1.359,-0.115,1.435,non-ergonomis
2026-06-01 14:04:53.246,2206232702,384246,1,0.8147,0.06836,0.76294,0.718,0.962,2.565,non-ergonomis
2026-06-01 14:04:53.246,2206232702,384246,2,1.01147,0.01978,0.13916,-1.305,-0.252,0.359,non-ergonomis
2026-06-01 14:04:53.446,2206232902,384446,1,0.81445,0.05078,0.74219,-2.58,-0.664,-0.137,non-ergonomis
2026-06-01 14:04:53.446,2206232902,384446,2,1.01855,-0.00684,0.15625,-1.015,0.542,0.611,non-ergonomis
2026-06-01 14:04:53.646,2206233102,384646,1,0.81763,0.04541,0.7627,2.496,1.954,0.282,non-ergonomis
2026-06-01 14:04:53.646,2206233102,384646,2,1.00342,0.01978,0.13989,-2.695,-0.763,-0.107,non-ergonomis
2026-06-01 14:04:53.846,2206233302,384846,1,0.82983,0.05225,0.74536,0.214,2.611,-0.443,non-ergonomis
2026-06-01 14:04:53.846,2206233302,384846,2,1.01318,0.00342,0.14551,-0.817,2.107,-0.275,non-ergonomis
2026-06-01 14:04:53.046,2206232502,385046,1,0.80811,0.05811,0.77246,2.26,2.573,0.229,non-ergonomis
2026-06-01 14:04:53.046,2206232502,385046,2,0.99927,0.02466,0.14917,-0.191,-0.183,-0.634,non-ergonomis
2026-06-01 14:04:54.246,2206233702,385246,1,0.81982,0.05811,0.75146,-1.962,1.191,0.298,non-ergonomis
2026-06-01 14:04:54.246,2206233702,385246,2,1.00586,0.00537,0.13965,-2.008,0.244,2.237,non-ergonomis
2026-06-01 14:04:54.446,2206233902,385446,1,0.82251,0.04858,0.75757,1.527,2.359,0.344,non-ergonomis
2026-06-01 14:04:54.446,2206233902,385446,2,1.01294,0.01611,0.11865,-0.053,0.107,0.466,non-ergonomis
2026-06-01 14:04:54.646,2206234102,385646,1,0.81421,0.0376,0.75635,-1.618,1.626,0.137,non-ergonomis
2026-06-01 14:04:54.646,2206234102,385646,2,1.00854,-0.00684,0.16187,-0.58,0.817,0.466,non-ergonomis
2026-06-01 14:04:54.846,2206234302,385846,1,0.80688,0.05835,0.75464,1.229,1.916,-2.29,non-ergonomis
2026-06-01 14:04:54.846,2206234302,385846,2,1.00537,0.00879,0.14746,-4.099,0.214,0.908,non-ergonomis
2026-06-01 14:04:54.046,2206233502,386046,1,0.81934,0.04712,0.75562,1.466,2.031,-0.305,non-ergonomis
2026-06-01 14:04:54.046,2206233502,386046,2,1.01099,0.021,0.1416,0.038,0.038,-1.626,non-ergonomis
2026-06-01 14:04:55.246,2206234702,386246,1,0.82251,0.04834,0.74731,-1.962,0.962,-0.573,non-ergonomis
2026-06-01 14:04:55.246,2206234702,386246,2,1.01367,0.00342,0.1604,-1.748,0.641,1.282,non-ergonomis
2026-06-01 14:04:55.446,2206234902,386446,1,0.80811,0.07007,0.75952,0.977,1.794,-1.336,non-ergonomis
2026-06-01 14:04:55.446,2206234902,386446,2,1.00952,0.00562,0.13916,-1.763,0.641,1.771,non-ergonomis
2026-06-01 14:04:55.646,2206235102,386646,1,0.82471,0.04248,0.75513,1.183,1.847,-0.038,non-ergonomis
2026-06-01 14:04:55.646,2206235102,386646,2,1.00293,0.02124,0.14966,-1.779,0.137,0.328,non-ergonomis
2026-06-01 14:04:55.846,2206235302,386846,1,0.82275,0.04883,0.75488,-0.191,1.344,-0.252,non-ergonomis
2026-06-01 14:04:55.846,2206235302,386846,2,1.01758,0.01147,0.14355,-0.084,0.038,0.275,non-ergonomis
2026-06-01 14:04:55.046,2206234502,387046,1,0.82153,0.06226,0.75635,-0.481,1.092,-1.565,non-ergonomis
2026-06-01 14:04:55.046,2206234502,387046,2,1.01367,0.00732,0.146,-4.496,0.26,2.015,non-ergonomis
2026-06-01 14:04:56.246,2206235702,387246,1,0.81421,0.04102,0.75415,2.466,1.504,0.313,non-ergonomis
2026-06-01 14:04:56.246,2206235702,387246,2,1.00391,0.01611,0.12842,-2.244,-0.481,-0.412,non-ergonomis
2026-06-01 14:04:56.446,2206235902,387446,1,0.83496,0.03442,0.76489,-0.702,1.527,0.466,non-ergonomis
2026-06-01 14:04:56.446,2206235902,387446,2,1.01563,0.01514,0.13159,-0.336,-0.511,-0.786,non-ergonomis
2026-06-01 14:04:56.646,2206236102,387646,1,0.8186,0.05688,0.75464,-1.45,1.565,0.061,non-ergonomis
2026-06-01 14:04:56.646,2206236102,387646,2,1.0166,0.00415,0.15771,0.664,0.29,1.221,non-ergonomis
2026-06-01 14:04:56.846,2206236302,387846,1,0.81543,0.06104,0.7356,0.84,1.771,-1.893,non-ergonomis
2026-06-01 14:04:56.846,2206236302,387846,2,1.00342,-0.00439,0.14014,-3.557,0.458,2.115,non-ergonomis
2026-06-01 14:04:56.046,2206235502,388046,1,0.8252,0.03613,0.74585,2.397,2.832,0.427,non-ergonomis
2026-06-01 14:04:56.046,2206235502,388046,2,1.00269,0.0144,0.12988,-0.336,,-0.076,non-ergonomis
2026-06-01 14:04:57.246,2206236702,388246,1,0.83252,0.02393,0.75293,-0.817,2.359,0.527,non-ergonomis
2026-06-01 14:04:57.246,2206236702,388246,2,1.01733,0.00415,0.13403,1.153,0.992,0.16,non-ergonomis
2026-06-01 14:04:57.446,2206236902,388446,1,0.82617,0.04956,0.72681,-1.496,1.29,-1.023,non-ergonomis
2026-06-01 14:04:57.446,2206236902,388446,2,1.01465,-0.00244,0.146,-2.511,0.954,2.519,non-ergonomis
2026-06-01 14:04:57.646,2206237102,388646,1,0.82275,0.03784,0.75269,2.748,2.824,-0.023,non-ergonomis
2026-06-01 14:04:57.646,2206237102,388646,2,1.01221,0.01245,0.14258,-2.931,0.672,0.534,non-ergonomis
2026-06-01 14:04:57.846,2206237302,388846,1,0.82446,0.0293,0.75586,-1.198,1.847,0.229,non-ergonomis
2026-06-01 14:04:57.846,2206237302,388846,2,1.01099,0.00146,0.15308,0.405,1.031,0.634,non-ergonomis
2026-06-01 14:04:57.046,2206236502,389046,1,0.82007,0.052,0.7439,0.565,2.053,-1.55,non-ergonomis
2026-06-01 14:04:57.046,2206236502,389046,2,1.00171,-0.00757,0.13892,-3.229,0.237,1.534,non-ergonomis
2026-06-01 14:04:58.246,2206237702,389246,1,0.82129,0.02783,0.75537,1.351,2.237,0.71,non-ergonomis
2026-06-01 14:04:58.246,2206237702,389246,2,1.01147,0.01953,0.1416,2.664,-0.023,-0.656,non-ergonomis
2026-06-01 14:04:58.446,2206237902,389446,1,0.8252,0.04956,0.74976,-1.023,1.435,-1.756,non-ergonomis
2026-06-01 14:04:58.446,2206237902,389446,2,1.01318,-0.00977,0.12598,-4.687,1.038,1.939,non-ergonomis
2026-06-01 14:04:58.646,2206238102,389646,1,0.82764,0.04272,0.7395,3.802,2.542,-0.412,non-ergonomis
2026-06-01 14:04:58.646,2206238102,389646,2,1.01196,0.02466,0.12842,-0.786,0.55,-0.389,non-ergonomis
2026-06-01 14:04:58.846,2206238302,389846,1,0.81836,0.03296,0.74487,-1.412,1.153,-0.718,non-ergonomis
2026-06-01 14:04:58.846,2206238302,389846,2,1.00342,-0.00317,0.15601,-2.626,1.374,0.885,non-ergonomis
2026-06-01 14:04:58.046,2206237502,390046,1,0.80957,0.04565,0.75732,2.267,1.947,-0.618,non-ergonomis
2026-06-01 14:04:58.046,2206237502,390046,2,1.01416,0.02002,0.12964,-2.641,-0.672,0.389,non-ergonomis
2026-06-01 14:04:59.246,2206238702,390246,1,0.81763,0.02783,0.74048,-0.756,0.42,-0.473,non-ergonomis
2026-06-01 14:04:59.246,2206238702,390246,2,1.0144,0.00659,0.1416,1.038,-0.038,-0.282,non-ergonomis
2026-06-01 14:04:59.446,2206238902,390446,1,0.82471,0.05371,0.76025,1.855,2.183,-1.824,non-ergonomis
2026-06-01 14:04:59.446,2206238902,390446,2,1.02271,0.01221,0.13477,-2.931,-0.053,0.687,non-ergonomis
2026-06-01 14:04:59.646,2206239102,390646,1,0.82397,0.03467,0.73755,-1.229,0.756,0.969,non-ergonomis
2026-06-01 14:04:59.646,2206239102,390646,2,1.01099,0.02661,0.13428,2.244,0.153,-0.962,non-ergonomis
2026-06-01 14:04:59.902,2206239358,390902,1,0.82837,0.05249,0.74268,-0.244,2.351,-2.206,non-ergonomis
2026-06-01 14:04:59.902,2206239358,390902,2,1.01294,-0.00488,0.15283,-3.458,0.214,1.504,non-ergonomis
2026-06-01 14:04:59.102,2206238558,391102,1,0.82275,0.03101,0.75244,1.282,2.603,1.458,non-ergonomis
2026-06-01 14:04:59.102,2206238558,391102,2,1.00439,0.021,0.16211,2.0,0.786,-0.366,non-ergonomis
2026-06-01 14:05:00.302,2206239758,391302,1,0.83325,0.04639,0.75415,-0.489,1.458,-1.618,non-ergonomis
2026-06-01 14:05:00.302,2206239758,391302,2,1.01343,0.00073,0.14063,-4.099,0.206,1.519,non-ergonomis
2026-06-01 14:05:00.502,2206239958,391502,1,0.82349,0.03369,0.75293,0.817,2.0,1.45,non-ergonomis
2026-06-01 14:05:00.502,2206239958,391502,2,1.00854,0.03125,0.15649,1.16,1.588,-0.275,non-ergonomis
2026-06-01 14:05:00.702,2206240158,391702,1,0.8269,0.04053,0.75171,-0.076,1.649,-2.092,non-ergonomis
2026-06-01 14:05:00.702,2206240158,391702,2,1.0127,,0.13525,-2.802,-0.084,1.237,non-ergonomis
2026-06-01 14:05:00.902,2206240358,391902,1,0.81763,0.03418,0.75537,1.168,2.542,0.779,non-ergonomis
2026-06-01 14:05:00.902,2206240358,391902,2,1.00952,0.02295,0.14478,1.802,0.664,-0.191,non-ergonomis
2026-06-01 14:05:00.102,2206239558,392102,1,0.82495,0.04834,0.74585,0.679,2.16,-2.229,non-ergonomis
2026-06-01 14:05:00.102,2206239558,392102,2,1.01099,0.01001,0.14282,-3.092,0.84,0.656,non-ergonomis
2026-06-01 14:05:01.302,2206240758,392302,1,0.81885,0.04248,0.75732,0.031,1.092,-0.252,non-ergonomis
2026-06-01 14:05:01.302,2206240758,392302,2,1.00732,0.0271,0.1416,-1.29,0.489,-0.802,non-ergonomis
2026-06-01 14:05:01.502,2206240958,392502,1,0.82446,0.06494,0.74854,0.275,1.305,-1.969,non-ergonomis
2026-06-01 14:05:01.502,2206240958,392502,2,1.01636,0.01514,0.14526,-4.176,0.008,0.42,non-ergonomis
2026-06-01 14:05:01.702,2206241158,392702,1,0.82471,0.04639,0.7522,0.809,0.992,2.412,non-ergonomis
2026-06-01 14:05:01.702,2206241158,392702,2,1.01074,0.02637,0.13672,0.794,0.611,0.511,non-ergonomis
2026-06-01 14:05:01.902,2206241358,392902,1,0.82666,0.06592,0.75781,-0.107,2.145,-0.87,non-ergonomis
2026-06-01 14:05:01.902,2206241358,392902,2,1.00879,,0.13428,-3.328,0.695,1.931,non-ergonomis
2026-06-01 14:05:01.102,2206240558,393102,1,0.81494,0.01929,0.75,0.588,1.71,0.595,non-ergonomis
2026-06-01 14:05:01.102,2206240558,393102,2,1.00879,0.00928,0.16431,-0.519,1.412,-0.214,non-ergonomis
2026-06-01 14:05:02.302,2206241758,393302,1,0.8269,0.05005,0.75708,0.443,1.916,-2.878,non-ergonomis
2026-06-01 14:05:02.302,2206241758,393302,2,1.01172,0.01563,0.12573,-1.901,-0.305,0.237,non-ergonomis
2026-06-01 14:05:02.502,2206241958,393502,1,0.82153,0.03418,0.74609,-0.939,1.359,-0.328,non-ergonomis
2026-06-01 14:05:02.502,2206241958,393502,2,1.01538,0.0144,0.14453,2.214,0.786,-0.55,non-ergonomis
2026-06-01 14:05:02.702,2206242158,393702,1,0.82959,0.06763,0.74951,1.42,3.023,-2.015,non-ergonomis
2026-06-01 14:05:02.702,2206242158,393702,2,1.01123,0.02808,0.12817,-1.092,0.137,1.298,non-ergonomis
2026-06-01 14:05:02.902,2206242358,393902,1,0.82202,0.02979,0.75439,0.107,2.031,1.588,non-ergonomis
2026-06-01 14:05:02.902,2206242358,393902,2,1.01343,0.01147,0.15259,1.855,1.344,0.618,non-ergonomis
2026-06-01 14:05:02.102,2206241558,394102,1,0.81909,0.05664,0.75757,0.534,1.962,-1.496,non-ergonomis
2026-06-01 14:05:02.102,2206241558,394102,2,1.00293,0.00439,0.15454,-3.458,0.87,1.679,non-ergonomis
2026-06-01 14:05:03.302,2206242758,394302,1,0.81299,0.02783,0.75024,1.618,2.443,0.542,non-ergonomis
2026-06-01 14:05:03.302,2206242758,394302,2,1.00513,0.02051,0.13086,0.901,-0.046,-0.718,non-ergonomis
2026-06-01 14:05:03.502,2206242958,394502,1,0.82617,0.03955,0.75537,-1.084,1.809,-0.672,non-ergonomis
2026-06-01 14:05:03.502,2206242958,394502,2,1.00928,0.00757,0.13159,-0.565,0.145,0.832,non-ergonomis
2026-06-01 14:05:03.702,2206243158,394702,1,0.81689,0.03955,0.76685,1.153,2.359,0.45,non-ergonomis
2026-06-01 14:05:03.702,2206243158,394702,2,1.00928,0.04053,0.11914,-0.84,0.29,0.168,non-ergonomis
2026-06-01 14:05:03.902,2206243358,394902,1,0.81787,0.04395,0.76221,-0.42,0.611,-1.305,non-ergonomis
2026-06-01 14:05:03.902,2206243358,394902,2,1.00806,-0.00391,0.14209,-3.458,0.084,1.321,non-ergonomis
2026-06-01 14:05:03.102,2206242558,395102,1,0.82397,0.03442,0.75488,1.618,1.504,0.038,non-ergonomis
2026-06-01 14:05:03.102,2206242558,395102,2,1.01172,0.02783,0.13184,-2.45,-0.038,-0.336,non-ergonomis
2026-06-01 14:05:04.302,2206243758,395302,1,0.82007,0.0415,0.75,-0.351,0.595,-0.58,non-ergonomis
2026-06-01 14:05:04.302,2206243758,395302,2,1.00244,0.00244,0.15601,-2.069,0.824,1.076,non-ergonomis
2026-06-01 14:05:04.502,2206243958,395502,1,0.82544,0.04419,0.76709,1.466,2.198,-0.008,non-ergonomis
2026-06-01 14:05:04.502,2206243958,395502,2,1.00464,0.0127,0.12549,-2.427,-0.015,0.115,non-ergonomis
2026-06-01 14:05:04.702,2206244158,395702,1,0.83301,0.03345,0.75562,-0.504,1.664,0.076,non-ergonomis
2026-06-01 14:05:04.702,2206244158,395702,2,1.01733,0.0127,0.1377,-0.84,0.038,0.084,non-ergonomis
2026-06-01 14:05:04.902,2206244358,395902,1,0.82837,0.04468,0.75,0.168,2.137,-0.573,non-ergonomis
2026-06-01 14:05:04.902,2206244358,395902,2,1.01025,0.01343,0.14307,-0.58,0.489,0.198,non-ergonomis
2026-06-01 14:05:04.102,2206243558,396102,1,0.82446,0.04834,0.75171,0.427,2.832,-1.107,non-ergonomis
2026-06-01 14:05:04.102,2206243558,396102,2,1.01831,0.01782,0.14111,-0.504,0.336,0.794,non-ergonomis
2026-06-01 14:05:05.302,2206244758,396302,1,0.82349,0.04736,0.75562,0.229,2.397,0.069,non-ergonomis
2026-06-01 14:05:05.302,2206244758,396302,2,1.01318,0.02539,0.13403,1.122,0.489,-0.221,non-ergonomis
2026-06-01 14:05:05.502,2206244958,396502,1,0.82568,0.04468,0.76001,-0.336,2.069,-1.29,non-ergonomis
2026-06-01 14:05:05.502,2206244958,396502,2,1.0166,0.01025,0.14185,-1.481,0.71,0.832,non-ergonomis
2026-06-01 14:05:05.702,2206245158,396702,1,0.82568,0.03882,0.75952,0.954,2.58,-0.168,non-ergonomis
2026-06-01 14:05:05.702,2206245158,396702,2,1.01563,0.02246,0.13477,-0.489,0.13,-0.153,non-ergonomis
2026-06-01 14:05:05.902,2206245358,396902,1,0.81494,0.04614,0.7373,-0.595,1.458,-0.405,non-ergonomis
2026-06-01 14:05:05.902,2206245358,396902,2,1.0105,0.00635,0.14233,-1.267,0.931,1.092,non-ergonomis
2026-06-01 14:05:05.102,2206244558,397102,1,0.82153,0.05176,0.76172,1.115,2.214,-0.588,non-ergonomis
2026-06-01 14:05:05.102,2206244558,397102,2,1.00635,0.0144,0.12744,-2.16,0.115,0.855,non-ergonomis
2026-06-01 14:05:06.302,2206245758,397302,1,0.82642,0.03516,0.75977,0.122,1.947,0.779,non-ergonomis
2026-06-01 14:05:06.302,2206245758,397302,2,1.01196,0.03369,0.13574,0.298,0.359,-0.504,non-ergonomis
2026-06-01 14:05:06.502,2206245958,397502,1,0.81543,0.04248,0.75732,-0.565,0.977,-1.603,non-ergonomis
2026-06-01 14:05:06.502,2206245958,397502,2,1.01514,0.0083,0.13965,-4.252,0.252,0.939,non-ergonomis
2026-06-01 14:05:06.702,2206246158,397702,1,0.82202,0.04517,0.75024,2.649,1.817,-0.275,non-ergonomis
2026-06-01 14:05:06.702,2206246158,397702,2,1.01147,0.03027,0.1438,-2.511,0.153,-0.496,non-ergonomis
2026-06-01 14:05:06.902,2206246358,397902,1,0.83276,0.03931,0.74585,-0.832,0.427,-0.771,non-ergonomis
2026-06-01 14:05:06.902,2206246358,397902,2,1.00732,0.00024,0.14673,-2.473,0.573,1.725,non-ergonomis
2026-06-01 14:05:06.102,2206245558,398102,1,0.82104,0.03687,0.75391,1.473,2.855,0.137,non-ergonomis
2026-06-01 14:05:06.102,2206245558,398102,2,1.0144,0.0271,0.11816,-1.099,0.252,0.244,non-ergonomis
2026-06-01 14:05:07.302,2206246758,398302,1,0.81934,0.03076,0.74756,-0.962,0.649,-0.336,non-ergonomis
2026-06-01 14:05:07.302,2206246758,398302,2,1.00586,-0.00024,0.15381,-2.435,0.756,0.725,non-ergonomis
2026-06-01 14:05:07.502,2206246958,398502,1,0.82227,0.05249,0.75732,2.55,2.29,-1.405,non-ergonomis
2026-06-01 14:05:07.502,2206246958,398502,2,1.01636,0.02222,0.13428,-1.962,0.061,-0.084,non-ergonomis
2026-06-01 14:05:07.702,2206247158,398702,1,0.82251,0.02856,0.74463,-1.328,1.679,-0.397,non-ergonomis
2026-06-01 14:05:07.702,2206247158,398702,2,1.00586,0.01147,0.14063,2.664,0.504,0.489,non-ergonomis
2026-06-01 14:05:07.902,2206247358,398902,1,0.81812,0.05664,0.75415,0.893,2.137,-1.969,non-ergonomis
2026-06-01 14:05:07.902,2206247358,398902,2,1.0105,0.02856,0.12988,-2.366,-0.122,0.649,non-ergonomis
2026-06-01 14:05:07.102,2206246558,399102,1,0.82031,0.02905,0.75488,0.893,2.183,0.031,non-ergonomis
2026-06-01 14:05:07.102,2206246558,399102,2,1.00635,0.01001,0.13916,2.092,0.679,-0.183,non-ergonomis
2026-06-01 14:05:08.302,2206247758,399302,1,0.8269,0.05713,0.7478,-0.076,2.206,-1.832,non-ergonomis
2026-06-01 14:05:08.302,2206247758,399302,2,1.0061,0.00293,0.13354,-4.16,0.412,1.466,non-ergonomis
2026-06-01 14:05:08.502,2206247958,399502,1,0.81616,0.02832,0.76025,2.0,2.122,0.947,non-ergonomis
2026-06-01 14:05:08.502,2206247958,399502,2,1.01294,0.03613,0.14453,1.282,0.656,-0.931,non-ergonomis
2026-06-01 14:05:08.702,2206248158,399702,1,0.82593,0.04224,0.7561,-1.023,1.206,-2.076,non-ergonomis
2026-06-01 14:05:08.702,2206248158,399702,2,1.00854,-0.00317,0.15527,-2.45,0.443,1.366,non-ergonomis
2026-06-01 14:05:08.902,2206248358,399902,1,0.81104,0.0498,0.75195,2.176,1.74,0.534,non-ergonomis
2026-06-01 14:05:08.902,2206248358,399902,2,1.00977,0.04248,0.13135,-2.031,-0.275,-0.237,non-ergonomis
2026-06-01 14:05:08.102,2206247558,400102,1,0.83423,0.03955,0.74854,-1.061,0.382,-0.702,non-ergonomis
2026-06-01 14:05:08.102,2206247558,400102,2,1.00635,-0.00635,0.13062,-2.389,0.481,1.137,non-ergonomis
2026-06-01 14:05:09.302,2206248758,400302,1,0.82251,0.05444,0.75879,2.099,2.137,-0.519,non-ergonomis
2026-06-01 14:05:09.302,2206248758,400302,2,1.01196,0.02759,0.1167,-2.809,-0.473,0.557,non-ergonomis
2026-06-01 14:05:09.502,2206248958,400502,1,0.82886,0.0354,0.7334,-1.115,0.145,-0.221,non-ergonomis
2026-06-01 14:05:09.502,2206248958,400502,2,1.00806,0.00024,0.14697,-2.214,0.641,0.992,non-ergonomis
2026-06-01 14:05:09.702,2206249158,400702,1,0.82324,0.04175,0.74951,1.74,3.351,-1.076,non-ergonomis
2026-06-01 14:05:09.702,2206249158,400702,2,1.02173,0.01465,0.12598,-2.389,0.031,0.58,non-ergonomis
2026-06-01 14:05:09.902,2206249358,400902,1,0.8252,0.02954,0.74634,-1.214,1.122,0.015,non-ergonomis
2026-06-01 14:05:09.902,2206249358,400902,2,1.00781,,0.1416,0.893,0.824,0.634,non-ergonomis
2026-06-01 14:05:09.102,2206248558,401102,1,0.82178,0.05688,0.74414,1.328,3.008,-1.435,non-ergonomis
2026-06-01 14:05:09.102,2206248558,401102,2,1.01514,0.02856,0.1311,-1.588,-0.168,0.557,non-ergonomis
2026-06-01 14:05:10.302,2206249758,401302,1,0.82349,0.02881,0.73486,-0.58,1.511,0.137,non-ergonomis
2026-06-01 14:05:10.302,2206249758,401302,2,1.00757,0.00244,0.14111,-0.511,1.183,0.664,non-ergonomis
2026-06-01 14:05:10.502,2206249958,401502,1,0.81885,0.0437,0.74536,1.924,2.901,-0.695,non-ergonomis
2026-06-01 14:05:10.502,2206249958,401502,2,1.0166,0.02271,0.13452,-1.115,0.053,0.389,non-ergonomis
2026-06-01 14:05:10.702,2206250158,401702,1,0.82178,0.0332,0.74463,-1.29,1.153,-0.557,non-ergonomis
2026-06-01 14:05:10.702,2206250158,401702,2,1.0,0.00269,0.14185,-0.725,0.863,0.924,non-ergonomis
2026-06-01 14:05:10.902,2206250358,401902,1,0.82178,0.05859,0.75342,2.069,3.29,-1.237,non-ergonomis
2026-06-01 14:05:10.902,2206250358,401902,2,1.01807,0.02661,0.12793,-1.137,0.008,0.405,non-ergonomis
2026-06-01 14:05:10.102,2206249558,402102,1,0.81714,0.02832,0.75244,-0.733,1.542,0.115,non-ergonomis
2026-06-01 14:05:10.102,2206249558,402102,2,1.00244,0.00952,0.15039,0.519,1.237,0.145,non-ergonomis
2026-06-01 14:05:11.302,2206250758,402302,1,0.82544,0.05176,0.7644,0.992,1.939,-1.214,non-ergonomis
2026-06-01 14:05:11.302,2206250758,402302,2,1.00854,0.02026,0.12988,-4.092,-0.053,0.847,non-ergonomis
2026-06-01 14:05:11.502,2206250958,402502,1,0.82813,0.03394,0.75488,0.718,1.405,0.603,non-ergonomis
2026-06-01 14:05:11.502,2206250958,402502,2,1.0022,0.03101,0.12988,-0.809,-0.298,-0.412,non-ergonomis
2026-06-01 14:05:11.702,2206251158,402702,1,0.82397,0.0481,0.74487,-0.985,0.618,-1.252,non-ergonomis
2026-06-01 14:05:11.702,2206251158,402702,2,1.01758,0.00342,0.13867,-5.282,0.26,1.176,non-ergonomis
2026-06-01 14:05:11.902,2206251358,402902,1,0.81738,0.03345,0.75269,1.267,1.634,0.557,non-ergonomis
2026-06-01 14:05:11.902,2206251358,402902,2,1.00537,0.0354,0.13159,0.229,-0.107,-0.282,non-ergonomis
2026-06-01 14:05:11.102,2206250558,403102,1,0.83228,0.04883,0.74927,-0.641,1.137,-1.527,non-ergonomis
2026-06-01 14:05:11.102,2206250558,403102,2,1.01538,-0.00928,0.12866,-3.42,-0.435,1.649,non-ergonomis
2026-06-01 14:05:12.302,2206251758,403302,1,0.82251,0.03369,0.73389,0.885,1.794,0.504,non-ergonomis
2026-06-01 14:05:12.302,2206251758,403302,2,1.01636,0.01636,0.14771,-0.557,0.916,-0.023,non-ergonomis
2026-06-01 14:05:12.502,2206251958,403502,1,0.82642,0.04419,0.7478,0.061,1.473,-1.374,non-ergonomis
2026-06-01 14:05:12.502,2206251958,403502,2,1.01294,0.00049,0.12646,-2.252,-0.55,0.939,non-ergonomis
2026-06-01 14:05:12.702,2206252158,403702,1,0.82202,0.02759,0.74829,0.412,2.458,0.824,non-ergonomis
2026-06-01 14:05:12.702,2206252158,403702,2,1.00903,0.01855,0.13428,1.374,0.519,-0.122,non-ergonomis
2026-06-01 14:05:12.902,2206252358,403902,1,0.82837,0.04907,0.7522,0.031,2.344,-1.786,non-ergonomis
2026-06-01 14:05:12.902,2206252358,403902,2,1.01489,0.00513,0.12378,-1.695,0.412,1.221,non-ergonomis
2026-06-01 14:05:12.102,2206251558,404102,1,0.81738,0.03955,0.74146,0.611,2.298,0.756,non-ergonomis
2026-06-01 14:05:12.102,2206251558,404102,2,1.00854,0.02002,0.13379,1.733,0.038,-0.534,non-ergonomis
2026-06-01 14:05:13.302,2206252758,404302,1,0.82739,0.04785,0.75854,0.611,2.16,-1.763,non-ergonomis
2026-06-01 14:05:13.302,2206252758,404302,2,1.01416,0.01538,0.12769,-2.603,-0.122,1.16,non-ergonomis
2026-06-01 14:05:13.502,2206252958,404502,1,0.82568,0.02856,0.74341,0.534,1.901,0.214,non-ergonomis
2026-06-01 14:05:13.502,2206252958,404502,2,1.01294,0.01733,0.1228,-2.351,-0.031,1.046,non-ergonomis
2026-06-01 14:05:13.800,2206253256,404800,1,0.83838,0.04639,0.75562,-0.076,1.351,-1.015,non-ergonomis
2026-06-01 14:05:13.800,2206253256,404800,2,1.01025,0.00122,0.12915,-1.183,-0.183,0.924,non-ergonomis
2026-06-01 14:05:13.000,2206252456,405000,1,0.81909,0.03296,0.7627,0.794,2.626,0.084,non-ergonomis
2026-06-01 14:05:13.000,2206252456,405000,2,1.01855,0.03394,0.13525,-1.053,1.672,-0.145,non-ergonomis
2026-06-01 14:05:13.200,2206252656,405200,1,0.83301,0.04126,0.74438,-0.115,0.45,-1.298,non-ergonomis
2026-06-01 14:05:13.200,2206252656,405200,2,1.01294,0.00195,0.13477,-4.321,0.664,0.603,non-ergonomis
2026-06-01 14:05:14.400,2206253856,405400,1,0.823,0.03711,0.7478,0.992,1.992,0.885,non-ergonomis
2026-06-01 14:05:14.400,2206253856,405400,2,1.01416,0.02734,0.1333,-0.71,0.221,-0.13,non-ergonomis
2026-06-01 14:05:14.600,2206254056,405600,1,0.83081,0.04175,0.74609,-0.107,0.939,-1.55,non-ergonomis
2026-06-01 14:05:14.600,2206254056,405600,2,1.01416,-0.00317,0.12183,-3.618,-0.924,1.092,non-ergonomis
2026-06-01 14:05:14.800,2206254256,405800,1,0.81616,0.03711,0.74878,0.557,1.947,0.573,non-ergonomis
2026-06-01 14:05:14.800,2206254256,405800,2,1.00854,0.01904,0.14136,-0.122,-0.145,-0.366,non-ergonomis
2026-06-01 14:05:14.000,2206253456,406000,1,0.83398,0.05298,0.74829,-0.015,1.252,-1.756,non-ergonomis
2026-06-01 14:05:14.000,2206253456,406000,2,1.01587,0.00903,0.13379,-3.649,0.13,1.137,non-ergonomis
2026-06-01 14:05:14.200,2206253656,406200,1,0.82593,0.02441,0.74487,0.916,1.87,0.71,non-ergonomis
2026-06-01 14:05:14.200,2206253656,406200,2,1.00098,0.0271,0.13794,0.519,0.382,-0.137,non-ergonomis
2026-06-01 14:05:15.400,2206254856,406400,1,0.83081,0.0603,0.74146,0.45,2.321,-2.191,non-ergonomis
2026-06-01 14:05:15.400,2206254856,406400,2,1.01099,0.00415,0.12915,-0.908,0.183,1.359,non-ergonomis
2026-06-01 14:05:15.600,2206255056,406600,1,0.81689,0.03003,0.74487,0.038,2.275,0.55,non-ergonomis
2026-06-01 14:05:15.600,2206255056,406600,2,1.00659,0.01221,0.1394,1.595,0.344,0.176,non-ergonomis
2026-06-01 14:05:15.800,2206255256,406800,1,0.83154,0.0498,0.74634,0.863,2.977,-1.519,non-ergonomis
2026-06-01 14:05:15.800,2206255256,406800,2,1.01416,0.0271,0.11255,-0.885,0.252,1.237,non-ergonomis
2026-06-01 14:05:15.000,2206254456,407000,1,0.82251,0.02539,0.74072,-0.718,1.443,0.298,non-ergonomis
2026-06-01 14:05:15.000,2206254456,407000,2,1.00854,0.00635,0.13281,1.198,0.679,0.038,non-ergonomis
2026-06-01 14:05:15.200,2206254656,407200,1,0.82837,0.0542,0.74927,0.802,2.13,-1.878,non-ergonomis
2026-06-01 14:05:15.200,2206254656,407200,2,1.01392,0.01733,0.13721,-2.183,0.305,0.557,non-ergonomis
2026-06-01 14:05:16.400,2206255856,407400,1,0.82202,0.02954,0.74487,-0.321,1.863,0.794,non-ergonomis
2026-06-01 14:05:16.400,2206255856,407400,2,1.00732,0.01367,0.14185,0.443,0.763,0.198,non-ergonomis
2026-06-01 14:05:16.600,2206256056,407600,1,0.82446,0.05566,0.75635,0.695,1.45,-1.863,non-ergonomis
2026-06-01 14:05:16.600,2206256056,407600,2,1.0144,0.01074,0.14014,-4.305,-0.328,1.29,non-ergonomis
2026-06-01 14:05:16.800,2206256256,407800,1,0.82739,0.03809,0.74097,0.389,1.061,0.55,non-ergonomis
2026-06-01 14:05:16.800,2206256256,407800,2,1.00586,0.01904,0.14209,-1.191,-0.267,0.008,non-ergonomis
2026-06-01 14:05:16.000,2206255456,408000,1,0.82031,0.0498,0.75269,0.84,1.672,-1.771,non-ergonomis
2026-06-01 14:05:16.000,2206255456,408000,2,1.01099,0.02295,0.12524,-3.115,-0.29,0.847,non-ergonomis
2026-06-01 14:05:16.200,2206255656,408200,1,0.82861,0.03345,0.75562,0.107,0.969,0.718,non-ergonomis
2026-06-01 14:05:16.200,2206255656,408200,2,1.00488,0.01538,0.12622,-1.733,-0.031,-0.008,non-ergonomis
2026-06-01 14:05:17.400,2206256856,408400,1,0.82446,0.04565,0.76147,1.198,2.191,-1.13,non-ergonomis
2026-06-01 14:05:17.400,2206256856,408400,2,1.01538,0.0188,0.13574,-1.725,-0.221,0.229,non-ergonomis
2026-06-01 14:05:17.600,2206257056,408600,1,0.83325,0.0354,0.73413,-0.702,1.275,-0.275,non-ergonomis
2026-06-01 14:05:17.600,2206257056,408600,2,1.0105,0.00244,0.13428,-0.931,0.985,1.053,non-ergonomis
2026-06-01 14:05:17.800,2206257256,408800,1,0.82324,0.05273,0.74634,1.931,3.107,-1.153,non-ergonomis
2026-06-01 14:05:17.800,2206257256,408800,2,1.00781,0.02148,0.12524,-0.641,-0.053,0.26,non-ergonomis
2026-06-01 14:05:17.000,2206256456,409000,1,0.83521,0.03125,0.73926,-0.969,1.725,-0.198,non-ergonomis
2026-06-01 14:05:17.000,2206256456,409000,2,1.00366,0.00073,0.13135,-0.763,1.053,0.55,non-ergonomis
2026-06-01 14:05:17.200,2206256656,409200,1,0.82495,0.04639,0.75098,2.122,3.122,-0.855,non-ergonomis
2026-06-01 14:05:17.200,2206256656,409200,2,1.01465,0.02759,0.12354,-1.244,0.221,0.076,non-ergonomis
2026-06-01 14:05:18.400,2206257856,409400,1,0.83374,0.03027,0.7417,-0.695,1.397,-0.176,non-ergonomis
2026-06-01 14:05:18.400,2206257856,409400,2,1.00854,0.0022,0.13525,-0.45,1.031,0.382,non-ergonomis
2026-06-01 14:05:18.600,2206258056,409600,1,0.81787,0.04565,0.75439,1.023,3.008,-0.313,non-ergonomis
2026-06-01 14:05:18.600,2206258056,409600,2,1.00879,0.03394,0.13208,-0.649,0.481,-0.26,non-ergonomis
2026-06-01 14:05:18.800,2206258256,409800,1,0.83423,0.04761,0.75098,-1.176,1.298,-0.863,non-ergonomis
2026-06-01 14:05:18.800,2206258256,409800,2,1.02124,0.00781,0.1394,-1.939,1.687,0.802,non-ergonomis
2026-06-01 14:05:18.000,2206257456,410000,1,0.82202,0.03906,0.7522,0.969,2.412,0.786,non-ergonomis
2026-06-01 14:05:18.000,2206257456,410000,2,1.00171,0.02393,0.13232,1.656,-0.206,0.298,non-ergonomis
2026-06-01 14:05:18.200,2206257656,410200,1,0.81689,0.04858,0.76343,-0.229,1.366,-1.069,non-ergonomis
2026-06-01 14:05:18.200,2206257656,410200,2,1.0144,0.00903,0.14331,-4.695,1.351,1.305,non-ergonomis
2026-06-01 14:05:19.400,2206258856,410400,1,0.823,0.02954,0.75342,1.038,1.847,0.626,non-ergonomis
2026-06-01 14:05:19.400,2206258856,410400,2,1.01318,0.02295,0.12866,-2.168,0.183,-0.344,non-ergonomis
2026-06-01 14:05:19.600,2206259056,410600,1,0.81689,0.03711,0.74878,-0.328,0.748,-2.099,non-ergonomis
2026-06-01 14:05:19.600,2206259056,410600,2,1.01196,0.00586,0.14404,-3.191,0.595,0.061,non-ergonomis
2026-06-01 14:05:19.800,2206259256,410800,1,0.82568,0.03857,0.74805,2.588,2.076,-0.779,non-ergonomis
2026-06-01 14:05:19.800,2206259256,410800,2,1.01807,0.01563,0.12109,-3.893,-0.573,-1.443,non-ergonomis
2026-06-01 14:05:19.000,2206258456,411000,1,0.8269,0.03467,0.74854,-3.679,3.679,1.771,non-ergonomis
2026-06-01 14:05:19.000,2206258456,411000,2,1.01538,0.0249,0.13208,-1.626,0.267,1.0,non-ergonomis
2026-06-01 14:05:19.200,2206258656,411200,1,0.81421,0.04614,0.75781,1.359,2.328,0.74,non-ergonomis
2026-06-01 14:05:19.200,2206258656,411200,2,1.01929,0.01245,0.13501,-1.489,1.221,1.939,non-ergonomis
2026-06-01 14:05:20.400,2206259856,411400,1,0.8103,0.03809,0.77173,1.153,2.206,-0.74,non-ergonomis
2026-06-01 14:05:20.400,2206259856,411400,2,1.0166,0.02075,0.13623,-2.695,0.351,0.191,non-ergonomis
2026-06-01 14:05:20.600,2206260056,411600,1,0.81128,0.01904,0.75317,0.137,1.496,0.481,non-ergonomis
2026-06-01 14:05:20.600,2206260056,411600,2,1.00562,0.01221,0.12549,2.649,-0.84,-0.229,non-ergonomis
2026-06-01 14:05:20.800,2206260256,411800,1,0.81958,0.04321,0.76294,-1.015,1.511,-2.382,non-ergonomis
2026-06-01 14:05:20.800,2206260256,411800,2,1.00708,-0.00977,0.13306,-3.557,0.122,1.481,non-ergonomis
2026-06-01 14:05:20.000,2206259456,412000,1,0.81323,0.03027,0.76855,1.924,3.061,1.115,non-ergonomis
2026-06-01 14:05:20.000,2206259456,412000,2,1.00854,0.04541,0.13257,1.534,0.679,-1.351,non-ergonomis
2026-06-01 14:05:20.200,2206259656,412200,1,0.80762,0.03784,0.74951,-2.611,0.473,-1.656,non-ergonomis
2026-06-01 14:05:20.200,2206259656,412200,2,1.00708,-0.0127,0.14478,-3.634,0.489,2.611,non-ergonomis
2026-06-01 14:05:21.400,2206260856,412400,1,0.81372,0.03931,0.76489,3.45,3.214,0.351,non-ergonomis
2026-06-01 14:05:21.400,2206260856,412400,2,1.00732,0.03564,0.10962,-0.382,0.015,-0.557,non-ergonomis
2026-06-01 14:05:21.600,2206261056,412600,1,0.823,0.01636,0.74927,-2.443,0.664,-0.817,non-ergonomis
2026-06-01 14:05:21.600,2206261056,412600,2,1.00635,-0.00439,0.14185,-0.496,1.435,1.092,non-ergonomis
2026-06-01 14:05:21.800,2206261256,412800,1,0.81738,0.03735,0.75244,1.718,2.924,-0.931,non-ergonomis
2026-06-01 14:05:21.800,2206261256,412800,2,1.00366,0.03906,0.12085,-5.305,-0.099,0.397,non-ergonomis
2026-06-01 14:05:21.000,2206260456,413000,1,0.83276,0.02002,0.74292,1.74,1.069,2.023,non-ergonomis
2026-06-01 14:05:21.000,2206260456,413000,2,1.01343,0.02686,0.14063,1.588,1.023,-0.015,non-ergonomis
2026-06-01 14:05:21.200,2206260656,413200,1,0.82495,0.04907,0.75464,-0.092,0.695,-3.214,non-ergonomis
2026-06-01 14:05:21.200,2206260656,413200,2,1.00903,0.0105,0.13428,-6.298,0.29,1.153,non-ergonomis
2026-06-01 14:05:22.400,2206261856,413400,1,0.823,0.02051,0.7688,0.771,1.847,1.26,non-ergonomis
2026-06-01 14:05:22.400,2206261856,413400,2,1.01318,0.03271,0.13916,0.519,0.458,-0.885,non-ergonomis
2026-06-01 14:05:22.600,2206262056,413600,1,0.82373,0.04419,0.73975,-0.802,0.351,-1.916,non-ergonomis
2026-06-01 14:05:22.600,2206262056,413600,2,1.00854,-0.02051,0.14917,-3.366,0.588,1.206,non-ergonomis
2026-06-01 14:05:22.800,2206262256,413800,1,0.81592,0.03711,0.76221,-3.13,1.328,1.802,non-ergonomis
2026-06-01 14:05:22.800,2206262256,413800,2,1.01123,0.01709,0.13794,-3.702,-1.321,1.0,non-ergonomis
2026-06-01 14:05:22.000,2206261456,414000,1,0.82935,0.03906,0.74341,0.198,1.389,-0.832,non-ergonomis
2026-06-01 14:05:22.000,2206261456,414000,2,1.01245,-0.00391,0.13062,-1.931,1.252,1.092,non-ergonomis
2026-06-01 14:05:22.200,2206261656,414200,1,0.83496,0.03394,0.75122,3.992,3.519,-0.618,non-ergonomis
2026-06-01 14:05:22.200,2206261656,414200,2,1.01294,0.02979,0.10913,-1.145,0.847,-0.901,non-ergonomis
2026-06-01 14:05:23.400,2206262856,414400,1,0.81177,0.02515,0.75513,-2.443,1.122,0.328,non-ergonomis
2026-06-01 14:05:23.400,2206262856,414400,2,1.02295,-0.00146,0.14551,1.305,-0.031,1.107,non-ergonomis
2026-06-01 14:05:23.600,2206263056,414600,1,0.83423,0.04932,0.7666,1.519,2.176,-1.908,non-ergonomis
2026-06-01 14:05:23.600,2206263056,414600,2,1.00977,0.02051,0.12695,-4.84,-0.275,0.55,non-ergonomis
2026-06-01 14:05:23.800,2206263256,414800,1,0.82446,0.0105,0.73804,-0.321,2.519,2.603,non-ergonomis
2026-06-01 14:05:23.800,2206263256,414800,2,1.01807,0.0166,0.13159,4.031,1.496,-0.29,non-ergonomis
2026-06-01 14:05:23.000,2206262456,415000,1,0.82544,0.04248,0.76099,-0.679,2.008,-2.427,non-ergonomis
2026-06-01 14:05:23.000,2206262456,415000,2,1.01709,0.01416,0.10986,-4.191,-0.763,0.931,non-ergonomis
2026-06-01 14:05:23.200,2206262656,415200,1,0.81738,0.01563,0.75415,0.794,2.641,2.221,non-ergonomis
2026-06-01 14:05:23.200,2206262656,415200,2,1.02295,0.02808,0.13916,4.008,0.893,-0.733,non-ergonomis
2026-06-01 14:05:24.400,2206263856,415400,1,0.81787,0.05127,0.74707,-0.496,1.008,-3.924,non-ergonomis
2026-06-01 14:05:24.400,2206263856,415400,2,1.00049,-0.01245,0.13989,-6.16,-0.107,2.779,non-ergonomis
2026-06-01 14:05:24.600,2206264056,415600,1,0.82056,0.01245,0.75659,2.733,1.878,2.649,non-ergonomis
2026-06-01 14:05:24.600,2206264056,415600,2,1.01074,0.04346,0.13257,0.847,0.679,-1.58,non-ergonomis
2026-06-01 14:05:24.800,2206264256,415800,1,0.82397,0.03589,0.75879,-3.901,-2.359,-4.282,non-ergonomis
2026-06-01 14:05:24.800,2206264256,415800,2,1.0022,-0.02051,0.13306,-7.229,-0.725,2.969,non-ergonomis
2026-06-01 14:05:24.000,2206263456,416000,1,0.82397,0.0459,0.74854,5.725,3.13,1.366,non-ergonomis
2026-06-01 14:05:24.000,2206263456,416000,2,1.01343,0.04199,0.12231,0.313,0.588,-1.053,non-ergonomis
2026-06-01 14:05:24.200,2206263656,416200,1,0.83276,0.03125,0.72852,-3.038,0.71,-1.626,non-ergonomis
2026-06-01 14:05:24.200,2206263656,416200,2,1.0166,-0.02417,0.15137,-2.71,1.069,1.855,non-ergonomis
2026-06-01 14:05:25.400,2206264856,416400,1,0.82788,0.04053,0.74805,2.183,2.206,-0.053,non-ergonomis
2026-06-01 14:05:25.400,2206264856,416400,2,1.01587,0.03687,0.12354,-1.481,-0.076,-0.443,non-ergonomis
2026-06-01 14:05:25.600,2206265056,416600,1,0.82813,0.02808,0.73315,-1.626,0.893,0.092,non-ergonomis
2026-06-01 14:05:25.600,2206265056,416600,2,1.00195,-0.00098,0.14233,0.389,1.466,1.389,non-ergonomis
2026-06-01 14:05:25.800,2206265256,416800,1,0.82373,0.03442,0.75293,2.962,3.74,-0.924,non-ergonomis
2026-06-01 14:05:25.800,2206265256,416800,2,1.01318,0.02905,0.11279,0.351,0.275,0.214,non-ergonomis
2026-06-01 14:05:25.000,2206264456,417000,1,0.8252,0.0144,0.7373,-1.992,1.275,-0.374,non-ergonomis
2026-06-01 14:05:25.000,2206264456,417000,2,1.02148,-0.00024,0.13208,1.26,1.115,0.206,non-ergonomis
2026-06-01 14:05:25.200,2206264656,417200,1,0.82104,0.04199,0.74292,2.084,2.977,-1.389,non-ergonomis
2026-06-01 14:05:25.200,2206264656,417200,2,1.02222,0.01855,0.1355,-1.733,-0.145,0.908,non-ergonomis
2026-06-01 14:05:26.406,2206265862,417405,1,0.82227,0.01367,0.73901,-1.336,1.168,-0.023,non-ergonomis
2026-06-01 14:05:26.406,2206265862,417405,2,1.00806,0.02368,0.12866,2.718,0.55,-0.008,non-ergonomis
2026-06-01 14:05:26.612,2206266068,417612,1,0.81958,0.04468,0.75464,1.748,2.466,-1.267,non-ergonomis
2026-06-01 14:05:26.612,2206266068,417612,2,1.01221,0.02734,0.11987,-1.924,-0.359,1.038,non-ergonomis
2026-06-01 14:05:26.812,2206266268,417812,1,0.82739,0.02173,0.74634,-1.183,0.695,0.183,non-ergonomis
2026-06-01 14:05:26.812,2206266268,417812,2,1.0127,0.0083,0.13623,-1.061,1.122,1.031,non-ergonomis
2026-06-01 14:05:26.012,2206265468,418012,1,0.8208,0.04688,0.75171,2.328,2.87,-1.626,non-ergonomis
2026-06-01 14:05:26.012,2206265468,418012,2,1.0166,0.02026,0.12378,-3.603,-0.527,1.115,non-ergonomis
2026-06-01 14:05:26.212,2206265668,418212,1,0.82666,0.01416,0.74146,-0.366,0.359,0.008,non-ergonomis
2026-06-01 14:05:26.212,2206265668,418212,2,1.0022,0.00415,0.13745,-2.962,0.817,0.298,non-ergonomis
2026-06-01 14:05:27.412,2206266868,418412,1,0.8269,0.05322,0.74463,1.802,1.931,-1.809,non-ergonomis
2026-06-01 14:05:27.412,2206266868,418412,2,1.02441,0.03223,0.12256,-4.786,0.947,-0.374,non-ergonomis
2026-06-01 14:05:27.612,2206267068,418612,1,0.8396,0.01855,0.74487,-1.153,0.611,0.626,non-ergonomis
2026-06-01 14:05:27.612,2206267068,418612,2,1.02002,0.0022,0.13623,0.649,0.229,0.595,non-ergonomis
2026-06-01 14:05:27.812,2206267268,418812,1,0.8269,0.05347,0.74609,0.473,1.84,-2.031,non-ergonomis
2026-06-01 14:05:27.812,2206267268,418812,2,1.01123,0.00513,0.11572,-5.71,0.473,1.763,non-ergonomis
2026-06-01 14:05:27.012,2206266468,419012,1,0.83447,0.02026,0.75195,2.275,2.023,1.099,non-ergonomis
2026-06-01 14:05:27.012,2206266468,419012,2,1.01587,0.03223,0.12085,1.031,0.481,-1.038,non-ergonomis
2026-06-01 14:05:27.212,2206266668,419212,1,0.83228,0.02881,0.74243,-2.634,1.153,-1.298,non-ergonomis
2026-06-01 14:05:27.212,2206266668,419212,2,1.01025,-0.00928,0.13794,-2.573,1.069,1.427,non-ergonomis
2026-06-01 14:05:28.412,2206267868,419412,1,0.82324,0.05054,0.73706,2.817,3.466,-0.74,non-ergonomis
2026-06-01 14:05:28.412,2206267868,419412,2,1.01147,0.03149,0.11304,-1.137,-0.137,0.252,non-ergonomis
2026-06-01 14:05:28.612,2206268068,419612,1,0.8335,0.01392,0.7373,-1.87,1.473,0.481,non-ergonomis
2026-06-01 14:05:28.612,2206268068,419612,2,1.02173,0.01953,0.14233,2.565,2.107,0.229,non-ergonomis
2026-06-01 14:05:28.812,2206268268,419812,1,0.83154,0.04053,0.75122,1.099,2.611,-1.977,non-ergonomis
2026-06-01 14:05:28.812,2206268268,419812,2,1.01685,0.01587,0.10498,-3.435,0.26,0.809,non-ergonomis
2026-06-01 14:05:28.012,2206267468,420012,1,0.83301,0.0061,0.74194,0.282,2.313,1.718,non-ergonomis
2026-06-01 14:05:28.012,2206267468,420012,2,1.02588,0.03906,0.12451,2.695,1.603,-0.954,non-ergonomis
2026-06-01 14:05:28.212,2206267668,420212,1,0.8269,0.03711,0.75806,-0.641,1.611,-2.656,non-ergonomis
2026-06-01 14:05:28.212,2206267668,420212,2,1.01343,-0.00513,0.12427,-3.55,0.298,1.489,non-ergonomis
2026-06-01 14:05:29.412,2206268868,420412,1,0.82202,0.02222,0.74438,2.168,2.847,0.885,non-ergonomis
2026-06-01 14:05:29.412,2206268868,420412,2,1.0166,0.04688,0.13013,1.977,1.008,-1.427,non-ergonomis
2026-06-01 14:05:29.612,2206269068,420612,1,0.81836,0.04663,0.74097,-1.527,1.168,-2.794,non-ergonomis
2026-06-01 14:05:29.612,2206269068,420612,2,1.01416,-0.00464,0.13721,-3.802,0.679,2.336,non-ergonomis
2026-06-01 14:05:29.812,2206269268,420812,1,0.81836,0.03564,0.75244,3.924,2.855,0.191,non-ergonomis
2026-06-01 14:05:29.812,2206269268,420812,2,1.00952,0.04224,0.11377,-1.603,-0.565,-0.26,non-ergonomis
2026-06-01 14:05:29.012,2206268468,421012,1,0.82739,0.02075,0.73682,-1.863,0.466,-0.115,non-ergonomis
2026-06-01 14:05:29.012,2206268468,421012,2,1.0144,0.00171,0.13574,-2.298,1.282,0.733,non-ergonomis
2026-06-01 14:05:29.212,2206268668,421212,1,0.82495,0.0459,0.74951,1.878,2.183,-1.443,non-ergonomis
2026-06-01 14:05:29.212,2206268668,421212,2,1.02344,0.02002,0.11523,-4.656,0.008,0.74,non-ergonomis
2026-06-01 14:05:30.412,2206269868,421412,1,0.82813,0.01904,0.74512,-0.664,0.511,0.725,non-ergonomis
2026-06-01 14:05:30.412,2206269868,421412,2,1.0249,0.00464,0.14575,0.145,0.878,0.298,non-ergonomis
2026-06-01 14:05:30.612,2206270068,421612,1,0.82715,0.05176,0.75562,0.969,1.847,-2.458,non-ergonomis
2026-06-01 14:05:30.612,2206270068,421612,2,1.02173,0.02197,0.12183,-3.947,0.313,0.71,non-ergonomis
2026-06-01 14:05:30.812,2206270268,421812,1,0.82642,0.01758,0.74048,-0.458,1.359,2.008,non-ergonomis
2026-06-01 14:05:30.812,2206270268,421812,2,1.0188,0.01685,0.13135,2.786,0.779,0.176,non-ergonomis
2026-06-01 14:05:30.012,2206269468,422012,1,0.83374,0.04956,0.73779,-0.145,2.412,-2.672,non-ergonomis
2026-06-01 14:05:30.012,2206269468,422012,2,1.00464,-0.00317,0.12183,-4.26,0.542,2.115,non-ergonomis
2026-06-01 14:05:30.212,2206269668,422212,1,0.81909,0.01416,0.74805,2.221,2.565,1.191,non-ergonomis
2026-06-01 14:05:30.212,2206269668,422212,2,1.01123,0.0249,0.12158,1.71,0.313,-1.031,non-ergonomis
2026-06-01 14:05:31.412,2206270868,422412,1,0.82617,0.03418,0.7334,-1.427,1.191,-2.305,non-ergonomis
2026-06-01 14:05:31.412,2206270868,422412,2,1.0083,-0.00146,0.14404,-4.817,1.26,1.802,non-ergonomis
2026-06-01 14:05:31.612,2206271068,422612,1,0.81934,0.03662,0.75854,3.031,3.26,-0.046,non-ergonomis
2026-06-01 14:05:31.612,2206271068,422612,2,1.01196,0.0332,0.12329,-0.458,0.305,-0.069,non-ergonomis
2026-06-01 14:05:31.812,2206271268,422812,1,0.81738,0.01294,0.74097,-1.458,0.931,-0.664,non-ergonomis
2026-06-01 14:05:31.812,2206271268,422812,2,1.00757,-0.00342,0.14282,-1.786,0.496,1.183,non-ergonomis
2026-06-01 14:05:31.012,2206270468,423012,1,0.82495,0.03467,0.75708,2.45,3.198,-0.595,non-ergonomis
2026-06-01 14:05:31.012,2206270468,423012,2,1.01025,0.04102,0.12378,-1.153,-0.015,-0.015,non-ergonomis
2026-06-01 14:05:31.212,2206270668,423212,1,0.82227,0.01953,0.74341,-1.878,1.046,-0.359,non-ergonomis
2026-06-01 14:05:31.212,2206270668,423212,2,1.0127,0.00024,0.15186,-0.718,1.244,0.71,non-ergonomis
2026-06-01 14:05:32.412,2206271868,423412,1,0.82251,0.04785,0.75781,3.092,3.26,-1.366,non-ergonomis
2026-06-01 14:05:32.412,2206271868,423412,2,1.01172,0.02661,0.11182,-2.916,-0.74,0.565,non-ergonomis
2026-06-01 14:05:32.612,2206272068,423612,1,0.8147,0.0188,0.7478,-1.603,1.29,0.168,non-ergonomis
2026-06-01 14:05:32.612,2206272068,423612,2,1.01172,0.00195,0.15015,-1.092,1.137,0.382,non-ergonomis
2026-06-01 14:05:32.812,2206272268,423812,1,0.81836,0.05786,0.76099,1.885,2.679,-1.679,non-ergonomis
2026-06-01 14:05:32.812,2206272268,423812,2,1.01855,0.02417,0.12207,-3.954,-0.908,1.542,non-ergonomis
2026-06-01 14:05:32.012,2206271468,424012,1,0.8186,0.02344,0.74243,-1.405,-0.405,0.649,non-ergonomis
2026-06-01 14:05:32.012,2206271468,424012,2,1.01123,-0.00049,0.14185,-1.427,1.0,0.618,non-ergonomis
2026-06-01 14:05:32.212,2206271668,424212,1,0.82324,0.0354,0.7478,2.458,2.023,-0.603,non-ergonomis
2026-06-01 14:05:32.212,2206271668,424212,2,1.01074,0.02612,0.11841,-2.252,-0.481,0.611,non-ergonomis
2026-06-01 14:05:33.412,2206272868,424412,1,0.83301,0.00806,0.7373,-1.328,0.321,-0.221,non-ergonomis
2026-06-01 14:05:33.412,2206272868,424412,2,1.00488,-0.00342,0.15137,-2.244,0.733,0.595,non-ergonomis
2026-06-01 14:05:33.612,2206273068,424612,1,0.82349,0.02954,0.75586,2.473,2.496,-0.382,non-ergonomis
2026-06-01 14:05:33.612,2206273068,424612,2,1.01855,0.01465,0.13501,-2.901,-0.015,0.153,non-ergonomis
2026-06-01 14:05:33.851,2206273307,424851,1,0.81982,0.0293,0.75,-1.809,0.725,-0.305,non-ergonomis
2026-06-01 14:05:33.851,2206273307,424851,2,1.01831,-0.00513,0.13501,0.389,0.84,0.771,non-ergonomis
2026-06-01 14:05:33.051,2206272507,425051,1,0.823,0.04175,0.74121,2.336,2.962,-1.16,non-ergonomis
2026-06-01 14:05:33.051,2206272507,425051,2,1.01611,0.02856,0.12158,-1.527,-0.122,1.206,non-ergonomis
2026-06-01 14:05:34.251,2206273707,425251,1,0.82446,0.01514,0.73633,-2.344,1.137,1.191,non-ergonomis
2026-06-01 14:05:34.251,2206273707,425251,2,1.01318,0.00415,0.14185,1.214,1.122,1.664,non-ergonomis
2026-06-01 14:05:34.451,2206273907,425451,1,0.82495,0.04297,0.75269,2.847,3.328,-1.511,non-ergonomis
2026-06-01 14:05:34.451,2206273907,425451,2,1.01733,0.01807,0.12744,-2.588,1.13,0.321,non-ergonomis
2026-06-01 14:05:34.651,2206274107,425651,1,0.81958,0.01001,0.74146,-1.435,0.763,-0.122,non-ergonomis
2026-06-01 14:05:34.651,2206274107,425651,2,1.01025,0.00293,0.15112,-0.473,0.641,0.595,non-ergonomis
2026-06-01 14:05:34.851,2206274307,425851,1,0.82129,0.04224,0.75293,2.55,3.244,-2.008,non-ergonomis
2026-06-01 14:05:34.851,2206274307,425851,2,1.01978,0.02319,0.10962,-2.061,-0.794,0.786,non-ergonomis
2026-06-01 14:05:34.051,2206273507,426051,1,0.82007,0.01587,0.74707,-1.908,1.061,0.542,non-ergonomis
2026-06-01 14:05:34.051,2206273507,426051,2,1.01147,-0.00073,0.15063,2.229,1.336,0.84,non-ergonomis
2026-06-01 14:05:35.251,2206274707,426251,1,0.81714,0.04395,0.74951,1.748,2.664,-1.557,non-ergonomis
2026-06-01 14:05:35.251,2206274707,426251,2,1.01074,0.00879,0.12866,-5.359,0.672,1.725,non-ergonomis
2026-06-01 14:05:35.451,2206274907,426451,1,0.82373,0.00928,0.75098,1.244,1.527,1.282,non-ergonomis
2026-06-01 14:05:35.451,2206274907,426451,2,1.0105,0.01929,0.13013,1.252,-0.565,-0.908,non-ergonomis
2026-06-01 14:05:35.651,2206275107,426651,1,0.82788,0.02612,0.74536,-1.641,0.885,-1.641,non-ergonomis
2026-06-01 14:05:35.651,2206275107,426651,2,1.0166,0.00342,0.14185,-4.046,0.618,1.023,non-ergonomis
2026-06-01 14:05:35.851,2206275307,426851,1,0.82813,0.03931,0.75806,1.885,1.916,-1.061,non-ergonomis
2026-06-01 14:05:35.851,2206275307,426851,2,1.00366,0.0105,0.10132,-3.855,-0.031,0.237,non-ergonomis
2026-06-01 14:05:35.051,2206274507,427051,1,0.83252,0.00952,0.75,0.435,1.58,0.794,non-ergonomis
2026-06-01 14:05:35.051,2206274507,427051,2,1.01563,0.02832,0.13672,0.794,0.649,-0.565,non-ergonomis
2026-06-01 14:05:36.251,2206275707,427251,1,0.82544,0.03491,0.73364,-1.038,0.969,-2.42,non-ergonomis
2026-06-01 14:05:36.251,2206275707,427251,2,1.01172,-0.00879,0.13086,-4.092,0.397,2.71,non-ergonomis
2026-06-01 14:05:36.451,2206275907,427451,1,0.82935,0.02881,0.74683,4.092,3.374,-0.084,non-ergonomis
2026-06-01 14:05:36.451,2206275907,427451,2,1.00952,0.03857,0.10938,0.076,0.298,-0.824,non-ergonomis
2026-06-01 14:05:36.651,2206276107,427651,1,0.82861,0.00122,0.74243,-2.282,1.527,0.176,non-ergonomis
2026-06-01 14:05:36.651,2206276107,427651,2,1.01782,0.01904,0.13354,3.931,0.542,-0.656,non-ergonomis
2026-06-01 14:05:36.851,2206276307,427851,1,0.81348,0.04834,0.7522,-0.328,1.71,-2.061,non-ergonomis
2026-06-01 14:05:36.851,2206276307,427851,2,1.00635,0.00415,0.12598,-4.351,0.466,2.855,non-ergonomis
2026-06-01 14:05:36.051,2206275507,428051,1,0.82007,0.01929,0.75366,3.252,2.794,0.176,non-ergonomis
2026-06-01 14:05:36.051,2206275507,428051,2,1.00928,0.02905,0.13818,0.634,0.481,-0.275,non-ergonomis
2026-06-01 14:05:37.251,2206276707,428251,1,0.82422,0.01221,0.74438,-1.985,1.168,-0.252,non-ergonomis
2026-06-01 14:05:37.251,2206276707,428251,2,1.00415,0.00146,0.15137,1.847,0.809,0.191,non-ergonomis
2026-06-01 14:05:37.451,2206276907,428451,1,0.82373,0.03809,0.7561,2.046,2.672,-1.298,non-ergonomis
2026-06-01 14:05:37.451,2206276907,428451,2,1.00806,0.01807,0.1189,-4.214,-0.336,0.313,non-ergonomis
2026-06-01 14:05:37.651,2206277107,428651,1,0.83057,0.00562,0.75439,-0.344,1.763,0.634,non-ergonomis
2026-06-01 14:05:37.651,2206277107,428651,2,1.00684,0.02612,0.14917,2.153,0.901,-0.389,non-ergonomis
2026-06-01 14:05:37.851,2206277307,428851,1,0.82544,0.04199,0.74707,0.084,1.817,-1.84,non-ergonomis
2026-06-01 14:05:37.851,2206277307,428851,2,1.00952,-0.01025,0.1311,-4.71,0.725,3.092,non-ergonomis
2026-06-01 14:05:37.051,2206276507,429051,1,0.82373,0.01245,0.75073,0.542,1.656,2.504,non-ergonomis
2026-06-01 14:05:37.051,2206276507,429051,2,1.0188,0.02979,0.13452,3.504,0.931,-0.305,non-ergonomis
2026-06-01 14:05:38.251,2206277707,429251,1,0.83862,0.01709,0.74414,-0.389,0.687,-2.115,non-ergonomis
2026-06-01 14:05:38.251,2206277707,429251,2,1.00977,-0.01953,0.11938,-5.855,0.481,2.397,non-ergonomis
2026-06-01 14:05:38.451,2206277907,429451,1,0.82104,0.00635,0.75,2.855,2.221,1.664,non-ergonomis
2026-06-01 14:05:38.451,2206277907,429451,2,1.00903,0.03979,0.12378,1.008,0.817,-1.695,non-ergonomis
2026-06-01 14:05:38.651,2206278107,429651,1,0.83008,0.02905,0.73999,-1.931,0.008,-3.26,non-ergonomis
2026-06-01 14:05:38.651,2206278107,429651,2,1.00562,-0.02734,0.13306,-5.718,-0.427,2.176,non-ergonomis
2026-06-01 14:05:38.851,2206278307,429851,1,0.82617,0.0105,0.7439,3.565,2.069,1.534,non-ergonomis
2026-06-01 14:05:38.851,2206278307,429851,2,1.01538,0.02979,0.11304,-0.534,0.313,-1.351,non-ergonomis
2026-06-01 14:05:38.051,2206277507,430051,1,0.82959,0.01855,0.73584,-2.878,-0.038,-1.763,non-ergonomis
2026-06-01 14:05:38.051,2206277507,430051,2,1.00977,-0.01294,0.14014,-3.756,0.84,2.076,non-ergonomis
2026-06-01 14:05:39.251,2206278707,430251,1,0.8252,0.01904,0.73511,4.58,3.031,0.031,non-ergonomis
2026-06-01 14:05:39.251,2206278707,430251,2,0.99951,0.03247,0.12329,0.466,-0.412,-0.641,non-ergonomis
2026-06-01 14:05:39.451,2206278907,430451,1,0.8313,0.01733,0.74023,-3.336,0.809,-1.534,non-ergonomis
2026-06-01 14:05:39.451,2206278907,430451,2,1.00928,-0.01636,0.14014,-1.58,0.908,0.992,non-ergonomis
2026-06-01 14:05:39.651,2206279107,430651,1,0.82544,0.03564,0.74878,3.298,3.16,-0.802,non-ergonomis
2026-06-01 14:05:39.651,2206279107,430651,2,1.02246,0.02808,0.12524,-0.053,-0.031,0.42,non-ergonomis
2026-06-01 14:05:39.851,2206279307,430851,1,0.82837,0.0188,0.74878,-1.481,1.656,-0.672,non-ergonomis
2026-06-01 14:05:39.851,2206279307,430851,2,1.01294,-0.01343,0.13843,-0.099,1.649,0.305,non-ergonomis
2026-06-01 14:05:39.051,2206278507,431051,1,0.82202,0.0354,0.76294,3.076,3.275,-1.229,non-ergonomis
2026-06-01 14:05:39.051,2206278507,431051,2,1.02075,0.0249,0.11987,-1.985,-0.313,0.87,non-ergonomis
2026-06-01 14:05:40.251,2206279707,431251,1,0.823,0.01782,0.74365,-2.183,0.473,-1.069,non-ergonomis
2026-06-01 14:05:40.251,2206279707,431251,2,1.01343,0.00049,0.14722,-0.634,1.122,0.214,non-ergonomis
2026-06-01 14:05:40.451,2206279907,431451,1,0.82373,0.02905,0.75171,3.206,3.206,-0.992,non-ergonomis
2026-06-01 14:05:40.451,2206279907,431451,2,1.01343,0.03369,0.10986,-1.153,0.198,-0.16,non-ergonomis
2026-06-01 14:05:40.651,2206280107,431651,1,0.82104,0.01343,0.74048,-2.038,0.786,-0.45,non-ergonomis
2026-06-01 14:05:40.651,2206280107,431651,2,1.00366,-0.00488,0.14087,-1.412,1.13,1.229,non-ergonomis
2026-06-01 14:05:40.851,2206280307,431851,1,0.82373,0.03296,0.75659,3.489,2.267,-0.427,non-ergonomis
2026-06-01 14:05:40.851,2206280307,431851,2,1.00952,0.02051,0.12305,-3.389,-0.939,0.366,non-ergonomis
2026-06-01 14:05:40.051,2206279507,432051,1,0.82617,0.02051,0.7395,-1.733,0.023,-0.481,non-ergonomis
2026-06-01 14:05:40.051,2206279507,432051,2,1.00952,-0.00659,0.13965,-3.962,0.748,1.382,non-ergonomis
2026-06-01 14:05:41.251,2206280707,432251,1,0.8147,0.02832,0.74634,4.031,2.939,-0.603,non-ergonomis
2026-06-01 14:05:41.251,2206280707,432251,2,1.01074,0.02661,0.12085,-2.198,0.13,-0.565,non-ergonomis
2026-06-01 14:05:41.451,2206280907,432451,1,0.82764,0.02222,0.74512,-1.237,0.786,-0.641,non-ergonomis
2026-06-01 14:05:41.451,2206280907,432451,2,1.00073,-0.00415,0.13428,-1.603,0.649,1.267,non-ergonomis
2026-06-01 14:05:41.651,2206281107,432651,1,0.82104,0.03101,0.75903,2.328,2.824,-0.053,non-ergonomis
2026-06-01 14:05:41.651,2206281107,432651,2,1.01147,0.03052,0.11621,-0.565,0.229,-0.084,non-ergonomis
2026-06-01 14:05:41.851,2206281307,432851,1,0.81934,0.0188,0.7373,-1.511,0.756,-1.122,non-ergonomis
2026-06-01 14:05:41.851,2206281307,432851,2,1.00659,-0.00977,0.1333,-2.046,0.748,1.313,non-ergonomis
2026-06-01 14:05:41.051,2206280507,433051,1,0.82544,0.03662,0.75293,3.29,2.71,-2.244,non-ergonomis
2026-06-01 14:05:41.051,2206280507,433051,2,1.01074,0.02808,0.12646,-1.565,-0.344,-0.664,non-ergonomis
2026-06-01 14:05:42.251,2206281707,433251,1,0.82178,0.02905,0.73999,-2.023,1.58,-1.885,non-ergonomis
2026-06-01 14:05:42.251,2206281707,433251,2,1.01489,-0.00171,0.14771,-0.855,0.603,0.427,non-ergonomis
2026-06-01 14:05:42.451,2206281907,433451,1,0.82471,0.05688,0.76196,3.298,3.809,-0.87,non-ergonomis
2026-06-01 14:05:42.451,2206281907,433451,2,1.02661,0.02905,0.12622,-0.885,0.87,0.099,non-ergonomis
2026-06-01 14:05:42.651,2206282107,433651,1,0.80811,0.02197,0.74243,-1.374,1.702,0.985,non-ergonomis
2026-06-01 14:05:42.651,2206282107,433651,2,1.01196,0.01392,0.16309,1.351,1.756,0.634,non-ergonomis
2026-06-01 14:05:42.851,2206282307,433851,1,0.81885,0.04712,0.75977,1.359,1.977,-0.802,non-ergonomis
2026-06-01 14:05:42.851,2206282307,433851,2,1.02051,0.02588,0.12695,-1.901,-0.527,1.565,non-ergonomis
2026-06-01 14:05:42.051,2206281507,434051,1,0.81641,0.01196,0.7373,-1.779,0.718,0.771,non-ergonomis
2026-06-01 14:05:42.051,2206281507,434051,2,1.01563,0.00146,0.15161,-1.412,1.618,1.099,non-ergonomis
2026-06-01 14:05:43.251,2206282707,434251,1,0.82178,0.04443,0.76367,2.557,1.779,-1.779,non-ergonomis
2026-06-01 14:05:43.251,2206282707,434251,2,1.00928,0.02588,0.11938,-4.382,-0.214,0.252,non-ergonomis
2026-06-01 14:05:43.451,2206282907,434451,1,0.82129,0.01416,0.74292,-1.641,0.527,-0.008,non-ergonomis
2026-06-01 14:05:43.451,2206282907,434451,2,1.01294,0.00781,0.14648,-1.061,-0.313,0.061,non-ergonomis
2026-06-01 14:05:43.651,2206283107,434651,1,0.82422,0.05249,0.75757,2.45,2.275,-1.817,non-ergonomis
2026-06-01 14:05:43.651,2206283107,434651,2,1.021,0.01978,0.12451,-3.55,-0.725,1.221,non-ergonomis
2026-06-01 14:05:43.851,2206283307,434851,1,0.81885,0.01733,0.73877,-1.221,0.13,0.649,non-ergonomis
2026-06-01 14:05:43.851,2206283307,434851,2,1.00269,,0.13281,-0.282,-0.16,0.885,non-ergonomis
2026-06-01 14:05:43.051,2206282507,435051,1,0.82544,0.04565,0.74536,2.374,3.084,-1.344,non-ergonomis
2026-06-01 14:05:43.051,2206282507,435051,2,1.01782,0.02441,0.11865,-1.916,-0.237,1.015,non-ergonomis
2026-06-01 14:05:44.251,2206283707,435251,1,0.82422,0.01465,0.7334,-1.588,1.191,0.275,non-ergonomis
2026-06-01 14:05:44.251,2206283707,435251,2,1.01123,-0.00781,0.14209,-0.611,1.099,1.122,non-ergonomis
2026-06-01 14:05:44.451,2206283907,435451,1,0.81567,0.04297,0.75952,2.565,3.481,-0.87,non-ergonomis
2026-06-01 14:05:44.451,2206283907,435451,2,1.01685,0.02661,0.125,-1.573,-0.336,0.588,non-ergonomis
2026-06-01 14:05:44.651,2206284107,435651,1,0.81958,0.02002,0.73975,-1.412,1.115,-0.527,non-ergonomis
2026-06-01 14:05:44.651,2206284107,435651,2,1.00537,-0.00879,0.14185,-0.748,1.191,1.282,non-ergonomis
2026-06-01 14:05:44.851,2206284307,435851,1,0.82373,0.0271,0.76123,3.023,3.443,-0.359,non-ergonomis
2026-06-01 14:05:44.851,2206284307,435851,2,1.01318,0.04468,0.11011,-0.183,0.489,-0.916,non-ergonomis
2026-06-01 14:05:44.051,2206283507,436051,1,0.84497,0.02661,0.74658,-1.298,2.466,-0.29,non-ergonomis
2026-06-01 14:05:44.051,2206283507,436051,2,1.01904,-0.00317,0.14209,1.038,0.939,0.969,non-ergonomis
2026-06-01 14:05:45.251,2206284707,436251,1,0.82153,0.04932,0.75757,2.481,3.328,-1.359,non-ergonomis
2026-06-01 14:05:45.251,2206284707,436251,2,1.02319,0.03491,0.11523,-1.191,-0.176,0.893,non-ergonomis
2026-06-01 14:05:45.451,2206284907,436451,1,0.82544,0.00391,0.75659,-1.13,1.084,1.084,non-ergonomis
2026-06-01 14:05:45.451,2206284907,436451,2,1.01367,0.01221,0.14795,2.008,0.725,0.511,non-ergonomis
2026-06-01 14:05:45.651,2206285107,436651,1,0.81787,0.04956,0.75391,1.214,1.595,-2.351,non-ergonomis
2026-06-01 14:05:45.651,2206285107,436651,2,0.99634,0.00293,0.13452,-7.046,0.496,2.412,non-ergonomis
2026-06-01 14:05:45.851,2206285307,436851,1,0.82495,0.00586,0.76489,2.137,1.206,0.954,non-ergonomis
2026-06-01 14:05:45.851,2206285307,436851,2,1.01538,0.03101,0.11743,0.885,0.275,-1.618,non-ergonomis
2026-06-01 14:05:45.051,2206284507,437051,1,0.8186,0.03125,0.73877,-2.901,0.168,-1.771,non-ergonomis
2026-06-01 14:05:45.051,2206284507,437051,2,1.02271,-0.01099,0.14209,-5.397,0.389,2.389,non-ergonomis
2026-06-01 14:05:46.251,2206285707,437251,1,0.82446,0.03516,0.74805,3.473,2.557,-0.794,non-ergonomis
2026-06-01 14:05:46.251,2206285707,437251,2,0.99805,0.01514,0.11328,-5.427,0.542,1.435,non-ergonomis
2026-06-01 14:05:46.451,2206285907,437451,1,0.83521,0.00342,0.75586,0.061,1.267,1.107,non-ergonomis
2026-06-01 14:05:46.451,2206285907,437451,2,1.01782,0.02441,0.12476,2.351,0.237,-1.267,non-ergonomis
2026-06-01 14:05:46.651,2206286107,437651,1,0.82007,0.03955,0.74121,-2.809,1.359,-0.794,non-ergonomis
2026-06-01 14:05:46.651,2206286107,437651,2,1.02661,-0.00513,0.14355,-2.282,0.618,2.198,non-ergonomis
2026-06-01 14:05:46.851,2206286307,437851,1,0.81787,0.04419,0.74023,3.176,2.603,-1.664,non-ergonomis
2026-06-01 14:05:46.851,2206286307,437851,2,1.00317,0.00806,0.13037,-4.0,0.679,2.305,non-ergonomis
2026-06-01 14:05:46.051,2206285507,438051,1,0.83521,0.00562,0.76294,2.458,2.489,0.519,non-ergonomis
2026-06-01 14:05:46.051,2206285507,438051,2,1.00049,0.03174,0.11719,1.084,-0.16,-1.458,non-ergonomis
2026-06-01 14:05:47.251,2206286707,438251,1,0.82861,0.01733,0.75854,-2.489,2.038,0.137,non-ergonomis
2026-06-01 14:05:47.251,2206286707,438251,2,1.01074,0.02002,0.12817,2.313,0.382,-1.565,non-ergonomis
2026-06-01 14:05:47.451,2206286907,438451,1,0.81445,0.04858,0.74463,-0.282,1.542,-1.435,non-ergonomis
2026-06-01 14:05:47.451,2206286907,438451,2,1.02319,0.0083,0.14746,-3.504,0.664,2.16,non-ergonomis
2026-06-01 14:05:47.651,2206287107,438651,1,0.8208,0.04004,0.75171,2.969,2.695,-1.008,non-ergonomis
2026-06-01 14:05:47.651,2206287107,438651,2,0.99194,0.00366,0.11768,-1.947,0.29,1.008,non-ergonomis
2026-06-01 14:05:47.851,2206287307,438851,1,0.83228,0.01074,0.7522,1.458,2.649,0.481,non-ergonomis
2026-06-01 14:05:47.851,2206287307,438851,2,1.01147,0.02515,0.12744,0.901,0.382,-1.206,non-ergonomis
2026-06-01 14:05:47.051,2206286507,439051,1,0.82886,0.01245,0.7644,-2.466,1.397,0.008,non-ergonomis
2026-06-01 14:05:47.051,2206286507,439051,2,1.01392,0.00806,0.13623,2.252,0.206,0.053,non-ergonomis
2026-06-01 14:05:48.251,2206287707,439251,1,0.81372,0.04419,0.75928,-0.756,1.374,-1.153,non-ergonomis
2026-06-01 14:05:48.251,2206287707,439251,2,1.01563,0.00659,0.13892,-4.893,0.198,1.824,non-ergonomis
2026-06-01 14:05:48.451,2206287907,439451,1,0.82031,0.02417,0.74561,2.595,1.336,-0.26,non-ergonomis
2026-06-01 14:05:48.451,2206287907,439451,2,1.01953,-0.00073,0.13843,-2.626,0.84,1.374,non-ergonomis
2026-06-01 14:05:48.689,2206288145,439688,1,0.82886,0.0144,0.75391,3.061,2.015,0.176,non-ergonomis
2026-06-01 14:05:48.689,2206288145,439688,2,1.01465,0.02808,0.12915,-0.191,-0.137,-1.137,non-ergonomis
2026-06-01 14:05:48.888,2206288344,439888,1,0.82495,0.01392,0.75928,-3.015,0.794,-0.282,non-ergonomis
2026-06-01 14:05:48.888,2206288344,439888,2,1.0083,-0.01172,0.1333,0.008,0.55,1.145,non-ergonomis
2026-06-01 14:05:48.088,2206287544,440088,1,0.82104,0.03735,0.75049,1.695,2.16,-0.947,non-ergonomis
2026-06-01 14:05:48.088,2206287544,440088,2,1.01855,0.01733,0.11523,-1.74,-0.351,1.321,non-ergonomis
2026-06-01 14:05:49.288,2206288744,440288,1,0.823,0.00806,0.73096,-0.756,1.298,-0.153,non-ergonomis
2026-06-01 14:05:49.288,2206288744,440288,2,1.00464,-0.00269,0.14819,0.954,0.336,0.092,non-ergonomis
2026-06-01 14:05:49.488,2206288944,440488,1,0.82104,0.03955,0.75269,1.939,3.0,-2.397,non-ergonomis
2026-06-01 14:05:49.488,2206288944,440488,2,1.0022,0.01758,0.11499,-4.435,-0.122,0.183,non-ergonomis
2026-06-01 14:05:49.688,2206289144,440688,1,0.83301,0.00366,0.75293,0.626,1.962,1.344,non-ergonomis
2026-06-01 14:05:49.688,2206289144,440688,2,1.0105,0.03467,0.1377,3.366,0.366,-1.84,non-ergonomis
2026-06-01 14:05:49.888,2206289344,440888,1,0.82471,0.04956,0.74414,-2.679,1.466,-1.336,non-ergonomis
2026-06-01 14:05:49.888,2206289344,440888,2,1.01953,-0.00293,0.13965,-1.0,1.214,1.748,non-ergonomis
2026-06-01 14:05:49.088,2206288544,441088,1,0.82031,0.03052,0.74658,3.305,2.786,-0.046,non-ergonomis
2026-06-01 14:05:49.088,2206288544,441088,2,0.99829,0.01904,0.11523,-1.832,0.733,0.695,non-ergonomis
2026-06-01 14:05:50.288,2206289744,441288,1,0.83423,0.00146,0.75977,0.916,1.832,0.58,non-ergonomis
2026-06-01 14:05:50.288,2206289744,441288,2,1.01001,0.02539,0.12939,0.664,0.458,-1.443,non-ergonomis
2026-06-01 14:05:50.488,2206289944,441488,1,0.81958,0.04077,0.76709,-2.55,1.763,-4.977,non-ergonomis
2026-06-01 14:05:50.488,2206289944,441488,2,1.00977,-0.00513,0.15625,-2.924,0.702,0.382,non-ergonomis
2026-06-01 14:05:50.688,2206290144,441688,1,0.81348,0.04248,0.7605,2.466,2.458,-0.435,non-ergonomis
2026-06-01 14:05:50.688,2206290144,441688,2,1.01489,0.0271,0.12549,-2.847,-0.427,-0.458,non-ergonomis
2026-06-01 14:05:50.888,2206290344,441888,1,0.82422,0.0459,0.77002,0.611,1.122,-0.145,non-ergonomis
2026-06-01 14:05:50.888,2206290344,441888,2,1.01733,-0.00024,0.1499,0.145,0.183,0.244,non-ergonomis
2026-06-01 14:05:50.088,2206289544,442088,1,0.82178,0.04688,0.73633,-0.939,0.55,-0.626,non-ergonomis
2026-06-01 14:05:50.088,2206289544,442088,2,1.01807,0.0105,0.12695,-5.573,0.221,2.916,non-ergonomis
2026-06-01 14:05:51.288,2206290744,442288,1,0.82593,0.02808,0.75513,3.183,2.313,0.458,non-ergonomis
2026-06-01 14:05:51.288,2206290744,442288,2,1.00928,0.02124,0.11572,-2.336,0.412,-0.42,non-ergonomis
2026-06-01 14:05:51.488,2206290944,442488,1,0.82446,0.00928,0.76123,-1.649,1.13,1.55,non-ergonomis
2026-06-01 14:05:51.488,2206290944,442488,2,1.02222,0.02246,0.14526,1.962,0.374,0.435,non-ergonomis
2026-06-01 14:05:51.688,2206291144,442688,1,0.81519,0.04053,0.74219,-1.084,0.878,-1.466,non-ergonomis
2026-06-01 14:05:51.688,2206291144,442688,2,1.00879,-0.00049,0.14136,-3.565,0.229,2.931,non-ergonomis
2026-06-01 14:05:51.888,2206291344,442888,1,0.83203,0.02319,0.73364,3.336,3.183,0.435,non-ergonomis
2026-06-01 14:05:51.888,2206291344,442888,2,1.01318,0.02686,0.12134,1.565,-0.107,-0.824,non-ergonomis
2026-06-01 14:05:51.088,2206290544,443088,1,0.82935,0.01416,0.76392,-2.191,2.374,0.069,non-ergonomis
2026-06-01 14:05:51.088,2206290544,443088,2,1.00708,0.0105,0.15967,2.58,1.382,0.389,non-ergonomis
2026-06-01 14:05:52.288,2206291744,443288,1,0.81543,0.04175,0.74854,1.015,2.13,-1.992,non-ergonomis
2026-06-01 14:05:52.288,2206291744,443288,2,1.00684,0.00244,0.12427,-4.519,0.061,2.26,non-ergonomis
2026-06-01 14:05:52.488,2206291944,443488,1,0.82104,0.01294,0.75879,3.252,2.748,-0.336,non-ergonomis
2026-06-01 14:05:52.488,2206291944,443488,2,1.0061,0.03345,0.11841,0.695,-0.221,-1.794,non-ergonomis
2026-06-01 14:05:52.723,2206292179,443723,1,0.8252,0.01172,0.75317,-2.115,1.649,0.443,non-ergonomis
2026-06-01 14:05:52.723,2206292179,443723,2,1.00537,0.0144,0.14209,3.756,0.626,-0.214,non-ergonomis
2026-06-01 14:05:52.923,2206292379,443923,1,0.81885,0.04028,0.7644,1.069,2.405,-1.763,non-ergonomis
2026-06-01 14:05:52.923,2206292379,443923,2,1.00684,0.00439,0.12427,-5.511,0.359,1.427,non-ergonomis
2026-06-01 14:05:52.123,2206291579,444123,1,0.81812,-0.00366,0.75708,0.954,1.962,1.557,non-ergonomis
2026-06-01 14:05:52.123,2206291579,444123,2,1.01196,0.03223,0.13184,1.084,0.733,-0.786,non-ergonomis
2026-06-01 14:05:53.323,2206292779,444323,1,0.823,0.03247,0.76367,-0.878,0.42,-2.046,non-ergonomis
2026-06-01 14:05:53.323,2206292779,444323,2,1.01001,-0.02197,0.14404,-5.931,0.374,2.092,non-ergonomis
2026-06-01 14:05:53.523,2206292979,444523,1,0.81958,0.01538,0.75977,2.519,2.046,1.237,non-ergonomis
2026-06-01 14:05:53.523,2206292979,444523,2,1.00537,0.04028,0.1272,-0.412,0.29,-1.069,non-ergonomis
2026-06-01 14:05:53.723,2206293179,444723,1,0.83472,0.02344,0.75122,-1.191,0.313,-2.221,non-ergonomis
2026-06-01 14:05:53.723,2206293179,444723,2,1.00317,-0.02173,0.1394,-4.374,0.267,1.916,non-ergonomis
2026-06-01 14:05:53.923,2206293379,444923,1,0.82642,0.01929,0.76123,1.725,2.458,1.191,non-ergonomis
2026-06-01 14:05:53.923,2206293379,444923,2,1.01636,0.04004,0.13452,0.092,1.122,-1.466,non-ergonomis
2026-06-01 14:05:53.123,2206292579,445123,1,0.82153,0.03418,0.75049,-1.527,0.412,-2.366,non-ergonomis
2026-06-01 14:05:53.123,2206292579,445123,2,1.00659,-0.01563,0.13477,-3.527,0.321,2.237,non-ergonomis
2026-06-01 14:05:54.323,2206293779,445323,1,0.81616,0.02637,0.74561,3.443,3.656,1.046,non-ergonomis
2026-06-01 14:05:54.323,2206293779,445323,2,1.01099,0.03247,0.12378,-0.351,0.305,-0.069,non-ergonomis
2026-06-01 14:05:54.523,2206293979,445523,1,0.82886,0.01392,0.75024,-1.893,0.962,-0.519,non-ergonomis
2026-06-01 14:05:54.523,2206293979,445523,2,1.01416,-0.01367,0.14844,0.237,0.565,1.969,non-ergonomis
2026-06-01 14:05:54.723,2206294179,445723,1,0.82251,0.02466,0.75415,1.008,2.496,0.023,non-ergonomis
2026-06-01 14:05:54.723,2206294179,445723,2,1.0166,0.0061,0.11938,-1.672,-0.008,0.656,non-ergonomis
2026-06-01 14:05:54.923,2206294379,445923,1,0.81714,0.01563,0.7373,0.298,1.763,-1.916,non-ergonomis
2026-06-01 14:05:54.923,2206294379,445923,2,1.00122,-0.00195,0.14551,-2.313,0.71,0.305,non-ergonomis
2026-06-01 14:05:54.123,2206293579,446123,1,0.82349,0.02417,0.75,3.359,3.191,-1.603,non-ergonomis
2026-06-01 14:05:54.123,2206293579,446123,2,1.0083,0.02563,0.12012,-1.405,-0.244,-1.267,non-ergonomis
2026-06-01 14:05:55.323,2206294779,446323,1,0.82227,0.01392,0.75073,-2.519,0.496,-0.023,non-ergonomis
2026-06-01 14:05:55.323,2206294779,446323,2,1.01685,0.00171,0.13477,2.061,0.008,1.061,non-ergonomis
2026-06-01 14:05:55.523,2206294979,446523,1,0.83325,0.03198,0.75732,0.855,2.267,-0.695,non-ergonomis
2026-06-01 14:05:55.523,2206294979,446523,2,1.00439,0.0022,0.11938,-3.137,0.389,2.069,non-ergonomis
2026-06-01 14:05:55.723,2206295179,446723,1,0.82031,0.01465,0.76367,0.725,2.702,1.779,non-ergonomis
2026-06-01 14:05:55.723,2206295179,446723,2,1.00513,0.02148,0.14673,3.145,0.763,0.031,non-ergonomis
2026-06-01 14:05:55.923,2206295379,446923,1,0.82251,0.02734,0.76587,-0.901,1.504,-0.344,non-ergonomis
2026-06-01 14:05:55.923,2206295379,446923,2,1.02417,-0.01343,0.13354,-4.153,0.252,2.305,non-ergonomis
2026-06-01 14:05:55.123,2206294579,447123,1,0.80981,-0.00586,0.74878,1.038,0.595,1.634,non-ergonomis
2026-06-01 14:05:55.123,2206294579,447123,2,1.01904,0.00708,0.15137,-1.023,0.786,0.351,non-ergonomis
2026-06-01 14:05:56.323,2206295779,447323,1,0.81958,0.03394,0.74854,0.137,1.107,-2.618,non-ergonomis
2026-06-01 14:05:56.323,2206295779,447323,2,1.00439,-0.0061,0.12964,-4.763,0.107,1.878,non-ergonomis
2026-06-01 14:05:56.523,2206295979,447523,1,0.82764,0.01489,0.7561,3.076,2.069,-0.031,non-ergonomis
2026-06-01 14:05:56.523,2206295979,447523,2,1.0127,0.01831,0.11694,-0.221,-0.183,-0.71,non-ergonomis
2026-06-01 14:05:56.723,2206296179,447723,1,0.83398,0.00366,0.75073,-1.626,0.405,-0.336,non-ergonomis
2026-06-01 14:05:56.723,2206296179,447723,2,1.01587,0.00098,0.15063,0.809,-0.237,0.29,non-ergonomis
2026-06-01 14:05:56.923,2206296379,447923,1,0.82227,0.03882,0.75415,0.908,1.809,-2.282,non-ergonomis
2026-06-01 14:05:56.923,2206296379,447923,2,1.00854,-0.00098,0.12036,-4.359,0.313,1.359,non-ergonomis
2026-06-01 14:05:56.123,2206295579,448123,1,0.82666,0.00317,0.75415,2.725,2.916,0.55,non-ergonomis
2026-06-01 14:05:56.123,2206295579,448123,2,1.01123,0.0249,0.13257,1.542,0.87,-1.336,non-ergonomis
2026-06-01 14:05:57.323,2206296779,448323,1,0.82739,0.01563,0.74438,-2.282,1.557,-1.809,non-ergonomis
2026-06-01 14:05:57.323,2206296779,448323,2,1.01611,-0.01514,0.1416,-2.954,1.122,1.664,non-ergonomis
2026-06-01 14:05:57.523,2206296979,448523,1,0.82349,0.0293,0.75513,2.756,2.656,0.153,non-ergonomis
2026-06-01 14:05:57.523,2206296979,448523,2,1.0105,0.03174,0.12012,-0.198,0.237,-0.924,non-ergonomis
2026-06-01 14:05:57.723,2206297179,448723,1,0.81982,0.01831,0.73438,-2.878,0.626,-0.893,non-ergonomis
2026-06-01 14:05:57.723,2206297179,448723,2,1.01807,-0.01514,0.14063,-2.0,1.229,1.725,non-ergonomis
2026-06-01 14:05:57.923,2206297379,448923,1,0.82788,0.03125,0.75342,3.55,3.725,-0.725,non-ergonomis
2026-06-01 14:05:57.923,2206297379,448923,2,1.02393,0.01685,0.1084,-2.672,-0.092,0.198,non-ergonomis
2026-06-01 14:05:57.123,2206296579,449123,1,0.82861,-0.00464,0.7439,-1.557,0.924,0.305,non-ergonomis
2026-06-01 14:05:57.123,2206296579,449123,2,1.01172,-0.00757,0.14111,0.656,0.405,0.756,non-ergonomis
2026-06-01 14:05:58.323,2206297779,449323,1,0.82324,0.0293,0.75293,1.092,2.588,-3.107,non-ergonomis
2026-06-01 14:05:58.323,2206297779,449323,2,1.01709,-0.00171,0.11426,-5.305,-1.008,0.87,non-ergonomis
2026-06-01 14:05:58.523,2206297979,449523,1,0.8269,0.00757,0.74341,-0.466,1.305,0.656,non-ergonomis
2026-06-01 14:05:58.523,2206297979,449523,2,1.02002,0.02051,0.14233,3.687,1.832,-0.962,non-ergonomis
2026-06-01 14:05:58.723,2206298179,449723,1,0.82935,0.0459,0.77075,0.305,2.435,-1.901,non-ergonomis
2026-06-01 14:05:58.723,2206298179,449723,2,1.01758,0.00586,0.11401,-3.748,0.74,1.023,non-ergonomis
2026-06-01 14:05:58.923,2206298379,449923,1,0.81641,0.0022,0.75244,0.496,1.878,2.275,non-ergonomis
2026-06-01 14:05:58.923,2206298379,449923,2,1.01465,0.02002,0.13965,2.13,0.244,-0.489,non-ergonomis
2026-06-01 14:05:58.123,2206297579,450123,1,0.82104,0.04443,0.74707,-0.855,0.046,-3.519,non-ergonomis
2026-06-01 14:05:58.123,2206297579,450123,2,1.00977,-0.01294,0.13232,-5.74,0.542,2.183,non-ergonomis
2026-06-01 14:05:59.323,2206298779,450323,1,0.83105,0.02124,0.74927,3.618,2.55,0.382,non-ergonomis
2026-06-01 14:05:59.323,2206298779,450323,2,1.01147,0.03076,0.12231,0.527,0.229,-2.0,non-ergonomis
2026-06-01 14:05:59.523,2206298979,450523,1,0.82373,0.01685,0.75928,-2.412,0.863,-0.779,non-ergonomis
2026-06-01 14:05:59.523,2206298979,450523,2,1.02051,-0.00269,0.14697,0.473,0.298,0.321,non-ergonomis
2026-06-01 14:05:59.723,2206299179,450723,1,0.81909,0.04492,0.73657,0.992,1.55,-1.809,non-ergonomis
2026-06-01 14:05:59.723,2206299179,450723,2,0.99756,0.00562,0.12354,-5.527,0.038,2.092,non-ergonomis
2026-06-01 14:05:59.923,2206299379,450923,1,0.8313,0.01831,0.74292,3.481,2.305,0.489,non-ergonomis
2026-06-01 14:05:59.923,2206299379,450923,2,1.0061,0.02686,0.11279,1.824,0.374,-0.885,non-ergonomis
2026-06-01 14:05:59.123,2206298579,451123,1,0.82104,0.02344,0.75,-2.931,1.305,0.099,non-ergonomis
2026-06-01 14:05:59.123,2206298579,451123,2,1.01685,-0.00732,0.13477,1.29,0.473,0.985,non-ergonomis
2026-06-01 14:06:00.323,2206299779,451323,1,0.83228,0.03467,0.75195,2.397,2.954,-1.969,non-ergonomis
2026-06-01 14:06:00.323,2206299779,451323,2,1.00024,0.00635,0.12891,-4.489,0.267,1.702,non-ergonomis
2026-06-01 14:06:00.523,2206299979,451523,1,0.82837,0.00122,0.75684,2.122,2.099,1.092,non-ergonomis
2026-06-01 14:06:00.523,2206299979,451523,2,1.0105,0.02905,0.1394,2.992,0.489,-1.618,non-ergonomis
2026-06-01 14:06:00.723,2206300179,451723,1,0.81226,0.03833,0.75171,-2.588,1.313,-1.053,non-ergonomis
2026-06-01 14:06:00.723,2206300179,451723,2,1.01953,-0.00708,0.14624,-0.702,0.893,1.16,non-ergonomis
2026-06-01 14:06:00.923,2206300379,451923,1,0.82568,0.03955,0.76392,2.733,2.847,-1.145,non-ergonomis
2026-06-01 14:06:00.923,2206300379,451923,2,1.00488,0.00879,0.12695,-3.664,0.206,0.947,non-ergonomis
2026-06-01 14:06:00.123,2206299579,452123,1,0.83228,-0.00537,0.74976,0.359,2.221,0.26,non-ergonomis
2026-06-01 14:06:00.123,2206299579,452123,2,1.01099,0.01904,0.13477,2.725,0.664,-0.908,non-ergonomis
2026-06-01 14:06:01.323,2206300779,452323,1,0.82422,0.03345,0.74756,-1.0,1.992,-1.794,non-ergonomis
2026-06-01 14:06:01.323,2206300779,452323,2,1.01196,-0.00024,0.14453,-4.206,1.588,1.969,non-ergonomis
2026-06-01 14:06:01.523,2206300979,452523,1,0.81567,0.02148,0.76489,2.13,2.229,1.107,non-ergonomis
2026-06-01 14:06:01.523,2206300979,452523,2,1.00806,0.021,0.12256,-2.794,-0.405,0.13,non-ergonomis
2026-06-01 14:06:01.759,2206301215,452759,1,0.823,0.00952,0.76465,-1.725,1.015,-0.603,non-ergonomis
2026-06-01 14:06:01.759,2206301215,452759,2,1.02905,0.00317,0.146,0.641,0.695,0.481,non-ergonomis
2026-06-01 14:06:01.959,2206301415,452959,1,0.82983,0.03638,0.7478,1.275,1.481,-1.58,non-ergonomis
2026-06-01 14:06:01.959,2206301415,452959,2,1.01514,0.0061,0.13843,-5.832,0.863,2.061,non-ergonomis
2026-06-01 14:06:01.159,2206300615,453159,1,0.81958,0.01172,0.75684,2.145,1.573,1.221,non-ergonomis
2026-06-01 14:06:01.159,2206300615,453159,2,1.02002,0.02612,0.12085,-1.29,-0.221,0.435,non-ergonomis
2026-06-01 14:06:02.359,2206301815,453359,1,0.82251,0.02734,0.74829,-1.756,0.687,-2.015,non-ergonomis
2026-06-01 14:06:02.359,2206301815,453359,2,1.00317,-0.00488,0.14136,-4.382,0.313,1.832,non-ergonomis
2026-06-01 14:06:02.559,2206302015,453559,1,0.81689,0.02832,0.75122,2.55,1.489,0.405,non-ergonomis
2026-06-01 14:06:02.559,2206302015,453559,2,1.01611,0.02881,0.12158,-0.786,0.267,-0.832,non-ergonomis
2026-06-01 14:06:02.759,2206302215,453759,1,0.82788,0.02173,0.7334,-1.29,0.634,-1.901,non-ergonomis
2026-06-01 14:06:02.759,2206302215,453759,2,1.00708,-0.00684,0.13208,-0.947,1.45,1.122,non-ergonomis
2026-06-01 14:06:02.959,2206302415,453959,1,0.82129,0.03003,0.73975,3.672,3.695,0.015,non-ergonomis
2026-06-01 14:06:02.959,2206302415,453959,2,1.0083,0.0271,0.12183,-1.282,0.473,0.298,non-ergonomis
2026-06-01 14:06:02.159,2206301615,454159,1,0.83618,0.00488,0.73926,-1.076,1.298,-0.221,non-ergonomis
2026-06-01 14:06:02.159,2206301615,454159,2,0.99902,-0.00415,0.13647,-0.794,0.985,0.832,non-ergonomis
2026-06-01 14:06:03.359,2206302815,454359,1,0.82471,0.02344,0.76538,1.901,3.13,-0.305,non-ergonomis
2026-06-01 14:06:03.359,2206302815,454359,2,1.01538,0.03052,0.12451,-0.855,-0.489,-0.511,non-ergonomis
2026-06-01 14:06:03.559,2206303015,454559,1,0.82324,0.03516,0.74194,-2.038,1.015,-2.031,non-ergonomis
2026-06-01 14:06:03.559,2206303015,454559,2,1.01538,-0.00879,0.15332,-2.122,1.473,1.634,non-ergonomis
2026-06-01 14:06:03.759,2206303215,454759,1,0.81763,0.02344,0.7561,3.389,3.328,0.29,non-ergonomis
2026-06-01 14:06:03.759,2206303215,454759,2,1.01807,0.03491,0.12817,-1.695,-0.252,-0.053,non-ergonomis
2026-06-01 14:06:03.959,2206303415,454959,1,0.81641,0.01611,0.73755,-2.397,1.031,-1.031,non-ergonomis
2026-06-01 14:06:03.959,2206303415,454959,2,1.0166,0.00024,0.14087,1.458,1.084,1.061,non-ergonomis
2026-06-01 14:06:03.162,2206302618,455162,1,0.81201,0.03052,0.75293,2.878,3.115,-0.359,non-ergonomis
2026-06-01 14:06:03.162,2206302618,455162,2,1.01685,0.02759,0.12451,-1.16,-0.45,0.87,non-ergonomis
2026-06-01 14:06:04.362,2206303818,455362,1,0.81934,0.01099,0.75269,-2.206,0.687,-0.221,non-ergonomis
2026-06-01 14:06:04.362,2206303818,455362,2,1.00977,-0.00781,0.14453,-0.779,1.244,0.725,non-ergonomis
2026-06-01 14:06:04.562,2206304018,455562,1,0.81543,0.03027,0.76782,3.305,3.489,-0.435,non-ergonomis
2026-06-01 14:06:04.562,2206304018,455562,2,1.01904,0.01904,0.13574,-4.824,0.878,0.435,non-ergonomis
2026-06-01 14:06:04.781,2206304237,455781,1,0.82056,-0.00659,0.75659,-1.458,0.26,0.847,non-ergonomis
2026-06-01 14:06:04.781,2206304237,455781,2,1.00635,-0.00708,0.14624,-0.58,0.344,0.611,non-ergonomis
2026-06-01 14:06:04.981,2206304437,455981,1,0.82251,0.03613,0.75781,2.672,2.595,-2.183,non-ergonomis
2026-06-01 14:06:04.981,2206304437,455981,2,1.01123,0.02783,0.11182,-4.702,-0.504,0.511,non-ergonomis
2026-06-01 14:06:04.181,2206303637,456181,1,0.82104,-0.00049,0.74146,-1.695,-0.176,0.076,non-ergonomis
2026-06-01 14:06:04.181,2206303637,456181,2,1.01416,0.01172,0.14795,0.916,0.466,-0.443,non-ergonomis
2026-06-01 14:06:05.381,2206304837,456381,1,0.83179,0.04883,0.76367,2.252,1.962,-2.061,non-ergonomis
2026-06-01 14:06:05.381,2206304837,456381,2,1.01807,0.01904,0.12305,-5.0,-0.267,0.481,non-ergonomis
2026-06-01 14:06:05.581,2206305037,456581,1,0.82959,,0.74072,-0.366,1.527,1.511,non-ergonomis
2026-06-01 14:06:05.581,2206305037,456581,2,1.01367,0.01611,0.13843,2.275,1.305,0.427,non-ergonomis
2026-06-01 14:06:05.781,2206305237,456781,1,0.82983,0.04224,0.75684,1.382,2.962,-2.321,non-ergonomis
2026-06-01 14:06:05.781,2206305237,456781,2,1.01245,-0.00171,0.12622,-4.313,0.031,1.435,non-ergonomis
2026-06-01 14:06:05.981,2206305437,456981,1,0.81787,0.00854,0.75488,0.565,2.435,1.626,non-ergonomis
2026-06-01 14:06:05.981,2206305437,456981,2,1.021,0.03027,0.14307,4.183,1.053,-0.374,non-ergonomis
2026-06-01 14:06:05.181,2206304637,457181,1,0.82422,0.03833,0.74341,-0.809,1.298,-2.962,non-ergonomis
2026-06-01 14:06:05.181,2206304637,457181,2,1.01025,-0.00928,0.13965,-4.916,0.588,2.618,non-ergonomis
2026-06-01 14:06:06.381,2206305837,457381,1,0.82178,0.01392,0.75488,2.885,3.053,1.405,non-ergonomis
2026-06-01 14:06:06.381,2206305837,457381,2,1.01758,0.03735,0.12915,0.374,0.275,-1.107,non-ergonomis
2026-06-01 14:06:06.581,2206306037,457581,1,0.81641,0.02466,0.74512,-2.328,0.969,-1.908,non-ergonomis
2026-06-01 14:06:06.581,2206306037,457581,2,1.00757,-0.0188,0.15283,-2.809,0.992,1.969,non-ergonomis
2026-06-01 14:06:06.781,2206306237,457781,1,0.82446,0.02002,0.75488,3.672,3.366,0.481,non-ergonomis
2026-06-01 14:06:06.781,2206306237,457781,2,1.00879,0.0437,0.11597,-0.84,-0.466,-1.023,non-ergonomis
2026-06-01 14:06:06.981,2206306437,457981,1,0.8269,-0.00049,0.75781,-1.969,1.534,-0.107,non-ergonomis
2026-06-01 14:06:06.981,2206306437,457981,2,1.02051,0.02051,0.14258,3.168,0.756,-0.847,non-ergonomis
2026-06-01 14:06:06.181,2206305637,458181,1,0.81006,0.04126,0.76514,0.351,2.191,-2.298,non-ergonomis
2026-06-01 14:06:06.181,2206305637,458181,2,1.00269,0.01025,0.12231,-4.733,-0.069,2.412,non-ergonomis
2026-06-01 14:06:07.381,2206306837,458381,1,0.8252,0.01123,0.76001,3.351,2.504,0.176,non-ergonomis
2026-06-01 14:06:07.381,2206306837,458381,2,1.00146,0.02905,0.11865,-0.87,0.282,-0.947,non-ergonomis
2026-06-01 14:06:07.581,2206307037,458581,1,0.8269,0.00317,0.76733,-0.992,1.122,0.328,non-ergonomis
2026-06-01 14:06:07.581,2206307037,458581,2,1.02393,0.01929,0.13696,0.519,-0.374,-0.405,non-ergonomis
2026-06-01 14:06:07.781,2206307237,458781,1,0.81616,0.03198,0.75659,-1.557,0.359,-1.595,non-ergonomis
2026-06-01 14:06:07.781,2206307237,458781,2,1.02197,-0.00586,0.14478,-6.061,0.565,2.008,non-ergonomis
2026-06-01 14:06:07.981,2206307437,458981,1,0.82349,0.0354,0.75732,3.809,2.405,-0.885,non-ergonomis
2026-06-01 14:06:07.981,2206307437,458981,2,0.99927,0.01929,0.12158,-4.359,0.321,1.053,non-ergonomis
2026-06-01 14:06:07.181,2206306637,459181,1,0.82739,0.00562,0.7605,0.489,1.237,0.565,non-ergonomis
2026-06-01 14:06:07.181,2206306637,459181,2,1.01514,0.0249,0.12769,1.954,0.092,-1.336,non-ergonomis
2026-06-01 14:06:08.381,2206307837,459381,1,0.82593,0.01807,0.75366,-3.0,1.092,-0.641,non-ergonomis
2026-06-01 14:06:08.381,2206307837,459381,2,1.02734,-0.00757,0.14746,-1.267,0.183,1.405,non-ergonomis
2026-06-01 14:06:08.581,2206308037,459581,1,0.81006,0.03711,0.74023,0.649,1.962,-1.611,non-ergonomis
2026-06-01 14:06:08.581,2206308037,459581,2,1.00854,0.00757,0.12598,-3.496,0.786,2.496,non-ergonomis
2026-06-01 14:06:08.781,2206308237,459781,1,0.82813,0.0083,0.75366,2.763,2.824,0.26,non-ergonomis
2026-06-01 14:06:08.781,2206308237,459781,2,0.99512,0.01074,0.11108,-0.55,-0.038,-0.511,non-ergonomis
2026-06-01 14:06:08.981,2206308437,459981,1,0.83569,-0.00317,0.75977,-1.466,2.412,0.824,non-ergonomis
2026-06-01 14:06:08.981,2206308437,459981,2,1.02344,0.02124,0.13623,2.534,0.71,-0.817,non-ergonomis
2026-06-01 14:06:08.181,2206307637,460181,1,0.82495,0.02271,0.75977,-1.588,1.901,-0.527,non-ergonomis
2026-06-01 14:06:08.181,2206307637,460181,2,1.02734,0.00439,0.13037,-0.176,0.473,0.954,non-ergonomis
2026-06-01 14:06:09.381,2206308837,460381,1,0.80737,0.00391,0.75366,1.412,2.863,-0.985,non-ergonomis
2026-06-01 14:06:09.381,2206308837,460381,2,1.02466,0.0166,0.14014,-0.26,0.878,-0.069,non-ergonomis
2026-06-01 14:06:09.581,2206309037,460581,1,0.82007,0.02563,0.75098,0.878,1.893,-2.443,non-ergonomis
2026-06-01 14:06:09.581,2206309037,460581,2,1.01245,0.00293,0.11914,-3.229,0.092,0.756,non-ergonomis
2026-06-01 14:06:09.781,2206309237,460781,1,0.81714,0.01172,0.7605,1.359,2.878,0.771,non-ergonomis
2026-06-01 14:06:09.781,2206309237,460781,2,1.02075,0.0376,0.13257,1.115,1.214,-1.015,non-ergonomis
2026-06-01 14:06:09.981,2206309437,460981,1,0.80469,0.03149,0.75513,-1.183,0.992,-2.542,non-ergonomis
2026-06-01 14:06:09.981,2206309437,460981,2,1.0127,-0.00952,0.15063,-3.122,0.725,2.42,non-ergonomis
2026-06-01 14:06:09.181,2206308637,461181,1,0.8186,0.01489,0.76514,4.412,2.809,0.756,non-ergonomis
2026-06-01 14:06:09.181,2206308637,461181,2,1.00171,0.03296,0.11743,-1.26,-0.206,-1.534,non-ergonomis
2026-06-01 14:06:10.381,2206309837,461381,1,0.82837,0.00391,0.76953,-1.847,0.237,-0.359,non-ergonomis
2026-06-01 14:06:10.381,2206309837,461381,2,1.01611,0.01953,0.13843,1.496,-0.176,-1.427,non-ergonomis
2026-06-01 14:06:10.581,2206310037,461581,1,0.80957,0.03931,0.75269,-0.58,0.397,-1.794,non-ergonomis
2026-06-01 14:06:10.581,2206310037,461581,2,1.02222,-0.0022,0.14111,-4.26,-0.015,1.588,non-ergonomis
2026-06-01 14:06:10.781,2206310237,461781,1,0.82324,0.02881,0.74805,3.183,1.351,-1.198,non-ergonomis
2026-06-01 14:06:10.781,2206310237,461781,2,0.99683,0.01538,0.1228,-4.321,0.153,1.389,non-ergonomis
2026-06-01 14:06:10.981,2206310437,461981,1,0.83813,0.00781,0.75952,1.389,1.634,0.389,non-ergonomis
2026-06-01 14:06:10.981,2206310437,461981,2,1.01514,0.02441,0.11938,1.802,0.153,-1.58,non-ergonomis
2026-06-01 14:06:10.181,2206309637,462181,1,0.82813,0.01196,0.75684,-2.267,1.748,0.244,non-ergonomis
2026-06-01 14:06:10.181,2206309637,462181,2,1.01733,0.01611,0.14917,2.504,0.389,0.183,non-ergonomis
2026-06-01 14:06:11.381,2206310837,462381,1,0.82178,0.03955,0.75586,1.0,2.305,-1.992,non-ergonomis
2026-06-01 14:06:11.381,2206310837,462381,2,1.00513,-0.00342,0.12378,-3.527,0.664,2.206,non-ergonomis
2026-06-01 14:06:11.581,2206311037,462581,1,0.82617,0.0105,0.75562,2.725,2.977,0.344,non-ergonomis
2026-06-01 14:06:11.581,2206311037,462581,2,1.02051,0.03589,0.11719,1.626,0.229,-1.672,non-ergonomis
2026-06-01 14:06:11.781,2206311237,462781,1,0.81665,0.01709,0.76514,-2.847,1.489,-0.267,non-ergonomis
2026-06-01 14:06:11.781,2206311237,462781,2,1.02515,0.02002,0.14575,3.206,1.443,-0.374,non-ergonomis
2026-06-01 14:06:11.981,2206311437,462981,1,0.81567,0.0293,0.76099,1.954,2.321,-1.832,non-ergonomis
2026-06-01 14:06:11.981,2206311437,462981,2,1.00049,0.00684,0.13257,-3.702,0.237,2.168,non-ergonomis
2026-06-01 14:06:11.181,2206310637,463181,1,0.83276,0.01221,0.75635,1.198,2.58,0.687,non-ergonomis
2026-06-01 14:06:11.181,2206310637,463181,2,1.01074,0.02124,0.13354,2.84,1.313,-0.802,non-ergonomis
2026-06-01 14:06:12.381,2206311837,463381,1,0.81787,0.02759,0.7478,-0.321,0.336,-0.366,non-ergonomis
2026-06-01 14:06:12.381,2206311837,463381,2,1.01416,0.03345,0.12061,0.534,-0.313,-1.878,non-ergonomis
2026-06-01 14:06:12.635,2206312091,463635,1,0.80054,0.0293,0.74854,3.504,2.099,-2.336,non-ergonomis
2026-06-01 14:06:12.635,2206312091,463635,2,1.00635,0.01636,0.12817,-4.595,0.137,1.817,non-ergonomis
2026-06-01 14:06:12.835,2206312291,463835,1,0.82788,0.01025,0.75366,1.359,1.214,-0.748,non-ergonomis
2026-06-01 14:06:12.835,2206312291,463835,2,1.00269,0.02051,0.13159,-1.687,-0.427,-1.405,non-ergonomis
2026-06-01 14:06:12.035,2206311491,464035,1,0.83276,0.01709,0.77197,-1.565,1.618,-0.466,non-ergonomis
2026-06-01 14:06:12.035,2206311491,464035,2,1.01904,0.01733,0.1272,0.031,0.374,-0.305,non-ergonomis
2026-06-01 14:06:13.235,2206312691,464235,1,0.81396,0.0354,0.74219,-0.16,0.748,-1.519,non-ergonomis
2026-06-01 14:06:13.235,2206312691,464235,2,1.01099,0.00098,0.1377,-5.565,0.55,1.992,non-ergonomis
2026-06-01 14:06:13.435,2206312891,464435,1,0.82861,0.02441,0.7522,4.008,2.145,-0.29,non-ergonomis
2026-06-01 14:06:13.435,2206312891,464435,2,1.01465,0.03564,0.11353,0.779,-0.786,-0.756,non-ergonomis
2026-06-01 14:06:13.635,2206313091,464635,1,0.83105,0.01636,0.74414,-3.687,0.87,0.115,non-ergonomis
2026-06-01 14:06:13.635,2206313091,464635,2,1.01978,-0.00562,0.13892,-0.038,0.649,1.397,non-ergonomis
2026-06-01 14:06:13.835,2206313291,464835,1,0.81445,0.04053,0.7605,2.565,2.511,-1.382,non-ergonomis
2026-06-01 14:06:13.835,2206313291,464835,2,1.01514,0.01147,0.12183,-2.351,-0.328,1.466,non-ergonomis
2026-06-01 14:06:13.035,2206312491,465035,1,0.8125,0.00928,0.7334,-0.458,1.817,0.076,non-ergonomis
2026-06-01 14:06:13.035,2206312491,465035,2,1.01294,0.00488,0.14038,0.183,0.786,0.038,non-ergonomis
2026-06-01 14:06:14.235,2206313691,465235,1,0.82422,0.03247,0.7561,2.351,3.344,-1.519,non-ergonomis
2026-06-01 14:06:14.235,2206313691,465235,2,1.00781,0.01123,0.10767,-3.221,-0.511,-0.008,non-ergonomis
2026-06-01 14:06:14.435,2206313891,465435,1,0.81909,0.0061,0.74585,-2.198,1.275,0.672,non-ergonomis
2026-06-01 14:06:14.435,2206313891,465435,2,1.02148,0.02026,0.14233,2.534,1.023,-0.626,non-ergonomis
2026-06-01 14:06:14.635,2206314091,465635,1,0.823,0.0481,0.77148,1.298,2.359,-1.588,non-ergonomis
2026-06-01 14:06:14.635,2206314091,465635,2,1.01367,0.00757,0.11475,-4.534,-0.26,1.359,non-ergonomis
2026-06-01 14:06:14.835,2206314291,465835,1,0.82422,0.00244,0.74951,-0.511,1.992,1.275,non-ergonomis
2026-06-01 14:06:14.835,2206314291,465835,2,1.01367,0.02246,0.13477,3.099,0.725,-0.336,non-ergonomis
2026-06-01 14:06:14.035,2206313491,466035,1,0.81567,0.04028,0.76587,1.58,1.504,-3.038,non-ergonomis
2026-06-01 14:06:14.035,2206313491,466035,2,1.01587,-0.00952,0.14258,-5.092,0.435,2.427,non-ergonomis
2026-06-01 14:06:15.235,2206314691,466235,1,0.82544,0.00513,0.76343,2.588,2.748,1.351,non-ergonomis
2026-06-01 14:06:15.235,2206314691,466235,2,1.0127,0.03906,0.11914,1.832,0.206,-2.336,non-ergonomis
2026-06-01 14:06:15.435,2206314891,466435,1,0.81836,0.03003,0.75537,-3.901,-0.321,-1.275,non-ergonomis
2026-06-01 14:06:15.435,2206314891,466435,2,1.03076,-0.0061,0.14648,-4.534,0.779,2.557,non-ergonomis
2026-06-01 14:06:15.635,2206315091,466635,1,0.81274,0.04102,0.76196,4.496,1.901,-1.55,non-ergonomis
2026-06-01 14:06:15.635,2206315091,466635,2,1.01343,0.01514,0.13574,-4.389,0.313,2.183,non-ergonomis
2026-06-01 14:06:15.835,2206315291,466835,1,0.83252,0.00586,0.74854,1.115,2.015,0.733,non-ergonomis
2026-06-01 14:06:15.835,2206315291,466835,2,1.00781,0.02832,0.12256,0.496,0.008,-1.763,non-ergonomis
2026-06-01 14:06:15.035,2206314491,467035,1,0.82983,0.02344,0.74585,-3.359,0.939,-0.122,non-ergonomis
2026-06-01 14:06:15.035,2206314491,467035,2,1.02515,0.00562,0.15332,0.275,0.595,0.771,non-ergonomis
2026-06-01 14:06:16.235,2206315691,467235,1,0.81177,0.04614,0.73511,1.679,1.626,-1.809,non-ergonomis
2026-06-01 14:06:16.235,2206315691,467235,2,1.01855,0.00708,0.13184,-3.893,0.374,2.618,non-ergonomis
2026-06-01 14:06:16.435,2206315891,467435,1,0.82324,0.01709,0.75854,2.305,2.687,0.351,non-ergonomis
2026-06-01 14:06:16.435,2206315891,467435,2,1.01587,0.02051,0.11816,2.809,0.031,-0.847,non-ergonomis
2026-06-01 14:06:16.635,2206316091,467635,1,0.82715,0.01953,0.75439,-3.458,1.992,0.168,non-ergonomis
2026-06-01 14:06:16.635,2206316091,467635,2,1.01733,-0.00439,0.13281,-0.229,1.031,1.534,non-ergonomis
2026-06-01 14:06:16.835,2206316291,467835,1,0.8186,0.02905,0.75488,2.618,2.855,-1.634,non-ergonomis
2026-06-01 14:06:16.835,2206316291,467835,2,1.00122,-0.00659,0.12305,-4.336,0.649,2.435,non-ergonomis
2026-06-01 14:06:16.035,2206315491,468035,1,0.82227,-0.00415,0.76416,0.344,2.481,0.931,non-ergonomis
2026-06-01 14:06:16.035,2206315491,468035,2,1.00659,0.0271,0.1377,2.84,0.58,-1.794,non-ergonomis
2026-06-01 14:06:17.235,2206316691,468235,1,0.81543,0.04004,0.74536,-1.092,1.046,-1.588,non-ergonomis
2026-06-01 14:06:17.235,2206316691,468235,2,1.00977,-0.00562,0.14014,-3.679,0.924,2.382,non-ergonomis
2026-06-01 14:06:17.435,2206316891,468435,1,0.81641,0.02759,0.76025,3.672,3.053,0.053,non-ergonomis
2026-06-01 14:06:17.435,2206316891,468435,2,1.00269,0.02856,0.125,-5.076,0.183,0.099,non-ergonomis
2026-06-01 14:06:17.635,2206317091,468635,1,0.82153,0.00952,0.76196,-2.351,1.206,0.519,non-ergonomis
2026-06-01 14:06:17.635,2206317091,468635,2,1.01636,0.01074,0.15234,-0.031,0.458,0.786,non-ergonomis
2026-06-01 14:06:17.835,2206317291,468835,1,0.81274,0.02979,0.77393,2.137,1.267,-0.863,non-ergonomis
2026-06-01 14:06:17.835,2206317291,468835,2,1.01514,-0.00488,0.12744,-3.977,-0.45,1.74,non-ergonomis
2026-06-01 14:06:17.059,2206316515,469059,1,0.82349,0.01587,0.73901,1.573,0.763,0.481,non-ergonomis
2026-06-01 14:06:17.059,2206316515,469059,2,1.02588,0.01904,0.11475,-0.519,-0.557,-0.008,non-ergonomis
2026-06-01 14:06:18.259,2206317715,469259,1,0.83521,0.03052,0.74561,0.527,0.435,-2.435,non-ergonomis
2026-06-01 14:06:18.259,2206317715,469259,2,1.01001,0.00513,0.12866,-3.038,0.069,0.397,non-ergonomis
2026-06-01 14:06:18.459,2206317915,469459,1,0.82642,0.03125,0.73657,0.405,1.954,-0.763,non-ergonomis
2026-06-01 14:06:18.459,2206317915,469459,2,1.01343,0.01563,0.12842,-1.649,0.725,0.046,non-ergonomis
2026-06-01 14:06:18.659,2206318115,469659,1,0.82422,0.02563,0.74609,0.321,2.122,-0.626,non-ergonomis
2026-06-01 14:06:18.659,2206318115,469659,2,1.00977,0.01221,0.12891,-0.412,0.672,0.84,non-ergonomis
2026-06-01 14:06:18.859,2206318315,469859,1,0.83105,0.02002,0.75024,0.496,2.168,-0.313,non-ergonomis
2026-06-01 14:06:18.859,2206318315,469859,2,1.02026,0.00903,0.12305,0.634,-0.015,0.252,non-ergonomis
2026-06-01 14:06:18.059,2206317515,470059,1,0.81689,0.01978,0.75293,-0.038,2.344,-0.794,non-ergonomis
2026-06-01 14:06:18.059,2206317515,470059,2,1.01416,0.01392,0.13306,-1.252,1.481,0.153,non-ergonomis
2026-06-01 14:06:19.259,2206318715,470259,1,0.82349,0.03589,0.75049,1.275,2.244,-1.229,non-ergonomis
2026-06-01 14:06:19.259,2206318715,470259,2,1.01196,0.01807,0.12695,-0.947,0.244,1.489,non-ergonomis
2026-06-01 14:06:19.459,2206318915,470459,1,0.82007,0.02026,0.74951,0.55,1.832,0.725,non-ergonomis
2026-06-01 14:06:19.459,2206318915,470459,2,1.01709,0.0127,0.12891,0.267,1.084,0.58,non-ergonomis
2026-06-01 14:06:19.659,2206319115,470659,1,0.82227,0.01563,0.76099,-0.031,1.855,-0.832,non-ergonomis
2026-06-01 14:06:19.659,2206319115,470659,2,1.01563,0.01001,0.12817,-1.595,0.649,0.687,non-ergonomis
2026-06-01 14:06:19.859,2206319315,470859,1,0.83032,0.02319,0.75391,0.679,2.206,-0.725,non-ergonomis
2026-06-01 14:06:19.859,2206319315,470859,2,1.01099,0.01538,0.12476,-0.626,-0.137,-0.069,non-ergonomis
2026-06-01 14:06:19.059,2206318515,471059,1,0.81787,0.01294,0.74634,-0.725,2.611,-1.466,non-ergonomis
2026-06-01 14:06:19.059,2206318515,471059,2,1.00977,0.01318,0.13867,-1.771,1.511,0.427,non-ergonomis
2026-06-01 14:06:20.259,2206319715,471259,1,0.81934,0.03589,0.76489,1.847,2.267,-1.221,non-ergonomis
2026-06-01 14:06:20.259,2206319715,471259,2,1.02246,0.02271,0.11816,-0.634,-0.916,0.366,non-ergonomis
2026-06-01 14:06:20.459,2206319915,471459,1,0.81274,0.01221,0.74878,-1.389,0.672,0.786,non-ergonomis
2026-06-01 14:06:20.459,2206319915,471459,2,1.03613,0.0188,0.13794,-0.008,2.038,0.458,non-ergonomis
2026-06-01 14:06:20.659,2206320115,471659,1,0.81592,0.04028,0.74951,2.366,1.527,-1.733,non-ergonomis
2026-06-01 14:06:20.659,2206320115,471659,2,1.01147,0.00806,0.11523,-5.405,-0.924,1.351,non-ergonomis
2026-06-01 14:06:20.859,2206320315,471859,1,0.82959,0.00342,0.75073,-1.282,0.702,1.168,non-ergonomis
2026-06-01 14:06:20.859,2206320315,471859,2,1.01636,0.01074,0.13379,1.137,0.427,-0.328,non-ergonomis
2026-06-01 14:06:20.059,2206319515,472059,1,0.823,0.0332,0.74951,1.031,1.282,-2.221,non-ergonomis
2026-06-01 14:06:20.059,2206319515,472059,2,1.00659,-0.00122,0.12158,-6.115,0.305,1.71,non-ergonomis
2026-06-01 14:06:21.259,2206320715,472259,1,0.8313,0.00586,0.75269,1.092,1.969,0.763,non-ergonomis
2026-06-01 14:06:21.259,2206320715,472259,2,1.00854,0.02002,0.12744,1.122,1.061,-0.779,non-ergonomis
2026-06-01 14:06:21.459,2206320915,472459,1,0.82788,0.02441,0.74634,-1.122,0.695,-1.511,non-ergonomis
2026-06-01 14:06:21.459,2206320915,472459,2,1.00415,-0.0105,0.11938,-2.649,,1.939,non-ergonomis
2026-06-01 14:06:21.659,2206321115,472659,1,0.82471,0.01367,0.7583,2.0,3.145,0.672,non-ergonomis
2026-06-01 14:06:21.659,2206321115,472659,2,1.00757,0.03613,0.12451,-0.466,0.389,-0.366,non-ergonomis
2026-06-01 14:06:21.859,2206321315,472859,1,0.83594,0.03101,0.74609,-1.061,1.13,-0.58,non-ergonomis
2026-06-01 14:06:21.859,2206321315,472859,2,1.01294,0.00049,0.11963,0.214,0.214,1.344,non-ergonomis
2026-06-01 14:06:21.059,2206320515,473059,1,0.82153,0.02026,0.74902,1.443,2.496,0.046,non-ergonomis
2026-06-01 14:06:21.059,2206320515,473059,2,1.01611,0.0166,0.1189,-1.145,-0.237,-0.076,non-ergonomis
2026-06-01 14:06:22.259,2206321715,473259,1,0.82373,0.01904,0.74951,-0.359,1.87,-1.13,non-ergonomis
2026-06-01 14:06:22.259,2206321715,473259,2,1.01587,0.01147,0.13647,-0.237,1.069,-0.16,non-ergonomis
2026-06-01 14:06:22.459,2206321915,473459,1,0.8252,0.03223,0.74805,1.969,2.565,-1.557,non-ergonomis
2026-06-01 14:06:22.459,2206321915,473459,2,1.02319,0.0166,0.12183,-0.817,-0.053,0.824,non-ergonomis
2026-06-01 14:06:22.659,2206322115,473659,1,0.82251,0.02319,0.75391,-0.733,1.756,0.687,non-ergonomis
2026-06-01 14:06:22.659,2206322115,473659,2,1.0105,0.01172,0.12793,0.504,1.618,-0.16,non-ergonomis
2026-06-01 14:06:22.859,2206322315,473859,1,0.81958,0.03125,0.76685,1.046,2.168,-1.344,non-ergonomis
2026-06-01 14:06:22.859,2206322315,473859,2,1.01855,0.00684,0.13696,-2.634,0.977,1.015,non-ergonomis
2026-06-01 14:06:22.059,2206321515,474059,1,0.81787,0.01685,0.75732,0.107,1.374,0.061,non-ergonomis
2026-06-01 14:06:22.059,2206321515,474059,2,1.00928,0.01147,0.13867,-1.084,1.214,-0.115,non-ergonomis
2026-06-01 14:06:23.259,2206322715,474259,1,0.82397,0.03149,0.7583,2.038,2.573,-1.595,non-ergonomis
2026-06-01 14:06:23.259,2206322715,474259,2,1.01074,0.0293,0.12402,-2.779,-0.145,0.237,non-ergonomis
2026-06-01 14:06:23.459,2206322915,474459,1,0.81592,0.02051,0.74463,-0.489,0.305,-0.405,non-ergonomis
2026-06-01 14:06:23.459,2206322915,474459,2,1.01172,0.00732,0.12598,-1.305,-0.115,0.344,non-ergonomis
2026-06-01 14:06:23.659,2206323115,474659,1,0.82813,0.02881,0.75928,1.344,2.214,0.237,non-ergonomis
2026-06-01 14:06:23.659,2206323115,474659,2,1.01416,0.02539,0.11157,-2.115,-0.214,0.489,non-ergonomis
2026-06-01 14:06:23.859,2206323315,474859,1,0.82031,0.01587,0.74268,-1.076,-0.137,-1.405,non-ergonomis
2026-06-01 14:06:23.859,2206323315,474859,2,1.00244,0.00146,0.1355,-2.55,0.908,0.191,non-ergonomis
2026-06-01 14:06:23.059,2206322515,475059,1,0.82202,0.02588,0.75073,3.176,2.267,-0.008,non-ergonomis
2026-06-01 14:06:23.059,2206322515,475059,2,1.03076,0.02148,0.1189,-3.366,-0.412,1.145,non-ergonomis
2026-06-01 14:06:24.259,2206323715,475259,1,0.83203,0.02173,0.74072,-1.702,0.267,-1.16,non-ergonomis
2026-06-01 14:06:24.259,2206323715,475259,2,1.00659,-0.01172,0.12842,-1.718,0.588,1.389,non-ergonomis
2026-06-01 14:06:24.459,2206323915,475459,1,0.82715,0.02222,0.7561,2.695,3.382,0.122,non-ergonomis
2026-06-01 14:06:24.459,2206323915,475459,2,1.01855,0.04346,0.10254,-0.267,0.13,-0.336,non-ergonomis
2026-06-01 14:06:24.659,2206324115,475659,1,0.82764,0.01099,0.73413,-2.229,1.229,-0.687,non-ergonomis
2026-06-01 14:06:24.659,2206324115,475659,2,1.02563,-0.01514,0.12671,1.076,-0.115,1.359,non-ergonomis
2026-06-01 14:06:24.859,2206324315,475859,1,0.82593,0.0354,0.75439,2.863,3.191,-1.153,non-ergonomis
2026-06-01 14:06:24.859,2206324315,475859,2,1.01245,0.03174,0.11255,-0.947,-0.542,0.695,non-ergonomis
2026-06-01 14:06:24.059,2206323515,476059,1,0.83521,0.00928,0.7439,-1.031,1.496,0.069,non-ergonomis
2026-06-01 14:06:24.059,2206323515,476059,2,1.0188,0.01221,0.12402,0.588,1.473,0.519,non-ergonomis
2026-06-01 14:06:25.259,2206324715,476259,1,0.82007,0.03906,0.7605,1.695,2.557,-1.496,non-ergonomis
2026-06-01 14:06:25.259,2206324715,476259,2,1.02051,0.01978,0.12378,-3.382,0.504,1.511,non-ergonomis
2026-06-01 14:06:25.459,2206324915,476459,1,0.81885,0.01416,0.74585,0.443,1.939,0.947,non-ergonomis
2026-06-01 14:06:25.459,2206324915,476459,2,1.01636,0.02002,0.1189,0.908,0.687,0.252,non-ergonomis
2026-06-01 14:06:25.659,2206325115,476659,1,0.83081,0.02539,0.74561,0.069,2.084,-1.458,non-ergonomis
2026-06-01 14:06:25.659,2206325115,476659,2,1.02026,0.01147,0.12378,-1.359,0.237,0.908,non-ergonomis
2026-06-01 14:06:25.859,2206325315,476859,1,0.82739,0.01831,0.75513,1.061,2.084,-0.046,non-ergonomis
2026-06-01 14:06:25.859,2206325315,476859,2,1.01733,0.01904,0.11841,-1.206,0.16,0.206,non-ergonomis
2026-06-01 14:06:25.059,2206324515,477059,1,0.83325,0.01709,0.75244,0.947,1.901,-1.122,non-ergonomis
2026-06-01 14:06:25.059,2206324515,477059,2,1.01733,0.01758,0.11401,-1.168,0.771,0.191,non-ergonomis
2026-06-01 14:06:26.259,2206325715,477259,1,0.81885,0.02808,0.75317,0.038,2.031,-0.87,non-ergonomis
2026-06-01 14:06:26.259,2206325715,477259,2,1.01221,0.02173,0.12305,-1.771,0.794,0.282,non-ergonomis
2026-06-01 14:06:26.459,2206325915,477459,1,0.82397,0.0376,0.7522,1.695,1.26,-0.855,non-ergonomis
2026-06-01 14:06:26.459,2206325915,477459,2,1.01367,0.02637,0.10962,-2.733,-0.496,0.939,non-ergonomis
2026-06-01 14:06:26.659,2206326115,477659,1,0.82715,0.01367,0.74097,-0.313,0.198,-0.153,non-ergonomis
2026-06-01 14:06:26.659,2206326115,477659,2,1.01001,0.01343,0.12524,-2.275,0.443,-0.092,non-ergonomis
2026-06-01 14:06:26.859,2206326315,477859,1,0.82788,0.03662,0.75122,1.008,1.42,-1.779,non-ergonomis
2026-06-01 14:06:26.859,2206326315,477859,2,1.01636,0.01855,0.12012,-2.985,-0.397,1.015,non-ergonomis
2026-06-01 14:06:26.059,2206325515,478059,1,0.8313,0.02148,0.74683,0.137,1.122,0.107,non-ergonomis
2026-06-01 14:06:26.059,2206325515,478059,2,1.01245,0.03369,0.11377,-1.252,0.504,0.519,non-ergonomis
2026-06-01 14:06:27.259,2206326715,478259,1,0.8252,0.02881,0.75293,0.824,1.527,-0.916,non-ergonomis
2026-06-01 14:06:27.259,2206326715,478259,2,1.01196,0.01367,0.11011,-2.282,-0.168,0.802,non-ergonomis
2026-06-01 14:06:27.459,2206326915,478459,1,0.82568,0.02466,0.74316,0.687,2.13,-0.366,non-ergonomis
2026-06-01 14:06:27.459,2206326915,478459,2,1.01245,0.02026,0.11206,-0.725,0.252,-0.069,non-ergonomis
2026-06-01 14:06:27.659,2206327115,478659,1,0.83838,0.03223,0.73877,0.489,2.168,-0.87,non-ergonomis
2026-06-01 14:06:27.659,2206327115,478659,2,1.01929,0.02051,0.1084,-0.649,0.427,0.244,non-ergonomis
2026-06-01 14:06:27.859,2206327315,478859,1,0.82373,0.03296,0.75024,0.557,1.924,-0.153,non-ergonomis
2026-06-01 14:06:27.859,2206327315,478859,2,1.01147,0.0188,0.11499,-1.13,0.336,0.595,non-ergonomis
2026-06-01 14:06:27.059,2206326515,479059,1,0.82788,0.02881,0.74683,1.053,2.145,-0.389,non-ergonomis
2026-06-01 14:06:27.059,2206326515,479059,2,1.01099,0.03223,0.11279,-1.481,0.618,0.702,non-ergonomis
2026-06-01 14:06:28.259,2206327715,479259,1,0.81763,0.02661,0.75415,-0.16,2.908,0.427,non-ergonomis
2026-06-01 14:06:28.259,2206327715,479259,2,1.00757,0.02026,0.10547,-0.679,0.794,0.45,non-ergonomis
2026-06-01 14:06:28.459,2206327915,479459,1,0.82471,0.03564,0.75195,1.214,2.473,-0.992,non-ergonomis
2026-06-01 14:06:28.459,2206327915,479459,2,1.01636,0.01636,0.12231,-1.237,1.115,0.679,non-ergonomis
2026-06-01 14:06:28.659,2206328115,479659,1,0.82617,0.03491,0.75244,2.214,2.511,-1.023,non-ergonomis
2026-06-01 14:06:28.659,2206328115,479659,2,1.02222,0.0249,0.11304,-1.26,-0.359,0.137,non-ergonomis
2026-06-01 14:06:28.859,2206328315,479859,1,0.81836,0.02441,0.74292,-1.015,0.511,-1.061,non-ergonomis
2026-06-01 14:06:28.859,2206328315,479859,2,1.0127,0.0127,0.13794,-1.351,0.901,0.206,non-ergonomis
2026-06-01 14:06:28.059,2206327515,480059,1,0.81958,0.0354,0.76392,2.573,2.885,-1.527,non-ergonomis
2026-06-01 14:06:28.059,2206327515,480059,2,1.01074,0.03174,0.10864,-3.031,-0.191,0.412,non-ergonomis
2026-06-01 14:06:29.259,2206328715,480259,1,0.82495,0.02393,0.74951,-1.855,1.298,1.107,non-ergonomis
2026-06-01 14:06:29.259,2206328715,480259,2,1.01514,0.0127,0.11377,-0.344,1.534,0.71,non-ergonomis
2026-06-01 14:06:29.459,2206328915,480459,1,0.81738,0.03076,0.76416,1.153,3.015,-0.389,non-ergonomis
2026-06-01 14:06:29.459,2206328915,480459,2,1.00854,0.0354,0.1145,-3.008,-0.084,0.351,non-ergonomis
2026-06-01 14:06:29.659,2206329115,480659,1,0.82642,0.02954,0.75269,-0.573,0.076,-0.45,non-ergonomis
2026-06-01 14:06:29.659,2206329115,480659,2,1.01953,,0.11646,-2.672,0.046,1.771,non-ergonomis
2026-06-01 14:06:29.859,2206329315,480859,1,0.82959,0.02612,0.76123,1.962,1.427,-0.107,non-ergonomis
2026-06-01 14:06:29.859,2206329315,480859,2,1.0127,0.02466,0.09595,-2.122,-0.328,-0.092,non-ergonomis
2026-06-01 14:06:29.059,2206328515,481059,1,0.83252,0.02881,0.74854,-0.145,0.947,-1.489,non-ergonomis
2026-06-01 14:06:29.059,2206328515,481059,2,1.01807,0.00781,0.10718,-2.107,0.26,0.267,non-ergonomis
2026-06-01 14:06:30.259,2206329715,481259,1,0.83081,0.03687,0.74634,0.733,1.443,-0.756,non-ergonomis
2026-06-01 14:06:30.259,2206329715,481259,2,1.00195,0.01685,0.10547,-0.786,0.58,0.504,non-ergonomis
2026-06-01 14:06:30.459,2206329915,481459,1,0.8313,0.02368,0.74219,-1.099,3.198,-0.244,non-ergonomis
2026-06-01 14:06:30.459,2206329915,481459,2,1.02271,0.01343,0.10449,0.58,1.74,1.008,non-ergonomis
2026-06-01 14:06:30.659,2206330115,481659,1,0.82617,0.03882,0.75342,1.458,3.084,-0.336,non-ergonomis
2026-06-01 14:06:30.659,2206330115,481659,2,1.01611,0.01685,0.11523,-0.534,0.58,1.107,non-ergonomis
2026-06-01 14:06:30.859,2206330315,481859,1,0.83325,0.02173,0.74756,-0.015,1.733,0.031,non-ergonomis
2026-06-01 14:06:30.859,2206330315,481859,2,1.01392,0.00562,0.11475,-1.053,0.519,0.443,non-ergonomis
2026-06-01 14:06:30.059,2206329515,482059,1,0.82617,0.02441,0.74951,0.534,2.718,-0.489,non-ergonomis
2026-06-01 14:06:30.059,2206329515,482059,2,1.01392,0.02271,0.11987,-0.489,0.847,-0.389,non-ergonomis
