datetime,epoch_ms,ts_millis,mpu_id,ax,ay,az,gx,gy,gz,label
2026-06-01 14:41:50.314,2208449770,235314,1,0.68408,0.23169,0.85352,-0.298,0.214,-0.969,ergonomis
2026-06-01 14:41:50.314,2208449770,235314,2,1.01587,-0.06543,-0.17114,-2.863,-1.885,0.137,ergonomis
2026-06-01 14:41:50.514,2208449970,235514,1,0.69336,0.23511,0.83228,0.069,-0.779,-2.557,ergonomis
2026-06-01 14:41:50.514,2208449970,235514,2,1.02661,-0.06714,-0.20728,-4.695,-3.756,2.702,ergonomis
2026-06-01 14:41:50.714,2208450170,235714,1,0.71265,0.23682,0.81055,0.069,-0.893,-3.55,ergonomis
2026-06-01 14:41:50.714,2208450170,235714,2,1.02417,-0.07104,-0.20361,-4.626,-2.458,1.618,ergonomis
2026-06-01 14:41:50.914,2208450370,235914,1,0.71289,0.25244,0.81348,0.817,1.427,-0.55,ergonomis
2026-06-01 14:41:50.914,2208450370,235914,2,1.02295,-0.06519,-0.20264,-1.435,-0.366,-0.107,ergonomis
2026-06-01 14:41:50.114,2208449570,236114,1,0.71191,0.25757,0.80762,1.206,1.42,-0.641,ergonomis
2026-06-01 14:41:50.114,2208449570,236114,2,1.021,-0.06104,-0.20972,-1.985,-0.16,-0.031,ergonomis
2026-06-01 14:41:51.314,2208450770,236314,1,0.72412,0.23486,0.8147,1.786,0.321,-2.015,ergonomis
2026-06-01 14:41:51.314,2208450770,236314,2,1.01538,-0.06006,-0.22046,-1.992,-0.802,-1.0,ergonomis
2026-06-01 14:41:51.514,2208450970,236514,1,0.73096,0.2627,0.79468,2.718,1.061,1.084,ergonomis
2026-06-01 14:41:51.514,2208450970,236514,2,1.04028,-0.04395,-0.21997,5.725,3.198,-3.137,ergonomis
2026-06-01 14:41:51.714,2208451170,236714,1,0.71289,0.26807,0.80811,-4.267,5.374,-1.802,ergonomis
2026-06-01 14:41:51.714,2208451170,236714,2,1.01685,-0.05566,-0.17993,-0.206,4.382,2.145,ergonomis
2026-06-01 14:41:51.914,2208451370,236914,1,0.66382,0.229,0.85254,1.26,3.618,1.137,ergonomis
2026-06-01 14:41:51.914,2208451370,236914,2,1.01196,-0.05493,-0.16382,-3.634,-3.16,-0.763,ergonomis
2026-06-01 14:41:51.114,2208450570,237114,1,0.71704,0.26563,0.80225,1.763,-0.496,0.084,ergonomis
2026-06-01 14:41:51.114,2208450570,237114,2,1.02734,-0.05322,-0.21143,-2.229,-2.229,0.427,ergonomis
2026-06-01 14:41:52.314,2208451770,237314,1,0.70825,0.25391,0.81396,2.382,0.489,-0.397,ergonomis
2026-06-01 14:41:52.314,2208451770,237314,2,1.01807,-0.0542,-0.18774,-2.351,-0.252,-1.198,ergonomis
2026-06-01 14:41:52.514,2208451970,237514,1,0.71509,0.2644,0.81006,1.427,0.855,0.733,ergonomis
2026-06-01 14:41:52.514,2208451970,237514,2,1.02051,-0.0415,-0.2168,-3.374,-2.374,-0.603,ergonomis
2026-06-01 14:41:52.714,2208452170,237714,1,0.73071,0.26318,0.79468,1.824,-0.809,1.427,ergonomis
2026-06-01 14:41:52.714,2208452170,237714,2,1.02319,-0.03735,-0.21313,-0.588,-0.87,0.305,ergonomis
2026-06-01 14:41:52.914,2208452370,237914,1,0.72925,0.25195,0.79419,2.168,-3.145,0.679,ergonomis
2026-06-01 14:41:52.914,2208452370,237914,2,1.01831,-0.0376,-0.22729,-2.947,-6.656,0.221,ergonomis
2026-06-01 14:41:52.114,2208451570,238114,1,0.75562,0.25781,0.78564,2.672,-2.756,1.519,ergonomis
2026-06-01 14:41:52.114,2208451570,238114,2,1.01807,-0.0293,-0.25781,-1.557,-4.893,0.74,ergonomis
2026-06-01 14:41:53.314,2208452770,238314,1,0.76416,0.26831,0.76538,1.145,-1.947,0.565,ergonomis
2026-06-01 14:41:53.314,2208452770,238314,2,1.00903,-0.04321,-0.26758,-0.458,-0.321,1.0,ergonomis
2026-06-01 14:41:53.514,2208452970,238514,1,0.77539,0.2583,0.76123,0.145,1.298,0.618,ergonomis
2026-06-01 14:41:53.514,2208452970,238514,2,1.00806,-0.0376,-0.27124,-1.122,0.977,0.908,ergonomis
2026-06-01 14:41:53.714,2208453170,238714,1,0.76416,0.24683,0.7522,0.519,2.626,-0.443,ergonomis
2026-06-01 14:41:53.714,2208453170,238714,2,1.00708,-0.03809,-0.27222,-0.214,1.702,0.962,ergonomis
2026-06-01 14:41:53.914,2208453370,238914,1,0.76099,0.25098,0.76807,1.0,3.115,1.26,ergonomis
2026-06-01 14:41:53.914,2208453370,238914,2,1.01343,-0.04028,-0.25244,-0.198,1.496,0.168,ergonomis
2026-06-01 14:41:53.114,2208452570,239114,1,0.7627,0.25488,0.77002,0.756,1.626,-0.931,ergonomis
2026-06-01 14:41:53.114,2208452570,239114,2,1.01489,-0.03516,-0.2605,-0.015,1.74,-0.076,ergonomis
2026-06-01 14:41:54.314,2208453770,239314,1,0.75415,0.24609,0.75977,0.053,0.863,-1.931,ergonomis
2026-06-01 14:41:54.314,2208453770,239314,2,1.00977,-0.03613,-0.25366,-2.573,0.687,1.443,ergonomis
2026-06-01 14:41:54.514,2208453970,239514,1,0.75928,0.24927,0.77295,-1.962,1.74,-2.786,ergonomis
2026-06-01 14:41:54.514,2208453970,239514,2,1.01855,-0.04712,-0.25049,-0.855,0.076,0.321,ergonomis
2026-06-01 14:41:54.714,2208454170,239714,1,0.75586,0.25488,0.7666,0.687,2.901,-1.847,ergonomis
2026-06-01 14:41:54.714,2208454170,239714,2,1.00586,-0.04004,-0.23657,-1.611,1.87,-0.092,ergonomis
2026-06-01 14:41:54.914,2208454370,239914,1,0.74805,0.26025,0.77563,-0.107,3.023,-2.763,ergonomis
2026-06-01 14:41:54.914,2208454370,239914,2,1.01538,-0.03931,-0.24438,-2.275,1.053,0.473,ergonomis
2026-06-01 14:41:54.114,2208453570,240114,1,0.74292,0.25708,0.77197,-0.489,2.847,-1.0,ergonomis
2026-06-01 14:41:54.114,2208453570,240114,2,1.01611,-0.04614,-0.24146,-3.237,-0.611,0.145,ergonomis
2026-06-01 14:41:55.314,2208454770,240314,1,0.74512,0.26001,0.77588,0.115,1.573,-0.611,ergonomis
2026-06-01 14:41:55.314,2208454770,240314,2,1.01904,-0.0437,-0.25024,-0.947,0.45,1.084,ergonomis
2026-06-01 14:41:55.514,2208454970,240514,1,0.74561,0.26709,0.78149,0.588,1.656,-0.069,ergonomis
2026-06-01 14:41:55.514,2208454970,240514,2,1.01099,-0.04321,-0.24609,-0.26,-0.122,1.611,ergonomis
2026-06-01 14:41:55.714,2208455170,240714,1,0.74854,0.25928,0.76855,0.664,2.023,0.649,ergonomis
2026-06-01 14:41:55.714,2208455170,240714,2,1.01855,-0.03369,-0.25806,-1.641,-1.71,0.756,ergonomis
2026-06-01 14:41:55.914,2208455370,240914,1,0.75757,0.26636,0.76001,0.588,0.847,0.45,ergonomis
2026-06-01 14:41:55.914,2208455370,240914,2,1.01587,-0.04907,-0.25977,-1.038,,1.122,ergonomis
2026-06-01 14:41:55.114,2208454570,241114,1,0.74219,0.26099,0.76929,0.153,2.107,-0.664,ergonomis
2026-06-01 14:41:55.114,2208454570,241114,2,1.01367,-0.04932,-0.25732,-0.916,-0.13,0.794,ergonomis
2026-06-01 14:41:56.314,2208455770,241314,1,0.76318,0.25977,0.77271,0.496,1.855,-0.344,ergonomis
2026-06-01 14:41:56.314,2208455770,241314,2,1.00879,-0.04614,-0.24609,-0.969,-0.267,0.137,ergonomis
2026-06-01 14:41:56.514,2208455970,241514,1,0.75562,0.25757,0.77222,0.366,2.641,0.466,ergonomis
2026-06-01 14:41:56.514,2208455970,241514,2,1.00659,-0.05151,-0.25049,-1.26,0.855,0.099,ergonomis
2026-06-01 14:41:56.714,2208456170,241714,1,0.75366,0.25586,0.77197,1.038,2.374,-0.664,ergonomis
2026-06-01 14:41:56.714,2208456170,241714,2,1.01855,-0.04346,-0.25708,-1.092,0.611,0.351,ergonomis
2026-06-01 14:41:56.914,2208456370,241914,1,0.75879,0.25732,0.76807,-1.351,1.664,-2.092,ergonomis
2026-06-01 14:41:56.914,2208456370,241914,2,1.01245,-0.05469,-0.25586,-1.733,-0.298,0.519,ergonomis
2026-06-01 14:41:56.114,2208455570,242114,1,0.75317,0.25952,0.76831,0.641,1.321,-1.405,ergonomis
2026-06-01 14:41:56.114,2208455570,242114,2,1.01099,-0.05225,-0.25391,-0.763,0.817,0.328,ergonomis
2026-06-01 14:41:57.314,2208456770,242314,1,0.74829,0.26343,0.76831,0.489,2.229,-1.366,ergonomis
2026-06-01 14:41:57.314,2208456770,242314,2,1.01147,-0.04199,-0.25342,-1.046,0.481,0.511,ergonomis
2026-06-01 14:41:57.514,2208456970,242514,1,0.74561,0.2644,0.77319,0.252,1.763,-1.649,ergonomis
2026-06-01 14:41:57.514,2208456970,242514,2,1.01758,-0.05249,-0.25732,-1.038,0.924,-0.084,ergonomis
2026-06-01 14:41:57.714,2208457170,242714,1,0.73975,0.26489,0.76831,0.351,2.221,-0.015,ergonomis
2026-06-01 14:41:57.714,2208457170,242714,2,1.01538,-0.04517,-0.2627,-1.519,0.092,0.542,ergonomis
2026-06-01 14:41:57.914,2208457370,242914,1,0.75,0.26685,0.77002,0.542,1.397,-0.786,ergonomis
2026-06-01 14:41:57.914,2208457370,242914,2,1.01245,-0.04395,-0.25488,-1.733,-0.458,0.763,ergonomis
2026-06-01 14:41:57.114,2208456570,243114,1,0.75537,0.26807,0.77075,-0.252,1.664,-0.183,ergonomis
2026-06-01 14:41:57.114,2208456570,243114,2,1.01294,-0.04688,-0.2605,-0.916,0.534,0.786,ergonomis
2026-06-01 14:41:58.314,2208457770,243314,1,0.74976,0.26221,0.77417,0.58,2.206,0.473,ergonomis
2026-06-01 14:41:58.314,2208457770,243314,2,1.01172,-0.04346,-0.24805,-1.84,0.107,1.687,ergonomis
2026-06-01 14:41:58.514,2208457970,243514,1,0.74561,0.26147,0.771,0.336,2.298,0.176,ergonomis
2026-06-01 14:41:58.514,2208457970,243514,2,1.01367,-0.04492,-0.25073,-1.008,0.221,0.878,ergonomis
2026-06-01 14:41:58.714,2208458170,243714,1,0.74927,0.26196,0.77515,0.832,2.084,-0.053,ergonomis
2026-06-01 14:41:58.714,2208458170,243714,2,1.01929,-0.0459,-0.26196,-0.435,1.321,-0.29,ergonomis
2026-06-01 14:41:58.914,2208458370,243914,1,0.74072,0.25708,0.78442,0.16,2.603,-1.115,ergonomis
2026-06-01 14:41:58.914,2208458370,243914,2,1.00928,-0.05298,-0.24585,-1.748,0.618,0.336,ergonomis
2026-06-01 14:41:58.114,2208457570,244114,1,0.74976,0.2644,0.77539,-0.061,1.824,-0.802,ergonomis
2026-06-01 14:41:58.114,2208457570,244114,2,1.01099,-0.04761,-0.24536,-0.863,0.382,0.137,ergonomis
2026-06-01 14:41:59.314,2208458770,244314,1,0.74634,0.26294,0.76001,0.557,1.954,-0.573,ergonomis
2026-06-01 14:41:59.314,2208458770,244314,2,1.01465,-0.05273,-0.24976,-1.863,-0.305,0.13,ergonomis
2026-06-01 14:41:59.514,2208458970,244514,1,0.74951,0.2605,0.78296,0.282,1.786,-0.802,ergonomis
2026-06-01 14:41:59.514,2208458970,244514,2,1.0127,-0.04004,-0.2478,-1.855,0.641,0.344,ergonomis
2026-06-01 14:41:59.714,2208459170,244714,1,0.74512,0.26001,0.77661,0.252,2.718,-0.214,ergonomis
2026-06-01 14:41:59.714,2208459170,244714,2,1.01318,-0.04468,-0.25293,-1.947,1.038,0.122,ergonomis
2026-06-01 14:41:59.914,2208459370,244914,1,0.74585,0.26147,0.78296,0.153,1.771,-0.504,ergonomis
2026-06-01 14:41:59.914,2208459370,244914,2,1.01733,-0.04541,-0.24023,-1.511,0.374,0.634,ergonomis
2026-06-01 14:41:59.114,2208458570,245114,1,0.74268,0.25781,0.77759,0.618,1.237,-0.389,ergonomis
2026-06-01 14:41:59.114,2208458570,245114,2,1.0083,-0.04663,-0.24805,-1.481,0.221,0.702,ergonomis
2026-06-01 14:42:00.314,2208459770,245314,1,0.75635,0.26172,0.78247,0.206,2.16,-0.191,ergonomis
2026-06-01 14:42:00.314,2208459770,245314,2,1.01074,-0.04565,-0.25732,-1.015,0.298,0.634,ergonomis
2026-06-01 14:42:00.514,2208459970,245514,1,0.74756,0.26147,0.77417,0.42,2.008,-0.328,ergonomis
2026-06-01 14:42:00.514,2208459970,245514,2,1.01514,-0.04468,-0.24854,-1.55,0.16,1.107,ergonomis
2026-06-01 14:42:00.714,2208460170,245714,1,0.75293,0.26001,0.78076,0.382,1.985,-0.351,ergonomis
2026-06-01 14:42:00.714,2208460170,245714,2,1.01367,-0.04004,-0.25,-0.817,1.191,0.099,ergonomis
2026-06-01 14:42:00.914,2208460370,245914,1,0.74854,0.25928,0.76733,0.542,2.107,-1.038,ergonomis
2026-06-01 14:42:00.914,2208460370,245914,2,1.01318,-0.04907,-0.25195,-1.237,0.275,0.55,ergonomis
2026-06-01 14:42:00.114,2208459570,246114,1,0.75073,0.26318,0.78125,1.137,2.58,-0.412,ergonomis
2026-06-01 14:42:00.114,2208459570,246114,2,1.01538,-0.04565,-0.23657,-1.756,0.389,-0.107,ergonomis
2026-06-01 14:42:01.314,2208460770,246314,1,0.74487,0.25879,0.76782,0.718,1.84,-0.679,ergonomis
2026-06-01 14:42:01.314,2208460770,246314,2,1.02002,-0.04053,-0.25195,-1.702,0.183,0.145,ergonomis
2026-06-01 14:42:01.514,2208460970,246514,1,0.7478,0.26929,0.77637,0.908,1.107,-0.321,ergonomis
2026-06-01 14:42:01.514,2208460970,246514,2,1.01196,-0.0415,-0.24585,-0.733,0.908,0.321,ergonomis
2026-06-01 14:42:01.714,2208461170,246714,1,0.74976,0.26489,0.76929,0.282,1.26,-0.458,ergonomis
2026-06-01 14:42:01.714,2208461170,246714,2,1.01636,-0.0437,-0.25513,-0.985,0.718,0.45,ergonomis
2026-06-01 14:42:01.914,2208461370,246914,1,0.74219,0.26343,0.77734,0.198,2.015,-0.977,ergonomis
2026-06-01 14:42:01.914,2208461370,246914,2,1.01099,-0.03906,-0.24243,-1.847,-0.244,0.977,ergonomis
2026-06-01 14:42:01.114,2208460570,247114,1,0.74268,0.25391,0.7771,-0.611,2.405,-0.725,ergonomis
2026-06-01 14:42:01.114,2208460570,247114,2,1.01782,-0.04272,-0.26025,-1.183,0.718,0.237,ergonomis
2026-06-01 14:42:02.377,2208461833,247377,1,0.74268,0.26123,0.77539,0.374,1.992,-0.817,ergonomis
2026-06-01 14:42:02.377,2208461833,247377,2,1.01514,-0.04077,-0.24048,-0.679,0.962,0.374,ergonomis
2026-06-01 14:42:02.595,2208462051,247594,1,0.74194,0.26025,0.77832,0.458,1.992,-1.214,ergonomis
2026-06-01 14:42:02.595,2208462051,247594,2,1.01245,-0.04272,-0.24927,-1.74,0.351,0.725,ergonomis
2026-06-01 14:42:02.794,2208462250,247794,1,0.74609,0.26904,0.78052,0.802,1.924,-0.641,ergonomis
2026-06-01 14:42:02.794,2208462250,247794,2,1.00684,-0.04443,-0.25439,-1.519,0.405,0.252,ergonomis
2026-06-01 14:42:02.994,2208462450,247994,1,0.74463,0.25928,0.78394,0.092,1.893,-0.344,ergonomis
2026-06-01 14:42:02.994,2208462450,247994,2,1.01538,-0.04077,-0.2478,-1.786,0.099,0.466,ergonomis
2026-06-01 14:42:02.194,2208461650,248194,1,0.74048,0.26416,0.77661,0.122,2.282,-0.893,ergonomis
2026-06-01 14:42:02.194,2208461650,248194,2,1.0144,-0.03735,-0.24976,-1.092,0.168,0.695,ergonomis
2026-06-01 14:42:03.394,2208462850,248394,1,0.74609,0.26855,0.78198,0.649,2.046,-0.527,ergonomis
2026-06-01 14:42:03.394,2208462850,248394,2,1.0127,-0.03931,-0.24194,-1.634,0.573,0.855,ergonomis
2026-06-01 14:42:03.594,2208463050,248594,1,0.73584,0.2627,0.77856,0.076,2.321,-0.618,ergonomis
2026-06-01 14:42:03.594,2208463050,248594,2,1.01343,-0.04102,-0.24854,-1.405,0.008,0.473,ergonomis
2026-06-01 14:42:03.794,2208463250,248794,1,0.74097,0.26196,0.77734,0.359,1.863,-0.885,ergonomis
2026-06-01 14:42:03.794,2208463250,248794,2,1.01318,-0.03882,-0.24194,-0.809,0.756,0.504,ergonomis
2026-06-01 14:42:03.994,2208463450,248994,1,0.73364,0.26318,0.78247,0.366,1.16,-0.969,ergonomis
2026-06-01 14:42:03.994,2208463450,248994,2,1.01538,-0.04395,-0.2417,-1.725,0.084,-0.092,ergonomis
2026-06-01 14:42:03.194,2208462650,249194,1,0.74023,0.26709,0.77686,0.565,2.435,-0.824,ergonomis
2026-06-01 14:42:03.194,2208462650,249194,2,1.01685,-0.03809,-0.24951,-1.344,0.588,-0.137,ergonomis
2026-06-01 14:42:04.394,2208463850,249394,1,0.74219,0.26392,0.7793,0.244,2.237,-0.702,ergonomis
2026-06-01 14:42:04.394,2208463850,249394,2,1.01563,-0.03491,-0.2439,-1.183,0.756,0.878,ergonomis
2026-06-01 14:42:04.594,2208464050,249594,1,0.73389,0.26709,0.77368,0.313,2.038,-0.832,ergonomis
2026-06-01 14:42:04.594,2208464050,249594,2,1.01538,-0.03174,-0.23877,-0.817,0.382,0.527,ergonomis
2026-06-01 14:42:04.794,2208464250,249794,1,0.73828,0.26465,0.78076,-0.115,2.405,-0.321,ergonomis
2026-06-01 14:42:04.794,2208464250,249794,2,1.0144,-0.04004,-0.23755,-0.336,0.725,0.626,ergonomis
2026-06-01 14:42:04.994,2208464450,249994,1,0.74146,0.26782,0.78223,-0.878,1.573,0.046,ergonomis
2026-06-01 14:42:04.994,2208464450,249994,2,1.01147,-0.04321,-0.2395,-0.885,0.344,1.336,ergonomis
2026-06-01 14:42:04.194,2208463650,250194,1,0.73779,0.26587,0.78345,-0.359,1.557,0.183,ergonomis
2026-06-01 14:42:04.194,2208463650,250194,2,1.01074,-0.03882,-0.24561,-0.244,-0.046,2.069,ergonomis
2026-06-01 14:42:05.394,2208464850,250394,1,0.73901,0.26025,0.7793,0.237,1.618,-0.634,ergonomis
2026-06-01 14:42:05.394,2208464850,250394,2,1.01709,-0.05591,-0.25415,-1.534,-0.137,0.939,ergonomis
2026-06-01 14:42:05.594,2208465050,250594,1,0.7395,0.25659,0.78174,-0.023,1.817,-0.053,ergonomis
2026-06-01 14:42:05.594,2208465050,250594,2,1.01758,-0.05811,-0.24341,-1.42,0.557,0.573,ergonomis
2026-06-01 14:42:05.794,2208465250,250794,1,0.74292,0.25269,0.7832,0.366,1.939,-0.16,ergonomis
2026-06-01 14:42:05.794,2208465250,250794,2,1.01611,-0.04785,-0.24805,-2.145,-0.076,0.214,ergonomis
2026-06-01 14:42:05.994,2208465450,250994,1,0.73828,0.26147,0.77832,0.168,2.099,-0.702,ergonomis
2026-06-01 14:42:05.994,2208465450,250994,2,1.01563,-0.05493,-0.24976,-2.275,0.092,0.321,ergonomis
2026-06-01 14:42:05.194,2208464650,251194,1,0.73999,0.26221,0.78833,0.649,2.076,-1.443,ergonomis
2026-06-01 14:42:05.194,2208464650,251194,2,1.01807,-0.05078,-0.24512,-2.168,0.42,0.031,ergonomis
2026-06-01 14:42:06.394,2208465850,251394,1,0.73755,0.2627,0.78149,0.435,1.557,-0.695,ergonomis
2026-06-01 14:42:06.394,2208465850,251394,2,1.01733,-0.0437,-0.23608,-1.824,0.252,0.427,ergonomis
2026-06-01 14:42:06.594,2208466050,251594,1,0.73657,0.26001,0.7793,0.565,2.336,-0.557,ergonomis
2026-06-01 14:42:06.594,2208466050,251594,2,1.00635,-0.04541,-0.25024,-0.962,1.069,0.191,ergonomis
2026-06-01 14:42:06.794,2208466250,251794,1,0.73706,0.26172,0.78247,0.053,2.115,-0.733,ergonomis
2026-06-01 14:42:06.794,2208466250,251794,2,1.01709,-0.04077,-0.24536,-1.191,0.26,0.74,ergonomis
2026-06-01 14:42:06.994,2208466450,251994,1,0.73975,0.25952,0.78345,0.687,2.221,-0.496,ergonomis
2026-06-01 14:42:06.994,2208466450,251994,2,1.01416,-0.04395,-0.24585,-1.45,0.985,0.305,ergonomis
2026-06-01 14:42:06.194,2208465650,252194,1,0.74194,0.25586,0.77759,0.282,2.008,-0.412,ergonomis
2026-06-01 14:42:06.194,2208465650,252194,2,1.01489,-0.03955,-0.24976,-1.26,0.359,0.344,ergonomis
2026-06-01 14:42:07.394,2208466850,252394,1,0.7417,0.26416,0.78027,0.435,1.443,-0.435,ergonomis
2026-06-01 14:42:07.394,2208466850,252394,2,1.01709,-0.05054,-0.23413,-1.221,0.405,0.863,ergonomis
2026-06-01 14:42:07.594,2208467050,252594,1,0.7395,0.26001,0.78589,0.435,1.847,-0.565,ergonomis
2026-06-01 14:42:07.594,2208467050,252594,2,1.01392,-0.04688,-0.24951,-1.015,0.198,0.771,ergonomis
2026-06-01 14:42:07.794,2208467250,252794,1,0.74414,0.26563,0.78467,0.313,1.779,-0.718,ergonomis
2026-06-01 14:42:07.794,2208467250,252794,2,1.01147,-0.04736,-0.24316,-0.87,0.74,0.435,ergonomis
2026-06-01 14:42:07.994,2208467450,252994,1,0.74341,0.26099,0.7832,-0.008,2.061,-0.763,ergonomis
2026-06-01 14:42:07.994,2208467450,252994,2,1.01929,-0.04468,-0.24854,-1.008,0.87,0.366,ergonomis
2026-06-01 14:42:07.194,2208466650,253194,1,0.74438,0.25659,0.78833,0.183,2.122,-0.947,ergonomis
2026-06-01 14:42:07.194,2208466650,253194,2,1.01465,-0.04688,-0.24609,-0.924,0.954,0.267,ergonomis
2026-06-01 14:42:08.394,2208467850,253394,1,0.7312,0.25562,0.78442,0.817,2.069,-0.779,ergonomis
2026-06-01 14:42:08.394,2208467850,253394,2,1.01758,-0.04907,-0.2439,-0.634,1.244,0.198,ergonomis
2026-06-01 14:42:08.594,2208468050,253594,1,0.74268,0.2561,0.77466,1.038,2.107,-0.634,ergonomis
2026-06-01 14:42:08.594,2208468050,253594,2,1.01465,-0.04248,-0.23657,,1.122,-0.221,ergonomis
2026-06-01 14:42:08.794,2208468250,253794,1,0.73169,0.26221,0.78906,0.351,2.076,-0.977,ergonomis
2026-06-01 14:42:08.794,2208468250,253794,2,1.01538,-0.04248,-0.229,-0.992,1.076,0.344,ergonomis
2026-06-01 14:42:08.994,2208468450,253994,1,0.73291,0.2644,0.7832,0.527,2.084,-0.542,ergonomis
2026-06-01 14:42:08.994,2208468450,253994,2,1.01782,-0.03979,-0.2373,-1.908,-0.466,0.733,ergonomis
2026-06-01 14:42:08.194,2208467650,254194,1,0.7334,0.26782,0.78882,1.076,1.977,0.023,ergonomis
2026-06-01 14:42:08.194,2208467650,254194,2,1.01294,-0.04004,-0.22998,-1.099,0.779,0.206,ergonomis
2026-06-01 14:42:09.394,2208468850,254394,1,0.73267,0.26807,0.78052,0.374,2.45,0.176,ergonomis
2026-06-01 14:42:09.394,2208468850,254394,2,1.0127,-0.0459,-0.23291,-2.489,-0.824,1.046,ergonomis
2026-06-01 14:42:09.643,2208469099,254642,1,0.72949,0.26074,0.79126,-0.237,1.298,-1.061,ergonomis
2026-06-01 14:42:09.643,2208469099,254642,2,1.00757,-0.03735,-0.24365,-1.725,0.588,0.382,ergonomis
2026-06-01 14:42:09.842,2208469298,254842,1,0.73242,0.26709,0.78174,0.702,1.725,-0.962,ergonomis
2026-06-01 14:42:09.842,2208469298,254842,2,1.00635,-0.0437,-0.23828,-1.611,0.305,-0.206,ergonomis
2026-06-01 14:42:09.042,2208468498,255042,1,0.73462,0.27148,0.79565,-0.473,2.527,-0.389,ergonomis
2026-06-01 14:42:09.042,2208468498,255042,2,1.01587,-0.04053,-0.24805,-2.145,0.191,0.58,ergonomis
2026-06-01 14:42:09.242,2208468698,255242,1,0.7395,0.26367,0.78906,0.046,1.389,-0.733,ergonomis
2026-06-01 14:42:09.242,2208468698,255242,2,1.00854,-0.04175,-0.24585,-1.519,0.015,1.053,ergonomis
2026-06-01 14:42:10.442,2208469898,255442,1,0.73779,0.26025,0.78687,-0.008,1.817,-0.435,ergonomis
2026-06-01 14:42:10.442,2208469898,255442,2,1.0166,-0.03931,-0.25073,-0.992,0.252,0.824,ergonomis
2026-06-01 14:42:10.642,2208470098,255642,1,0.74194,0.25806,0.78149,0.061,1.916,-0.008,ergonomis
2026-06-01 14:42:10.642,2208470098,255642,2,1.02026,-0.04102,-0.24561,-0.641,1.008,0.275,ergonomis
2026-06-01 14:42:10.842,2208470298,255842,1,0.73901,0.25757,0.79419,-0.214,1.885,-0.481,ergonomis
2026-06-01 14:42:10.842,2208470298,255842,2,1.01318,-0.04297,-0.23975,-1.092,0.366,0.931,ergonomis
2026-06-01 14:42:10.042,2208469498,256042,1,0.72852,0.25464,0.79346,0.443,1.687,-0.832,ergonomis
2026-06-01 14:42:10.042,2208469498,256042,2,1.01514,-0.04272,-0.24146,-1.053,-0.069,0.397,ergonomis
2026-06-01 14:42:10.242,2208469698,256242,1,0.729,0.25879,0.78711,0.115,1.611,-0.74,ergonomis
2026-06-01 14:42:10.242,2208469698,256242,2,1.01465,-0.04907,-0.23804,-1.443,-0.145,0.29,ergonomis
2026-06-01 14:42:11.442,2208470898,256442,1,0.73901,0.25879,0.78857,0.664,1.992,-0.786,ergonomis
2026-06-01 14:42:11.442,2208470898,256442,2,1.01367,-0.04834,-0.24048,-1.221,1.183,-0.313,ergonomis
2026-06-01 14:42:11.642,2208471098,256642,1,0.72778,0.25342,0.78442,-0.076,1.649,-0.527,ergonomis
2026-06-01 14:42:11.642,2208471098,256642,2,1.01147,-0.04126,-0.24097,-1.221,1.16,-0.458,ergonomis
2026-06-01 14:42:11.842,2208471298,256842,1,0.73267,0.26685,0.79175,0.122,1.84,-0.809,ergonomis
2026-06-01 14:42:11.842,2208471298,256842,2,1.01611,-0.03296,-0.23511,-0.779,1.282,-0.229,ergonomis
2026-06-01 14:42:11.042,2208470498,257042,1,0.73584,0.26367,0.77954,0.603,1.588,-0.931,ergonomis
2026-06-01 14:42:11.042,2208470498,257042,2,1.02173,-0.04517,-0.24146,-1.084,0.672,0.458,ergonomis
2026-06-01 14:42:11.242,2208470698,257242,1,0.73389,0.2561,0.78857,0.267,1.695,-0.756,ergonomis
2026-06-01 14:42:11.242,2208470698,257242,2,1.02124,-0.04443,-0.23486,-0.908,0.71,0.695,ergonomis
2026-06-01 14:42:12.442,2208471898,257442,1,0.73462,0.26416,0.78027,0.702,1.878,-0.916,ergonomis
2026-06-01 14:42:12.442,2208471898,257442,2,1.0105,-0.04028,-0.2395,-2.084,-0.389,0.618,ergonomis
2026-06-01 14:42:12.642,2208472098,257642,1,0.7334,0.26392,0.79102,-0.115,1.405,-0.298,ergonomis
2026-06-01 14:42:12.642,2208472098,257642,2,1.01099,-0.04395,-0.23901,-2.649,-0.504,0.916,ergonomis
2026-06-01 14:42:12.842,2208472298,257842,1,0.74146,0.25928,0.79126,0.069,1.412,-0.191,ergonomis
2026-06-01 14:42:12.842,2208472298,257842,2,1.01392,-0.0459,-0.23779,-1.405,0.053,1.015,ergonomis
2026-06-01 14:42:12.042,2208471498,258042,1,0.73608,0.25366,0.77954,0.672,1.962,-0.473,ergonomis
2026-06-01 14:42:12.042,2208471498,258042,2,1.01465,-0.05322,-0.2561,-1.092,0.198,0.511,ergonomis
2026-06-01 14:42:12.242,2208471698,258242,1,0.73755,0.26636,0.78711,0.16,1.473,-0.794,ergonomis
2026-06-01 14:42:12.242,2208471698,258242,2,1.01294,-0.04712,-0.23999,-1.374,0.053,0.344,ergonomis
2026-06-01 14:42:13.442,2208472898,258442,1,0.73901,0.2627,0.78418,0.153,2.023,-0.656,ergonomis
2026-06-01 14:42:13.442,2208472898,258442,2,1.01904,-0.04199,-0.2417,-1.206,0.794,0.336,ergonomis
2026-06-01 14:42:13.642,2208473098,258642,1,0.73853,0.2627,0.78564,0.183,1.802,-0.641,ergonomis
2026-06-01 14:42:13.642,2208473098,258642,2,1.01782,-0.04492,-0.2373,-1.237,0.336,0.061,ergonomis
2026-06-01 14:42:13.842,2208473298,258842,1,0.74414,0.26563,0.77661,0.305,1.74,-0.893,ergonomis
2026-06-01 14:42:13.842,2208473298,258842,2,1.01514,-0.04077,-0.2561,-2.015,-0.389,0.656,ergonomis
2026-06-01 14:42:13.042,2208472498,259042,1,0.73364,0.26123,0.78613,1.55,0.863,-0.229,ergonomis
2026-06-01 14:42:13.042,2208472498,259042,2,1.01636,-0.04785,-0.25,-1.947,-0.366,0.58,ergonomis
2026-06-01 14:42:13.242,2208472698,259242,1,0.74487,0.26953,0.77783,1.145,0.847,-0.069,ergonomis
2026-06-01 14:42:13.242,2208472698,259242,2,1.01904,-0.03979,-0.25635,-1.679,0.313,0.466,ergonomis
2026-06-01 14:42:14.442,2208473898,259442,1,0.7395,0.26611,0.77954,0.779,1.71,-0.527,ergonomis
2026-06-01 14:42:14.442,2208473898,259442,2,1.01758,-0.04419,-0.2373,-1.359,0.344,0.855,ergonomis
2026-06-01 14:42:14.642,2208474098,259642,1,0.73975,0.25806,0.77075,0.115,1.863,-0.534,ergonomis
2026-06-01 14:42:14.642,2208474098,259642,2,1.00439,-0.05371,-0.25317,-2.031,-0.038,0.519,ergonomis
2026-06-01 14:42:14.842,2208474298,259842,1,0.74048,0.26538,0.78271,0.443,1.725,-0.29,ergonomis
2026-06-01 14:42:14.842,2208474298,259842,2,1.01978,-0.04565,-0.23975,-1.397,0.252,0.122,ergonomis
2026-06-01 14:42:14.042,2208473498,260042,1,0.74707,0.26758,0.77832,0.053,1.786,-0.634,ergonomis
2026-06-01 14:42:14.042,2208473498,260042,2,1.01367,-0.04688,-0.25366,-1.092,0.527,0.282,ergonomis
2026-06-01 14:42:14.242,2208473698,260242,1,0.74536,0.2605,0.76685,0.321,1.771,-0.908,ergonomis
2026-06-01 14:42:14.242,2208473698,260242,2,1.00977,-0.05054,-0.24976,-1.359,1.053,0.328,ergonomis
2026-06-01 14:42:15.442,2208474898,260442,1,0.74609,0.26001,0.7937,0.099,1.786,-0.893,ergonomis
2026-06-01 14:42:15.442,2208474898,260442,2,1.01514,-0.03955,-0.2605,-0.962,1.809,0.092,ergonomis
2026-06-01 14:42:15.642,2208475098,260642,1,0.73901,0.26392,0.77954,0.573,2.153,-0.45,ergonomis
2026-06-01 14:42:15.642,2208475098,260642,2,1.00903,-0.04712,-0.23633,-0.74,0.893,0.359,ergonomis
2026-06-01 14:42:15.842,2208475298,260842,1,0.74463,0.26343,0.78418,0.321,2.366,-0.603,ergonomis
2026-06-01 14:42:15.842,2208475298,260842,2,1.01636,-0.04321,-0.2417,-1.183,0.031,0.588,ergonomis
2026-06-01 14:42:15.042,2208474498,261042,1,0.73682,0.26709,0.78076,0.634,1.412,-0.824,ergonomis
2026-06-01 14:42:15.042,2208474498,261042,2,1.02075,-0.04077,-0.24585,-1.198,0.206,0.87,ergonomis
2026-06-01 14:42:15.242,2208474698,261242,1,0.74658,0.26636,0.78223,0.344,1.908,-1.137,ergonomis
2026-06-01 14:42:15.242,2208474698,261242,2,1.01465,-0.03857,-0.24194,-1.229,0.565,0.542,ergonomis
2026-06-01 14:42:16.442,2208475898,261442,1,0.74438,0.2749,0.79175,0.382,2.237,-0.748,ergonomis
2026-06-01 14:42:16.442,2208475898,261442,2,1.01416,-0.0459,-0.23901,-1.053,0.71,0.153,ergonomis
2026-06-01 14:42:16.642,2208476098,261642,1,0.74072,0.26465,0.78027,0.42,1.748,-0.557,ergonomis
2026-06-01 14:42:16.642,2208476098,261642,2,1.01147,-0.0415,-0.24512,-2.305,0.115,0.771,ergonomis
2026-06-01 14:42:16.842,2208476298,261842,1,0.7356,0.26831,0.77637,-0.031,1.855,-0.641,ergonomis
2026-06-01 14:42:16.842,2208476298,261842,2,1.01831,-0.0437,-0.25464,-2.153,-0.038,0.557,ergonomis
2026-06-01 14:42:16.042,2208475498,262042,1,0.73975,0.27148,0.78564,0.198,1.824,-0.115,ergonomis
2026-06-01 14:42:16.042,2208475498,262042,2,1.0144,-0.04175,-0.2373,-1.366,-0.008,0.58,ergonomis
2026-06-01 14:42:16.242,2208475698,262242,1,0.73608,0.26416,0.78394,0.71,1.405,0.038,ergonomis
2026-06-01 14:42:16.242,2208475698,262242,2,1.01221,-0.04077,-0.24219,-1.87,-0.42,0.504,ergonomis
2026-06-01 14:42:17.442,2208476898,262442,1,0.74609,0.26465,0.77588,0.084,1.748,-0.771,ergonomis
2026-06-01 14:42:17.442,2208476898,262442,2,1.01294,-0.05054,-0.25366,-1.962,0.282,0.221,ergonomis
2026-06-01 14:42:17.642,2208477098,262642,1,0.73364,0.25952,0.77979,0.489,1.725,-0.534,ergonomis
2026-06-01 14:42:17.642,2208477098,262642,2,1.01172,-0.04834,-0.23779,-1.221,0.542,0.122,ergonomis
2026-06-01 14:42:17.842,2208477298,262842,1,0.73999,0.26929,0.77515,0.603,1.809,-0.802,ergonomis
2026-06-01 14:42:17.842,2208477298,262842,2,1.01758,-0.04492,-0.24756,-1.198,0.153,0.473,ergonomis
2026-06-01 14:42:17.042,2208476498,263042,1,0.74463,0.27051,0.77759,0.29,1.58,-0.672,ergonomis
2026-06-01 14:42:17.042,2208476498,263042,2,1.01074,-0.04419,-0.25171,-1.252,0.435,0.405,ergonomis
2026-06-01 14:42:17.242,2208476698,263242,1,0.74072,0.27295,0.7832,0.198,1.969,-0.534,ergonomis
2026-06-01 14:42:17.242,2208476698,263242,2,1.02075,-0.04639,-0.24634,-1.115,0.244,0.702,ergonomis
2026-06-01 14:42:18.442,2208477898,263442,1,0.73657,0.26636,0.7793,0.58,1.832,-0.45,ergonomis
2026-06-01 14:42:18.442,2208477898,263442,2,1.0127,-0.04248,-0.25,-0.878,0.809,0.061,ergonomis
2026-06-01 14:42:18.642,2208478098,263642,1,0.73853,0.27637,0.78345,1.008,1.687,-0.221,ergonomis
2026-06-01 14:42:18.642,2208478098,263642,2,1.01587,-0.0415,-0.24731,0.031,1.374,0.099,ergonomis
2026-06-01 14:42:18.842,2208478298,263842,1,0.74072,0.26978,0.77832,0.557,2.435,-0.969,ergonomis
2026-06-01 14:42:18.842,2208478298,263842,2,1.01294,-0.03491,-0.24463,-0.565,0.756,0.191,ergonomis
2026-06-01 14:42:18.042,2208477498,264042,1,0.73535,0.27612,0.78442,0.092,2.13,-1.061,ergonomis
2026-06-01 14:42:18.042,2208477498,264042,2,1.01123,-0.04199,-0.24805,-0.534,1.183,0.321,ergonomis
2026-06-01 14:42:18.242,2208477698,264242,1,0.73877,0.27271,0.77417,0.298,2.046,-0.924,ergonomis
2026-06-01 14:42:18.242,2208477698,264242,2,1.01978,-0.04272,-0.2417,-0.588,0.359,0.954,ergonomis
2026-06-01 14:42:19.442,2208478898,264442,1,0.72925,0.27808,0.7832,0.206,2.015,-0.939,ergonomis
2026-06-01 14:42:19.442,2208478898,264442,2,1.01514,-0.04053,-0.24365,-1.053,0.374,0.389,ergonomis
2026-06-01 14:42:19.642,2208479098,264642,1,0.73584,0.26245,0.7793,0.389,1.969,-0.954,ergonomis
2026-06-01 14:42:19.642,2208479098,264642,2,1.01025,-0.04004,-0.24683,-1.786,0.389,0.664,ergonomis
2026-06-01 14:42:19.842,2208479298,264842,1,0.73047,0.27417,0.78345,0.481,1.885,-0.481,ergonomis
2026-06-01 14:42:19.842,2208479298,264842,2,1.01611,-0.03979,-0.24854,-1.565,-0.267,0.374,ergonomis
2026-06-01 14:42:19.042,2208478498,265042,1,0.73462,0.27832,0.78613,0.206,2.137,-0.489,ergonomis
2026-06-01 14:42:19.042,2208478498,265042,2,1.01855,-0.04028,-0.24365,-2.092,-0.237,0.374,ergonomis
2026-06-01 14:42:19.242,2208478698,265242,1,0.72925,0.27539,0.7749,0.305,1.496,-0.405,ergonomis
2026-06-01 14:42:19.242,2208478698,265242,2,1.01172,-0.04272,-0.23804,-1.458,-0.031,0.389,ergonomis
2026-06-01 14:42:20.442,2208479898,265442,1,0.73315,0.27319,0.78662,0.214,2.397,-0.779,ergonomis
2026-06-01 14:42:20.442,2208479898,265442,2,1.01392,-0.04419,-0.24292,-1.817,-0.473,0.26,ergonomis
2026-06-01 14:42:20.642,2208480098,265642,1,0.73975,0.27563,0.78662,0.412,1.641,0.389,ergonomis
2026-06-01 14:42:20.642,2208480098,265642,2,1.01123,-0.03735,-0.24243,-0.863,0.504,-0.565,ergonomis
2026-06-01 14:42:20.842,2208480298,265842,1,0.73486,0.27222,0.78516,-0.137,2.282,-0.382,ergonomis
2026-06-01 14:42:20.842,2208480298,265842,2,1.01074,-0.03882,-0.24268,-0.733,0.031,0.443,ergonomis
2026-06-01 14:42:20.042,2208479498,266042,1,0.72974,0.27295,0.77734,0.313,1.939,-0.153,ergonomis
2026-06-01 14:42:20.042,2208479498,266042,2,1.0127,-0.03809,-0.24268,-0.855,0.985,0.344,ergonomis
2026-06-01 14:42:20.242,2208479698,266242,1,0.73535,0.27295,0.77539,0.534,2.237,-0.725,ergonomis
2026-06-01 14:42:20.242,2208479698,266242,2,1.01343,-0.03247,-0.23682,-1.901,-0.42,0.496,ergonomis
2026-06-01 14:42:21.442,2208480898,266442,1,0.74097,0.26904,0.77173,0.542,1.511,-0.679,ergonomis
2026-06-01 14:42:21.442,2208480898,266442,2,1.01343,-0.04028,-0.25854,-1.351,-0.008,0.244,ergonomis
2026-06-01 14:42:21.642,2208481098,266642,1,0.73877,0.27661,0.78076,0.618,2.206,-0.641,ergonomis
2026-06-01 14:42:21.642,2208481098,266642,2,1.01489,-0.03833,-0.25317,-1.237,0.573,0.237,ergonomis
2026-06-01 14:42:21.842,2208481298,266842,1,0.73999,0.26978,0.78784,0.275,1.863,-0.351,ergonomis
2026-06-01 14:42:21.842,2208481298,266842,2,1.01367,-0.03491,-0.24536,-0.191,1.267,0.962,ergonomis
2026-06-01 14:42:21.042,2208480498,267042,1,0.73584,0.27173,0.78027,0.015,1.802,-0.794,ergonomis
2026-06-01 14:42:21.042,2208480498,267042,2,1.01367,-0.03955,-0.24341,-0.221,0.702,0.557,ergonomis
2026-06-01 14:42:21.242,2208480698,267242,1,0.73047,0.2688,0.78833,0.061,1.992,-0.595,ergonomis
2026-06-01 14:42:21.242,2208480698,267242,2,1.01489,-0.03516,-0.24048,,1.092,0.718,ergonomis
2026-06-01 14:42:22.442,2208481898,267442,1,0.73267,0.28149,0.79199,0.206,2.229,-0.58,ergonomis
2026-06-01 14:42:22.442,2208481898,267442,2,1.01514,-0.03931,-0.23438,-0.748,0.29,0.779,ergonomis
2026-06-01 14:42:22.642,2208482098,267642,1,0.73462,0.26953,0.78564,0.275,2.122,-0.405,ergonomis
2026-06-01 14:42:22.642,2208482098,267642,2,1.01709,-0.04248,-0.24097,-2.45,-0.015,0.351,ergonomis
2026-06-01 14:42:22.842,2208482298,267842,1,0.72705,0.27222,0.77808,0.229,1.901,-0.496,ergonomis
2026-06-01 14:42:22.842,2208482298,267842,2,1.01392,-0.04199,-0.23926,-2.519,-0.023,0.641,ergonomis
2026-06-01 14:42:22.042,2208481498,268042,1,0.73608,0.27344,0.78906,0.153,1.695,-0.328,ergonomis
2026-06-01 14:42:22.042,2208481498,268042,2,1.01538,-0.03296,-0.24146,-1.198,0.534,0.168,ergonomis
2026-06-01 14:42:22.242,2208481698,268242,1,0.73999,0.27417,0.77759,-0.16,1.588,-0.099,ergonomis
2026-06-01 14:42:22.242,2208481698,268242,2,1.01147,-0.03955,-0.24585,-1.832,0.412,0.336,ergonomis
2026-06-01 14:42:23.442,2208482898,268442,1,0.73608,0.26733,0.79468,0.664,1.702,-0.565,ergonomis
2026-06-01 14:42:23.442,2208482898,268442,2,1.01343,-0.04175,-0.2478,-1.656,0.137,0.282,ergonomis
2026-06-01 14:42:23.642,2208483098,268642,1,0.73633,0.26563,0.78467,0.214,1.382,-0.275,ergonomis
2026-06-01 14:42:23.642,2208483098,268642,2,1.0249,-0.03589,-0.24341,-1.374,0.237,0.473,ergonomis
2026-06-01 14:42:23.842,2208483298,268842,1,0.73901,0.27026,0.78442,0.252,1.473,-1.092,ergonomis
2026-06-01 14:42:23.842,2208483298,268842,2,1.02026,-0.03564,-0.24268,-1.481,0.679,1.046,ergonomis
2026-06-01 14:42:23.042,2208482498,269042,1,0.74072,0.26831,0.78955,0.542,1.519,-0.321,ergonomis
2026-06-01 14:42:23.042,2208482498,269042,2,1.0166,-0.0376,-0.2478,-1.443,0.42,0.26,ergonomis
2026-06-01 14:42:23.242,2208482698,269242,1,0.73804,0.26855,0.79102,0.687,2.29,-0.595,ergonomis
2026-06-01 14:42:23.242,2208482698,269242,2,1.01343,-0.03735,-0.24561,-1.145,0.786,0.435,ergonomis
2026-06-01 14:42:24.442,2208483898,269442,1,0.73657,0.26831,0.77979,0.504,2.107,-0.519,ergonomis
2026-06-01 14:42:24.442,2208483898,269442,2,1.01367,-0.03833,-0.23779,-1.29,0.298,0.351,ergonomis
2026-06-01 14:42:24.642,2208484098,269642,1,0.73511,0.25977,0.78735,0.092,1.427,-0.832,ergonomis
2026-06-01 14:42:24.642,2208484098,269642,2,1.00903,-0.04297,-0.24341,-1.321,0.191,0.26,ergonomis
2026-06-01 14:42:24.842,2208484298,269842,1,0.73438,0.27051,0.79321,0.374,1.977,-1.031,ergonomis
2026-06-01 14:42:24.842,2208484298,269842,2,1.01538,-0.03613,-0.24976,-1.435,0.176,-0.076,ergonomis
2026-06-01 14:42:24.042,2208483498,270042,1,0.74219,0.26587,0.77905,-0.183,2.344,-0.947,ergonomis
2026-06-01 14:42:24.042,2208483498,270042,2,1.01416,-0.03247,-0.25195,-0.397,1.626,0.519,ergonomis
2026-06-01 14:42:24.242,2208483698,270242,1,0.7395,0.27246,0.79053,0.466,1.809,-0.84,ergonomis
2026-06-01 14:42:24.242,2208483698,270242,2,1.01831,-0.03662,-0.23071,-0.893,0.405,0.885,ergonomis
2026-06-01 14:42:25.442,2208484898,270442,1,0.73315,0.27563,0.79028,0.58,1.954,-0.733,ergonomis
2026-06-01 14:42:25.442,2208484898,270442,2,1.01831,-0.03735,-0.24854,-0.458,1.252,0.328,ergonomis
2026-06-01 14:42:25.642,2208485098,270642,1,0.73682,0.27368,0.77588,0.443,1.87,-0.511,ergonomis
2026-06-01 14:42:25.642,2208485098,270642,2,1.01172,-0.03882,-0.24438,-1.573,0.229,0.634,ergonomis
2026-06-01 14:42:25.842,2208485298,270842,1,0.7356,0.26611,0.7793,-0.153,1.748,-0.664,ergonomis
2026-06-01 14:42:25.842,2208485298,270842,2,1.01343,-0.03369,-0.23584,-2.153,-0.351,0.954,ergonomis
2026-06-01 14:42:25.042,2208484498,271042,1,0.73682,0.26855,0.79004,0.397,1.756,-0.542,ergonomis
2026-06-01 14:42:25.042,2208484498,271042,2,1.01416,-0.04272,-0.24121,-1.931,0.542,-0.099,ergonomis
2026-06-01 14:42:25.242,2208484698,271242,1,0.73486,0.26904,0.78613,0.565,1.893,-0.71,ergonomis
2026-06-01 14:42:25.242,2208484698,271242,2,1.01587,-0.03857,-0.24756,-1.916,0.015,0.221,ergonomis
2026-06-01 14:42:26.442,2208485898,271442,1,0.73901,0.26807,0.78125,0.618,2.008,-0.664,ergonomis
2026-06-01 14:42:26.442,2208485898,271442,2,1.01855,-0.03784,-0.24707,-1.473,0.023,0.916,ergonomis
2026-06-01 14:42:26.642,2208486098,271642,1,0.73535,0.26904,0.7793,0.58,1.58,-1.008,ergonomis
2026-06-01 14:42:26.642,2208486098,271642,2,1.01636,-0.03101,-0.24487,-1.74,0.244,0.405,ergonomis
2026-06-01 14:42:26.842,2208486298,271842,1,0.7312,0.26807,0.78003,-0.321,1.611,-0.359,ergonomis
2026-06-01 14:42:26.842,2208486298,271842,2,1.02124,-0.03052,-0.24634,-1.305,0.275,0.466,ergonomis
2026-06-01 14:42:26.042,2208485498,272042,1,0.73193,0.26611,0.78369,0.29,2.031,-0.382,ergonomis
2026-06-01 14:42:26.042,2208485498,272042,2,1.01831,-0.0376,-0.24316,-1.802,-0.527,1.023,ergonomis
2026-06-01 14:42:26.242,2208485698,272242,1,0.73535,0.26587,0.78931,0.29,1.718,0.053,ergonomis
2026-06-01 14:42:26.242,2208485698,272242,2,1.01245,-0.03882,-0.24927,-1.962,-0.359,0.71,ergonomis
2026-06-01 14:42:27.442,2208486898,272442,1,0.74414,0.26978,0.78906,0.618,1.489,-0.656,ergonomis
2026-06-01 14:42:27.442,2208486898,272442,2,1.00977,-0.04028,-0.25269,-1.16,0.313,0.519,ergonomis
2026-06-01 14:42:27.642,2208487098,272642,1,0.74023,0.26953,0.78296,0.534,2.099,-0.466,ergonomis
2026-06-01 14:42:27.642,2208487098,272642,2,1.01514,-0.0459,-0.24854,-1.214,0.527,0.321,ergonomis
2026-06-01 14:42:27.842,2208487298,272842,1,0.73682,0.27222,0.79004,0.916,1.687,-1.107,ergonomis
2026-06-01 14:42:27.842,2208487298,272842,2,1.01074,-0.03931,-0.24829,-0.603,1.481,0.252,ergonomis
2026-06-01 14:42:27.042,2208486498,273042,1,0.74219,0.27539,0.78174,0.542,2.16,-1.046,ergonomis
2026-06-01 14:42:27.042,2208486498,273042,2,1.0127,-0.04102,-0.24927,-0.74,1.168,0.29,ergonomis
2026-06-01 14:42:27.242,2208486698,273242,1,0.73218,0.27686,0.78882,0.374,1.985,-0.702,ergonomis
2026-06-01 14:42:27.242,2208486698,273242,2,1.01489,-0.04199,-0.23828,-0.206,1.382,0.481,ergonomis
2026-06-01 14:42:28.442,2208487898,273442,1,0.74023,0.27344,0.78467,0.366,1.954,-0.695,ergonomis
2026-06-01 14:42:28.442,2208487898,273442,2,1.0166,-0.03589,-0.23804,-0.718,0.695,0.733,ergonomis
2026-06-01 14:42:28.642,2208488098,273642,1,0.73413,0.27344,0.77979,0.466,1.489,-0.466,ergonomis
2026-06-01 14:42:28.642,2208488098,273642,2,1.01245,-0.03516,-0.23755,-1.275,0.672,0.42,ergonomis
2026-06-01 14:42:28.842,2208488298,273842,1,0.73779,0.27832,0.78564,0.527,1.748,-0.603,ergonomis
2026-06-01 14:42:28.842,2208488298,273842,2,1.00977,-0.0354,-0.23975,-1.695,-0.046,0.527,ergonomis
2026-06-01 14:42:28.042,2208487498,274042,1,0.73413,0.27783,0.77759,0.504,1.985,-0.687,ergonomis
2026-06-01 14:42:28.042,2208487498,274042,2,1.01294,-0.03516,-0.24927,-1.626,0.328,0.855,ergonomis
2026-06-01 14:42:28.242,2208487698,274242,1,0.74121,0.26733,0.78394,-0.183,1.053,-0.664,ergonomis
2026-06-01 14:42:28.242,2208487698,274242,2,1.0127,-0.03784,-0.24194,-0.802,1.244,0.359,ergonomis
2026-06-01 14:42:29.442,2208488898,274442,1,0.73462,0.27588,0.77441,0.153,1.87,-0.718,ergonomis
2026-06-01 14:42:29.442,2208488898,274442,2,1.01196,-0.03931,-0.24316,-1.679,0.099,0.427,ergonomis
2026-06-01 14:42:29.642,2208489098,274642,1,0.73438,0.26416,0.78516,0.779,1.672,-0.374,ergonomis
2026-06-01 14:42:29.642,2208489098,274642,2,1.01538,-0.0332,-0.24707,-0.672,0.275,0.244,ergonomis
2026-06-01 14:42:29.842,2208489298,274842,1,0.73145,0.27466,0.78735,-0.038,1.626,-0.786,ergonomis
2026-06-01 14:42:29.842,2208489298,274842,2,1.02075,-0.03589,-0.24658,-1.573,-0.282,0.466,ergonomis
2026-06-01 14:42:29.042,2208488498,275042,1,0.74048,0.27466,0.78052,-0.107,1.649,-0.412,ergonomis
2026-06-01 14:42:29.042,2208488498,275042,2,1.00977,-0.03979,-0.2522,-1.931,0.183,0.611,ergonomis
2026-06-01 14:42:29.242,2208488698,275242,1,0.7373,0.27588,0.77637,0.313,1.855,-0.641,ergonomis
2026-06-01 14:42:29.242,2208488698,275242,2,1.0188,-0.04053,-0.23975,-1.267,0.534,0.511,ergonomis
2026-06-01 14:42:30.442,2208489898,275442,1,0.74121,0.27319,0.77002,0.13,2.137,-0.504,ergonomis
2026-06-01 14:42:30.442,2208489898,275442,2,1.01074,-0.03833,-0.24341,-1.366,0.305,0.359,ergonomis
2026-06-01 14:42:30.642,2208490098,275642,1,0.74292,0.26929,0.77856,0.244,1.962,-0.695,ergonomis
2026-06-01 14:42:30.642,2208490098,275642,2,1.01489,-0.03296,-0.24927,-1.504,0.695,0.099,ergonomis
2026-06-01 14:42:30.842,2208490298,275842,1,0.73755,0.27222,0.78271,0.481,2.321,-0.534,ergonomis
2026-06-01 14:42:30.842,2208490298,275842,2,1.01367,-0.03442,-0.24194,-0.611,0.931,0.168,ergonomis
2026-06-01 14:42:30.042,2208489498,276042,1,0.73779,0.27441,0.79614,0.733,2.885,-0.84,ergonomis
2026-06-01 14:42:30.042,2208489498,276042,2,1.01685,-0.03833,-0.25269,-0.26,1.092,1.099,ergonomis
2026-06-01 14:42:30.242,2208489698,276242,1,0.72852,0.2688,0.78149,0.176,2.084,-0.656,ergonomis
2026-06-01 14:42:30.242,2208489698,276242,2,1.0127,-0.04834,-0.24414,-0.023,1.847,-0.038,ergonomis
2026-06-01 14:42:31.442,2208490898,276442,1,0.7356,0.27661,0.78979,0.198,1.947,-0.847,ergonomis
2026-06-01 14:42:31.442,2208490898,276442,2,1.01611,-0.03809,-0.23242,-0.718,0.885,0.435,ergonomis
2026-06-01 14:42:31.642,2208491098,276642,1,0.72729,0.28613,0.78491,0.649,1.626,-0.84,ergonomis
2026-06-01 14:42:31.642,2208491098,276642,2,1.01733,-0.03662,-0.22852,-0.718,0.855,0.718,ergonomis
2026-06-01 14:42:31.842,2208491298,276842,1,0.729,0.28564,0.79248,0.405,2.023,-0.412,ergonomis
2026-06-01 14:42:31.842,2208491298,276842,2,1.02051,-0.04077,-0.22705,-1.779,0.13,0.435,ergonomis
2026-06-01 14:42:31.042,2208490498,277042,1,0.72974,0.27417,0.78979,0.55,1.366,-0.573,ergonomis
2026-06-01 14:42:31.042,2208490498,277042,2,1.01978,-0.04053,-0.23853,-1.885,0.031,0.42,ergonomis
2026-06-01 14:42:31.242,2208490698,277242,1,0.72632,0.27979,0.78857,0.176,1.962,-0.565,ergonomis
2026-06-01 14:42:31.242,2208490698,277242,2,1.01782,-0.03638,-0.23071,-1.992,-0.099,0.427,ergonomis
2026-06-01 14:42:32.442,2208491898,277442,1,0.72803,0.2771,0.78833,0.244,1.802,-0.344,ergonomis
2026-06-01 14:42:32.442,2208491898,277442,2,1.01514,-0.03687,-0.23315,-2.29,-0.573,0.374,ergonomis
2026-06-01 14:42:32.642,2208492098,277642,1,0.72827,0.28418,0.78784,0.328,1.687,-0.611,ergonomis
2026-06-01 14:42:32.642,2208492098,277642,2,1.01611,-0.04028,-0.23901,-1.336,0.099,0.344,ergonomis
2026-06-01 14:42:32.842,2208492298,277842,1,0.73462,0.27856,0.78784,0.603,1.87,-0.626,ergonomis
2026-06-01 14:42:32.842,2208492298,277842,2,1.01587,-0.0332,-0.23267,-1.313,0.084,0.092,ergonomis
2026-06-01 14:42:32.042,2208491498,278042,1,0.72583,0.28296,0.79175,0.504,1.374,-0.313,ergonomis
2026-06-01 14:42:32.042,2208491498,278042,2,1.01392,-0.03687,-0.23145,-1.695,-0.099,0.733,ergonomis
2026-06-01 14:42:32.242,2208491698,278242,1,0.7251,0.27344,0.78296,0.649,1.817,-0.298,ergonomis
2026-06-01 14:42:32.242,2208491698,278242,2,1.01245,-0.03198,-0.24146,-2.962,-1.802,0.939,ergonomis
2026-06-01 14:42:33.442,2208492898,278442,1,0.73242,0.27686,0.78125,-0.099,1.511,-0.214,ergonomis
2026-06-01 14:42:33.442,2208492898,278442,2,1.01001,-0.03516,-0.24609,-1.641,-0.046,0.794,ergonomis
2026-06-01 14:42:33.642,2208493098,278642,1,0.7373,0.27466,0.77979,0.481,1.87,-0.565,ergonomis
2026-06-01 14:42:33.642,2208493098,278642,2,1.00708,-0.03101,-0.24658,-1.58,-0.038,0.817,ergonomis
2026-06-01 14:42:33.842,2208493298,278842,1,0.72852,0.27441,0.77783,-0.244,1.557,-0.473,ergonomis
2026-06-01 14:42:33.842,2208493298,278842,2,1.01294,-0.03516,-0.24805,-1.435,0.038,0.641,ergonomis
2026-06-01 14:42:33.042,2208492498,279042,1,0.72778,0.27759,0.78296,0.237,1.847,-0.359,ergonomis
2026-06-01 14:42:33.042,2208492498,279042,2,1.01074,-0.03613,-0.23975,-1.023,0.305,0.611,ergonomis
2026-06-01 14:42:33.242,2208492698,279242,1,0.73267,0.27417,0.77856,-0.069,1.756,-0.321,ergonomis
2026-06-01 14:42:33.242,2208492698,279242,2,1.01147,-0.04077,-0.25854,-1.0,0.924,0.664,ergonomis
2026-06-01 14:42:34.442,2208493898,279442,1,0.73608,0.26587,0.78613,0.466,2.023,-0.664,ergonomis
2026-06-01 14:42:34.442,2208493898,279442,2,1.01465,-0.03735,-0.24854,-1.748,-0.176,0.725,ergonomis
2026-06-01 14:42:34.642,2208494098,279642,1,0.73486,0.27246,0.78491,0.496,2.053,-0.542,ergonomis
2026-06-01 14:42:34.642,2208494098,279642,2,1.0105,-0.04077,-0.24902,-0.519,0.947,0.244,ergonomis
2026-06-01 14:42:34.842,2208494298,279842,1,0.72437,0.27222,0.78711,0.351,2.107,-1.061,ergonomis
2026-06-01 14:42:34.842,2208494298,279842,2,1.0166,-0.04565,-0.24121,-0.679,0.725,0.153,ergonomis
2026-06-01 14:42:34.042,2208493498,280042,1,0.73877,0.27759,0.78418,0.382,1.71,-0.664,ergonomis
2026-06-01 14:42:34.042,2208493498,280042,2,1.01147,-0.04321,-0.24731,-0.023,1.221,0.099,ergonomis
2026-06-01 14:42:34.242,2208493698,280242,1,0.73975,0.2771,0.79297,0.511,1.74,-0.397,ergonomis
2026-06-01 14:42:34.242,2208493698,280242,2,1.01904,-0.04126,-0.24048,-1.748,0.794,0.458,ergonomis
2026-06-01 14:42:35.442,2208494898,280442,1,0.72021,0.27295,0.78491,0.176,1.511,-0.282,ergonomis
2026-06-01 14:42:35.442,2208494898,280442,2,1.01953,-0.0437,-0.23779,-1.527,0.229,0.557,ergonomis
2026-06-01 14:42:35.642,2208495098,280642,1,0.73877,0.27637,0.78052,0.718,1.71,-0.603,ergonomis
2026-06-01 14:42:35.642,2208495098,280642,2,1.0127,-0.04517,-0.24683,-2.214,-0.458,0.618,ergonomis
2026-06-01 14:42:35.842,2208495298,280842,1,0.73535,0.27026,0.79175,-0.015,1.443,-0.45,ergonomis
2026-06-01 14:42:35.842,2208495298,280842,2,1.01196,-0.03882,-0.24146,-1.924,-0.076,0.527,ergonomis
2026-06-01 14:42:35.042,2208494498,281042,1,0.73511,0.26782,0.77148,0.16,1.58,-0.382,ergonomis
2026-06-01 14:42:35.042,2208494498,281042,2,1.01636,-0.0415,-0.24365,-1.557,-0.382,0.405,ergonomis
2026-06-01 14:42:35.242,2208494698,281242,1,0.74609,0.26465,0.7832,0.237,1.702,-0.809,ergonomis
2026-06-01 14:42:35.242,2208494698,281242,2,1.01221,-0.03931,-0.24048,-1.496,0.458,0.733,ergonomis
2026-06-01 14:42:36.442,2208495898,281442,1,0.73999,0.26611,0.78345,0.656,1.748,-0.443,ergonomis
2026-06-01 14:42:36.442,2208495898,281442,2,1.01465,-0.03955,-0.26025,-1.504,0.405,0.252,ergonomis
2026-06-01 14:42:36.642,2208496098,281642,1,0.74097,0.27319,0.78296,0.55,1.649,-0.511,ergonomis
2026-06-01 14:42:36.642,2208496098,281642,2,1.01514,-0.04346,-0.24683,-1.908,0.168,0.725,ergonomis
2026-06-01 14:42:36.842,2208496298,281842,1,0.73389,0.27515,0.7876,0.641,1.511,-0.45,ergonomis
2026-06-01 14:42:36.842,2208496298,281842,2,1.02051,-0.04053,-0.24341,-1.557,-0.092,0.389,ergonomis
2026-06-01 14:42:36.042,2208495498,282042,1,0.73584,0.27271,0.77881,0.305,1.55,-0.847,ergonomis
2026-06-01 14:42:36.042,2208495498,282042,2,1.01318,-0.03516,-0.25708,-1.328,0.496,0.168,ergonomis
2026-06-01 14:42:36.242,2208495698,282242,1,0.74097,0.27344,0.77808,0.427,1.969,-0.588,ergonomis
2026-06-01 14:42:36.242,2208495698,282242,2,1.01367,-0.03735,-0.26685,-1.42,0.344,0.321,ergonomis
2026-06-01 14:42:37.442,2208496898,282442,1,0.73633,0.271,0.7771,0.26,1.893,-0.679,ergonomis
2026-06-01 14:42:37.442,2208496898,282442,2,1.02002,-0.03564,-0.25781,-1.328,0.374,0.275,ergonomis
2026-06-01 14:42:37.642,2208497098,282642,1,0.74146,0.27515,0.77979,0.389,1.458,-0.656,ergonomis
2026-06-01 14:42:37.642,2208497098,282642,2,1.0127,-0.04468,-0.24976,-1.015,0.939,0.405,ergonomis
2026-06-01 14:42:37.842,2208497298,282842,1,0.74683,0.27368,0.77734,0.481,1.878,-0.496,ergonomis
2026-06-01 14:42:37.842,2208497298,282842,2,1.01318,-0.03784,-0.25098,-1.344,-0.092,0.336,ergonomis
2026-06-01 14:42:37.042,2208496498,283042,1,0.73633,0.27148,0.77368,0.183,2.206,-0.817,ergonomis
2026-06-01 14:42:37.042,2208496498,283042,2,1.01855,-0.03979,-0.25635,-0.679,0.702,0.641,ergonomis
2026-06-01 14:42:37.242,2208496698,283242,1,0.73584,0.27075,0.78076,0.321,1.481,-0.977,ergonomis
2026-06-01 14:42:37.242,2208496698,283242,2,1.01855,-0.04175,-0.25098,-0.786,0.855,0.55,ergonomis
2026-06-01 14:42:38.442,2208497898,283442,1,0.73486,0.27515,0.77759,0.145,1.389,-0.58,ergonomis
2026-06-01 14:42:38.442,2208497898,283442,2,1.01807,-0.03906,-0.25244,-0.786,0.504,-0.046,ergonomis
2026-06-01 14:42:38.642,2208498098,283642,1,0.73853,0.27612,0.7854,0.656,1.29,-0.931,ergonomis
2026-06-01 14:42:38.642,2208498098,283642,2,1.01514,-0.03735,-0.25146,-1.397,0.298,0.481,ergonomis
2026-06-01 14:42:38.842,2208498298,283842,1,0.74023,0.27686,0.77222,0.74,1.985,-0.656,ergonomis
2026-06-01 14:42:38.842,2208498298,283842,2,1.02515,-0.03955,-0.25049,-1.053,0.229,0.573,ergonomis
2026-06-01 14:42:38.042,2208497498,284042,1,0.73438,0.27441,0.77661,0.351,1.718,-0.863,ergonomis
2026-06-01 14:42:38.042,2208497498,284042,2,1.01147,-0.04102,-0.26147,-2.366,-0.321,0.634,ergonomis
2026-06-01 14:42:38.242,2208497698,284242,1,0.74414,0.27881,0.77759,0.504,1.802,-0.824,ergonomis
2026-06-01 14:42:38.242,2208497698,284242,2,1.01514,-0.04541,-0.25952,-1.435,0.84,-0.008,ergonomis
2026-06-01 14:42:39.442,2208498898,284442,1,0.74048,0.28296,0.78027,0.718,2.298,-0.282,ergonomis
2026-06-01 14:42:39.442,2208498898,284442,2,1.00952,-0.03809,-0.24683,-1.229,0.794,0.427,ergonomis
2026-06-01 14:42:39.642,2208499098,284642,1,0.73779,0.27759,0.78809,0.252,1.672,-0.664,ergonomis
2026-06-01 14:42:39.642,2208499098,284642,2,1.01514,-0.03516,-0.24536,-1.504,0.122,0.641,ergonomis
2026-06-01 14:42:39.842,2208499298,284842,1,0.73779,0.27832,0.77563,0.626,1.435,-0.595,ergonomis
2026-06-01 14:42:39.842,2208499298,284842,2,1.01172,-0.0376,-0.24536,-1.985,-0.046,0.756,ergonomis
2026-06-01 14:42:39.042,2208498498,285042,1,0.74146,0.2793,0.77808,0.382,1.863,-0.557,ergonomis
2026-06-01 14:42:39.042,2208498498,285042,2,1.0083,-0.03369,-0.26074,-1.282,0.168,0.504,ergonomis
2026-06-01 14:42:39.242,2208498698,285242,1,0.74023,0.27637,0.78613,0.71,2.244,-0.153,ergonomis
2026-06-01 14:42:39.242,2208498698,285242,2,1.01074,-0.03345,-0.24609,-1.718,0.122,0.58,ergonomis
2026-06-01 14:42:40.442,2208499898,285442,1,0.73486,0.28516,0.77246,-0.374,1.779,0.16,ergonomis
2026-06-01 14:42:40.442,2208499898,285442,2,1.00879,-0.03613,-0.25879,-1.153,0.153,0.885,ergonomis
2026-06-01 14:42:40.642,2208500098,285642,1,0.73438,0.27368,0.77588,-0.275,1.595,-0.45,ergonomis
2026-06-01 14:42:40.642,2208500098,285642,2,1.00659,-0.04614,-0.25366,-1.282,0.366,1.046,ergonomis
2026-06-01 14:42:40.842,2208500298,285842,1,0.75171,0.27539,0.77148,0.901,2.298,0.015,ergonomis
2026-06-01 14:42:40.842,2208500298,285842,2,1.01221,-0.04639,-0.26025,-1.626,0.298,0.557,ergonomis
2026-06-01 14:42:40.042,2208499498,286042,1,0.74585,0.27051,0.78418,-0.275,1.939,-0.84,ergonomis
2026-06-01 14:42:40.042,2208499498,286042,2,1.01074,-0.05029,-0.26294,-1.557,0.328,0.427,ergonomis
2026-06-01 14:42:40.242,2208499698,286242,1,0.7478,0.26953,0.77515,0.405,2.076,-0.55,ergonomis
2026-06-01 14:42:40.242,2208499698,286242,2,1.01392,-0.04028,-0.24414,0.252,1.55,0.252,ergonomis
2026-06-01 14:42:41.442,2208500898,286442,1,0.74219,0.27124,0.78003,0.366,2.053,-0.74,ergonomis
2026-06-01 14:42:41.442,2208500898,286442,2,1.0144,-0.03857,-0.25,-0.885,1.229,0.168,ergonomis
2026-06-01 14:42:41.642,2208501098,286642,1,0.73364,0.27515,0.77368,0.641,2.374,-0.397,ergonomis
2026-06-01 14:42:41.642,2208501098,286642,2,1.0144,-0.03809,-0.2417,-0.885,0.893,0.42,ergonomis
2026-06-01 14:42:41.842,2208501298,286842,1,0.73755,0.27246,0.78174,0.397,2.046,-0.931,ergonomis
2026-06-01 14:42:41.842,2208501298,286842,2,1.01001,-0.03784,-0.2439,-0.557,0.992,0.313,ergonomis
2026-06-01 14:42:41.042,2208500498,287042,1,0.73779,0.27515,0.77197,0.573,1.779,-1.046,ergonomis
2026-06-01 14:42:41.042,2208500498,287042,2,1.01855,-0.04614,-0.25244,-2.053,0.275,0.366,ergonomis
2026-06-01 14:42:41.242,2208500698,287242,1,0.73364,0.27197,0.76929,-0.099,1.718,-0.58,ergonomis
2026-06-01 14:42:41.242,2208500698,287242,2,1.01904,-0.03613,-0.25049,-1.87,0.206,0.183,ergonomis
2026-06-01 14:42:42.442,2208501898,287442,1,0.73999,0.27759,0.77588,0.389,1.893,-0.344,ergonomis
2026-06-01 14:42:42.442,2208501898,287442,2,1.0166,-0.04175,-0.2522,-1.725,0.252,0.267,ergonomis
2026-06-01 14:42:42.642,2208502098,287642,1,0.73926,0.28198,0.77002,0.351,2.176,-0.031,ergonomis
2026-06-01 14:42:42.642,2208502098,287642,2,1.00928,-0.03931,-0.24878,-1.389,0.573,0.13,ergonomis
2026-06-01 14:42:42.842,2208502298,287842,1,0.74878,0.27759,0.78711,0.733,1.878,-0.252,ergonomis
2026-06-01 14:42:42.842,2208502298,287842,2,1.0061,-0.03638,-0.25122,-1.45,0.496,0.137,ergonomis
2026-06-01 14:42:42.042,2208501498,288042,1,0.73975,0.27344,0.78516,0.244,1.397,0.13,ergonomis
2026-06-01 14:42:42.042,2208501498,288042,2,1.00806,-0.03442,-0.25244,-1.053,0.84,-0.191,ergonomis
2026-06-01 14:42:42.242,2208501698,288242,1,0.73535,0.2749,0.78833,0.71,1.725,-0.809,ergonomis
2026-06-01 14:42:42.242,2208501698,288242,2,1.02222,-0.03589,-0.25098,-1.802,0.16,-0.038,ergonomis
2026-06-01 14:42:43.442,2208502898,288442,1,0.73975,0.27344,0.77368,0.573,1.863,-1.695,ergonomis
2026-06-01 14:42:43.442,2208502898,288442,2,1.00977,-0.0332,-0.2439,-0.939,0.321,-0.145,ergonomis
2026-06-01 14:42:43.642,2208503098,288642,1,0.73096,0.28442,0.78247,-0.107,1.305,-1.313,ergonomis
2026-06-01 14:42:43.642,2208503098,288642,2,1.01587,-0.03394,-0.25781,-1.718,0.023,0.405,ergonomis
2026-06-01 14:42:43.842,2208503298,288842,1,0.73438,0.28052,0.77612,0.137,1.908,-0.481,ergonomis
2026-06-01 14:42:43.842,2208503298,288842,2,1.01294,-0.02686,-0.26636,-1.634,0.145,0.786,ergonomis
2026-06-01 14:42:43.042,2208502498,289042,1,0.7373,0.27783,0.78052,-0.198,1.74,-0.031,ergonomis
2026-06-01 14:42:43.042,2208502498,289042,2,1.01147,-0.03467,-0.25146,-1.191,-0.023,0.504,ergonomis
2026-06-01 14:42:43.242,2208502698,289242,1,0.7356,0.28149,0.77808,0.405,1.565,0.26,ergonomis
2026-06-01 14:42:43.242,2208502698,289242,2,1.0083,-0.02734,-0.24805,-0.939,0.221,0.344,ergonomis
2026-06-01 14:42:44.442,2208503898,289442,1,0.73877,0.2793,0.77393,0.137,1.992,-0.298,ergonomis
2026-06-01 14:42:44.442,2208503898,289442,2,1.0083,-0.03418,-0.25488,-0.885,0.809,0.084,ergonomis
2026-06-01 14:42:44.720,2208504176,289719,1,0.74219,0.27661,0.77832,0.16,2.198,-0.466,ergonomis
2026-06-01 14:42:44.720,2208504176,289719,2,1.00928,-0.0376,-0.25586,-1.313,0.076,0.672,ergonomis
2026-06-01 14:42:44.957,2208504413,289957,1,0.73926,0.27539,0.76978,0.046,1.954,-0.26,ergonomis
2026-06-01 14:42:44.957,2208504413,289957,2,1.01294,-0.03418,-0.25684,-1.092,0.29,0.679,ergonomis
2026-06-01 14:42:44.157,2208503613,290157,1,0.73901,0.27295,0.7832,0.687,1.786,-0.183,ergonomis
2026-06-01 14:42:44.157,2208503613,290157,2,1.01636,-0.03564,-0.24707,-1.702,0.321,0.542,ergonomis
2026-06-01 14:42:45.357,2208504813,290357,1,0.73291,0.26953,0.77271,0.305,1.954,-0.748,ergonomis
2026-06-01 14:42:45.357,2208504813,290357,2,1.01587,-0.03467,-0.25537,-1.855,-0.107,0.359,ergonomis
2026-06-01 14:42:45.557,2208505013,290557,1,0.74121,0.28052,0.77588,0.458,1.901,-0.336,ergonomis
2026-06-01 14:42:45.557,2208505013,290557,2,1.01733,-0.03418,-0.25635,-1.893,0.191,0.198,ergonomis
2026-06-01 14:42:45.757,2208505213,290757,1,0.74268,0.27393,0.77661,0.458,1.573,-0.489,ergonomis
2026-06-01 14:42:45.757,2208505213,290757,2,1.00903,-0.03491,-0.25708,-1.962,-0.168,0.603,ergonomis
2026-06-01 14:42:45.961,2208505417,290960,1,0.74097,0.27661,0.76978,0.527,1.534,-0.351,ergonomis
2026-06-01 14:42:45.961,2208505417,290960,2,1.01074,-0.03906,-0.26025,-1.901,0.046,0.382,ergonomis
2026-06-01 14:42:45.237,2208504693,291236,1,0.73633,0.27563,0.77368,0.55,1.198,-0.237,ergonomis
2026-06-01 14:42:45.237,2208504693,291236,2,1.01196,-0.04028,-0.26001,-2.641,-1.0,0.786,ergonomis
2026-06-01 14:42:46.436,2208505892,291436,1,0.75269,0.28101,0.76978,0.519,1.771,-0.153,ergonomis
2026-06-01 14:42:46.436,2208505892,291436,2,1.00659,-0.04077,-0.26147,-1.725,0.183,0.824,ergonomis
2026-06-01 14:42:46.636,2208506092,291636,1,0.73535,0.27344,0.77539,0.611,1.595,-0.229,ergonomis
2026-06-01 14:42:46.636,2208506092,291636,2,1.01733,-0.03564,-0.25439,-1.137,-0.573,0.71,ergonomis
2026-06-01 14:42:46.839,2208506295,291839,1,0.74023,0.27759,0.77124,-0.053,1.573,-1.084,ergonomis
2026-06-01 14:42:46.839,2208506295,291839,2,1.00659,-0.04761,-0.26074,-1.496,0.443,0.427,ergonomis
2026-06-01 14:42:46.155,2208505611,292154,1,0.74805,0.28003,0.76343,-0.16,2.237,-0.29,ergonomis
2026-06-01 14:42:46.155,2208505611,292154,2,1.01099,-0.03906,-0.2688,-1.122,0.443,0.611,ergonomis
2026-06-01 14:42:47.354,2208506810,292354,1,0.74438,0.27222,0.76953,0.397,2.031,-0.237,ergonomis
2026-06-01 14:42:47.354,2208506810,292354,2,1.01001,-0.03687,-0.25879,-1.191,0.328,0.763,ergonomis
2026-06-01 14:42:47.554,2208507010,292554,1,0.75024,0.27515,0.77563,0.221,1.939,-0.305,ergonomis
2026-06-01 14:42:47.554,2208507010,292554,2,1.00928,-0.03735,-0.27124,-0.992,0.763,0.015,ergonomis
2026-06-01 14:42:47.754,2208507210,292754,1,0.75122,0.27808,0.76367,0.42,1.977,-1.084,ergonomis
2026-06-01 14:42:47.754,2208507210,292754,2,1.01294,-0.03857,-0.26807,-0.901,1.237,0.206,ergonomis
2026-06-01 14:42:47.954,2208507410,292954,1,0.74438,0.28027,0.77417,,2.344,-0.382,ergonomis
2026-06-01 14:42:47.954,2208507410,292954,2,1.01294,-0.03882,-0.26392,-0.229,1.351,0.412,ergonomis
2026-06-01 14:42:47.154,2208506610,293154,1,0.74365,0.27075,0.77344,0.45,2.221,-0.58,ergonomis
2026-06-01 14:42:47.154,2208506610,293154,2,1.01318,-0.03979,-0.25513,-1.26,0.511,0.718,ergonomis
2026-06-01 14:42:48.354,2208507810,293354,1,0.74512,0.26636,0.76636,0.473,1.824,-0.435,ergonomis
2026-06-01 14:42:48.354,2208507810,293354,2,1.01245,-0.03735,-0.25513,-1.122,0.55,0.397,ergonomis
2026-06-01 14:42:48.554,2208508010,293554,1,0.75293,0.28125,0.77173,0.779,1.863,-0.832,ergonomis
2026-06-01 14:42:48.554,2208508010,293554,2,1.00879,-0.04834,-0.25757,-1.649,0.305,0.504,ergonomis
2026-06-01 14:42:48.754,2208508210,293754,1,0.74438,0.27295,0.77661,0.275,1.55,-0.832,ergonomis
2026-06-01 14:42:48.754,2208508210,293754,2,1.01392,-0.03589,-0.25732,-1.107,0.771,0.443,ergonomis
2026-06-01 14:42:48.954,2208508410,293954,1,0.74341,0.28271,0.78296,0.756,1.695,-0.443,ergonomis
2026-06-01 14:42:48.954,2208508410,293954,2,1.01318,-0.03687,-0.26733,-1.496,0.061,0.458,ergonomis
2026-06-01 14:42:48.154,2208507610,294154,1,0.74268,0.28076,0.76929,0.511,1.809,-0.473,ergonomis
2026-06-01 14:42:48.154,2208507610,294154,2,1.01318,-0.04199,-0.25903,-1.664,0.107,0.756,ergonomis
2026-06-01 14:42:49.354,2208508810,294354,1,0.74683,0.28027,0.78101,0.58,2.0,-0.405,ergonomis
2026-06-01 14:42:49.354,2208508810,294354,2,1.02197,-0.03638,-0.25562,-1.603,-0.252,0.618,ergonomis
2026-06-01 14:42:49.554,2208509010,294554,1,0.73804,0.28174,0.77368,0.282,1.893,-0.427,ergonomis
2026-06-01 14:42:49.554,2208509010,294554,2,1.00659,-0.04077,-0.25928,-1.725,0.458,0.382,ergonomis
2026-06-01 14:42:49.754,2208509210,294754,1,0.74121,0.28174,0.77148,0.137,2.015,-0.267,ergonomis
2026-06-01 14:42:49.754,2208509210,294754,2,1.01294,-0.03516,-0.25488,-1.26,0.366,0.42,ergonomis
2026-06-01 14:42:49.954,2208509410,294954,1,0.73901,0.27734,0.77148,0.252,2.031,-0.29,ergonomis
2026-06-01 14:42:49.954,2208509410,294954,2,1.0022,-0.03735,-0.26196,-0.626,1.122,0.458,ergonomis
2026-06-01 14:42:49.154,2208508610,295154,1,0.74097,0.27563,0.77197,0.237,2.336,-0.206,ergonomis
2026-06-01 14:42:49.154,2208508610,295154,2,1.00977,-0.04126,-0.25854,-1.206,0.672,0.687,ergonomis
2026-06-01 14:42:50.354,2208509810,295354,1,0.74194,0.27734,0.78247,0.122,1.924,-0.237,ergonomis
2026-06-01 14:42:50.354,2208509810,295354,2,1.01001,-0.03516,-0.26855,-1.496,0.069,1.153,ergonomis
2026-06-01 14:42:50.554,2208510010,295554,1,0.74121,0.27588,0.76855,0.153,1.481,-0.466,ergonomis
2026-06-01 14:42:50.554,2208510010,295554,2,1.01367,-0.04199,-0.26147,-1.611,,0.802,ergonomis
2026-06-01 14:42:50.754,2208510210,295754,1,0.74585,0.27466,0.77686,0.656,1.588,-0.55,ergonomis
2026-06-01 14:42:50.754,2208510210,295754,2,1.01392,-0.0415,-0.26636,-1.198,0.176,0.351,ergonomis
2026-06-01 14:42:50.954,2208510410,295954,1,0.73535,0.27588,0.77246,0.489,2.008,-0.206,ergonomis
2026-06-01 14:42:50.954,2208510410,295954,2,1.00537,-0.03784,-0.25879,-1.328,0.634,0.29,ergonomis
2026-06-01 14:42:50.154,2208509610,296154,1,0.74121,0.27612,0.77197,0.13,2.214,-1.176,ergonomis
2026-06-01 14:42:50.154,2208509610,296154,2,1.00562,-0.04395,-0.26245,-1.046,0.687,0.779,ergonomis
2026-06-01 14:42:51.354,2208510810,296354,1,0.74048,0.27124,0.78516,0.496,2.122,-0.687,ergonomis
2026-06-01 14:42:51.354,2208510810,296354,2,1.00635,-0.03931,-0.26367,-0.756,1.069,0.397,ergonomis
2026-06-01 14:42:51.554,2208511010,296554,1,0.74316,0.27759,0.77075,0.817,2.023,-0.916,ergonomis
2026-06-01 14:42:51.554,2208511010,296554,2,1.01318,-0.03906,-0.25562,-0.405,0.74,0.656,ergonomis
2026-06-01 14:42:51.754,2208511210,296754,1,0.74146,0.27441,0.76855,0.466,2.061,-0.733,ergonomis
2026-06-01 14:42:51.754,2208511210,296754,2,1.02002,-0.04785,-0.25757,-1.122,0.366,0.634,ergonomis
2026-06-01 14:42:51.954,2208511410,296954,1,0.75024,0.27612,0.7605,0.198,1.71,-0.565,ergonomis
2026-06-01 14:42:51.954,2208511410,296954,2,1.01123,-0.04248,-0.25879,-1.321,0.076,0.756,ergonomis
2026-06-01 14:42:51.154,2208510610,297154,1,0.73389,0.26733,0.77881,0.206,2.008,-0.603,ergonomis
2026-06-01 14:42:51.154,2208510610,297154,2,1.01245,-0.04419,-0.2627,-1.237,0.588,0.511,ergonomis
2026-06-01 14:42:52.354,2208511810,297354,1,0.73828,0.27417,0.76929,0.137,1.794,-0.557,ergonomis
2026-06-01 14:42:52.354,2208511810,297354,2,1.01099,-0.03979,-0.25562,-1.733,0.053,0.229,ergonomis
2026-06-01 14:42:52.554,2208512010,297554,1,0.74048,0.27856,0.77563,0.397,2.221,-0.252,ergonomis
2026-06-01 14:42:52.554,2208512010,297554,2,1.01587,-0.04053,-0.24829,-2.145,-0.473,0.763,ergonomis
2026-06-01 14:42:52.754,2208512210,297754,1,0.74023,0.27148,0.7771,0.443,1.672,-0.481,ergonomis
2026-06-01 14:42:52.754,2208512210,297754,2,1.01514,-0.04346,-0.26172,-2.252,-0.351,0.313,ergonomis
2026-06-01 14:42:52.954,2208512410,297954,1,0.74756,0.28076,0.771,0.473,1.634,-0.947,ergonomis
2026-06-01 14:42:52.954,2208512410,297954,2,1.00757,-0.03857,-0.2666,-2.359,-0.053,0.695,ergonomis
2026-06-01 14:42:52.154,2208511610,298154,1,0.74609,0.27832,0.77686,0.618,2.092,-0.168,ergonomis
2026-06-01 14:42:52.154,2208511610,298154,2,1.01318,-0.03906,-0.26343,-1.374,0.725,0.427,ergonomis
2026-06-01 14:42:53.354,2208512810,298354,1,0.74561,0.27881,0.77783,-0.313,2.145,-0.779,ergonomis
2026-06-01 14:42:53.354,2208512810,298354,2,1.0188,-0.04736,-0.26514,-1.29,0.084,0.573,ergonomis
2026-06-01 14:42:53.554,2208513010,298554,1,0.73755,0.2793,0.77588,0.58,2.382,0.214,ergonomis
2026-06-01 14:42:53.554,2208513010,298554,2,1.01123,-0.03516,-0.26392,-0.824,0.794,0.611,ergonomis
2026-06-01 14:42:53.754,2208513210,298754,1,0.73584,0.2688,0.77515,0.16,2.313,-0.275,ergonomis
2026-06-01 14:42:53.754,2208513210,298754,2,1.01196,-0.04199,-0.25439,-1.267,0.344,0.435,ergonomis
2026-06-01 14:42:53.954,2208513410,298954,1,0.74365,0.27002,0.78223,0.58,2.405,-0.336,ergonomis
2026-06-01 14:42:53.954,2208513410,298954,2,1.00977,-0.04077,-0.25391,-1.313,0.588,0.191,ergonomis
2026-06-01 14:42:53.154,2208512610,299154,1,0.74097,0.27417,0.78052,0.42,1.786,-0.779,ergonomis
2026-06-01 14:42:53.154,2208512610,299154,2,1.01196,-0.03857,-0.25366,-1.595,0.008,0.687,ergonomis
2026-06-01 14:42:54.354,2208513810,299354,1,0.73242,0.27612,0.7832,0.313,1.817,-0.443,ergonomis
2026-06-01 14:42:54.354,2208513810,299354,2,1.00879,-0.03931,-0.24683,-0.977,0.748,0.252,ergonomis
2026-06-01 14:42:54.554,2208514010,299554,1,0.7395,0.27832,0.77783,0.16,2.626,-0.763,ergonomis
2026-06-01 14:42:54.554,2208514010,299554,2,1.00684,-0.04443,-0.25854,-0.435,0.603,-0.023,ergonomis
2026-06-01 14:42:54.754,2208514210,299754,1,0.74561,0.27661,0.77783,0.237,1.527,-0.779,ergonomis
2026-06-01 14:42:54.754,2208514210,299754,2,1.01563,-0.04761,-0.25293,-0.931,1.061,0.466,ergonomis
2026-06-01 14:42:54.954,2208514410,299954,1,0.74561,0.27808,0.7793,0.55,2.221,-0.74,ergonomis
2026-06-01 14:42:54.954,2208514410,299954,2,1.00879,-0.05225,-0.25684,-0.16,1.618,0.137,ergonomis
2026-06-01 14:42:54.154,2208513610,300154,1,0.74048,0.27637,0.78882,-0.008,2.008,-0.779,ergonomis
2026-06-01 14:42:54.154,2208513610,300154,2,1.01074,-0.04028,-0.24902,-0.084,1.145,0.275,ergonomis
2026-06-01 14:42:55.354,2208514810,300354,1,0.74194,0.28589,0.77271,0.427,2.397,-0.702,ergonomis
2026-06-01 14:42:55.354,2208514810,300354,2,1.00757,-0.04688,-0.2627,-1.794,0.42,0.626,ergonomis
2026-06-01 14:42:55.554,2208515010,300554,1,0.73218,0.27637,0.77881,0.153,2.214,-0.58,ergonomis
2026-06-01 14:42:55.554,2208515010,300554,2,1.02051,-0.03638,-0.25195,-1.817,0.046,0.695,ergonomis
2026-06-01 14:42:55.754,2208515210,300754,1,0.73657,0.2793,0.77417,0.107,1.435,-0.557,ergonomis
2026-06-01 14:42:55.754,2208515210,300754,2,1.01245,-0.04443,-0.2583,-1.893,0.122,0.366,ergonomis
2026-06-01 14:42:55.954,2208515410,300954,1,0.73853,0.27515,0.77905,0.351,2.038,-0.565,ergonomis
2026-06-01 14:42:55.954,2208515410,300954,2,1.01318,-0.04395,-0.25122,-1.298,0.489,0.473,ergonomis
2026-06-01 14:42:55.154,2208514610,301154,1,0.73804,0.26636,0.77954,0.786,1.656,-0.389,ergonomis
2026-06-01 14:42:55.154,2208514610,301154,2,1.01196,-0.03345,-0.25952,-1.618,-0.168,0.382,ergonomis
2026-06-01 14:42:56.354,2208515810,301354,1,0.72705,0.27612,0.78125,0.053,2.145,-0.13,ergonomis
2026-06-01 14:42:56.354,2208515810,301354,2,1.01465,-0.04199,-0.24878,-1.863,-0.038,0.252,ergonomis
2026-06-01 14:42:56.554,2208516010,301554,1,0.74292,0.2771,0.78394,0.405,2.473,0.16,ergonomis
2026-06-01 14:42:56.554,2208516010,301554,2,1.01367,-0.03369,-0.25684,-1.885,0.107,0.603,ergonomis
2026-06-01 14:42:56.754,2208516210,301754,1,0.74268,0.27539,0.77905,0.481,1.885,-0.504,ergonomis
2026-06-01 14:42:56.754,2208516210,301754,2,1.01245,-0.04077,-0.24829,-1.336,-0.214,0.466,ergonomis
2026-06-01 14:42:56.954,2208516410,301954,1,0.73779,0.27686,0.77515,0.687,1.878,-0.244,ergonomis
2026-06-01 14:42:56.954,2208516410,301954,2,1.01343,-0.03833,-0.25439,-1.443,0.725,0.267,ergonomis
2026-06-01 14:42:56.154,2208515610,302154,1,0.73706,0.26953,0.77515,0.214,2.145,-0.344,ergonomis
2026-06-01 14:42:56.154,2208515610,302154,2,1.01147,-0.04272,-0.25757,-1.145,0.168,0.473,ergonomis
2026-06-01 14:42:57.354,2208516810,302354,1,0.74072,0.26514,0.78442,0.351,2.061,-0.58,ergonomis
2026-06-01 14:42:57.354,2208516810,302354,2,1.00806,-0.04224,-0.26611,-0.779,0.45,0.756,ergonomis
2026-06-01 14:42:57.554,2208517010,302554,1,0.73584,0.27783,0.77271,0.252,1.977,-0.481,ergonomis
2026-06-01 14:42:57.554,2208517010,302554,2,1.01807,-0.03931,-0.26538,-1.733,0.115,0.679,ergonomis
2026-06-01 14:42:57.754,2208517210,302754,1,0.73096,0.27734,0.77686,-0.305,1.924,-0.733,ergonomis
2026-06-01 14:42:57.754,2208517210,302754,2,1.01514,-0.04077,-0.25415,0.466,0.71,0.611,ergonomis
2026-06-01 14:42:57.954,2208517410,302954,1,0.7334,0.27979,0.77979,0.481,2.351,-0.71,ergonomis
2026-06-01 14:42:57.954,2208517410,302954,2,1.0105,-0.03931,-0.25317,0.099,1.252,0.908,ergonomis
2026-06-01 14:42:57.234,2208516690,303234,1,0.73169,0.2832,0.79346,-0.13,2.45,-0.824,ergonomis
2026-06-01 14:42:57.234,2208516690,303234,2,1.00757,-0.04688,-0.24219,0.847,1.931,1.656,ergonomis
2026-06-01 14:42:58.434,2208517890,303434,1,0.73853,0.27148,0.77563,-0.023,1.954,-0.611,ergonomis
2026-06-01 14:42:58.434,2208517890,303434,2,1.0127,-0.04785,-0.24292,-0.183,0.389,0.702,ergonomis
2026-06-01 14:42:58.634,2208518090,303634,1,0.72876,0.27148,0.78271,0.183,1.863,-0.351,ergonomis
2026-06-01 14:42:58.634,2208518090,303634,2,1.01001,-0.04712,-0.25317,-1.824,0.099,0.885,ergonomis
2026-06-01 14:42:58.834,2208518290,303834,1,0.73364,0.27295,0.78638,0.031,1.916,-0.534,ergonomis
2026-06-01 14:42:58.834,2208518290,303834,2,1.01587,-0.04761,-0.25732,-1.878,-0.153,0.855,ergonomis
2026-06-01 14:42:58.034,2208517490,304034,1,0.73706,0.2666,0.77979,-0.069,1.313,-0.534,ergonomis
2026-06-01 14:42:58.034,2208517490,304034,2,1.01147,-0.0459,-0.24878,-1.534,0.008,0.412,ergonomis
2026-06-01 14:42:58.234,2208517690,304234,1,0.73608,0.2749,0.78564,0.733,1.71,-0.603,ergonomis
2026-06-01 14:42:58.234,2208517690,304234,2,1.01831,-0.04468,-0.24731,-1.58,0.061,0.557,ergonomis
2026-06-01 14:42:59.434,2208518890,304434,1,0.73022,0.26416,0.78345,0.511,2.061,-0.786,ergonomis
2026-06-01 14:42:59.434,2208518890,304434,2,1.02026,-0.04272,-0.25781,-1.695,0.031,0.58,ergonomis
2026-06-01 14:42:59.634,2208519090,304634,1,0.74365,0.27148,0.78247,0.336,1.504,-0.511,ergonomis
2026-06-01 14:42:59.634,2208519090,304634,2,1.01001,-0.04736,-0.26245,-1.756,0.061,0.26,ergonomis
2026-06-01 14:42:59.834,2208519290,304834,1,0.73584,0.27466,0.78711,0.42,1.481,-0.588,ergonomis
2026-06-01 14:42:59.834,2208519290,304834,2,1.0127,-0.04761,-0.25903,-2.069,0.344,0.542,ergonomis
2026-06-01 14:42:59.034,2208518490,305034,1,0.73633,0.26733,0.78491,0.198,1.908,-0.427,ergonomis
2026-06-01 14:42:59.034,2208518490,305034,2,1.01343,-0.04492,-0.26196,-1.473,-0.183,0.466,ergonomis
2026-06-01 14:42:59.234,2208518690,305234,1,0.7334,0.26978,0.78345,0.13,1.802,-0.641,ergonomis
2026-06-01 14:42:59.234,2208518690,305234,2,1.01636,-0.04688,-0.27441,-1.565,-0.504,0.237,ergonomis
2026-06-01 14:43:00.434,2208519890,305434,1,0.73584,0.26685,0.78296,0.771,1.901,-0.473,ergonomis
2026-06-01 14:43:00.434,2208519890,305434,2,1.01904,-0.03955,-0.25928,-1.504,0.206,0.26,ergonomis
2026-06-01 14:43:00.634,2208520090,305634,1,0.7356,0.26929,0.77808,0.412,1.931,-0.511,ergonomis
2026-06-01 14:43:00.634,2208520090,305634,2,1.01538,-0.04761,-0.26074,-1.58,0.359,0.489,ergonomis
2026-06-01 14:43:00.834,2208520290,305834,1,0.74268,0.27051,0.78271,0.603,1.748,-0.405,ergonomis
2026-06-01 14:43:00.834,2208520290,305834,2,1.00537,-0.04199,-0.25488,-2.305,0.687,0.328,ergonomis
2026-06-01 14:43:00.034,2208519490,306034,1,0.73218,0.27319,0.78516,0.397,1.992,-0.595,ergonomis
2026-06-01 14:43:00.034,2208519490,306034,2,1.0083,-0.04419,-0.25537,-1.351,0.641,-0.084,ergonomis
2026-06-01 14:43:00.234,2208519690,306234,1,0.73486,0.26904,0.79224,0.374,2.206,-0.748,ergonomis
2026-06-01 14:43:00.234,2208519690,306234,2,1.01245,-0.03613,-0.26147,-1.504,1.191,0.214,ergonomis
2026-06-01 14:43:01.434,2208520890,306434,1,0.73657,0.27026,0.78711,0.962,2.107,-0.481,ergonomis
2026-06-01 14:43:01.434,2208520890,306434,2,1.02026,-0.04272,-0.25391,0.542,1.626,0.641,ergonomis
2026-06-01 14:43:01.634,2208521090,306634,1,0.72998,0.27734,0.78979,0.313,2.023,-0.557,ergonomis
2026-06-01 14:43:01.634,2208521090,306634,2,1.01196,-0.04053,-0.24731,-0.725,0.344,0.313,ergonomis
2026-06-01 14:43:01.834,2208521290,306834,1,0.72852,0.27441,0.78345,0.344,1.748,-0.679,ergonomis
2026-06-01 14:43:01.834,2208521290,306834,2,1.00659,-0.0437,-0.24658,-0.687,0.855,0.87,ergonomis
2026-06-01 14:43:01.034,2208520490,307034,1,0.73022,0.27368,0.78638,0.328,2.137,-0.58,ergonomis
2026-06-01 14:43:01.034,2208520490,307034,2,1.01538,-0.04541,-0.2478,-1.099,0.496,0.557,ergonomis
2026-06-01 14:43:01.234,2208520690,307234,1,0.73242,0.27368,0.78589,,1.985,-0.168,ergonomis
2026-06-01 14:43:01.234,2208520690,307234,2,1.02002,-0.04688,-0.24609,-1.847,-0.29,0.504,ergonomis
2026-06-01 14:43:02.434,2208521890,307434,1,0.72925,0.27563,0.78442,0.229,1.794,-0.29,ergonomis
2026-06-01 14:43:02.434,2208521890,307434,2,1.01611,-0.04565,-0.25269,-2.55,-0.191,0.733,ergonomis
2026-06-01 14:43:02.634,2208522090,307634,1,0.73413,0.271,0.78442,0.603,1.832,-0.221,ergonomis
2026-06-01 14:43:02.634,2208522090,307634,2,1.01465,-0.0415,-0.25366,-2.252,-0.076,0.649,ergonomis
2026-06-01 14:43:02.834,2208522290,307834,1,0.73608,0.27271,0.78491,0.244,1.565,-0.092,ergonomis
2026-06-01 14:43:02.834,2208522290,307834,2,1.0083,-0.04639,-0.25952,-2.267,-0.366,0.481,ergonomis
2026-06-01 14:43:02.034,2208521490,308034,1,0.74414,0.27515,0.77979,0.45,1.771,0.008,ergonomis
2026-06-01 14:43:02.034,2208521490,308034,2,1.01343,-0.04541,-0.25171,-1.542,0.221,0.405,ergonomis
2026-06-01 14:43:02.234,2208521690,308234,1,0.73218,0.27246,0.78711,0.427,1.809,-0.427,ergonomis
2026-06-01 14:43:02.234,2208521690,308234,2,1.01074,-0.04272,-0.2583,-1.229,0.389,0.458,ergonomis
2026-06-01 14:43:03.434,2208522890,308434,1,0.73608,0.27222,0.78198,0.931,1.366,-0.282,ergonomis
2026-06-01 14:43:03.434,2208522890,308434,2,1.00928,-0.03711,-0.25708,-1.634,0.435,0.191,ergonomis
2026-06-01 14:43:03.634,2208523090,308634,1,0.73633,0.27222,0.78906,0.229,1.718,-0.389,ergonomis
2026-06-01 14:43:03.634,2208523090,308634,2,1.00537,-0.04272,-0.25903,-0.779,0.588,0.389,ergonomis
2026-06-01 14:43:03.834,2208523290,308834,1,0.73877,0.27075,0.7771,0.061,2.061,-0.366,ergonomis
2026-06-01 14:43:03.834,2208523290,308834,2,1.01221,-0.0459,-0.24829,-1.656,0.427,0.672,ergonomis
2026-06-01 14:43:03.034,2208522490,309034,1,0.73291,0.26978,0.78784,0.107,1.992,-0.557,ergonomis
2026-06-01 14:43:03.034,2208522490,309034,2,1.00903,-0.04248,-0.25244,-0.565,0.656,1.092,ergonomis
2026-06-01 14:43:03.234,2208522690,309234,1,0.73706,0.26709,0.78906,0.13,1.748,-0.42,ergonomis
2026-06-01 14:43:03.234,2208522690,309234,2,1.01807,-0.04785,-0.26416,-1.771,0.305,0.359,ergonomis
2026-06-01 14:43:04.434,2208523890,309434,1,0.74023,0.26636,0.77856,0.427,2.038,-0.382,ergonomis
2026-06-01 14:43:04.434,2208523890,309434,2,1.00879,-0.0459,-0.25562,-0.756,0.45,0.466,ergonomis
2026-06-01 14:43:04.634,2208524090,309634,1,0.73145,0.26221,0.78247,0.16,1.565,-0.74,ergonomis
2026-06-01 14:43:04.634,2208524090,309634,2,1.01465,-0.0437,-0.24951,-1.519,1.16,0.504,ergonomis
2026-06-01 14:43:04.975,2208524431,309974,1,0.74146,0.26074,0.78735,0.618,2.099,-0.832,ergonomis
2026-06-01 14:43:04.975,2208524431,309974,2,1.00879,-0.04468,-0.25928,-0.191,1.237,0.305,ergonomis
2026-06-01 14:43:04.174,2208523630,310174,1,0.73511,0.26465,0.78296,0.656,2.176,-1.153,ergonomis
2026-06-01 14:43:04.174,2208523630,310174,2,1.00879,-0.04517,-0.24854,-0.779,0.595,0.519,ergonomis
2026-06-01 14:43:05.374,2208524830,310374,1,0.73926,0.27563,0.7854,0.611,1.557,-0.969,ergonomis
2026-06-01 14:43:05.374,2208524830,310374,2,1.01636,-0.04663,-0.24609,-1.84,0.389,0.908,ergonomis
2026-06-01 14:43:05.574,2208525030,310574,1,0.72485,0.27344,0.78906,0.695,1.847,-0.412,ergonomis
2026-06-01 14:43:05.574,2208525030,310574,2,1.01196,-0.04639,-0.24487,-1.435,0.824,0.153,ergonomis
2026-06-01 14:43:05.774,2208525230,310774,1,0.73486,0.27759,0.78662,0.275,2.008,-0.588,ergonomis
2026-06-01 14:43:05.774,2208525230,310774,2,1.01392,-0.04907,-0.24829,-1.809,-0.153,0.534,ergonomis
2026-06-01 14:43:05.974,2208525430,310974,1,0.7334,0.27148,0.79199,0.122,1.939,-0.45,ergonomis
2026-06-01 14:43:05.974,2208525430,310974,2,1.01099,-0.04956,-0.25732,-2.13,-0.275,0.611,ergonomis
2026-06-01 14:43:05.174,2208524630,311174,1,0.73413,0.26538,0.78076,0.229,1.321,-0.473,ergonomis
2026-06-01 14:43:05.174,2208524630,311174,2,1.01367,-0.04785,-0.25806,-1.84,0.191,0.252,ergonomis
2026-06-01 14:43:06.374,2208525830,311374,1,0.73511,0.2749,0.78271,0.634,1.977,-0.313,ergonomis
2026-06-01 14:43:06.374,2208525830,311374,2,1.00659,-0.04248,-0.2522,-1.527,0.435,0.366,ergonomis
2026-06-01 14:43:06.574,2208526030,311574,1,0.72925,0.27734,0.78833,0.122,1.885,-0.397,ergonomis
2026-06-01 14:43:06.574,2208526030,311574,2,1.01294,-0.04565,-0.25342,-0.45,0.008,0.87,ergonomis
2026-06-01 14:43:06.774,2208526230,311774,1,0.73267,0.27148,0.78467,0.221,1.534,-0.374,ergonomis
2026-06-01 14:43:06.774,2208526230,311774,2,1.0083,-0.0437,-0.25952,-1.351,0.496,0.504,ergonomis
2026-06-01 14:43:06.974,2208526430,311974,1,0.74048,0.26611,0.77832,0.198,1.794,-0.511,ergonomis
2026-06-01 14:43:06.974,2208526430,311974,2,1.0166,-0.04468,-0.26587,-0.954,0.565,0.908,ergonomis
2026-06-01 14:43:06.174,2208525630,312174,1,0.73389,0.26782,0.77856,0.679,1.679,-0.756,ergonomis
2026-06-01 14:43:06.174,2208525630,312174,2,1.01367,-0.052,-0.26221,-1.611,0.344,0.443,ergonomis
2026-06-01 14:43:07.374,2208526830,312374,1,0.74512,0.26807,0.7749,0.542,1.641,-0.656,ergonomis
2026-06-01 14:43:07.374,2208526830,312374,2,1.01221,-0.04175,-0.25757,-1.626,0.13,-0.153,ergonomis
2026-06-01 14:43:07.574,2208527030,312574,1,0.74048,0.271,0.77905,0.359,1.832,-0.87,ergonomis
2026-06-01 14:43:07.574,2208527030,312574,2,1.01245,-0.04517,-0.25562,-0.595,0.656,0.603,ergonomis
2026-06-01 14:43:07.774,2208527230,312774,1,0.73291,0.27637,0.78784,0.565,1.931,-0.817,ergonomis
2026-06-01 14:43:07.774,2208527230,312774,2,1.00366,-0.0415,-0.26196,-0.794,1.313,0.359,ergonomis
2026-06-01 14:43:07.974,2208527430,312974,1,0.73608,0.271,0.77856,0.298,2.0,-0.992,ergonomis
2026-06-01 14:43:07.974,2208527430,312974,2,1.00854,-0.04736,-0.24951,-0.557,1.023,0.763,ergonomis
2026-06-01 14:43:07.174,2208526630,313174,1,0.74072,0.27466,0.77686,0.328,1.794,-0.74,ergonomis
2026-06-01 14:43:07.174,2208526630,313174,2,1.00977,-0.04858,-0.26514,-0.366,0.916,0.901,ergonomis
2026-06-01 14:43:08.374,2208527830,313374,1,0.7373,0.27417,0.79272,0.313,1.878,-0.489,ergonomis
2026-06-01 14:43:08.374,2208527830,313374,2,1.00879,-0.04541,-0.25,-0.527,1.092,0.405,ergonomis
2026-06-01 14:43:08.574,2208528030,313574,1,0.72632,0.26709,0.78979,-0.16,1.87,-0.29,ergonomis
2026-06-01 14:43:08.574,2208528030,313574,2,1.01221,-0.04932,-0.23779,-2.031,-0.015,0.847,ergonomis
2026-06-01 14:43:08.774,2208528230,313774,1,0.73169,0.27295,0.79785,0.74,1.496,-0.328,ergonomis
2026-06-01 14:43:08.774,2208528230,313774,2,1.01904,-0.05127,-0.25464,-2.656,-0.893,0.229,ergonomis
2026-06-01 14:43:08.974,2208528430,313974,1,0.73096,0.27515,0.7793,0.435,1.939,-0.725,ergonomis
2026-06-01 14:43:08.974,2208528430,313974,2,1.01538,-0.05005,-0.2561,-2.595,-0.855,0.183,ergonomis
2026-06-01 14:43:08.174,2208527630,314174,1,0.7334,0.27295,0.78564,0.626,2.069,-0.183,ergonomis
2026-06-01 14:43:08.174,2208527630,314174,2,1.01172,-0.04272,-0.25586,-2.443,-0.008,0.382,ergonomis
2026-06-01 14:43:09.374,2208528830,314374,1,0.72803,0.27051,0.78223,0.237,1.916,-0.634,ergonomis
2026-06-01 14:43:09.374,2208528830,314374,2,1.01318,-0.04736,-0.25195,-1.962,0.076,-0.237,ergonomis
2026-06-01 14:43:09.574,2208529030,314574,1,0.72827,0.26782,0.78589,-0.008,1.901,-0.611,ergonomis
2026-06-01 14:43:09.574,2208529030,314574,2,1.00537,-0.04175,-0.25195,-0.588,-0.13,0.176,ergonomis
2026-06-01 14:43:09.774,2208529230,314774,1,0.73169,0.27344,0.77856,0.374,1.954,-0.618,ergonomis
2026-06-01 14:43:09.774,2208529230,314774,2,1.01147,-0.04541,-0.25659,-1.763,-0.13,0.145,ergonomis
2026-06-01 14:43:09.974,2208529430,314974,1,0.73315,0.26196,0.78296,0.122,1.58,-0.718,ergonomis
2026-06-01 14:43:09.974,2208529430,314974,2,1.00977,-0.03931,-0.26392,-1.137,-0.16,0.031,ergonomis
2026-06-01 14:43:09.174,2208528630,315174,1,0.73413,0.27271,0.79175,-0.076,1.687,-0.802,ergonomis
2026-06-01 14:43:09.174,2208528630,315174,2,1.01318,-0.04004,-0.26245,-1.542,0.603,0.328,ergonomis
2026-06-01 14:43:10.374,2208529830,315374,1,0.73193,0.27686,0.78735,0.45,2.145,-0.718,ergonomis
2026-06-01 14:43:10.374,2208529830,315374,2,1.01074,-0.04346,-0.26465,-1.275,0.55,0.275,ergonomis
2026-06-01 14:43:10.574,2208530030,315574,1,0.73682,0.2793,0.79053,0.29,1.679,-0.878,ergonomis
2026-06-01 14:43:10.574,2208530030,315574,2,1.0061,-0.04077,-0.26147,-0.779,1.351,0.038,ergonomis
2026-06-01 14:43:10.774,2208530230,315774,1,0.7373,0.26782,0.78076,,1.84,-0.939,ergonomis
2026-06-01 14:43:10.774,2208530230,315774,2,1.00879,-0.03931,-0.25708,-1.389,1.267,0.359,ergonomis
2026-06-01 14:43:10.974,2208530430,315974,1,0.73096,0.27393,0.78003,0.519,1.824,-0.412,ergonomis
2026-06-01 14:43:10.974,2208530430,315974,2,1.01172,-0.03955,-0.25562,,0.595,0.702,ergonomis
2026-06-01 14:43:10.174,2208529630,316174,1,0.73877,0.27026,0.77832,0.664,1.771,-0.695,ergonomis
2026-06-01 14:43:10.174,2208529630,316174,2,1.01099,-0.04077,-0.25732,-0.557,1.0,0.733,ergonomis
2026-06-01 14:43:11.374,2208530830,316374,1,0.73242,0.27344,0.79297,0.374,1.985,-0.252,ergonomis
2026-06-01 14:43:11.374,2208530830,316374,2,1.01221,-0.04443,-0.2583,-1.382,0.748,0.275,ergonomis
2026-06-01 14:43:11.574,2208531030,316574,1,0.73877,0.2749,0.77271,0.298,1.824,-0.595,ergonomis
2026-06-01 14:43:11.574,2208531030,316574,2,1.01465,-0.03857,-0.24805,-1.802,-0.145,0.84,ergonomis
2026-06-01 14:43:11.774,2208531230,316774,1,0.73364,0.26978,0.79541,0.16,1.756,-0.527,ergonomis
2026-06-01 14:43:11.774,2208531230,316774,2,1.00879,-0.04639,-0.24707,-2.092,-0.267,0.55,ergonomis
2026-06-01 14:43:11.974,2208531430,316974,1,0.7395,0.27368,0.79419,0.389,1.656,-0.092,ergonomis
2026-06-01 14:43:11.974,2208531430,316974,2,1.01001,-0.04443,-0.25049,-1.771,-0.26,0.275,ergonomis
2026-06-01 14:43:11.174,2208530630,317174,1,0.73584,0.26807,0.78833,0.389,1.855,-0.45,ergonomis
2026-06-01 14:43:11.174,2208530630,317174,2,1.01099,-0.0481,-0.25781,-2.061,0.031,0.435,ergonomis
2026-06-01 14:43:12.374,2208531830,317374,1,0.73291,0.27173,0.78467,0.168,1.565,-0.611,ergonomis
2026-06-01 14:43:12.374,2208531830,317374,2,1.0188,-0.04614,-0.25537,-1.748,-0.038,0.626,ergonomis
2026-06-01 14:43:12.574,2208532030,317574,1,0.7417,0.27002,0.78467,-0.344,1.878,-0.908,ergonomis
2026-06-01 14:43:12.574,2208532030,317574,2,1.01294,-0.04712,-0.25464,-1.664,0.267,0.977,ergonomis
2026-06-01 14:43:12.774,2208532230,317774,1,0.73413,0.26392,0.77344,0.145,2.053,0.023,ergonomis
2026-06-01 14:43:12.774,2208532230,317774,2,1.00952,-0.04175,-0.26196,-1.794,-0.061,0.267,ergonomis
2026-06-01 14:43:12.974,2208532430,317974,1,0.74072,0.26855,0.78223,0.13,1.977,-0.412,ergonomis
2026-06-01 14:43:12.974,2208532430,317974,2,1.0127,-0.03979,-0.2583,-1.611,0.481,0.733,ergonomis
2026-06-01 14:43:12.174,2208531630,318174,1,0.73511,0.26294,0.78442,0.473,2.031,-0.313,ergonomis
2026-06-01 14:43:12.174,2208531630,318174,2,1.01123,-0.04395,-0.25977,-1.679,0.122,0.55,ergonomis
2026-06-01 14:43:13.374,2208532830,318374,1,0.74438,0.27344,0.79077,0.634,1.458,-0.763,ergonomis
2026-06-01 14:43:13.374,2208532830,318374,2,1.00171,-0.05029,-0.26807,-0.779,0.855,0.389,ergonomis
2026-06-01 14:43:13.574,2208533030,318574,1,0.74072,0.2688,0.7832,0.473,2.084,-0.748,ergonomis
2026-06-01 14:43:13.574,2208533030,318574,2,1.01172,-0.0415,-0.25293,-0.55,0.084,-0.069,ergonomis
2026-06-01 14:43:13.774,2208533230,318774,1,0.73828,0.26978,0.78833,0.252,1.916,-1.031,ergonomis
2026-06-01 14:43:13.774,2208533230,318774,2,1.01294,-0.04346,-0.25073,-1.435,1.198,0.466,ergonomis
2026-06-01 14:43:13.974,2208533430,318974,1,0.7373,0.26929,0.77393,0.427,2.061,-0.672,ergonomis
2026-06-01 14:43:13.974,2208533430,318974,2,1.00732,-0.0415,-0.25635,-0.191,1.679,0.443,ergonomis
2026-06-01 14:43:13.174,2208532630,319174,1,0.73389,0.27539,0.77783,0.519,2.122,-0.641,ergonomis
2026-06-01 14:43:13.174,2208532630,319174,2,1.00977,-0.04639,-0.25439,0.145,0.794,0.405,ergonomis
2026-06-01 14:43:14.374,2208533830,319374,1,0.73706,0.27271,0.7793,0.45,1.931,-0.786,ergonomis
2026-06-01 14:43:14.374,2208533830,319374,2,1.01978,-0.0415,-0.25244,-0.412,0.901,0.809,ergonomis
2026-06-01 14:43:14.574,2208534030,319574,1,0.73413,0.27222,0.78223,0.565,2.038,-0.74,ergonomis
2026-06-01 14:43:14.574,2208534030,319574,2,1.01001,-0.04419,-0.2561,-1.74,-0.176,0.527,ergonomis
2026-06-01 14:43:14.774,2208534230,319774,1,0.72729,0.26758,0.78467,0.191,1.405,-0.611,ergonomis
2026-06-01 14:43:14.774,2208534230,319774,2,1.0127,-0.04517,-0.24463,-2.321,-0.351,0.351,ergonomis
2026-06-01 14:43:14.974,2208534430,319974,1,0.7356,0.27515,0.77588,0.275,1.802,-0.435,ergonomis
2026-06-01 14:43:14.974,2208534430,319974,2,1.01147,-0.04224,-0.25391,-1.87,0.244,0.458,ergonomis
2026-06-01 14:43:14.174,2208533630,320174,1,0.73706,0.27539,0.78467,0.176,1.969,-0.611,ergonomis
2026-06-01 14:43:14.174,2208533630,320174,2,1.01563,-0.04639,-0.25391,-1.397,-0.985,0.198,ergonomis
2026-06-01 14:43:15.374,2208534830,320374,1,0.73242,0.27246,0.78906,0.252,1.992,-0.595,ergonomis
2026-06-01 14:43:15.374,2208534830,320374,2,1.01367,-0.04614,-0.26489,-2.115,0.29,0.481,ergonomis
2026-06-01 14:43:15.574,2208535030,320574,1,0.73682,0.27173,0.78467,0.275,2.313,-0.305,ergonomis
2026-06-01 14:43:15.574,2208535030,320574,2,1.0105,-0.03979,-0.25952,-1.725,0.443,0.427,ergonomis
2026-06-01 14:43:15.774,2208535230,320774,1,0.73901,0.27319,0.7854,0.366,1.794,-0.55,ergonomis
2026-06-01 14:43:15.774,2208535230,320774,2,1.00781,-0.04614,-0.25879,-1.053,0.153,0.496,ergonomis
2026-06-01 14:43:15.974,2208535430,320974,1,0.73267,0.28076,0.78369,0.145,1.55,-1.0,ergonomis
2026-06-01 14:43:15.974,2208535430,320974,2,1.01025,-0.04614,-0.25537,-1.573,0.702,0.55,ergonomis
2026-06-01 14:43:15.174,2208534630,321174,1,0.73584,0.27637,0.78857,0.244,1.695,-0.473,ergonomis
2026-06-01 14:43:15.174,2208534630,321174,2,1.01001,-0.04004,-0.26001,-1.29,0.847,0.176,ergonomis
2026-06-01 14:43:16.374,2208535830,321374,1,0.73145,0.2771,0.79248,0.336,2.076,-0.557,ergonomis
2026-06-01 14:43:16.374,2208535830,321374,2,1.02002,-0.03735,-0.25171,-1.305,0.74,0.443,ergonomis
2026-06-01 14:43:16.574,2208536030,321574,1,0.73779,0.27417,0.79224,0.725,1.847,-0.496,ergonomis
2026-06-01 14:43:16.574,2208536030,321574,2,1.01147,-0.04224,-0.26489,-0.756,0.519,0.771,ergonomis
2026-06-01 14:43:16.774,2208536230,321774,1,0.73022,0.27563,0.79297,0.221,1.634,-0.588,ergonomis
2026-06-01 14:43:16.774,2208536230,321774,2,1.01538,-0.04395,-0.26123,-2.626,-0.16,0.847,ergonomis
2026-06-01 14:43:16.974,2208536430,321974,1,0.7334,0.27026,0.7749,0.42,1.748,-0.305,ergonomis
2026-06-01 14:43:16.974,2208536430,321974,2,1.01294,-0.04126,-0.26367,-1.527,-0.031,0.626,ergonomis
2026-06-01 14:43:16.174,2208535630,322174,1,0.73218,0.26953,0.78564,0.427,1.779,-0.763,ergonomis
2026-06-01 14:43:16.174,2208535630,322174,2,1.01074,-0.03833,-0.26465,-1.771,0.374,0.244,ergonomis
2026-06-01 14:43:17.374,2208536830,322374,1,0.72754,0.27148,0.78857,0.366,2.107,-0.794,ergonomis
2026-06-01 14:43:17.374,2208536830,322374,2,1.00928,-0.03955,-0.25684,-2.542,0.336,0.267,ergonomis
2026-06-01 14:43:17.574,2208537030,322574,1,0.73535,0.27319,0.78687,0.473,1.947,-0.603,ergonomis
2026-06-01 14:43:17.574,2208537030,322574,2,1.01196,-0.03784,-0.26099,-1.321,0.29,0.221,ergonomis
2026-06-01 14:43:17.774,2208537230,322774,1,0.73364,0.27563,0.7832,1.008,2.305,-0.237,ergonomis
2026-06-01 14:43:17.774,2208537230,322774,2,1.01123,-0.03418,-0.26367,-1.244,0.863,-0.145,ergonomis
2026-06-01 14:43:17.974,2208537430,322974,1,0.73169,0.27759,0.77441,0.229,2.008,-1.0,ergonomis
2026-06-01 14:43:17.974,2208537430,322974,2,1.01685,-0.03784,-0.26123,-1.298,0.679,0.679,ergonomis
2026-06-01 14:43:17.174,2208536630,323174,1,0.73364,0.27466,0.78442,0.634,1.901,-0.756,ergonomis
2026-06-01 14:43:17.174,2208536630,323174,2,1.01147,-0.0415,-0.26025,-0.649,0.954,0.344,ergonomis
2026-06-01 14:43:18.374,2208537830,323374,1,0.73096,0.27515,0.78564,0.298,1.855,-1.023,ergonomis
2026-06-01 14:43:18.374,2208537830,323374,2,1.01318,-0.04053,-0.26221,-0.855,1.351,0.595,ergonomis
2026-06-01 14:43:18.574,2208538030,323574,1,0.73291,0.27588,0.78003,0.382,1.809,-0.519,ergonomis
2026-06-01 14:43:18.574,2208538030,323574,2,1.00977,-0.04321,-0.26074,-0.84,0.756,0.344,ergonomis
2026-06-01 14:43:18.774,2208538230,323774,1,0.73853,0.27246,0.77954,0.321,1.817,-0.328,ergonomis
2026-06-01 14:43:18.774,2208538230,323774,2,1.01587,-0.04321,-0.25024,-1.794,0.183,0.405,ergonomis
2026-06-01 14:43:18.974,2208538430,323974,1,0.72876,0.2771,0.78052,0.221,2.076,-0.389,ergonomis
2026-06-01 14:43:18.974,2208538430,323974,2,1.01807,-0.04102,-0.25464,-2.542,0.099,0.603,ergonomis
2026-06-01 14:43:18.174,2208537630,324174,1,0.73071,0.27417,0.78101,0.282,1.824,-0.802,ergonomis
2026-06-01 14:43:18.174,2208537630,324174,2,1.01099,-0.03564,-0.25122,-2.176,-0.198,0.45,ergonomis
2026-06-01 14:43:19.374,2208538830,324374,1,0.72949,0.27515,0.78906,0.038,1.824,-0.779,ergonomis
2026-06-01 14:43:19.374,2208538830,324374,2,1.00562,-0.03491,-0.26343,-0.702,-0.718,0.702,ergonomis
2026-06-01 14:43:19.574,2208539030,324574,1,0.73389,0.27051,0.77441,0.076,2.015,-0.489,ergonomis
2026-06-01 14:43:19.574,2208539030,324574,2,1.00928,-0.03149,-0.25708,-0.542,-0.282,0.137,ergonomis
2026-06-01 14:43:19.774,2208539230,324774,1,0.73633,0.27197,0.77759,-0.16,1.672,-0.458,ergonomis
2026-06-01 14:43:19.774,2208539230,324774,2,1.01001,-0.03589,-0.25488,-1.87,0.038,0.366,ergonomis
2026-06-01 14:43:19.974,2208539430,324974,1,0.7334,0.27832,0.77808,0.466,1.817,-0.748,ergonomis
2026-06-01 14:43:19.974,2208539430,324974,2,1.01074,-0.04175,-0.26685,-0.779,0.611,0.962,ergonomis
2026-06-01 14:43:19.174,2208538630,325174,1,0.73608,0.27637,0.77905,0.115,1.473,-0.282,ergonomis
2026-06-01 14:43:19.174,2208538630,325174,2,1.00928,-0.04126,-0.25635,-1.557,0.641,0.252,ergonomis
2026-06-01 14:43:20.374,2208539830,325374,1,0.73364,0.28003,0.79175,-0.046,1.71,-0.718,ergonomis
2026-06-01 14:43:20.374,2208539830,325374,2,1.01025,-0.03882,-0.26367,-0.771,0.45,0.832,ergonomis
2026-06-01 14:43:20.574,2208540030,325574,1,0.73535,0.27148,0.79224,0.252,1.84,-0.557,ergonomis
2026-06-01 14:43:20.574,2208540030,325574,2,1.01343,-0.0376,-0.26196,-1.214,0.534,0.336,ergonomis
2026-06-01 14:43:20.774,2208540230,325774,1,0.73926,0.27612,0.78711,0.496,1.763,-0.519,ergonomis
2026-06-01 14:43:20.774,2208540230,325774,2,1.01245,-0.03394,-0.26514,-2.366,0.176,0.366,ergonomis
2026-06-01 14:43:20.974,2208540430,325974,1,0.73389,0.2771,0.78125,0.122,1.802,-0.542,ergonomis
2026-06-01 14:43:20.974,2208540430,325974,2,1.00537,-0.03711,-0.26636,0.374,0.527,0.924,ergonomis
2026-06-01 14:43:20.174,2208539630,326174,1,0.73291,0.2771,0.78711,0.183,1.847,-0.908,ergonomis
2026-06-01 14:43:20.174,2208539630,326174,2,1.01001,-0.03784,-0.26123,-0.786,0.809,0.481,ergonomis
2026-06-01 14:43:21.374,2208540830,326374,1,0.73657,0.27661,0.7915,0.45,1.748,-0.412,ergonomis
2026-06-01 14:43:21.374,2208540830,326374,2,1.01196,-0.0332,-0.26147,0.191,1.313,0.267,ergonomis
2026-06-01 14:43:21.574,2208541030,326574,1,0.73853,0.26978,0.78516,0.626,2.603,-0.695,ergonomis
2026-06-01 14:43:21.574,2208541030,326574,2,1.00708,-0.03784,-0.25806,-0.122,1.282,0.473,ergonomis
2026-06-01 14:43:21.774,2208541230,326774,1,0.73145,0.27344,0.78076,0.214,2.023,-0.786,ergonomis
2026-06-01 14:43:21.774,2208541230,326774,2,1.01074,-0.04639,-0.25464,,0.748,0.458,ergonomis
2026-06-01 14:43:21.974,2208541430,326974,1,0.7312,0.27637,0.79272,0.344,2.519,-0.26,ergonomis
2026-06-01 14:43:21.974,2208541430,326974,2,1.00928,-0.03467,-0.23828,-1.908,0.267,0.351,ergonomis
2026-06-01 14:43:21.174,2208540630,327174,1,0.72412,0.27222,0.78589,-0.328,1.359,-0.42,ergonomis
2026-06-01 14:43:21.174,2208540630,327174,2,1.00903,-0.04053,-0.25317,-2.29,-0.595,-0.237,ergonomis
2026-06-01 14:43:22.374,2208541830,327374,1,0.73389,0.28467,0.79785,0.412,2.015,-0.26,ergonomis
2026-06-01 14:43:22.374,2208541830,327374,2,1.02026,-0.03638,-0.25635,-1.725,-0.061,0.458,ergonomis
2026-06-01 14:43:22.574,2208542030,327574,1,0.71924,0.27881,0.78857,0.466,1.809,-0.473,ergonomis
2026-06-01 14:43:22.574,2208542030,327574,2,1.00879,-0.04102,-0.25659,-2.863,0.145,0.298,ergonomis
2026-06-01 14:43:22.774,2208542230,327774,1,0.72632,0.27515,0.78369,0.427,1.679,-0.267,ergonomis
2026-06-01 14:43:22.774,2208542230,327774,2,1.01538,-0.03345,-0.25757,-1.748,-0.45,0.763,ergonomis
2026-06-01 14:43:22.974,2208542430,327974,1,0.73535,0.27881,0.78711,-0.099,2.023,-0.649,ergonomis
2026-06-01 14:43:22.974,2208542430,327974,2,1.01514,-0.04053,-0.26025,-2.061,1.435,0.397,ergonomis
2026-06-01 14:43:22.174,2208541630,328174,1,0.72827,0.27588,0.78027,0.221,2.053,-0.748,ergonomis
2026-06-01 14:43:22.174,2208541630,328174,2,1.01318,-0.04175,-0.26465,-1.618,0.443,0.336,ergonomis
2026-06-01 14:43:23.374,2208542830,328374,1,0.7356,0.28003,0.79248,0.344,2.031,-0.099,ergonomis
2026-06-01 14:43:23.374,2208542830,328374,2,1.01318,-0.04199,-0.25903,-2.542,0.145,0.076,ergonomis
2026-06-01 14:43:23.574,2208543030,328574,1,0.73193,0.2793,0.78369,0.252,2.313,-0.244,ergonomis
2026-06-01 14:43:23.574,2208543030,328574,2,1.01782,-0.03687,-0.25049,-0.328,0.947,0.58,ergonomis
2026-06-01 14:43:23.774,2208543230,328774,1,0.73267,0.27148,0.78833,0.29,1.992,-0.618,ergonomis
2026-06-01 14:43:23.774,2208543230,328774,2,1.01367,-0.03516,-0.25708,-0.588,1.718,0.45,ergonomis
2026-06-01 14:43:23.974,2208543430,328974,1,0.72876,0.27466,0.77563,0.679,2.626,-0.527,ergonomis
2026-06-01 14:43:23.974,2208543430,328974,2,1.01123,-0.03247,-0.24854,-0.046,1.389,1.084,ergonomis
2026-06-01 14:43:23.174,2208542630,329174,1,0.72607,0.27856,0.78613,0.466,1.748,-0.344,ergonomis
2026-06-01 14:43:23.174,2208542630,329174,2,1.01025,-0.03442,-0.25635,-0.298,0.176,0.863,ergonomis
2026-06-01 14:43:24.374,2208543830,329374,1,0.72827,0.2771,0.79297,0.664,1.786,-0.756,ergonomis
2026-06-01 14:43:24.374,2208543830,329374,2,1.01514,-0.03833,-0.25659,-2.076,0.053,0.519,ergonomis
2026-06-01 14:43:24.574,2208544030,329574,1,0.72656,0.26929,0.78833,0.443,1.504,-0.366,ergonomis
2026-06-01 14:43:24.574,2208544030,329574,2,1.00757,-0.0437,-0.25366,-0.634,-0.427,0.634,ergonomis
2026-06-01 14:43:24.774,2208544230,329774,1,0.73096,0.27026,0.80054,0.351,2.069,-0.504,ergonomis
2026-06-01 14:43:24.774,2208544230,329774,2,1.01147,-0.04272,-0.25317,-1.756,-0.298,0.458,ergonomis
2026-06-01 14:43:24.974,2208544430,329974,1,0.73462,0.27393,0.78711,0.031,1.878,-0.466,ergonomis
2026-06-01 14:43:24.974,2208544430,329974,2,1.01123,-0.03467,-0.25659,-1.695,0.084,0.481,ergonomis
2026-06-01 14:43:24.174,2208543630,330174,1,0.72827,0.27734,0.78394,-0.321,1.977,-0.282,ergonomis
2026-06-01 14:43:24.174,2208543630,330174,2,1.01733,-0.04053,-0.25732,-1.069,0.038,1.015,ergonomis
2026-06-01 14:43:25.374,2208544830,330374,1,0.73096,0.26636,0.7959,0.458,1.664,-0.298,ergonomis
2026-06-01 14:43:25.374,2208544830,330374,2,1.01147,-0.03931,-0.26221,-3.267,-0.061,0.389,ergonomis
2026-06-01 14:43:25.574,2208545030,330574,1,0.73608,0.27539,0.78125,0.374,1.649,-0.328,ergonomis
2026-06-01 14:43:25.574,2208545030,330574,2,1.01587,-0.04419,-0.25439,-0.947,0.336,0.282,ergonomis
2026-06-01 14:43:25.774,2208545230,330774,1,0.72729,0.26758,0.78711,0.397,1.962,-0.435,ergonomis
2026-06-01 14:43:25.774,2208545230,330774,2,1.01074,-0.04199,-0.25586,-1.313,0.282,0.435,ergonomis
2026-06-01 14:43:25.974,2208545430,330974,1,0.72974,0.27148,0.79053,0.573,1.84,-0.802,ergonomis
2026-06-01 14:43:25.974,2208545430,330974,2,1.01318,-0.04199,-0.25586,-1.649,0.466,0.053,ergonomis
2026-06-01 14:43:25.174,2208544630,331174,1,0.73169,0.26953,0.78345,0.458,2.244,-0.405,ergonomis
2026-06-01 14:43:25.174,2208544630,331174,2,1.00903,-0.03394,-0.27295,-1.069,0.969,0.443,ergonomis
2026-06-01 14:43:26.374,2208545830,331374,1,0.7334,0.26758,0.78955,0.298,1.824,-0.824,ergonomis
2026-06-01 14:43:26.374,2208545830,331374,2,1.01294,-0.03882,-0.24756,-0.366,0.511,0.374,ergonomis
2026-06-01 14:43:26.574,2208546030,331574,1,0.7312,0.26831,0.7998,-0.336,1.405,-0.87,ergonomis
2026-06-01 14:43:26.574,2208546030,331574,2,1.01611,-0.0354,-0.25464,-0.985,1.015,0.878,ergonomis
2026-06-01 14:43:26.774,2208546230,331774,1,0.73462,0.26953,0.78613,0.435,1.725,-0.611,ergonomis
2026-06-01 14:43:26.774,2208546230,331774,2,1.01001,-0.03906,-0.25317,-0.649,1.382,0.336,ergonomis
2026-06-01 14:43:26.974,2208546430,331974,1,0.72925,0.27563,0.79175,0.504,2.0,-0.893,ergonomis
2026-06-01 14:43:26.974,2208546430,331974,2,1.01636,-0.03955,-0.25317,-0.511,1.481,0.527,ergonomis
2026-06-01 14:43:26.174,2208545630,332174,1,0.7334,0.26514,0.79932,0.679,1.84,-0.779,ergonomis
2026-06-01 14:43:26.174,2208545630,332174,2,1.02148,-0.0415,-0.24878,-0.687,0.656,0.527,ergonomis
2026-06-01 14:43:27.374,2208546830,332374,1,0.72974,0.27271,0.79639,0.466,1.634,-0.87,ergonomis
2026-06-01 14:43:27.374,2208546830,332374,2,1.00879,-0.04297,-0.25439,-1.122,0.74,0.771,ergonomis
2026-06-01 14:43:27.574,2208547030,332574,1,0.729,0.27271,0.78613,0.435,1.802,-0.534,ergonomis
2026-06-01 14:43:27.574,2208547030,332574,2,1.01514,-0.03589,-0.24365,-2.053,0.046,0.435,ergonomis
2026-06-01 14:43:27.774,2208547230,332774,1,0.72534,0.27124,0.77783,0.244,1.641,-0.809,ergonomis
2026-06-01 14:43:27.774,2208547230,332774,2,1.02075,-0.04004,-0.24365,-2.053,0.061,0.565,ergonomis
2026-06-01 14:43:27.974,2208547430,332974,1,0.73022,0.27026,0.78955,0.366,1.748,-0.427,ergonomis
2026-06-01 14:43:27.974,2208547430,332974,2,1.01514,-0.04956,-0.24316,-0.924,0.046,0.458,ergonomis
2026-06-01 14:43:27.174,2208546630,333174,1,0.72705,0.27588,0.78906,0.389,1.855,-0.038,ergonomis
2026-06-01 14:43:27.174,2208546630,333174,2,1.01855,-0.03857,-0.25708,-1.664,0.122,0.542,ergonomis
2026-06-01 14:43:28.374,2208547830,333374,1,0.73291,0.26904,0.79199,0.504,1.847,-0.351,ergonomis
2026-06-01 14:43:28.374,2208547830,333374,2,1.01025,-0.04395,-0.25977,-2.733,-0.023,0.389,ergonomis
2026-06-01 14:43:28.574,2208548030,333574,1,0.729,0.26733,0.79077,0.351,1.809,-0.412,ergonomis
2026-06-01 14:43:28.574,2208548030,333574,2,1.00977,-0.04639,-0.24707,-2.42,-0.031,-0.031,ergonomis
2026-06-01 14:43:28.774,2208548230,333774,1,0.7312,0.27051,0.79492,-0.489,2.191,-0.267,ergonomis
2026-06-01 14:43:28.774,2208548230,333774,2,1.0083,-0.04004,-0.25806,-2.252,-0.13,0.382,ergonomis
2026-06-01 14:43:28.974,2208548430,333974,1,0.73315,0.2644,0.78052,0.344,1.908,-0.092,ergonomis
2026-06-01 14:43:28.974,2208548430,333974,2,1.00513,-0.0415,-0.25854,-2.527,-0.183,0.351,ergonomis
2026-06-01 14:43:28.174,2208547630,334174,1,0.73022,0.27393,0.79468,0.084,1.817,-1.168,ergonomis
2026-06-01 14:43:28.174,2208547630,334174,2,1.01123,-0.05249,-0.25806,-2.053,1.008,0.954,ergonomis
2026-06-01 14:43:29.374,2208548830,334374,1,0.729,0.27173,0.78638,0.221,1.992,-0.389,ergonomis
2026-06-01 14:43:29.374,2208548830,334374,2,1.00635,-0.03809,-0.271,-0.29,1.008,0.504,ergonomis
2026-06-01 14:43:29.574,2208549030,334574,1,0.73706,0.27026,0.78809,0.16,2.13,-0.496,ergonomis
2026-06-01 14:43:29.574,2208549030,334574,2,1.00562,-0.03979,-0.26147,-0.985,-0.122,0.565,ergonomis
2026-06-01 14:43:29.774,2208549230,334774,1,0.72974,0.27002,0.78979,0.099,2.061,-0.26,ergonomis
2026-06-01 14:43:29.774,2208549230,334774,2,1.00879,-0.04565,-0.26904,0.366,1.832,1.084,ergonomis
2026-06-01 14:43:29.974,2208549430,334974,1,0.72559,0.27246,0.79419,0.519,1.878,-0.481,ergonomis
2026-06-01 14:43:29.974,2208549430,334974,2,1.01343,-0.04614,-0.25586,-1.916,0.481,0.092,ergonomis
2026-06-01 14:43:29.174,2208548630,335174,1,0.7312,0.27539,0.78638,0.382,1.802,-0.618,ergonomis
2026-06-01 14:43:29.174,2208548630,335174,2,1.0166,-0.04175,-0.25635,0.359,1.023,0.847,ergonomis
2026-06-01 14:43:30.374,2208549830,335374,1,0.73511,0.26831,0.79126,0.649,1.863,-0.763,ergonomis
2026-06-01 14:43:30.374,2208549830,335374,2,1.01172,-0.04175,-0.25806,-0.794,1.427,0.435,ergonomis
2026-06-01 14:43:30.574,2208550030,335574,1,0.73096,0.27759,0.77563,0.733,1.779,-1.16,ergonomis
2026-06-01 14:43:30.574,2208550030,335574,2,1.00806,-0.03735,-0.24902,0.122,2.053,0.969,ergonomis
2026-06-01 14:43:30.774,2208550230,335774,1,0.73267,0.26978,0.78979,0.397,1.672,-1.244,ergonomis
2026-06-01 14:43:30.774,2208550230,335774,2,1.0061,-0.04321,-0.24487,-0.489,1.015,0.267,ergonomis
2026-06-01 14:43:30.974,2208550430,335974,1,0.7229,0.27246,0.79297,0.527,2.168,-0.924,ergonomis
2026-06-01 14:43:30.974,2208550430,335974,2,1.01147,-0.04321,-0.23779,-0.382,0.649,0.412,ergonomis
2026-06-01 14:43:30.174,2208549630,336174,1,0.73364,0.27271,0.78662,0.351,1.74,-0.664,ergonomis
2026-06-01 14:43:30.174,2208549630,336174,2,1.01367,-0.04224,-0.24902,-1.992,0.382,0.817,ergonomis
2026-06-01 14:43:31.374,2208550830,336374,1,0.72974,0.27637,0.78931,0.275,1.664,-0.405,ergonomis
2026-06-01 14:43:31.374,2208550830,336374,2,1.01709,-0.04102,-0.23438,-2.038,-0.084,0.221,ergonomis
2026-06-01 14:43:31.574,2208551030,336574,1,0.72437,0.27563,0.80005,0.153,1.885,-0.397,ergonomis
2026-06-01 14:43:31.574,2208551030,336574,2,1.01123,-0.04639,-0.25244,-1.893,0.305,0.481,ergonomis
2026-06-01 14:43:31.774,2208551230,336774,1,0.72363,0.27515,0.79883,0.519,1.863,-0.427,ergonomis
2026-06-01 14:43:31.774,2208551230,336774,2,1.01099,-0.04395,-0.23999,-1.328,-0.214,0.29,ergonomis
2026-06-01 14:43:31.974,2208551430,336974,1,0.72681,0.27539,0.79443,0.29,1.847,-0.649,ergonomis
2026-06-01 14:43:31.974,2208551430,336974,2,1.01904,-0.03809,-0.2522,-2.771,-0.824,0.336,ergonomis
2026-06-01 14:43:31.174,2208550630,337174,1,0.72876,0.27612,0.79224,0.542,2.13,-0.511,ergonomis
2026-06-01 14:43:31.174,2208550630,337174,2,1.00903,-0.03613,-0.25366,-1.87,0.328,0.374,ergonomis
2026-06-01 14:43:32.374,2208551830,337374,1,0.72583,0.271,0.79956,0.084,1.702,-0.244,ergonomis
2026-06-01 14:43:32.374,2208551830,337374,2,1.00854,-0.04639,-0.24194,-1.275,-0.244,1.061,ergonomis
2026-06-01 14:43:32.574,2208552030,337574,1,0.73315,0.27612,0.79199,0.282,1.13,-0.748,ergonomis
2026-06-01 14:43:32.574,2208552030,337574,2,1.00928,-0.03955,-0.25317,-2.122,-0.252,0.573,ergonomis
2026-06-01 14:43:32.774,2208552230,337774,1,0.72876,0.27271,0.79858,0.42,2.374,-0.107,ergonomis
2026-06-01 14:43:32.774,2208552230,337774,2,1.01245,-0.04321,-0.25684,-1.496,0.634,0.336,ergonomis
2026-06-01 14:43:32.974,2208552430,337974,1,0.72974,0.26782,0.79077,0.282,1.908,-0.397,ergonomis
2026-06-01 14:43:32.974,2208552430,337974,2,1.00879,-0.04419,-0.24976,-0.496,0.817,0.473,ergonomis
2026-06-01 14:43:32.174,2208551630,338174,1,0.72729,0.26611,0.78589,0.71,2.198,-0.84,ergonomis
2026-06-01 14:43:32.174,2208551630,338174,2,1.01587,-0.04199,-0.25952,-0.496,,0.87,ergonomis
2026-06-01 14:43:33.374,2208552830,338374,1,0.72778,0.27344,0.79492,0.145,1.824,-0.641,ergonomis
2026-06-01 14:43:33.374,2208552830,338374,2,1.02417,-0.04102,-0.25293,-1.443,0.435,0.115,ergonomis
2026-06-01 14:43:33.574,2208553030,338574,1,0.71997,0.26978,0.79077,0.214,1.519,-1.092,ergonomis
2026-06-01 14:43:33.574,2208553030,338574,2,1.01196,-0.04395,-0.25586,-0.252,0.725,0.435,ergonomis
2026-06-01 14:43:33.774,2208553230,338774,1,0.73022,0.27002,0.78857,0.679,1.916,-0.489,ergonomis
2026-06-01 14:43:33.774,2208553230,338774,2,1.01416,-0.03955,-0.24585,0.122,0.664,0.267,ergonomis
2026-06-01 14:43:33.974,2208553430,338974,1,0.7251,0.271,0.78882,0.847,2.046,-0.565,ergonomis
2026-06-01 14:43:33.974,2208553430,338974,2,1.0144,-0.03735,-0.25073,-0.237,0.954,0.45,ergonomis
2026-06-01 14:43:33.174,2208552630,339174,1,0.72485,0.27173,0.79199,0.382,1.947,-0.595,ergonomis
2026-06-01 14:43:33.174,2208552630,339174,2,1.01514,-0.04126,-0.24097,-0.725,1.053,0.244,ergonomis
2026-06-01 14:43:34.374,2208553830,339374,1,0.72485,0.27563,0.79663,0.344,2.252,-0.595,ergonomis
2026-06-01 14:43:34.374,2208553830,339374,2,1.01099,-0.04419,-0.24146,-0.641,0.824,0.427,ergonomis
2026-06-01 14:43:34.574,2208554030,339574,1,0.72119,0.27295,0.7981,0.382,1.473,-0.473,ergonomis
2026-06-01 14:43:34.574,2208554030,339574,2,1.01147,-0.04565,-0.23975,-2.366,0.206,0.443,ergonomis
2026-06-01 14:43:34.774,2208554230,339774,1,0.73022,0.27515,0.79736,0.198,2.031,-0.321,ergonomis
2026-06-01 14:43:34.774,2208554230,339774,2,1.01514,-0.03735,-0.23975,-1.519,0.168,0.443,ergonomis
2026-06-01 14:43:34.974,2208554430,339974,1,0.72412,0.27686,0.79248,0.168,1.786,-0.519,ergonomis
2026-06-01 14:43:34.974,2208554430,339974,2,1.01929,-0.04395,-0.24878,-1.221,0.435,0.534,ergonomis
2026-06-01 14:43:34.174,2208553630,340174,1,0.72876,0.2771,0.79077,0.229,1.763,-0.466,ergonomis
2026-06-01 14:43:34.174,2208553630,340174,2,1.01831,-0.04077,-0.24609,-1.992,-0.023,0.603,ergonomis
2026-06-01 14:43:35.405,2208554861,340405,1,0.72217,0.27173,0.78735,0.275,1.985,-0.412,ergonomis
2026-06-01 14:43:35.405,2208554861,340405,2,1.01782,-0.0415,-0.24609,-1.191,-0.145,0.351,ergonomis
2026-06-01 14:43:35.605,2208555061,340605,1,0.72656,0.27441,0.79175,0.275,2.099,-0.534,ergonomis
2026-06-01 14:43:35.605,2208555061,340605,2,1.0144,-0.03345,-0.25317,-1.557,-0.191,0.321,ergonomis
2026-06-01 14:43:35.805,2208555261,340805,1,0.72339,0.26782,0.78467,0.252,1.901,-0.74,ergonomis
2026-06-01 14:43:35.805,2208555261,340805,2,1.01782,-0.03149,-0.25439,-0.87,-0.634,0.802,ergonomis
2026-06-01 14:43:35.005,2208554461,341005,1,0.72998,0.27441,0.79419,-0.244,1.359,-0.221,ergonomis
2026-06-01 14:43:35.005,2208554461,341005,2,1.01831,-0.03906,-0.24829,-2.023,-0.076,0.55,ergonomis
2026-06-01 14:43:35.205,2208554661,341205,1,0.72021,0.27051,0.79785,0.557,2.58,0.214,ergonomis
2026-06-01 14:43:35.205,2208554661,341205,2,1.01294,-0.03882,-0.25781,-1.0,0.824,0.458,ergonomis
2026-06-01 14:43:36.405,2208555861,341405,1,0.72241,0.26709,0.79297,-0.282,1.771,-0.802,ergonomis
2026-06-01 14:43:36.405,2208555861,341405,2,1.02295,-0.03394,-0.25293,-2.557,0.496,0.153,ergonomis
2026-06-01 14:43:36.605,2208556061,341605,1,0.72559,0.26489,0.79956,,1.87,-0.153,ergonomis
2026-06-01 14:43:36.605,2208556061,341605,2,1.01611,-0.03979,-0.24927,-2.733,0.435,-0.412,ergonomis
2026-06-01 14:43:36.805,2208556261,341805,1,0.71924,0.26929,0.79199,0.076,1.725,-1.046,ergonomis
2026-06-01 14:43:36.805,2208556261,341805,2,1.01147,-0.03955,-0.2522,-2.695,-0.565,0.397,ergonomis
2026-06-01 14:43:36.005,2208555461,342005,1,0.72144,0.27393,0.79541,0.58,1.992,-0.412,ergonomis
2026-06-01 14:43:36.005,2208555461,342005,2,1.01172,-0.03809,-0.2561,0.076,1.023,0.13,ergonomis
2026-06-01 14:43:36.205,2208555661,342205,1,0.72705,0.26587,0.7981,-0.145,2.809,-0.939,ergonomis
2026-06-01 14:43:36.205,2208555661,342205,2,1.00757,-0.04419,-0.24585,-1.046,0.733,0.298,ergonomis
2026-06-01 14:43:37.405,2208556861,342405,1,0.73218,0.27222,0.79297,0.649,1.718,-0.786,ergonomis
2026-06-01 14:43:37.405,2208556861,342405,2,1.02148,-0.0415,-0.25195,-0.496,0.794,0.153,ergonomis
2026-06-01 14:43:37.605,2208557061,342605,1,0.72656,0.271,0.79712,0.344,1.962,-0.656,ergonomis
2026-06-01 14:43:37.605,2208557061,342605,2,1.01489,-0.03931,-0.24414,-1.527,0.595,-0.16,ergonomis
2026-06-01 14:43:37.805,2208557261,342805,1,0.72046,0.27612,0.79468,0.695,1.71,-0.893,ergonomis
2026-06-01 14:43:37.805,2208557261,342805,2,1.0127,-0.04272,-0.23438,-0.718,1.191,0.42,ergonomis
2026-06-01 14:43:37.005,2208556461,343005,1,0.71924,0.27295,0.79419,0.305,1.847,-0.321,ergonomis
2026-06-01 14:43:37.005,2208556461,343005,2,1.01416,-0.03711,-0.2478,-1.573,0.122,0.74,ergonomis
2026-06-01 14:43:37.205,2208556661,343205,1,0.72046,0.26978,0.7876,-0.435,1.885,-0.817,ergonomis
2026-06-01 14:43:37.205,2208556661,343205,2,1.01196,-0.03662,-0.24756,-2.374,0.206,0.565,ergonomis
2026-06-01 14:43:38.405,2208557861,343405,1,0.72046,0.27246,0.78857,0.328,1.809,-0.366,ergonomis
2026-06-01 14:43:38.405,2208557861,343405,2,1.01685,-0.03687,-0.25854,-1.611,-0.145,0.573,ergonomis
2026-06-01 14:43:38.605,2208558061,343605,1,0.72632,0.27051,0.78296,0.405,1.763,-0.122,ergonomis
2026-06-01 14:43:38.605,2208558061,343605,2,1.0188,-0.02905,-0.26465,1.015,-0.534,0.763,ergonomis
2026-06-01 14:43:38.805,2208558261,343805,1,0.72241,0.26733,0.79468,0.13,1.74,-0.29,ergonomis
2026-06-01 14:43:38.805,2208558261,343805,2,1.01514,-0.04199,-0.25854,-1.305,-0.298,0.321,ergonomis
2026-06-01 14:43:38.005,2208557461,344005,1,0.72778,0.26978,0.79541,-0.267,1.885,-0.26,ergonomis
2026-06-01 14:43:38.005,2208557461,344005,2,1.00635,-0.03442,-0.25464,-1.313,0.282,0.573,ergonomis
2026-06-01 14:43:38.205,2208557661,344205,1,0.72339,0.2627,0.80518,-0.015,1.885,-0.137,ergonomis
2026-06-01 14:43:38.205,2208557661,344205,2,1.01245,-0.03882,-0.24756,-1.405,0.504,0.702,ergonomis
2026-06-01 14:43:39.405,2208558861,344405,1,0.7229,0.26685,0.79639,0.405,2.168,-0.366,ergonomis
2026-06-01 14:43:39.405,2208558861,344405,2,1.02222,-0.04443,-0.25854,-1.649,0.359,0.153,ergonomis
2026-06-01 14:43:39.605,2208559061,344605,1,0.72754,0.26709,0.78833,0.107,2.053,-0.687,ergonomis
2026-06-01 14:43:39.605,2208559061,344605,2,1.01563,-0.0437,-0.2666,-1.382,0.305,0.26,ergonomis
2026-06-01 14:43:39.805,2208559261,344805,1,0.7334,0.26514,0.78418,0.427,1.87,-1.038,ergonomis
2026-06-01 14:43:39.805,2208559261,344805,2,1.01343,-0.04565,-0.25024,-1.802,0.389,0.595,ergonomis
2026-06-01 14:43:39.005,2208558461,345005,1,0.72314,0.27222,0.79614,0.359,1.489,-0.435,ergonomis
2026-06-01 14:43:39.005,2208558461,345005,2,1.01855,-0.03662,-0.25146,-1.656,0.145,0.565,ergonomis
2026-06-01 14:43:39.205,2208558661,345205,1,0.72754,0.26807,0.80469,0.298,1.901,-0.305,ergonomis
2026-06-01 14:43:39.205,2208558661,345205,2,1.01367,-0.04199,-0.26733,-0.687,0.588,0.656,ergonomis
2026-06-01 14:43:40.405,2208559861,345405,1,0.72339,0.26025,0.80249,0.344,2.015,-0.405,ergonomis
2026-06-01 14:43:40.405,2208559861,345405,2,1.00952,-0.05322,-0.25562,-2.137,0.229,0.359,ergonomis
2026-06-01 14:43:40.605,2208560061,345605,1,0.729,0.26367,0.80005,0.489,1.618,-0.26,ergonomis
2026-06-01 14:43:40.605,2208560061,345605,2,1.00977,-0.0459,-0.25708,-0.504,0.802,0.557,ergonomis
2026-06-01 14:43:40.805,2208560261,345805,1,0.72729,0.26733,0.79834,0.198,2.824,-0.542,ergonomis
2026-06-01 14:43:40.805,2208560261,345805,2,1.01489,-0.04468,-0.24854,-0.969,1.336,-0.008,ergonomis
2026-06-01 14:43:40.005,2208559461,346005,1,0.72607,0.26245,0.78931,0.611,1.992,-1.137,ergonomis
2026-06-01 14:43:40.005,2208559461,346005,2,1.01587,-0.04663,-0.24878,-0.16,1.069,-0.092,ergonomis
2026-06-01 14:43:40.205,2208559661,346205,1,0.72974,0.26807,0.78809,0.374,1.771,-1.229,ergonomis
2026-06-01 14:43:40.205,2208559661,346205,2,1.01172,-0.03979,-0.23999,0.489,1.084,0.618,ergonomis
2026-06-01 14:43:41.405,2208560861,346405,1,0.73315,0.26978,0.79614,0.71,1.878,-0.504,ergonomis
2026-06-01 14:43:41.405,2208560861,346405,2,1.01294,-0.03931,-0.24976,-1.313,0.672,-0.092,ergonomis
2026-06-01 14:43:41.605,2208561061,346605,1,0.71704,0.26709,0.79541,0.519,1.763,-0.855,ergonomis
2026-06-01 14:43:41.605,2208561061,346605,2,1.01294,-0.04468,-0.25024,-1.206,0.099,0.885,ergonomis
2026-06-01 14:43:41.805,2208561261,346805,1,0.72144,0.2688,0.79614,0.359,1.58,-0.817,ergonomis
2026-06-01 14:43:41.805,2208561261,346805,2,1.00928,-0.03516,-0.25342,-2.504,0.053,0.336,ergonomis
2026-06-01 14:43:41.005,2208560461,347005,1,0.71973,0.26733,0.79761,0.206,2.176,-0.275,ergonomis
2026-06-01 14:43:41.005,2208560461,347005,2,1.01147,-0.03296,-0.26416,-0.183,-0.511,0.443,ergonomis
2026-06-01 14:43:41.205,2208560661,347205,1,0.72241,0.27002,0.79492,0.26,1.779,-0.573,ergonomis
2026-06-01 14:43:41.205,2208560661,347205,2,1.01416,-0.03784,-0.24585,-1.588,-0.137,0.695,ergonomis
2026-06-01 14:43:42.405,2208561861,347405,1,0.71606,0.26807,0.79077,0.328,1.847,-0.679,ergonomis
2026-06-01 14:43:42.405,2208561861,347405,2,1.01831,-0.04468,-0.25024,-3.382,0.244,-0.015,ergonomis
2026-06-01 14:43:42.605,2208562061,347605,1,0.72314,0.27075,0.7876,0.351,1.893,-0.298,ergonomis
2026-06-01 14:43:42.605,2208562061,347605,2,1.01782,-0.04028,-0.25171,0.511,-0.901,0.504,ergonomis
2026-06-01 14:43:42.805,2208562261,347805,1,0.72681,0.26099,0.79932,0.191,1.809,-0.237,ergonomis
2026-06-01 14:43:42.805,2208562261,347805,2,1.02368,-0.0376,-0.25757,-2.443,-0.427,0.328,ergonomis
2026-06-01 14:43:42.005,2208561461,348005,1,0.72192,0.26831,0.80396,-0.214,1.855,-0.42,ergonomis
2026-06-01 14:43:42.005,2208561461,348005,2,1.00977,-0.04102,-0.25317,-2.038,0.153,0.733,ergonomis
2026-06-01 14:43:42.205,2208561661,348205,1,0.72998,0.27417,0.79614,0.534,1.832,-0.687,ergonomis
2026-06-01 14:43:42.205,2208561661,348205,2,1.01538,-0.0459,-0.26196,-0.183,0.504,0.702,ergonomis
2026-06-01 14:43:43.405,2208562861,348405,1,0.72949,0.26221,0.802,0.282,1.931,-0.534,ergonomis
2026-06-01 14:43:43.405,2208562861,348405,2,1.01367,-0.03857,-0.2627,-1.344,0.794,-0.069,ergonomis
2026-06-01 14:43:43.605,2208563061,348605,1,0.72705,0.27124,0.78613,0.412,2.137,-0.901,ergonomis
2026-06-01 14:43:43.605,2208563061,348605,2,1.00488,-0.03638,-0.25757,-1.099,0.397,0.359,ergonomis
2026-06-01 14:43:43.805,2208563261,348805,1,0.72607,0.26685,0.79004,0.046,1.542,-0.588,ergonomis
2026-06-01 14:43:43.805,2208563261,348805,2,1.01587,-0.03979,-0.25684,-0.656,0.061,0.351,ergonomis
2026-06-01 14:43:43.005,2208562461,349005,1,0.72144,0.27637,0.79004,0.061,1.863,-0.718,ergonomis
2026-06-01 14:43:43.005,2208562461,349005,2,1.01294,-0.04321,-0.26367,-1.023,0.519,0.366,ergonomis
2026-06-01 14:43:43.205,2208562661,349205,1,0.72778,0.26611,0.79858,0.405,2.0,-0.702,ergonomis
2026-06-01 14:43:43.205,2208562661,349205,2,1.01685,-0.03833,-0.2605,-0.359,1.16,0.557,ergonomis
2026-06-01 14:43:44.405,2208563861,349405,1,0.71924,0.27148,0.79199,0.145,2.061,-0.664,ergonomis
2026-06-01 14:43:44.405,2208563861,349405,2,1.01587,-0.03833,-0.26172,-0.458,0.649,0.466,ergonomis
2026-06-01 14:43:44.605,2208564061,349605,1,0.72754,0.26904,0.79102,0.481,1.115,-0.718,ergonomis
2026-06-01 14:43:44.605,2208564061,349605,2,1.01587,-0.04175,-0.24756,0.519,0.977,-0.031,ergonomis
2026-06-01 14:43:44.805,2208564261,349805,1,0.72632,0.27246,0.79712,0.145,1.656,-0.489,ergonomis
2026-06-01 14:43:44.805,2208564261,349805,2,1.01807,-0.04248,-0.25635,-1.595,-0.321,0.649,ergonomis
2026-06-01 14:43:44.005,2208563461,350005,1,0.73022,0.26709,0.79297,-0.015,1.779,-0.634,ergonomis
2026-06-01 14:43:44.005,2208563461,350005,2,1.01855,-0.03687,-0.25781,-2.282,0.015,0.603,ergonomis
2026-06-01 14:43:44.205,2208563661,350205,1,0.72925,0.271,0.79932,0.603,1.45,-0.26,ergonomis
2026-06-01 14:43:44.205,2208563661,350205,2,1.01196,-0.04712,-0.24609,-1.595,0.153,0.573,ergonomis
2026-06-01 14:43:45.405,2208564861,350405,1,0.72632,0.27051,0.80054,0.359,1.641,-0.565,ergonomis
2026-06-01 14:43:45.405,2208564861,350405,2,1.01514,-0.04419,-0.26514,-2.351,0.107,0.275,ergonomis
2026-06-01 14:43:45.605,2208565061,350605,1,0.72241,0.26807,0.78223,0.183,1.786,-0.519,ergonomis
2026-06-01 14:43:45.605,2208565061,350605,2,1.00513,-0.04321,-0.25977,-2.267,0.015,0.519,ergonomis
2026-06-01 14:43:45.805,2208565261,350805,1,0.72339,0.26782,0.79736,0.191,1.527,-0.695,ergonomis
2026-06-01 14:43:45.805,2208565261,350805,2,1.00952,-0.04321,-0.26416,-0.511,0.718,0.573,ergonomis
2026-06-01 14:43:45.005,2208564461,351005,1,0.72241,0.26978,0.79224,0.344,1.962,-0.389,ergonomis
2026-06-01 14:43:45.005,2208564461,351005,2,1.00659,-0.04297,-0.25488,-3.092,-0.046,0.198,ergonomis
2026-06-01 14:43:45.205,2208564661,351205,1,0.72705,0.26489,0.79102,0.45,1.519,-0.534,ergonomis
2026-06-01 14:43:45.205,2208564661,351205,2,1.0127,-0.03833,-0.24829,-1.473,0.298,0.519,ergonomis
2026-06-01 14:43:46.405,2208565861,351405,1,0.72827,0.26978,0.7959,0.176,2.038,-0.427,ergonomis
2026-06-01 14:43:46.405,2208565861,351405,2,1.01001,-0.03955,-0.25684,-1.939,0.267,0.435,ergonomis
2026-06-01 14:43:46.605,2208566061,351605,1,0.73169,0.27246,0.79077,0.069,1.351,-0.641,ergonomis
2026-06-01 14:43:46.605,2208566061,351605,2,1.01025,-0.03394,-0.25293,-1.359,0.046,0.763,ergonomis
2026-06-01 14:43:46.805,2208566261,351805,1,0.7312,0.27148,0.78491,0.061,2.084,-0.634,ergonomis
2026-06-01 14:43:46.805,2208566261,351805,2,1.00879,-0.03833,-0.2666,0.298,0.824,0.412,ergonomis
2026-06-01 14:43:46.005,2208565461,352005,1,0.72632,0.2688,0.78711,-0.046,1.611,-1.099,ergonomis
2026-06-01 14:43:46.005,2208565461,352005,2,1.00708,-0.03784,-0.26807,-1.038,1.389,0.099,ergonomis
2026-06-01 14:43:46.205,2208565661,352205,1,0.73071,0.27173,0.79858,0.855,2.176,-0.748,ergonomis
2026-06-01 14:43:46.205,2208565661,352205,2,1.00806,-0.04321,-0.24194,-1.771,0.863,0.779,ergonomis
2026-06-01 14:43:47.405,2208566861,352405,1,0.72729,0.2644,0.78931,1.481,2.427,0.26,ergonomis
2026-06-01 14:43:47.405,2208566861,352405,2,1.01001,-0.03491,-0.25684,-1.29,0.229,-0.046,ergonomis
2026-06-01 14:43:47.605,2208567061,352605,1,0.72437,0.2749,0.78735,0.115,1.74,-1.221,ergonomis
2026-06-01 14:43:47.605,2208567061,352605,2,1.01123,-0.03564,-0.25073,-0.519,0.664,1.901,ergonomis
2026-06-01 14:43:47.805,2208567261,352805,1,0.72559,0.27344,0.79028,0.977,1.687,-0.176,ergonomis
2026-06-01 14:43:47.805,2208567261,352805,2,1.01709,-0.04102,-0.25366,-0.611,-0.061,0.092,ergonomis
2026-06-01 14:43:47.005,2208566461,353005,1,0.72412,0.26929,0.78784,-0.527,1.718,-0.473,ergonomis
2026-06-01 14:43:47.005,2208566461,353005,2,1.01733,-0.03491,-0.24951,2.176,-2.122,1.084,ergonomis
2026-06-01 14:43:47.205,2208566661,353205,1,0.72461,0.27002,0.79956,1.0,1.427,-0.351,ergonomis
2026-06-01 14:43:47.205,2208566661,353205,2,1.00903,-0.03027,-0.25757,-1.588,0.046,0.191,ergonomis
2026-06-01 14:43:48.405,2208567861,353405,1,0.73047,0.27075,0.78857,0.076,1.87,-0.489,ergonomis
2026-06-01 14:43:48.405,2208567861,353405,2,1.0188,-0.04077,-0.26147,-1.588,0.321,0.771,ergonomis
2026-06-01 14:43:48.605,2208568061,353605,1,0.72974,0.2749,0.79443,0.771,1.244,-0.206,ergonomis
2026-06-01 14:43:48.605,2208568061,353605,2,1.01123,-0.03394,-0.26807,-0.687,0.527,0.374,ergonomis
2026-06-01 14:43:48.805,2208568261,353805,1,0.73535,0.26807,0.80127,0.023,2.046,-0.374,ergonomis
2026-06-01 14:43:48.805,2208568261,353805,2,1.00903,-0.03979,-0.26758,-2.115,-0.115,0.809,ergonomis
2026-06-01 14:43:48.005,2208567461,354005,1,0.72852,0.27002,0.79834,0.489,1.55,-0.641,ergonomis
2026-06-01 14:43:48.005,2208567461,354005,2,1.00391,-0.03564,-0.25806,0.405,0.634,0.603,ergonomis
2026-06-01 14:43:48.205,2208567661,354205,1,0.73022,0.27319,0.80054,0.427,2.084,-0.443,ergonomis
2026-06-01 14:43:48.205,2208567661,354205,2,1.01001,-0.03638,-0.27319,-0.802,0.74,0.275,ergonomis
2026-06-01 14:43:49.405,2208568861,354405,1,0.72681,0.26563,0.79468,0.046,1.603,-0.977,ergonomis
2026-06-01 14:43:49.405,2208568861,354405,2,1.01025,-0.04224,-0.27026,-1.733,0.13,0.733,ergonomis
2026-06-01 14:43:49.605,2208569061,354605,1,0.73071,0.27832,0.78174,0.84,1.069,-0.519,ergonomis
2026-06-01 14:43:49.605,2208569061,354605,2,1.00781,-0.03296,-0.2688,0.015,0.901,0.45,ergonomis
2026-06-01 14:43:49.805,2208569261,354805,1,0.72925,0.2771,0.79395,-0.153,1.954,-0.809,ergonomis
2026-06-01 14:43:49.805,2208569261,354805,2,1.00635,-0.03271,-0.25977,0.824,0.71,1.214,ergonomis
2026-06-01 14:43:49.005,2208568461,355005,1,0.72314,0.27075,0.79907,0.275,1.824,-0.252,ergonomis
2026-06-01 14:43:49.005,2208568461,355005,2,1.0166,-0.03296,-0.25928,-1.908,0.924,0.42,ergonomis
2026-06-01 14:43:49.205,2208568661,355205,1,0.7251,0.26953,0.79419,0.229,1.618,-0.557,ergonomis
2026-06-01 14:43:49.205,2208568661,355205,2,1.01563,-0.03833,-0.25586,-0.588,0.985,0.855,ergonomis
2026-06-01 14:43:50.405,2208569861,355405,1,0.72485,0.26733,0.79907,0.168,1.885,-0.527,ergonomis
2026-06-01 14:43:50.405,2208569861,355405,2,1.01294,-0.03418,-0.25879,-0.786,0.618,0.626,ergonomis
2026-06-01 14:43:50.605,2208570061,355605,1,0.72925,0.26758,0.7915,0.031,1.359,-0.267,ergonomis
2026-06-01 14:43:50.605,2208570061,355605,2,1.01099,-0.03711,-0.25146,-3.42,0.298,0.519,ergonomis
2026-06-01 14:43:50.805,2208570261,355805,1,0.73096,0.2688,0.79126,0.092,1.649,-0.557,ergonomis
2026-06-01 14:43:50.805,2208570261,355805,2,1.00806,-0.03687,-0.25635,-2.443,0.13,0.824,ergonomis
2026-06-01 14:43:50.005,2208569461,356005,1,0.72827,0.27246,0.79712,0.122,1.763,-0.29,ergonomis
2026-06-01 14:43:50.005,2208569461,356005,2,1.01685,-0.03687,-0.26123,-2.817,-0.038,0.603,ergonomis
2026-06-01 14:43:50.205,2208569661,356205,1,0.73145,0.27197,0.79907,0.031,1.634,-0.458,ergonomis
2026-06-01 14:43:50.205,2208569661,356205,2,1.00903,-0.04053,-0.25537,-0.489,-0.351,1.206,ergonomis
2026-06-01 14:43:51.405,2208570861,356405,1,0.72974,0.2688,0.79199,0.115,1.718,-0.229,ergonomis
2026-06-01 14:43:51.405,2208570861,356405,2,1.00806,-0.04126,-0.25806,-1.336,0.168,0.672,ergonomis
2026-06-01 14:43:51.605,2208571061,356605,1,0.74487,0.24878,0.79688,-1.458,3.55,2.855,ergonomis
2026-06-01 14:43:51.605,2208571061,356605,2,1.00781,-0.03003,-0.28516,0.26,1.71,-1.26,ergonomis
2026-06-01 14:43:51.805,2208571261,356805,1,0.74048,0.25562,0.79712,-4.641,1.58,-2.466,ergonomis
2026-06-01 14:43:51.805,2208571261,356805,2,1.02588,-0.04956,-0.27441,-3.84,2.931,7.275,ergonomis
2026-06-01 14:43:51.005,2208570461,357005,1,0.71802,0.24316,0.81274,-6.206,2.618,-3.466,ergonomis
2026-06-01 14:43:51.005,2208570461,357005,2,1.02002,-0.09497,-0.22949,-3.145,1.74,5.069,ergonomis
2026-06-01 14:43:51.205,2208570661,357205,1,0.71265,0.19287,0.82471,-8.275,3.969,-3.29,ergonomis
2026-06-01 14:43:51.205,2208570661,357205,2,1.00342,-0.09692,-0.20776,1.282,4.45,2.672,ergonomis
2026-06-01 14:43:52.405,2208571861,357405,1,0.72192,0.21094,0.8269,-0.786,0.725,-7.359,ergonomis
2026-06-01 14:43:52.405,2208571861,357405,2,1.01733,-0.09985,-0.20825,-3.008,1.481,-0.107,ergonomis
2026-06-01 14:43:52.605,2208572061,357605,1,0.66528,0.17725,0.82251,9.191,14.336,3.687,ergonomis
2026-06-01 14:43:52.605,2208572061,357605,2,1.0249,-0.07495,-0.15649,5.137,2.198,-12.069,ergonomis
2026-06-01 14:43:52.805,2208572261,357805,1,0.64624,0.28345,0.86743,1.519,5.603,-4.115,ergonomis
2026-06-01 14:43:52.805,2208572261,357805,2,1.00952,-0.03198,-0.23877,6.031,-13.427,6.374,ergonomis
2026-06-01 14:43:52.005,2208571461,358005,1,0.73584,0.27319,0.81226,-3.015,-4.748,3.733,ergonomis
2026-06-01 14:43:52.005,2208571461,358005,2,1.04468,-0.02881,-0.27466,-33.824,5.779,8.275,ergonomis
2026-06-01 14:43:52.205,2208571661,358205,1,0.69775,0.24585,0.84546,-1.405,-1.885,-8.481,ergonomis
2026-06-01 14:43:52.205,2208571661,358205,2,1.01172,-0.10303,-0.21411,-8.817,1.137,9.023,ergonomis
2026-06-01 14:43:53.405,2208572861,358405,1,0.6853,0.24487,0.79126,2.611,-1.046,-3.107,ergonomis
2026-06-01 14:43:53.405,2208572861,358405,2,0.99341,-0.09619,-0.18262,-12.191,-5.122,-0.191,ergonomis
2026-06-01 14:43:53.605,2208573061,358605,1,0.69019,0.2373,0.82764,-0.74,-6.153,1.092,ergonomis
2026-06-01 14:43:53.605,2208573061,358605,2,1.02295,-0.09839,-0.18921,0.557,-2.748,-0.863,ergonomis
2026-06-01 14:43:53.805,2208573261,358805,1,0.77637,0.28027,0.74121,2.519,2.252,-0.137,ergonomis
2026-06-01 14:43:53.805,2208573261,358805,2,1.04053,-0.1062,-0.29028,8.267,2.481,-0.908,ergonomis
2026-06-01 14:43:53.005,2208572461,359005,1,0.77539,0.29224,0.78906,-2.137,13.374,4.374,ergonomis
2026-06-01 14:43:53.005,2208572461,359005,2,1.03589,-0.0686,-0.24805,-0.473,16.733,-1.397,ergonomis
2026-06-01 14:43:53.205,2208572661,359205,1,0.70825,0.19946,0.83374,-3.519,14.122,3.305,ergonomis
2026-06-01 14:43:53.205,2208572661,359205,2,1.02637,-0.08203,-0.14722,6.954,22.985,-8.939,ergonomis
2026-06-01 14:43:54.405,2208573861,359405,1,0.62427,0.25049,0.88916,25.366,11.58,20.298,ergonomis
2026-06-01 14:43:54.405,2208573861,359405,2,1.04126,-0.03564,-0.06616,29.74,-3.115,-13.893,ergonomis
2026-06-01 14:43:54.605,2208574061,359605,1,0.60205,0.2251,0.85278,-3.443,-2.427,-6.336,ergonomis
2026-06-01 14:43:54.605,2208574061,359605,2,0.99585,-0.05371,-0.13916,-3.031,-3.588,0.229,ergonomis
2026-06-01 14:43:54.805,2208574261,359805,1,0.66797,0.24854,0.8313,9.947,2.397,5.542,ergonomis
2026-06-01 14:43:54.805,2208574261,359805,2,1.03003,-0.00854,-0.12793,6.74,-3.504,-11.405,ergonomis
2026-06-01 14:43:54.005,2208573461,360005,1,0.68286,0.30615,0.80151,8.664,-3.214,5.847,ergonomis
2026-06-01 14:43:54.005,2208573461,360005,2,1.04272,-0.02368,-0.09155,1.45,-7.053,2.702,ergonomis
2026-06-01 14:43:54.205,2208573661,360205,1,0.67236,0.31299,0.81494,-5.794,11.031,10.802,ergonomis
2026-06-01 14:43:54.205,2208573661,360205,2,1.07471,-0.01221,-0.19922,0.687,33.053,9.725,ergonomis
2026-06-01 14:43:55.405,2208574861,360405,1,0.65796,0.28369,0.93213,15.321,1.962,15.725,ergonomis
2026-06-01 14:43:55.405,2208574861,360405,2,1.05615,-0.02783,-0.20874,6.473,1.771,-5.527,ergonomis
2026-06-01 14:43:55.605,2208575061,360605,1,0.65039,0.29175,0.84253,-10.45,-3.099,-15.824,ergonomis
2026-06-01 14:43:55.605,2208575061,360605,2,1.04663,-0.00781,-0.13159,-9.542,7.939,16.351,ergonomis
2026-06-01 14:43:55.805,2208575261,360805,1,0.59424,0.18945,0.90088,-31.336,6.42,-13.115,ergonomis
2026-06-01 14:43:55.805,2208575261,360805,2,1.01221,-0.14282,-0.11084,4.893,12.298,4.26,ergonomis
2026-06-01 14:43:55.005,2208574461,361005,1,0.57349,0.22339,0.92578,7.122,14.023,6.687,ergonomis
2026-06-01 14:43:55.005,2208574461,361005,2,1.03223,-0.03027,-0.05786,1.221,8.809,1.229,ergonomis
2026-06-01 14:43:55.205,2208574661,361205,1,0.5835,0.20386,0.92944,-7.534,2.0,-9.466,ergonomis
2026-06-01 14:43:55.205,2208574661,361205,2,1.01758,-0.11328,-0.04761,-5.191,3.527,2.542,ergonomis
2026-06-01 14:43:56.405,2208575861,361405,1,0.56055,0.21069,0.92456,-1.84,3.397,-2.321,ergonomis
2026-06-01 14:43:56.405,2208575861,361405,2,1.03564,-0.08081,-0.01587,-4.206,1.817,-0.511,ergonomis
2026-06-01 14:43:56.605,2208576061,361605,1,0.58569,0.22388,0.93188,4.466,11.13,3.328,ergonomis
2026-06-01 14:43:56.605,2208576061,361605,2,1.02393,-0.0918,-0.05176,5.504,9.901,-4.214,ergonomis
2026-06-01 14:43:56.805,2208576261,361805,1,0.54443,0.2251,0.97339,2.107,0.122,-5.29,ergonomis
2026-06-01 14:43:56.805,2208576261,361805,2,1.03955,-0.10425,-0.06567,-8.534,-1.229,-4.55,ergonomis
2026-06-01 14:43:56.005,2208575461,362005,1,0.53418,0.26416,0.90845,1.992,-0.863,5.641,ergonomis
2026-06-01 14:43:56.005,2208575461,362005,2,1.02368,-0.03882,-0.00244,-1.603,1.26,2.107,ergonomis
2026-06-01 14:43:56.205,2208575661,362205,1,0.53442,0.20215,0.92554,7.992,-2.595,3.038,ergonomis
2026-06-01 14:43:56.205,2208575661,362205,2,1.0,-0.06055,-0.02344,-2.389,-3.656,-4.405,ergonomis
2026-06-01 14:43:57.405,2208576861,362405,1,0.65015,0.30688,0.86938,2.153,-10.023,-6.29,ergonomis
2026-06-01 14:43:57.405,2208576861,362405,2,1.00635,-0.07056,-0.12451,-2.901,0.244,11.252,ergonomis
2026-06-01 14:43:57.605,2208577061,362605,1,0.7207,0.27295,0.85742,-6.305,7.298,2.206,ergonomis
2026-06-01 14:43:57.605,2208577061,362605,2,1.05103,-0.07031,-0.06348,10.053,21.565,4.542,ergonomis
2026-06-01 14:43:57.805,2208577261,362805,1,0.60791,0.20728,0.96313,-5.885,24.763,1.412,ergonomis
2026-06-01 14:43:57.805,2208577261,362805,2,1.04004,-0.06689,-0.02661,2.985,21.443,3.069,ergonomis
2026-06-01 14:43:57.005,2208576461,363005,1,0.44312,0.17554,0.99438,-10.893,10.313,-10.344,ergonomis
2026-06-01 14:43:57.005,2208576461,363005,2,0.97461,-0.08789,0.10181,-10.107,9.878,1.695,ergonomis
2026-06-01 14:43:57.205,2208576661,363205,1,0.40186,0.22852,1.01099,-1.924,-2.099,5.641,ergonomis
2026-06-01 14:43:57.205,2208576661,363205,2,0.98828,-0.05542,0.07153,-10.252,-16.244,6.29,ergonomis
2026-06-01 14:43:58.405,2208577861,363405,1,0.58667,0.24219,0.90967,-6.023,-2.015,-7.328,non-ergonomis
2026-06-01 14:43:58.405,2208577861,363405,2,1.03052,-0.10474,0.00049,0.351,4.74,8.802,non-ergonomis
2026-06-01 14:43:58.605,2208578061,363605,1,0.5376,0.14746,0.9458,-11.198,9.969,-8.847,non-ergonomis
2026-06-01 14:43:58.605,2208578061,363605,2,1.0354,-0.08154,0.03394,-3.58,10.13,9.313,non-ergonomis
2026-06-01 14:43:58.805,2208578261,363805,1,0.54956,0.10156,0.9624,-18.748,14.313,-20.496,non-ergonomis
2026-06-01 14:43:58.805,2208578261,363805,2,1.01367,-0.16431,0.12036,-4.542,11.74,2.282,non-ergonomis
2026-06-01 14:43:58.005,2208577461,364005,1,0.37329,0.12378,1.0835,1.382,2.985,-6.71,non-ergonomis
2026-06-01 14:43:58.005,2208577461,364005,2,0.96875,-0.12256,0.15796,-7.588,-1.008,-0.702,non-ergonomis
2026-06-01 14:43:58.205,2208577661,364205,1,0.43774,0.1709,1.01343,3.351,11.656,14.603,non-ergonomis
2026-06-01 14:43:58.205,2208577661,364205,2,1.02637,-0.06445,0.14844,4.901,5.053,5.313,non-ergonomis
2026-06-01 14:43:59.405,2208578861,364405,1,0.4248,0.06445,1.07886,-9.107,3.237,-5.298,non-ergonomis
2026-06-01 14:43:59.405,2208578861,364405,2,0.95288,-0.19116,0.14502,5.885,11.305,3.344,non-ergonomis
2026-06-01 14:43:59.605,2208579061,364605,1,0.40063,0.05249,1.05884,3.45,-0.427,0.427,non-ergonomis
2026-06-01 14:43:59.605,2208579061,364605,2,0.98657,-0.14111,0.16187,-5.626,-0.756,-2.137,non-ergonomis
2026-06-01 14:43:59.805,2208579261,364805,1,0.41675,0.08105,1.04126,0.924,0.595,-4.053,non-ergonomis
2026-06-01 14:43:59.805,2208579261,364805,2,0.99341,-0.13208,0.15283,-3.389,0.344,-3.0,non-ergonomis
2026-06-01 14:43:59.005,2208578461,365005,1,0.42456,0.1062,1.05396,3.168,-0.153,-5.153,non-ergonomis
2026-06-01 14:43:59.005,2208578461,365005,2,1.00171,-0.12134,0.16382,-4.366,-0.985,-0.084,non-ergonomis
2026-06-01 14:43:59.205,2208578661,365205,1,0.41821,0.1123,1.04004,2.397,1.527,-1.42,non-ergonomis
2026-06-01 14:43:59.205,2208578661,365205,2,0.99878,-0.12134,0.15747,-3.26,-1.015,1.473,non-ergonomis
2026-06-01 14:44:00.405,2208579861,365405,1,0.42383,0.10986,1.02856,2.389,-1.069,0.168,non-ergonomis
2026-06-01 14:44:00.405,2208579861,365405,2,0.99756,-0.14355,0.1438,-1.794,-0.13,2.679,non-ergonomis
2026-06-01 14:44:00.605,2208580061,365605,1,0.43579,0.11426,1.02759,1.45,1.244,0.679,non-ergonomis
2026-06-01 14:44:00.605,2208580061,365605,2,0.99414,-0.14868,0.13257,-1.802,-0.229,1.466,non-ergonomis
2026-06-01 14:44:00.805,2208580261,365805,1,0.43286,0.10889,1.03052,-0.504,2.168,0.626,non-ergonomis
2026-06-01 14:44:00.805,2208580261,365805,2,1.00488,-0.14038,0.13281,-0.527,2.008,0.885,non-ergonomis
2026-06-01 14:44:00.005,2208579461,366005,1,0.42529,0.10669,1.03687,1.214,0.695,0.069,non-ergonomis
2026-06-01 14:44:00.005,2208579461,366005,2,0.99634,-0.15186,0.1333,-2.084,-0.962,1.122,non-ergonomis
2026-06-01 14:44:00.205,2208579661,366205,1,0.44263,0.10498,1.03906,2.26,0.366,0.305,non-ergonomis
2026-06-01 14:44:00.205,2208579661,366205,2,1.00562,-0.15332,0.14355,-0.817,1.656,0.481,non-ergonomis
2026-06-01 14:44:01.405,2208580861,366405,1,0.43604,0.1123,1.02881,-0.076,3.42,-0.809,non-ergonomis
2026-06-01 14:44:01.405,2208580861,366405,2,0.99951,-0.14771,0.14111,-0.183,2.137,0.038,non-ergonomis
2026-06-01 14:44:01.605,2208581061,366605,1,0.43726,0.10962,1.02905,0.847,1.328,-0.786,non-ergonomis
2026-06-01 14:44:01.605,2208581061,366605,2,0.98999,-0.14673,0.14746,-1.84,-0.008,0.527,non-ergonomis
2026-06-01 14:44:01.805,2208581261,366805,1,0.42847,0.11157,1.05396,0.916,1.076,-0.275,non-ergonomis
2026-06-01 14:44:01.805,2208581261,366805,2,1.00293,-0.14111,0.16333,-1.779,-0.046,0.481,non-ergonomis
2026-06-01 14:44:01.005,2208580461,367005,1,0.4353,0.10596,1.02295,1.023,1.061,-0.634,non-ergonomis
2026-06-01 14:44:01.005,2208580461,367005,2,0.99585,-0.15283,0.13452,-2.107,-0.13,-0.008,non-ergonomis
2026-06-01 14:44:01.205,2208580661,367205,1,0.43311,0.11206,1.02637,-0.198,2.252,-0.298,non-ergonomis
2026-06-01 14:44:01.205,2208580661,367205,2,1.00977,-0.14453,0.13867,-2.435,-0.992,0.534,non-ergonomis
2026-06-01 14:44:02.405,2208581861,367405,1,0.43579,0.1189,1.02832,0.534,1.756,-0.809,non-ergonomis
2026-06-01 14:44:02.405,2208581861,367405,2,1.00098,-0.15137,0.13306,-0.664,0.901,-0.023,non-ergonomis
2026-06-01 14:44:02.605,2208582061,367605,1,0.44336,0.11719,1.02881,-0.092,1.809,-0.702,non-ergonomis
2026-06-01 14:44:02.605,2208582061,367605,2,0.99854,-0.14844,0.1333,-1.389,0.489,0.397,non-ergonomis
2026-06-01 14:44:02.805,2208582261,367805,1,0.43555,0.11133,1.02808,0.71,1.878,-0.397,non-ergonomis
2026-06-01 14:44:02.805,2208582261,367805,2,1.00513,-0.1499,0.13794,-0.878,0.962,0.58,non-ergonomis
2026-06-01 14:44:02.005,2208581461,368005,1,0.43872,0.10425,1.02734,0.153,2.092,-0.405,non-ergonomis
2026-06-01 14:44:02.005,2208581461,368005,2,0.99854,-0.14282,0.14331,-0.412,1.382,0.321,non-ergonomis
2026-06-01 14:44:02.205,2208581661,368205,1,0.43188,0.11279,1.02319,-1.191,5.733,1.122,non-ergonomis
2026-06-01 14:44:02.205,2208581661,368205,2,1.00146,-0.14136,0.14868,3.046,3.962,0.298,non-ergonomis
2026-06-01 14:44:03.405,2208582861,368405,1,0.42334,0.10376,1.0293,-1.084,4.679,-0.382,non-ergonomis
2026-06-01 14:44:03.405,2208582861,368405,2,0.98828,-0.14429,0.15405,0.847,2.779,0.588,non-ergonomis
2026-06-01 14:44:03.605,2208583061,368605,1,0.41968,0.09668,1.03687,-0.321,2.053,-0.58,non-ergonomis
2026-06-01 14:44:03.605,2208583061,368605,2,0.9917,-0.14478,0.1731,-1.267,0.748,0.718,non-ergonomis
2026-06-01 14:44:03.805,2208583261,368805,1,0.41602,0.09668,1.0354,0.198,2.29,-0.466,non-ergonomis
2026-06-01 14:44:03.805,2208583261,368805,2,0.99512,-0.14185,0.17261,-1.733,0.695,0.267,non-ergonomis
2026-06-01 14:44:03.005,2208582461,369005,1,0.42847,0.09839,1.04004,0.756,1.573,-0.221,non-ergonomis
2026-06-01 14:44:03.005,2208582461,369005,2,0.98901,-0.14893,0.17139,-2.458,-0.305,0.573,non-ergonomis
2026-06-01 14:44:03.205,2208582661,369205,1,0.41943,0.10034,1.03857,0.313,1.687,-0.137,non-ergonomis
2026-06-01 14:44:03.205,2208582661,369205,2,1.00415,-0.1377,0.15869,-1.542,-0.313,0.824,non-ergonomis
2026-06-01 14:44:04.405,2208583861,369405,1,0.42407,0.09814,1.04492,-0.229,1.29,-0.328,non-ergonomis
2026-06-01 14:44:04.405,2208583861,369405,2,0.99219,-0.14673,0.15723,-2.321,-0.74,0.992,non-ergonomis
2026-06-01 14:44:04.605,2208584061,369605,1,0.42847,0.1001,1.03003,0.763,1.802,-0.107,non-ergonomis
2026-06-01 14:44:04.605,2208584061,369605,2,0.99609,-0.14648,0.16113,-2.0,0.008,0.733,non-ergonomis
2026-06-01 14:44:04.805,2208584261,369805,1,0.41602,0.09546,1.03589,0.733,1.855,0.237,non-ergonomis
2026-06-01 14:44:04.805,2208584261,369805,2,0.99438,-0.14673,0.15601,-2.954,-1.397,0.29,non-ergonomis
2026-06-01 14:44:04.005,2208583461,370005,1,0.41846,0.10596,1.03833,0.206,1.565,-0.344,non-ergonomis
2026-06-01 14:44:04.005,2208583461,370005,2,0.99341,-0.14746,0.14355,-1.412,-0.252,0.794,non-ergonomis
2026-06-01 14:44:04.205,2208583661,370205,1,0.43237,0.10107,1.0415,0.458,1.168,-0.282,non-ergonomis
2026-06-01 14:44:04.205,2208583661,370205,2,1.00586,-0.15405,0.13647,-0.038,0.908,0.573,non-ergonomis
2026-06-01 14:44:05.405,2208584861,370405,1,0.42334,0.0979,1.03589,0.672,1.221,-0.672,non-ergonomis
2026-06-01 14:44:05.405,2208584861,370405,2,0.99438,-0.15576,0.15747,-1.756,0.977,0.885,non-ergonomis
2026-06-01 14:44:05.605,2208585061,370605,1,0.44043,0.10303,1.03247,0.87,0.527,-1.618,non-ergonomis
2026-06-01 14:44:05.605,2208585061,370605,2,0.99902,-0.15259,0.15649,-2.13,-0.092,0.511,non-ergonomis
2026-06-01 14:44:05.805,2208585261,370805,1,0.42944,0.1062,1.03955,0.13,2.29,-1.305,non-ergonomis
2026-06-01 14:44:05.805,2208585261,370805,2,0.99878,-0.15039,0.15186,-0.802,1.252,-0.046,non-ergonomis
2026-06-01 14:44:05.005,2208584461,371005,1,0.4292,0.10767,1.03809,0.191,2.374,-0.695,non-ergonomis
2026-06-01 14:44:05.005,2208584461,371005,2,0.99536,-0.14331,0.16382,-0.374,2.794,0.374,non-ergonomis
2026-06-01 14:44:05.205,2208584661,371205,1,0.41919,0.09644,1.02612,0.053,1.87,-0.45,non-ergonomis
2026-06-01 14:44:05.205,2208584661,371205,2,1.00098,-0.15356,0.15283,-0.16,1.489,0.344,non-ergonomis
2026-06-01 14:44:06.405,2208585861,371405,1,0.4165,0.10303,1.04565,0.221,2.046,-0.466,non-ergonomis
2026-06-01 14:44:06.405,2208585861,371405,2,0.99829,-0.146,0.16772,-1.672,-0.092,0.282,non-ergonomis
2026-06-01 14:44:06.605,2208586061,371605,1,0.42334,0.10156,1.04517,0.153,1.649,-0.435,non-ergonomis
2026-06-01 14:44:06.605,2208586061,371605,2,0.99634,-0.14185,0.15161,-1.664,-0.412,0.511,non-ergonomis
2026-06-01 14:44:06.805,2208586261,371805,1,0.4187,0.10205,1.03442,-0.046,1.885,-0.656,non-ergonomis
2026-06-01 14:44:06.805,2208586261,371805,2,0.99683,-0.14795,0.15234,-1.786,0.237,0.557,non-ergonomis
2026-06-01 14:44:06.005,2208585461,372005,1,0.42041,0.09839,1.0354,1.008,2.084,0.038,non-ergonomis
2026-06-01 14:44:06.005,2208585461,372005,2,0.9978,-0.14746,0.15063,-1.504,-0.282,0.603,non-ergonomis
2026-06-01 14:44:06.205,2208585661,372205,1,0.42261,0.09595,1.03564,0.389,1.908,-0.336,non-ergonomis
2026-06-01 14:44:06.205,2208585661,372205,2,1.00757,-0.15479,0.15161,-1.198,0.244,0.206,non-ergonomis
2026-06-01 14:44:07.405,2208586861,372405,1,0.42041,0.10181,1.03809,0.183,2.015,-1.046,non-ergonomis
2026-06-01 14:44:07.405,2208586861,372405,2,0.99561,-0.15039,0.14893,-1.939,0.145,0.534,non-ergonomis
2026-06-01 14:44:07.605,2208587061,372605,1,0.41772,0.10205,1.03662,0.176,1.611,-1.168,non-ergonomis
2026-06-01 14:44:07.605,2208587061,372605,2,0.99707,-0.15552,0.14014,-1.595,-0.145,0.756,non-ergonomis
2026-06-01 14:44:07.805,2208587261,372805,1,0.41943,0.09985,1.03638,-0.13,1.771,-0.229,non-ergonomis
2026-06-01 14:44:07.805,2208587261,372805,2,0.99097,-0.15332,0.15552,-0.908,0.672,0.229,non-ergonomis
2026-06-01 14:44:07.005,2208586461,373005,1,0.42017,0.09351,1.05127,0.412,1.534,-0.969,non-ergonomis
2026-06-01 14:44:07.005,2208586461,373005,2,0.99951,-0.15845,0.15381,-1.29,1.122,0.481,non-ergonomis
2026-06-01 14:44:07.205,2208586661,373205,1,0.42725,0.09351,1.03174,0.061,1.786,-0.702,non-ergonomis
2026-06-01 14:44:07.205,2208586661,373205,2,0.99463,-0.14331,0.1438,-0.443,2.237,0.313,non-ergonomis
2026-06-01 14:44:08.405,2208587861,373405,1,0.41797,0.1001,1.03711,-0.145,1.641,-0.939,non-ergonomis
2026-06-01 14:44:08.405,2208587861,373405,2,0.99219,-0.14185,0.16113,-0.031,1.832,-0.031,non-ergonomis
2026-06-01 14:44:08.605,2208588061,373605,1,0.42188,0.09985,1.03613,1.336,1.405,-0.794,non-ergonomis
2026-06-01 14:44:08.605,2208588061,373605,2,1.00293,-0.14575,0.15674,-2.168,-0.168,1.305,non-ergonomis
2026-06-01 14:44:08.805,2208588261,373805,1,0.41626,0.10498,1.04321,0.183,1.763,-0.183,non-ergonomis
2026-06-01 14:44:08.805,2208588261,373805,2,0.99683,-0.15112,0.1582,-1.557,-0.244,0.634,non-ergonomis
2026-06-01 14:44:08.005,2208587461,374005,1,0.42603,0.10034,1.03711,1.42,2.137,0.229,non-ergonomis
2026-06-01 14:44:08.005,2208587461,374005,2,0.99121,-0.14844,0.14575,-3.198,-1.672,0.229,non-ergonomis
2026-06-01 14:44:08.205,2208587661,374205,1,0.42383,0.10718,1.03906,0.076,1.916,-0.282,non-ergonomis
2026-06-01 14:44:08.205,2208587661,374205,2,0.99561,-0.14453,0.14673,-1.061,0.29,0.344,non-ergonomis
2026-06-01 14:44:09.405,2208588861,374405,1,0.427,0.10156,1.03467,0.817,1.779,-0.26,non-ergonomis
2026-06-01 14:44:09.405,2208588861,374405,2,0.99414,-0.14917,0.15332,-1.435,0.359,0.496,non-ergonomis
2026-06-01 14:44:09.605,2208589061,374605,1,0.42188,0.10449,1.04077,0.153,1.55,-1.076,non-ergonomis
2026-06-01 14:44:09.605,2208589061,374605,2,1.00195,-0.14917,0.14941,-0.947,1.015,0.221,non-ergonomis
2026-06-01 14:44:09.805,2208589261,374805,1,0.42236,0.09741,1.03564,-0.099,2.122,-0.893,non-ergonomis
2026-06-01 14:44:09.805,2208589261,374805,2,0.99487,-0.15527,0.15332,-1.237,1.473,0.198,non-ergonomis
2026-06-01 14:44:09.005,2208588461,375005,1,0.41797,0.10303,1.02075,-0.214,2.565,-0.359,non-ergonomis
2026-06-01 14:44:09.005,2208588461,375005,2,1.00049,-0.15137,0.15039,-0.756,1.389,0.58,non-ergonomis
2026-06-01 14:44:09.205,2208588661,375205,1,0.41406,0.1001,1.03564,-0.191,1.84,-0.481,non-ergonomis
2026-06-01 14:44:09.205,2208588661,375205,2,0.99609,-0.14722,0.16113,-0.359,1.672,0.725,non-ergonomis
2026-06-01 14:44:10.405,2208589861,375405,1,0.41577,0.10425,1.03662,0.305,1.382,-0.466,non-ergonomis
2026-06-01 14:44:10.405,2208589861,375405,2,0.99341,-0.15015,0.16553,-0.389,1.794,0.13,non-ergonomis
2026-06-01 14:44:10.605,2208590061,375605,1,0.4165,0.10083,1.03564,0.427,2.29,-0.939,non-ergonomis
2026-06-01 14:44:10.605,2208590061,375605,2,0.99609,-0.15405,0.16211,-1.229,0.565,0.344,non-ergonomis
2026-06-01 14:44:10.805,2208590261,375805,1,0.42188,0.10278,1.03198,0.313,1.794,-0.779,non-ergonomis
2026-06-01 14:44:10.805,2208590261,375805,2,0.9939,-0.15186,0.16992,-1.435,0.672,0.45,non-ergonomis
2026-06-01 14:44:10.005,2208589461,376005,1,0.42651,0.1062,1.02295,0.603,2.069,0.084,non-ergonomis
2026-06-01 14:44:10.005,2208589461,376005,2,0.98267,-0.15894,0.17358,-2.702,-0.573,1.855,non-ergonomis
2026-06-01 14:44:10.205,2208589661,376205,1,0.41455,0.10913,1.04053,-0.191,2.191,-0.16,non-ergonomis
2026-06-01 14:44:10.205,2208589661,376205,2,0.99976,-0.1438,0.15723,-1.824,-0.809,0.244,non-ergonomis
2026-06-01 14:44:11.405,2208590861,376405,1,0.41455,0.10254,1.03809,0.351,1.374,-0.71,non-ergonomis
2026-06-01 14:44:11.405,2208590861,376405,2,0.99731,-0.1521,0.16431,-2.611,-0.718,1.275,non-ergonomis
2026-06-01 14:44:11.605,2208591061,376605,1,0.42822,0.08618,1.03003,0.29,1.863,-0.214,non-ergonomis
2026-06-01 14:44:11.605,2208591061,376605,2,1.00171,-0.15479,0.14844,-1.664,0.328,-0.26,non-ergonomis
2026-06-01 14:44:11.805,2208591261,376805,1,0.41382,0.10645,1.03613,0.557,1.481,-1.443,non-ergonomis
2026-06-01 14:44:11.805,2208591261,376805,2,0.99512,-0.15088,0.15942,-2.473,0.198,0.366,non-ergonomis
2026-06-01 14:44:11.005,2208590461,377005,1,0.42358,0.10571,1.03784,0.122,1.87,-0.061,non-ergonomis
2026-06-01 14:44:11.005,2208590461,377005,2,0.9978,-0.14502,0.16089,-0.977,0.374,0.252,non-ergonomis
2026-06-01 14:44:11.205,2208590661,377205,1,0.41455,0.09985,1.02759,0.771,1.977,-0.74,non-ergonomis
2026-06-01 14:44:11.205,2208590661,377205,2,0.99243,-0.15332,0.15698,-1.855,-0.275,0.687,non-ergonomis
2026-06-01 14:44:12.405,2208591861,377405,1,0.41724,0.10278,1.03711,0.076,1.473,-0.351,non-ergonomis
2026-06-01 14:44:12.405,2208591861,377405,2,1.00171,-0.13916,0.16113,-0.412,2.046,0.137,non-ergonomis
2026-06-01 14:44:12.605,2208592061,377605,1,0.42065,0.10278,1.03271,-0.076,1.969,-0.611,non-ergonomis
2026-06-01 14:44:12.605,2208592061,377605,2,0.99414,-0.14209,0.16577,-0.878,0.977,0.641,non-ergonomis
2026-06-01 14:44:12.805,2208592261,377805,1,0.4126,0.09766,1.03979,0.145,2.031,-0.328,non-ergonomis
2026-06-01 14:44:12.805,2208592261,377805,2,0.98999,-0.15088,0.16846,-0.878,0.733,0.473,non-ergonomis
2026-06-01 14:44:12.005,2208591461,378005,1,0.42529,0.09937,1.03174,0.45,1.939,0.061,non-ergonomis
2026-06-01 14:44:12.005,2208591461,378005,2,0.99854,-0.14722,0.16528,-1.695,-0.29,0.832,non-ergonomis
2026-06-01 14:44:12.205,2208591661,378205,1,0.4209,0.10327,1.03418,0.122,1.695,-0.603,non-ergonomis
2026-06-01 14:44:12.205,2208591661,378205,2,0.99243,-0.14722,0.16064,-0.893,0.55,0.183,non-ergonomis
2026-06-01 14:44:13.405,2208592861,378405,1,0.41846,0.10034,1.03955,0.473,2.046,-0.351,non-ergonomis
2026-06-01 14:44:13.405,2208592861,378405,2,0.99634,-0.14941,0.15259,-2.267,-0.679,0.466,non-ergonomis
2026-06-01 14:44:13.605,2208593061,378605,1,0.41528,0.10815,1.03638,0.573,2.275,-0.061,non-ergonomis
2026-06-01 14:44:13.605,2208593061,378605,2,1.0022,-0.13989,0.15259,-1.84,-0.519,0.664,non-ergonomis
2026-06-01 14:44:13.805,2208593261,378805,1,0.42358,0.09961,1.02881,0.298,1.405,0.16,non-ergonomis
2026-06-01 14:44:13.805,2208593261,378805,2,0.99341,-0.146,0.15527,-1.542,0.076,0.321,non-ergonomis
2026-06-01 14:44:13.005,2208592461,379005,1,0.41626,0.10327,1.04468,-0.344,2.198,-0.626,non-ergonomis
2026-06-01 14:44:13.005,2208592461,379005,2,0.99243,-0.14502,0.15356,-1.168,0.656,0.397,non-ergonomis
2026-06-01 14:44:13.205,2208592661,379205,1,0.4209,0.09473,1.03467,0.145,2.13,-0.634,non-ergonomis
2026-06-01 14:44:13.205,2208592661,379205,2,0.99072,-0.14722,0.16357,-1.496,0.901,0.321,non-ergonomis
2026-06-01 14:44:14.405,2208593861,379405,1,0.42456,0.09863,1.03735,0.557,1.947,-0.908,non-ergonomis
2026-06-01 14:44:14.405,2208593861,379405,2,0.99634,-0.15088,0.15723,-1.473,-0.206,0.435,non-ergonomis
2026-06-01 14:44:14.605,2208594061,379605,1,0.41602,0.10645,1.04053,0.069,1.855,-1.13,non-ergonomis
2026-06-01 14:44:14.605,2208594061,379605,2,0.99414,-0.14941,0.16455,-0.008,2.298,0.374,non-ergonomis
2026-06-01 14:44:14.805,2208594261,379805,1,0.42334,0.10181,1.0376,-0.099,2.076,-1.107,non-ergonomis
2026-06-01 14:44:14.805,2208594261,379805,2,0.99292,-0.15039,0.16064,-0.237,1.832,0.504,non-ergonomis
2026-06-01 14:44:14.005,2208593461,380005,1,0.41577,0.09985,1.02808,0.023,2.191,-0.855,non-ergonomis
2026-06-01 14:44:14.005,2208593461,380005,2,0.99097,-0.1416,0.1731,-0.336,1.626,0.42,non-ergonomis
2026-06-01 14:44:14.205,2208593661,380205,1,0.41699,0.09717,1.03516,0.336,2.237,-0.71,non-ergonomis
2026-06-01 14:44:14.205,2208593661,380205,2,0.99414,-0.14575,0.17798,-1.038,0.748,0.122,non-ergonomis
2026-06-01 14:44:15.405,2208594861,380405,1,0.41187,0.09863,1.03149,-0.168,1.786,-0.947,non-ergonomis
2026-06-01 14:44:15.405,2208594861,380405,2,0.99609,-0.14624,0.1731,-1.13,0.45,0.168,non-ergonomis
2026-06-01 14:44:15.605,2208595061,380605,1,0.42041,0.10083,1.04199,0.542,1.885,-0.702,non-ergonomis
2026-06-01 14:44:15.605,2208595061,380605,2,0.98682,-0.14233,0.17798,-1.221,0.42,0.45,non-ergonomis
2026-06-01 14:44:15.805,2208595261,380805,1,0.41895,0.10303,1.0459,0.824,1.557,-0.565,non-ergonomis
2026-06-01 14:44:15.805,2208595261,380805,2,0.99268,-0.14404,0.17651,-1.618,-0.176,0.26,non-ergonomis
2026-06-01 14:44:15.005,2208594461,381005,1,0.41309,0.09839,1.04053,0.206,1.573,-0.321,non-ergonomis
2026-06-01 14:44:15.005,2208594461,381005,2,0.99487,-0.14526,0.17358,-1.45,-0.122,0.176,non-ergonomis
2026-06-01 14:44:15.205,2208594661,381205,1,0.4187,0.10083,1.04126,0.45,1.809,-0.45,non-ergonomis
2026-06-01 14:44:15.205,2208594661,381205,2,0.99268,-0.14844,0.17261,-1.649,-0.092,0.771,non-ergonomis
2026-06-01 14:44:16.405,2208595861,381405,1,0.41602,0.09863,1.03491,0.313,1.901,-0.42,non-ergonomis
2026-06-01 14:44:16.405,2208595861,381405,2,1.00049,-0.15771,0.16943,-2.076,-0.832,0.71,non-ergonomis
2026-06-01 14:44:16.605,2208596061,381605,1,0.41406,0.1062,1.03589,0.206,2.214,-0.191,non-ergonomis
2026-06-01 14:44:16.605,2208596061,381605,2,0.9917,-0.14771,0.16528,-0.885,0.641,0.588,non-ergonomis
2026-06-01 14:44:16.805,2208596261,381805,1,0.41309,0.09741,1.0332,0.084,1.863,-0.725,non-ergonomis
2026-06-01 14:44:16.805,2208596261,381805,2,1.00146,-0.14893,0.16455,-1.321,0.702,0.504,non-ergonomis
2026-06-01 14:44:16.005,2208595461,382005,1,0.42944,0.10156,1.03516,0.878,1.763,-0.069,non-ergonomis
2026-06-01 14:44:16.005,2208595461,382005,2,0.99438,-0.15283,0.1604,-0.29,1.702,-0.756,non-ergonomis
2026-06-01 14:44:16.205,2208595661,382205,1,0.40796,0.10059,1.02637,0.656,1.489,-0.534,non-ergonomis
2026-06-01 14:44:16.205,2208595661,382205,2,0.99927,-0.1438,0.17749,-2.519,-0.794,,non-ergonomis
2026-06-01 14:44:17.405,2208596861,382405,1,0.41992,0.09961,1.02637,0.695,2.015,0.099,non-ergonomis
2026-06-01 14:44:17.405,2208596861,382405,2,0.99927,-0.13965,0.1582,-1.115,0.015,0.282,non-ergonomis
2026-06-01 14:44:17.605,2208597061,382605,1,0.41162,0.09351,1.03833,0.405,1.756,-0.756,non-ergonomis
2026-06-01 14:44:17.605,2208597061,382605,2,0.99951,-0.1438,0.16333,-1.794,-0.336,0.634,non-ergonomis
2026-06-01 14:44:17.805,2208597261,382805,1,0.42529,0.10327,1.05322,-0.046,1.42,-1.13,non-ergonomis
2026-06-01 14:44:17.805,2208597261,382805,2,0.99414,-0.1416,0.16138,-1.489,0.58,0.206,non-ergonomis
2026-06-01 14:44:17.005,2208596461,383005,1,0.41187,0.10767,1.04395,0.023,2.214,-0.435,non-ergonomis
2026-06-01 14:44:17.005,2208596461,383005,2,0.99268,-0.14966,0.14746,-0.565,0.718,0.191,non-ergonomis
2026-06-01 14:44:17.205,2208596661,383205,1,0.41089,0.10229,1.0437,0.023,2.366,-0.359,non-ergonomis
2026-06-01 14:44:17.205,2208596661,383205,2,0.9939,-0.15308,0.16235,-1.382,0.649,0.656,non-ergonomis
2026-06-01 14:44:18.405,2208597861,383405,1,0.40601,0.09814,1.04395,0.435,1.908,0.206,non-ergonomis
2026-06-01 14:44:18.405,2208597861,383405,2,0.99609,-0.14453,0.16284,-0.847,0.641,0.29,non-ergonomis
2026-06-01 14:44:18.605,2208598061,383605,1,0.41431,0.10132,1.05322,0.168,1.786,-0.45,non-ergonomis
2026-06-01 14:44:18.605,2208598061,383605,2,0.9978,-0.13745,0.16748,-0.87,0.924,0.405,non-ergonomis
2026-06-01 14:44:18.805,2208598261,383805,1,0.41992,0.09692,1.03882,0.443,1.947,-0.496,non-ergonomis
2026-06-01 14:44:18.805,2208598261,383805,2,0.99683,-0.15039,0.17041,-0.176,2.008,0.008,non-ergonomis
2026-06-01 14:44:18.005,2208597461,384005,1,0.40967,0.1001,1.03052,0.023,1.641,-1.336,non-ergonomis
2026-06-01 14:44:18.005,2208597461,384005,2,0.99658,-0.14429,0.16602,-0.947,1.672,0.221,non-ergonomis
2026-06-01 14:44:18.205,2208597661,384205,1,0.41528,0.09863,1.03345,0.489,1.756,-0.824,non-ergonomis
2026-06-01 14:44:18.205,2208597661,384205,2,0.9978,-0.13818,0.17407,0.008,1.565,0.405,non-ergonomis
2026-06-01 14:44:19.405,2208598861,384405,1,0.41968,0.10547,1.03394,0.137,1.71,-1.16,non-ergonomis
2026-06-01 14:44:19.405,2208598861,384405,2,0.9917,-0.13672,0.18481,-0.947,0.947,0.496,non-ergonomis
2026-06-01 14:44:19.605,2208599061,384605,1,0.41162,0.10669,1.04175,-0.16,2.374,-0.618,non-ergonomis
2026-06-01 14:44:19.605,2208599061,384605,2,0.99316,-0.14722,0.18359,-1.519,0.038,0.588,non-ergonomis
2026-06-01 14:44:19.805,2208599261,384805,1,0.40796,0.10449,1.03125,0.664,1.985,-0.443,non-ergonomis
2026-06-01 14:44:19.805,2208599261,384805,2,0.98901,-0.14136,0.17993,-1.557,0.053,0.466,non-ergonomis
2026-06-01 14:44:19.005,2208598461,385005,1,0.41309,0.09814,1.03589,0.565,1.87,-0.473,non-ergonomis
2026-06-01 14:44:19.005,2208598461,385005,2,0.9939,-0.13794,0.18506,-1.779,-0.183,0.519,non-ergonomis
2026-06-01 14:44:19.205,2208598661,385205,1,0.41382,0.10376,1.04053,0.084,1.702,-0.695,non-ergonomis
2026-06-01 14:44:19.205,2208598661,385205,2,0.99658,-0.14282,0.17529,-1.588,-0.13,0.626,non-ergonomis
2026-06-01 14:44:20.405,2208599861,385405,1,0.40894,0.09912,1.03125,0.389,1.885,-0.519,non-ergonomis
2026-06-01 14:44:20.405,2208599861,385405,2,0.99341,-0.14185,0.18188,-1.496,-0.183,0.374,non-ergonomis
2026-06-01 14:44:20.605,2208600061,385605,1,0.41748,0.09619,1.04639,0.443,1.718,-0.618,non-ergonomis
2026-06-01 14:44:20.605,2208600061,385605,2,0.99097,-0.13965,0.1748,-1.832,-0.359,0.55,non-ergonomis
2026-06-01 14:44:20.805,2208600261,385805,1,0.41504,0.10352,1.0415,0.87,1.626,-0.374,non-ergonomis
2026-06-01 14:44:20.805,2208600261,385805,2,0.99268,-0.14746,0.17993,-1.405,-0.16,0.58,non-ergonomis
2026-06-01 14:44:20.005,2208599461,386005,1,0.41309,0.09741,1.03223,0.267,1.794,-0.595,non-ergonomis
2026-06-01 14:44:20.005,2208599461,386005,2,0.99365,-0.146,0.16943,-2.076,-0.473,0.237,non-ergonomis
2026-06-01 14:44:20.205,2208599661,386205,1,0.41992,0.10669,1.03784,0.099,1.672,-0.634,non-ergonomis
2026-06-01 14:44:20.205,2208599661,386205,2,0.99756,-0.14111,0.16284,-1.588,0.191,0.458,non-ergonomis
2026-06-01 14:44:21.405,2208600861,386405,1,0.40869,0.10669,1.03613,0.122,2.053,-0.573,non-ergonomis
2026-06-01 14:44:21.405,2208600861,386405,2,1.00317,-0.14697,0.16724,-2.267,-0.901,0.809,non-ergonomis
2026-06-01 14:44:21.605,2208601061,386605,1,0.41797,0.10693,1.04712,0.695,1.733,-0.519,non-ergonomis
2026-06-01 14:44:21.605,2208601061,386605,2,0.99658,-0.14355,0.15991,-1.939,-0.282,0.473,non-ergonomis
2026-06-01 14:44:21.805,2208601261,386805,1,0.41748,0.10278,1.04346,0.046,1.443,-0.641,non-ergonomis
2026-06-01 14:44:21.805,2208601261,386805,2,0.99658,-0.14551,0.16357,-1.328,0.649,0.412,non-ergonomis
2026-06-01 14:44:21.005,2208600461,387005,1,0.40991,0.10449,1.04224,0.122,1.588,-0.954,non-ergonomis
2026-06-01 14:44:21.005,2208600461,387005,2,1.00171,-0.14551,0.1543,-1.542,0.481,0.588,non-ergonomis
2026-06-01 14:44:21.205,2208600661,387205,1,0.41626,0.10083,1.03931,-0.092,2.008,-0.397,non-ergonomis
2026-06-01 14:44:21.205,2208600661,387205,2,0.9978,-0.14795,0.15601,-0.344,1.756,0.435,non-ergonomis
2026-06-01 14:44:22.405,2208601861,387405,1,0.41528,0.09253,1.02881,0.718,0.519,-1.901,non-ergonomis
2026-06-01 14:44:22.405,2208601861,387405,2,0.99683,-0.15771,0.15698,-0.733,1.618,0.573,non-ergonomis
2026-06-01 14:44:22.605,2208602061,387605,1,0.41504,0.09741,1.03296,0.412,1.565,-0.695,non-ergonomis
2026-06-01 14:44:22.605,2208602061,387605,2,0.99194,-0.13892,0.17529,-1.412,0.305,0.397,non-ergonomis
2026-06-01 14:44:22.805,2208602261,387805,1,0.41211,0.10547,1.03613,0.107,1.763,-0.702,non-ergonomis
2026-06-01 14:44:22.805,2208602261,387805,2,0.99878,-0.14209,0.16431,0.489,1.664,0.076,non-ergonomis
2026-06-01 14:44:22.005,2208601461,388005,1,0.41431,0.10254,1.04175,1.282,1.092,-0.374,non-ergonomis
2026-06-01 14:44:22.005,2208601461,388005,2,0.98804,-0.14331,0.16968,-3.092,-2.412,0.481,non-ergonomis
2026-06-01 14:44:22.205,2208601661,388205,1,0.40747,0.10205,1.03052,0.58,1.924,-0.496,non-ergonomis
2026-06-01 14:44:22.205,2208601661,388205,2,0.99976,-0.14526,0.15356,-3.893,-2.42,0.473,non-ergonomis
2026-06-01 14:44:23.405,2208602861,388405,1,0.41089,0.10278,1.04175,0.252,2.237,0.099,non-ergonomis
2026-06-01 14:44:23.405,2208602861,388405,2,0.99927,-0.14355,0.15601,-3.412,-2.351,0.718,non-ergonomis
2026-06-01 14:44:23.605,2208603061,388605,1,0.42554,0.10742,1.04321,0.84,1.542,-0.237,non-ergonomis
2026-06-01 14:44:23.605,2208603061,388605,2,1.00073,-0.14575,0.14868,-1.053,0.046,0.74,non-ergonomis
2026-06-01 14:44:23.805,2208603261,388805,1,0.43091,0.10791,1.04688,-0.244,0.176,-1.359,non-ergonomis
2026-06-01 14:44:23.805,2208603261,388805,2,0.98877,-0.15601,0.15381,-0.527,2.55,0.45,non-ergonomis
2026-06-01 14:44:23.005,2208602461,389005,1,0.42285,0.10474,1.02197,-1.076,1.015,-2.099,non-ergonomis
2026-06-01 14:44:23.005,2208602461,389005,2,0.99805,-0.14429,0.16724,-1.565,0.534,0.992,non-ergonomis
2026-06-01 14:44:23.205,2208602661,389205,1,0.42188,0.11035,1.04785,0.901,2.13,-2.015,non-ergonomis
2026-06-01 14:44:23.205,2208602661,389205,2,0.99878,-0.14575,0.15771,-0.382,1.802,0.344,non-ergonomis
2026-06-01 14:44:24.405,2208603861,389405,1,0.42358,0.10083,1.03418,-0.382,2.511,-0.702,non-ergonomis
2026-06-01 14:44:24.405,2208603861,389405,2,0.98975,-0.14111,0.16553,-0.435,1.679,0.687,non-ergonomis
2026-06-01 14:44:24.605,2208604061,389605,1,0.41626,0.10767,1.04248,-0.275,2.962,-0.565,non-ergonomis
2026-06-01 14:44:24.605,2208604061,389605,2,0.99072,-0.14038,0.1731,-0.359,0.817,0.351,non-ergonomis
2026-06-01 14:44:24.805,2208604261,389805,1,0.43677,0.11328,1.0293,-2.641,2.756,-1.687,non-ergonomis
2026-06-01 14:44:24.805,2208604261,389805,2,0.99341,-0.14331,0.16919,1.802,3.565,0.588,non-ergonomis
2026-06-01 14:44:24.005,2208603461,390005,1,0.41455,0.10278,1.03052,0.053,2.038,-0.855,non-ergonomis
2026-06-01 14:44:24.005,2208603461,390005,2,0.9856,-0.14722,0.17993,-0.611,1.29,0.519,non-ergonomis
2026-06-01 14:44:24.205,2208603661,390205,1,0.42676,0.09351,1.0415,1.672,0.87,-0.435,non-ergonomis
2026-06-01 14:44:24.205,2208603661,390205,2,1.0,-0.14258,0.17944,-1.718,-0.336,0.237,non-ergonomis
2026-06-01 14:44:25.405,2208604861,390405,1,0.41602,0.1001,1.03809,0.076,2.092,-0.466,non-ergonomis
2026-06-01 14:44:25.405,2208604861,390405,2,0.99438,-0.13013,0.17822,-1.595,0.504,0.382,non-ergonomis
2026-06-01 14:44:25.605,2208605061,390605,1,0.41748,0.10596,1.03955,0.672,1.916,-0.313,non-ergonomis
2026-06-01 14:44:25.605,2208605061,390605,2,0.99146,-0.14063,0.17944,-1.634,-0.244,0.511,non-ergonomis
2026-06-01 14:44:25.805,2208605261,390805,1,0.41309,0.09961,1.03589,0.115,2.198,-0.58,non-ergonomis
2026-06-01 14:44:25.805,2208605261,390805,2,0.99268,-0.13403,0.17407,-1.305,0.481,0.519,non-ergonomis
2026-06-01 14:44:25.005,2208604461,391005,1,0.41821,0.09741,1.03491,0.763,1.115,-0.458,non-ergonomis
2026-06-01 14:44:25.005,2208604461,391005,2,0.99341,-0.14404,0.17603,-1.008,0.466,0.443,non-ergonomis
2026-06-01 14:44:25.205,2208604661,391205,1,0.41089,0.11279,1.03833,0.947,2.443,-0.351,non-ergonomis
2026-06-01 14:44:25.205,2208604661,391205,2,0.99268,-0.13501,0.17529,-2.115,-0.183,0.282,non-ergonomis
2026-06-01 14:44:26.405,2208605861,391405,1,0.42871,0.09912,1.03003,0.939,2.366,-0.321,non-ergonomis
2026-06-01 14:44:26.405,2208605861,391405,2,0.9917,-0.14404,0.16919,-2.145,-0.137,0.496,non-ergonomis
2026-06-01 14:44:26.605,2208606061,391605,1,0.4126,0.10864,1.03076,0.687,1.305,-0.977,non-ergonomis
2026-06-01 14:44:26.605,2208606061,391605,2,0.99536,-0.14282,0.16846,-1.916,1.122,1.053,non-ergonomis
2026-06-01 14:44:26.805,2208606261,391805,1,0.41162,0.10962,1.03345,0.107,-1.427,-2.336,non-ergonomis
2026-06-01 14:44:26.805,2208606261,391805,2,1.0105,-0.15039,0.16577,-4.099,-3.634,-0.153,non-ergonomis
2026-06-01 14:44:26.005,2208605461,392005,1,0.42749,0.10376,1.02466,3.0,-1.466,-2.382,non-ergonomis
2026-06-01 14:44:26.005,2208605461,392005,2,1.00635,-0.14185,0.14648,-4.336,-4.115,0.046,non-ergonomis
2026-06-01 14:44:26.205,2208605661,392205,1,0.44507,0.12451,1.04028,2.626,-2.542,-4.198,non-ergonomis
2026-06-01 14:44:26.205,2208605661,392205,2,1.01025,-0.14673,0.10718,-5.313,-4.916,-0.847,non-ergonomis
2026-06-01 14:44:27.405,2208606861,392405,1,0.45581,0.15259,1.01147,1.733,1.321,-2.145,non-ergonomis
2026-06-01 14:44:27.405,2208606861,392405,2,1.0127,-0.13599,0.09595,-1.634,0.733,-0.511,non-ergonomis
2026-06-01 14:44:27.605,2208607061,392605,1,0.45142,0.13916,1.0061,-0.992,2.344,0.16,non-ergonomis
2026-06-01 14:44:27.605,2208607061,392605,2,1.00317,-0.14673,0.10693,0.015,2.26,1.061,non-ergonomis
2026-06-01 14:44:27.805,2208607261,392805,1,0.45264,0.13013,1.02271,-0.198,2.053,0.634,non-ergonomis
2026-06-01 14:44:27.805,2208607261,392805,2,1.0061,-0.14429,0.11426,-0.962,1.794,1.748,non-ergonomis
2026-06-01 14:44:27.005,2208606461,393005,1,0.44238,0.12524,1.02295,0.649,1.847,-0.099,non-ergonomis
2026-06-01 14:44:27.005,2208606461,393005,2,1.00415,-0.15796,0.11523,0.282,1.733,0.588,non-ergonomis
2026-06-01 14:44:27.205,2208606661,393205,1,0.44727,0.13159,1.02002,0.031,2.74,-0.496,non-ergonomis
2026-06-01 14:44:27.205,2208606661,393205,2,1.00317,-0.14575,0.12671,0.336,2.664,0.221,non-ergonomis
2026-06-01 14:44:28.405,2208607861,393405,1,0.43359,0.12817,1.02832,0.351,2.252,-0.901,non-ergonomis
2026-06-01 14:44:28.405,2208607861,393405,2,1.00586,-0.14136,0.13354,-0.473,1.687,0.649,non-ergonomis
2026-06-01 14:44:28.605,2208608061,393605,1,0.43994,0.12915,1.01953,0.076,2.45,-0.725,non-ergonomis
2026-06-01 14:44:28.605,2208608061,393605,2,1.00342,-0.14429,0.13916,-0.878,1.191,0.534,non-ergonomis
2026-06-01 14:44:28.805,2208608261,393805,1,0.43042,0.13379,1.02637,0.344,1.908,-0.305,non-ergonomis
2026-06-01 14:44:28.805,2208608261,393805,2,1.00195,-0.14087,0.13501,-1.069,0.718,0.305,non-ergonomis
2026-06-01 14:44:28.005,2208607461,394005,1,0.43994,0.12939,1.02051,0.282,2.458,-0.695,non-ergonomis
2026-06-01 14:44:28.005,2208607461,394005,2,1.00537,-0.13965,0.14185,-1.008,0.71,0.824,non-ergonomis
2026-06-01 14:44:28.205,2208607661,394205,1,0.4397,0.12817,1.02441,0.573,1.847,-0.542,non-ergonomis
2026-06-01 14:44:28.205,2208607661,394205,2,1.00098,-0.14111,0.13916,-1.221,0.71,0.603,non-ergonomis
2026-06-01 14:44:29.405,2208608861,394405,1,0.43457,0.13525,1.03394,0.13,1.817,-0.244,non-ergonomis
2026-06-01 14:44:29.405,2208608861,394405,2,0.99707,-0.13721,0.13672,-1.435,0.511,0.679,non-ergonomis
2026-06-01 14:44:29.605,2208609061,394605,1,0.4375,0.12402,1.01367,0.038,3.435,-0.053,non-ergonomis
2026-06-01 14:44:29.605,2208609061,394605,2,1.00464,-0.146,0.14575,2.198,2.397,-0.252,non-ergonomis
2026-06-01 14:44:29.805,2208609261,394805,1,0.42432,0.11865,1.03149,-0.626,3.687,0.153,non-ergonomis
2026-06-01 14:44:29.805,2208609261,394805,2,1.00708,-0.14478,0.15308,0.031,1.176,0.45,non-ergonomis
2026-06-01 14:44:29.005,2208608461,395005,1,0.42603,0.11182,1.0354,0.053,2.221,-0.221,non-ergonomis
2026-06-01 14:44:29.005,2208608461,395005,2,0.99829,-0.14087,0.15161,-1.405,0.046,0.405,non-ergonomis
2026-06-01 14:44:29.205,2208608661,395205,1,0.42139,0.11597,1.03198,0.191,1.977,-0.397,non-ergonomis
2026-06-01 14:44:29.205,2208608661,395205,2,1.00049,-0.14307,0.15479,-1.328,0.061,0.366,non-ergonomis
2026-06-01 14:44:30.405,2208609861,395405,1,0.42847,0.11816,1.03174,0.817,1.794,-0.366,non-ergonomis
2026-06-01 14:44:30.405,2208609861,395405,2,1.0022,-0.13794,0.15601,-1.687,0.275,0.298,non-ergonomis
2026-06-01 14:44:30.605,2208610061,395605,1,0.41504,0.12866,1.04126,-0.191,1.977,-0.504,non-ergonomis
2026-06-01 14:44:30.605,2208610061,395605,2,0.99951,-0.14063,0.15112,-2.061,-0.351,0.359,non-ergonomis
2026-06-01 14:44:30.805,2208610261,395805,1,0.42847,0.1167,1.02563,0.733,1.588,-0.565,non-ergonomis
2026-06-01 14:44:30.805,2208610261,395805,2,1.00049,-0.1333,0.14453,-1.542,0.435,0.626,non-ergonomis
2026-06-01 14:44:30.005,2208609461,396005,1,0.42993,0.12036,1.02759,0.405,1.511,-0.809,non-ergonomis
2026-06-01 14:44:30.005,2208609461,396005,2,1.00952,-0.14038,0.14673,-1.679,-0.099,0.672,non-ergonomis
2026-06-01 14:44:30.205,2208609661,396205,1,0.43286,0.1167,1.0271,0.298,2.084,-0.504,non-ergonomis
2026-06-01 14:44:30.205,2208609661,396205,2,0.99878,-0.1438,0.1438,-1.107,0.412,0.672,non-ergonomis
2026-06-01 14:44:31.405,2208610861,396405,1,0.41577,0.11548,1.0332,0.412,1.916,-0.458,non-ergonomis
2026-06-01 14:44:31.405,2208610861,396405,2,1.00342,-0.14063,0.15015,-1.969,0.015,0.328,non-ergonomis
2026-06-01 14:44:31.605,2208611061,396605,1,0.43384,0.1189,1.02002,0.634,1.573,-0.443,non-ergonomis
2026-06-01 14:44:31.605,2208611061,396605,2,0.9939,-0.13354,0.14038,-1.443,0.55,0.427,non-ergonomis
2026-06-01 14:44:31.805,2208611261,396805,1,0.43091,0.11548,1.03491,0.557,1.649,-0.809,non-ergonomis
2026-06-01 14:44:31.805,2208611261,396805,2,0.99927,-0.14111,0.13843,-0.832,1.153,0.595,non-ergonomis
2026-06-01 14:44:31.005,2208610461,397005,1,0.42676,0.125,1.03833,-0.053,2.038,-0.855,non-ergonomis
2026-06-01 14:44:31.005,2208610461,397005,2,1.0022,-0.14673,0.15063,-1.076,0.573,0.702,non-ergonomis
2026-06-01 14:44:31.205,2208610661,397205,1,0.4248,0.12451,1.03076,0.275,1.939,-0.824,non-ergonomis
2026-06-01 14:44:31.205,2208610661,397205,2,0.99927,-0.15015,0.1394,-0.237,1.71,0.504,non-ergonomis
2026-06-01 14:44:32.405,2208611861,397405,1,0.42529,0.125,1.02856,0.298,2.061,-1.084,non-ergonomis
2026-06-01 14:44:32.405,2208611861,397405,2,0.99805,-0.13965,0.14893,-0.786,1.046,0.405,non-ergonomis
2026-06-01 14:44:32.605,2208612061,397605,1,0.42456,0.11963,1.02441,0.336,1.84,-0.664,non-ergonomis
2026-06-01 14:44:32.605,2208612061,397605,2,0.99731,-0.13647,0.15991,-1.282,0.336,0.603,non-ergonomis
2026-06-01 14:44:32.805,2208612261,397805,1,0.42432,0.12402,1.02832,0.206,1.992,-0.466,non-ergonomis
2026-06-01 14:44:32.805,2208612261,397805,2,0.9939,-0.13745,0.15601,-1.687,0.359,0.702,non-ergonomis
2026-06-01 14:44:32.005,2208611461,398005,1,0.42847,0.12671,1.02466,0.092,1.74,-0.267,non-ergonomis
2026-06-01 14:44:32.005,2208611461,398005,2,0.99268,-0.13672,0.15625,-1.183,0.763,0.489,non-ergonomis
2026-06-01 14:44:32.205,2208611661,398205,1,0.42529,0.12305,1.03076,0.229,1.679,-0.511,non-ergonomis
2026-06-01 14:44:32.205,2208611661,398205,2,0.9917,-0.13721,0.15332,-1.397,0.305,0.42,non-ergonomis
2026-06-01 14:44:33.405,2208612861,398405,1,0.42554,0.11743,1.03687,0.71,1.786,-0.252,non-ergonomis
2026-06-01 14:44:33.405,2208612861,398405,2,1.00146,-0.13281,0.15454,-1.366,0.015,0.473,non-ergonomis
2026-06-01 14:44:33.605,2208613061,398605,1,0.427,0.12573,1.04297,0.198,2.168,-0.557,non-ergonomis
2026-06-01 14:44:33.605,2208613061,398605,2,1.00244,-0.14551,0.16235,-1.336,0.298,0.351,non-ergonomis
2026-06-01 14:44:33.805,2208613261,398805,1,0.42944,0.12109,1.03467,0.466,1.611,-0.588,non-ergonomis
2026-06-01 14:44:33.805,2208613261,398805,2,0.99634,-0.1416,0.14307,-1.656,0.382,0.527,non-ergonomis
2026-06-01 14:44:33.005,2208612461,399005,1,0.42383,0.12549,1.03442,0.176,1.794,-0.382,non-ergonomis
2026-06-01 14:44:33.005,2208612461,399005,2,0.99731,-0.14111,0.16333,-1.855,-0.489,0.397,non-ergonomis
2026-06-01 14:44:33.205,2208612661,399205,1,0.43457,0.11841,1.01831,0.725,1.794,-0.412,non-ergonomis
2026-06-01 14:44:33.205,2208612661,399205,2,0.99316,-0.1416,0.14697,-1.344,0.298,0.427,non-ergonomis
2026-06-01 14:44:34.405,2208613861,399405,1,0.42773,0.12305,1.02222,0.359,1.664,-0.466,non-ergonomis
2026-06-01 14:44:34.405,2208613861,399405,2,1.0,-0.13159,0.1521,-1.458,0.015,0.481,non-ergonomis
2026-06-01 14:44:34.605,2208614061,399605,1,0.43359,0.11914,1.03418,0.214,1.855,-0.542,non-ergonomis
2026-06-01 14:44:34.605,2208614061,399605,2,1.00928,-0.13745,0.14551,-0.916,0.618,0.252,non-ergonomis
2026-06-01 14:44:34.805,2208614261,399805,1,0.43823,0.12134,1.02393,0.519,1.756,-0.321,non-ergonomis
2026-06-01 14:44:34.805,2208614261,399805,2,0.99854,-0.13477,0.14331,-1.771,-0.046,0.458,non-ergonomis
2026-06-01 14:44:34.005,2208613461,400005,1,0.43115,0.11816,1.03271,0.214,1.817,-0.588,non-ergonomis
2026-06-01 14:44:34.005,2208613461,400005,2,1.00098,-0.13989,0.14575,-1.947,0.336,0.221,non-ergonomis
2026-06-01 14:44:34.205,2208613661,400205,1,0.43335,0.12085,1.03394,0.183,1.901,-0.725,non-ergonomis
2026-06-01 14:44:34.205,2208613661,400205,2,0.99756,-0.13696,0.14233,-1.863,-0.038,0.504,non-ergonomis
2026-06-01 14:44:35.405,2208614861,400405,1,0.43481,0.12793,1.03271,0.313,1.992,-0.748,non-ergonomis
2026-06-01 14:44:35.405,2208614861,400405,2,1.00146,-0.1416,0.14941,-1.992,-0.473,0.298,non-ergonomis
2026-06-01 14:44:35.605,2208615061,400605,1,0.42847,0.12061,1.02905,0.084,1.656,-0.595,non-ergonomis
2026-06-01 14:44:35.605,2208615061,400605,2,1.00415,-0.1438,0.14526,-0.954,0.809,0.58,non-ergonomis
2026-06-01 14:44:35.805,2208615261,400805,1,0.42944,0.11694,1.03174,0.687,1.595,-0.664,non-ergonomis
2026-06-01 14:44:35.805,2208615261,400805,2,1.00049,-0.1416,0.14673,-0.87,0.962,0.45,non-ergonomis
2026-06-01 14:44:35.005,2208614461,401005,1,0.43213,0.1228,1.03394,0.336,2.145,-0.58,non-ergonomis
2026-06-01 14:44:35.005,2208614461,401005,2,0.99927,-0.13989,0.15552,-0.015,1.656,0.382,non-ergonomis
2026-06-01 14:44:35.205,2208614661,401205,1,0.44019,0.12793,1.02222,0.603,1.794,-0.84,non-ergonomis
2026-06-01 14:44:35.205,2208614661,401205,2,0.9978,-0.13623,0.15527,-0.473,1.573,0.344,non-ergonomis
2026-06-01 14:44:36.405,2208615861,401405,1,0.43164,0.12549,1.0332,-0.008,2.214,-0.809,non-ergonomis
2026-06-01 14:44:36.405,2208615861,401405,2,1.00049,-0.13501,0.16064,-0.718,0.756,0.115,non-ergonomis
2026-06-01 14:44:36.605,2208616061,401605,1,0.43237,0.12891,1.02368,0.504,1.817,-0.901,non-ergonomis
2026-06-01 14:44:36.605,2208616061,401605,2,0.99707,-0.13599,0.15796,-1.046,1.122,0.359,non-ergonomis
2026-06-01 14:44:36.805,2208616261,401805,1,0.42041,0.13403,1.02905,0.198,2.282,-0.687,non-ergonomis
2026-06-01 14:44:36.805,2208616261,401805,2,0.99756,-0.13159,0.16382,-1.916,-0.252,0.473,non-ergonomis
2026-06-01 14:44:36.005,2208615461,402005,1,0.43091,0.12573,1.03564,0.893,2.069,-0.153,non-ergonomis
2026-06-01 14:44:36.005,2208615461,402005,2,1.00488,-0.13232,0.15967,-1.817,-0.298,0.412,non-ergonomis
2026-06-01 14:44:36.205,2208615661,402205,1,0.4209,0.12646,1.02808,-0.031,1.817,-0.542,non-ergonomis
2026-06-01 14:44:36.205,2208615661,402205,2,1.0022,-0.13403,0.16528,-2.237,-0.794,0.641,non-ergonomis
2026-06-01 14:44:37.405,2208616861,402405,1,0.42114,0.12134,1.04102,0.092,2.031,-0.122,non-ergonomis
2026-06-01 14:44:37.405,2208616861,402405,2,0.99927,-0.14697,0.1521,-1.725,,0.527,non-ergonomis
2026-06-01 14:44:37.605,2208617061,402605,1,0.42871,0.12329,1.02417,0.16,1.908,-0.168,non-ergonomis
2026-06-01 14:44:37.605,2208617061,402605,2,0.99829,-0.13892,0.1499,-1.87,-0.298,0.298,non-ergonomis
2026-06-01 14:44:37.805,2208617261,402805,1,0.43774,0.12183,1.021,0.435,1.725,-0.641,non-ergonomis
2026-06-01 14:44:37.805,2208617261,402805,2,1.00537,-0.13428,0.14624,-1.435,0.076,0.573,non-ergonomis
2026-06-01 14:44:37.005,2208616461,403005,1,0.42627,0.12036,1.03223,0.099,1.634,-0.321,non-ergonomis
2026-06-01 14:44:37.005,2208616461,403005,2,1.00928,-0.1355,0.14575,-1.603,0.206,0.427,non-ergonomis
2026-06-01 14:44:37.205,2208616661,403205,1,0.43237,0.11719,1.03711,0.534,1.58,-0.87,non-ergonomis
2026-06-01 14:44:37.205,2208616661,403205,2,1.00049,-0.13843,0.14502,-0.985,0.74,0.863,non-ergonomis
2026-06-01 14:44:38.405,2208617861,403405,1,0.43164,0.12305,1.03564,0.313,1.916,-0.595,non-ergonomis
2026-06-01 14:44:38.405,2208617861,403405,2,1.00269,-0.14624,0.14771,-1.382,-0.038,0.137,non-ergonomis
2026-06-01 14:44:38.605,2208618061,403605,1,0.42603,0.12646,1.02612,0.458,1.939,-0.366,non-ergonomis
2026-06-01 14:44:38.605,2208618061,403605,2,1.00269,-0.13672,0.14844,-1.42,0.122,0.443,non-ergonomis
2026-06-01 14:44:38.805,2208618261,403805,1,0.43042,0.12012,1.02783,0.031,1.863,-0.71,non-ergonomis
2026-06-01 14:44:38.805,2208618261,403805,2,1.00366,-0.14136,0.13721,-1.412,0.435,0.588,non-ergonomis
2026-06-01 14:44:38.005,2208617461,404005,1,0.43018,0.12451,1.03296,0.305,1.855,-0.504,non-ergonomis
2026-06-01 14:44:38.005,2208617461,404005,2,1.01001,-0.14014,0.14575,-1.542,-0.153,0.443,non-ergonomis
2026-06-01 14:44:38.205,2208617661,404205,1,0.42993,0.1228,1.03271,0.603,1.916,-0.481,non-ergonomis
2026-06-01 14:44:38.205,2208617661,404205,2,1.00073,-0.13745,0.15063,-0.511,1.229,0.557,non-ergonomis
2026-06-01 14:44:39.405,2208618861,404405,1,0.42529,0.12573,1.02124,0.069,2.374,-0.901,non-ergonomis
2026-06-01 14:44:39.405,2208618861,404405,2,0.99829,-0.14209,0.14429,0.061,2.74,0.588,non-ergonomis
2026-06-01 14:44:39.605,2208619061,404605,1,0.43091,0.12549,1.02783,0.237,2.305,-0.382,non-ergonomis
2026-06-01 14:44:39.605,2208619061,404605,2,1.00415,-0.13306,0.15161,0.031,2.092,0.611,non-ergonomis
2026-06-01 14:44:39.805,2208619261,404805,1,0.42676,0.12402,1.02905,0.252,2.16,-0.427,non-ergonomis
2026-06-01 14:44:39.805,2208619261,404805,2,0.99902,-0.1333,0.16968,-0.847,0.969,0.13,non-ergonomis
2026-06-01 14:44:39.005,2208618461,405005,1,0.42114,0.125,1.02905,-0.099,2.26,-0.031,non-ergonomis
2026-06-01 14:44:39.005,2208618461,405005,2,1.00342,-0.1377,0.16162,-0.954,0.901,0.534,non-ergonomis
2026-06-01 14:44:39.205,2208618661,405205,1,0.41553,0.11694,1.03491,0.015,2.542,-0.214,non-ergonomis
2026-06-01 14:44:39.205,2208618661,405205,2,0.99438,-0.13696,0.17334,-1.282,0.595,0.153,non-ergonomis
2026-06-01 14:44:40.405,2208619861,405405,1,0.42529,0.11914,1.02173,-0.031,1.504,-0.023,non-ergonomis
2026-06-01 14:44:40.405,2208619861,405405,2,0.9917,-0.13721,0.15381,-1.504,-0.267,0.427,non-ergonomis
2026-06-01 14:44:40.605,2208620061,405605,1,0.42236,0.11255,1.03711,0.275,1.435,-0.466,non-ergonomis
2026-06-01 14:44:40.605,2208620061,405605,2,0.99829,-0.13965,0.15601,-1.916,-0.496,0.618,non-ergonomis
2026-06-01 14:44:40.805,2208620261,405805,1,0.42603,0.11914,1.02661,0.237,1.71,-0.634,non-ergonomis
2026-06-01 14:44:40.805,2208620261,405805,2,1.00269,-0.14087,0.15112,-1.87,-0.458,0.458,non-ergonomis
2026-06-01 14:44:40.005,2208619461,406005,1,0.4231,0.11743,1.01758,0.924,1.664,-0.489,non-ergonomis
2026-06-01 14:44:40.005,2208619461,406005,2,1.00342,-0.13916,0.15186,-2.145,-0.389,0.702,non-ergonomis
2026-06-01 14:44:40.205,2208619661,406205,1,0.42432,0.11963,1.03735,0.298,1.641,-0.595,non-ergonomis
2026-06-01 14:44:40.205,2208619661,406205,2,0.99634,-0.14258,0.14795,-1.84,-0.153,0.382,non-ergonomis
2026-06-01 14:44:41.405,2208620861,406405,1,0.42847,0.12085,1.03564,0.374,1.802,-0.718,non-ergonomis
2026-06-01 14:44:41.405,2208620861,406405,2,1.00049,-0.13721,0.14819,-1.275,0.55,0.573,non-ergonomis
2026-06-01 14:44:41.605,2208621061,406605,1,0.43042,0.11328,1.0354,0.489,2.168,-0.588,non-ergonomis
2026-06-01 14:44:41.605,2208621061,406605,2,0.99854,-0.14063,0.14404,-1.756,-0.061,0.275,non-ergonomis
2026-06-01 14:44:41.805,2208621261,406805,1,0.42334,0.11377,1.02588,0.817,1.664,-0.344,non-ergonomis
2026-06-01 14:44:41.805,2208621261,406805,2,1.00098,-0.1377,0.14966,-1.702,0.137,0.069,non-ergonomis
2026-06-01 14:44:41.005,2208620461,407005,1,0.42773,0.1145,1.02808,0.985,1.733,-0.885,non-ergonomis
2026-06-01 14:44:41.005,2208620461,407005,2,1.0,-0.13867,0.1438,-0.405,1.076,-0.145,non-ergonomis
2026-06-01 14:44:41.205,2208620661,407205,1,0.4248,0.11865,1.03613,0.099,2.191,-0.542,non-ergonomis
2026-06-01 14:44:41.205,2208620661,407205,2,1.00098,-0.14233,0.14795,-0.221,2.107,0.725,non-ergonomis
2026-06-01 14:44:42.405,2208621861,407405,1,0.41699,0.1228,1.04053,-1.069,2.687,-0.481,non-ergonomis
2026-06-01 14:44:42.405,2208621861,407405,2,0.99609,-0.14111,0.15723,0.16,1.534,0.618,non-ergonomis
2026-06-01 14:44:42.605,2208622061,407605,1,0.42432,0.12134,1.03467,-0.183,2.756,-0.221,non-ergonomis
2026-06-01 14:44:42.605,2208622061,407605,2,0.99536,-0.1394,0.1665,0.137,1.695,0.42,non-ergonomis
2026-06-01 14:44:42.805,2208622261,407805,1,0.4209,0.11719,1.0354,-0.153,2.16,-0.206,non-ergonomis
2026-06-01 14:44:42.805,2208622261,407805,2,0.99927,-0.1333,0.16602,-0.84,0.656,0.511,non-ergonomis
2026-06-01 14:44:42.005,2208621461,408005,1,0.41089,0.1145,1.04102,0.16,2.359,0.031,non-ergonomis
2026-06-01 14:44:42.005,2208621461,408005,2,0.99585,-0.1333,0.16919,-1.053,0.153,0.824,non-ergonomis
2026-06-01 14:44:42.205,2208621661,408205,1,0.4187,0.11206,1.03906,0.031,2.305,-0.221,non-ergonomis
2026-06-01 14:44:42.205,2208621661,408205,2,0.99829,-0.14111,0.17847,-0.947,0.206,0.458,non-ergonomis
2026-06-01 14:44:43.405,2208622861,408405,1,0.4209,0.10913,1.03882,0.275,2.282,-0.366,non-ergonomis
2026-06-01 14:44:43.405,2208622861,408405,2,0.99854,-0.13794,0.17065,-0.137,0.84,0.641,non-ergonomis
2026-06-01 14:44:43.605,2208623061,408605,1,0.41772,0.10571,1.04248,0.641,2.153,-0.794,non-ergonomis
2026-06-01 14:44:43.605,2208623061,408605,2,0.99805,-0.14453,0.16846,-1.603,-0.481,0.824,non-ergonomis
2026-06-01 14:44:43.805,2208623261,408805,1,0.41211,0.11157,1.02979,0.206,1.687,-0.679,non-ergonomis
2026-06-01 14:44:43.805,2208623261,408805,2,0.99658,-0.13428,0.17261,-2.084,-0.55,0.481,non-ergonomis
2026-06-01 14:44:43.005,2208622461,409005,1,0.41943,0.11401,1.03931,0.374,1.931,-0.893,non-ergonomis
2026-06-01 14:44:43.005,2208622461,409005,2,1.00146,-0.14209,0.16846,-2.206,-0.305,0.45,non-ergonomis
2026-06-01 14:44:43.205,2208622661,409205,1,0.41797,0.11816,1.03491,0.733,2.046,-0.588,non-ergonomis
2026-06-01 14:44:43.205,2208622661,409205,2,0.99146,-0.1394,0.16797,-1.893,-0.557,0.374,non-ergonomis
2026-06-01 14:44:44.405,2208623861,409405,1,0.42261,0.1106,1.04321,0.649,1.824,-0.344,non-ergonomis
2026-06-01 14:44:44.405,2208623861,409405,2,1.00415,-0.13184,0.16772,-1.962,-0.672,0.305,non-ergonomis
2026-06-01 14:44:44.605,2208624061,409605,1,0.42065,0.10962,1.02637,0.672,2.198,-0.214,non-ergonomis
2026-06-01 14:44:44.605,2208624061,409605,2,0.99536,-0.13184,0.15063,-1.534,0.351,0.382,non-ergonomis
2026-06-01 14:44:44.805,2208624261,409805,1,0.41553,0.11011,1.03467,0.565,1.916,-0.672,non-ergonomis
2026-06-01 14:44:44.805,2208624261,409805,2,0.99512,-0.13794,0.15234,-1.031,1.076,0.366,non-ergonomis
2026-06-01 14:44:44.005,2208623461,410005,1,0.41699,0.1106,1.03662,0.359,1.29,-0.641,non-ergonomis
2026-06-01 14:44:44.005,2208623461,410005,2,1.00049,-0.13257,0.16138,-0.985,1.076,0.336,non-ergonomis
2026-06-01 14:44:44.205,2208623661,410205,1,0.42261,0.10767,1.03491,-0.183,1.916,-0.679,non-ergonomis
2026-06-01 14:44:44.205,2208623661,410205,2,0.99585,-0.13696,0.15869,-0.679,0.954,0.359,non-ergonomis
2026-06-01 14:44:45.405,2208624861,410405,1,0.41626,0.11328,1.03271,0.588,2.168,-0.748,non-ergonomis
2026-06-01 14:44:45.405,2208624861,410405,2,0.99048,-0.13379,0.16968,-0.053,1.771,0.336,non-ergonomis
2026-06-01 14:44:45.605,2208625061,410605,1,0.41675,0.11816,1.03027,0.076,2.763,-0.802,non-ergonomis
2026-06-01 14:44:45.605,2208625061,410605,2,0.99243,-0.13428,0.1731,-0.496,1.29,0.901,non-ergonomis
2026-06-01 14:44:45.805,2208625261,410805,1,0.41064,0.1189,1.0354,0.008,2.344,-0.473,non-ergonomis
2026-06-01 14:44:45.805,2208625261,410805,2,0.99878,-0.13672,0.18237,-0.855,0.878,0.557,non-ergonomis
2026-06-01 14:44:45.005,2208624461,411005,1,0.41162,0.11035,1.03882,0.603,1.977,-0.336,non-ergonomis
2026-06-01 14:44:45.005,2208624461,411005,2,0.98828,-0.13208,0.17212,-1.366,0.496,0.679,non-ergonomis
2026-06-01 14:44:45.205,2208624661,411205,1,0.41553,0.10864,1.03394,0.305,1.832,-0.504,non-ergonomis
2026-06-01 14:44:45.205,2208624661,411205,2,0.99438,-0.1311,0.18311,-1.885,-0.038,0.504,non-ergonomis
2026-06-01 14:44:46.405,2208625861,411405,1,0.41528,0.11304,1.03784,-0.183,1.656,-0.466,non-ergonomis
2026-06-01 14:44:46.405,2208625861,411405,2,0.99438,-0.13428,0.17773,-1.366,-0.038,0.443,non-ergonomis
2026-06-01 14:44:46.605,2208626061,411605,1,0.41699,0.1167,1.0376,0.672,1.664,-0.45,non-ergonomis
2026-06-01 14:44:46.605,2208626061,411605,2,0.9978,-0.13477,0.16821,-1.702,0.061,0.42,non-ergonomis
2026-06-01 14:44:46.805,2208626261,411805,1,0.4104,0.11157,1.0376,0.26,1.733,-0.672,non-ergonomis
2026-06-01 14:44:46.805,2208626261,411805,2,0.99194,-0.13379,0.17773,-1.557,-0.023,0.435,non-ergonomis
2026-06-01 14:44:46.005,2208625461,412005,1,0.40991,0.11377,1.03857,0.061,1.656,-0.298,non-ergonomis
2026-06-01 14:44:46.005,2208625461,412005,2,1.00146,-0.13647,0.16602,-2.893,-1.122,1.0,non-ergonomis
2026-06-01 14:44:46.205,2208625661,412205,1,0.42163,0.11719,1.0354,0.443,1.496,-0.427,non-ergonomis
2026-06-01 14:44:46.205,2208625661,412205,2,1.00293,-0.13843,0.16113,-1.382,0.137,0.542,non-ergonomis
2026-06-01 14:44:47.405,2208626861,412405,1,0.41626,0.11719,1.04541,-0.153,1.664,-0.534,non-ergonomis
2026-06-01 14:44:47.405,2208626861,412405,2,0.99463,-0.13013,0.16211,-1.328,0.198,0.443,non-ergonomis
2026-06-01 14:44:47.605,2208627061,412605,1,0.41064,0.11206,1.03101,0.908,2.015,-0.405,non-ergonomis
2026-06-01 14:44:47.605,2208627061,412605,2,0.99243,-0.1355,0.17114,-1.573,-0.053,0.634,non-ergonomis
2026-06-01 14:44:47.805,2208627261,412805,1,0.42139,0.11377,1.04346,0.26,1.802,-0.504,non-ergonomis
2026-06-01 14:44:47.805,2208627261,412805,2,0.98999,-0.13965,0.16162,-1.221,0.458,0.092,non-ergonomis
2026-06-01 14:44:47.005,2208626461,413005,1,0.42212,0.11499,1.03369,0.435,1.901,-0.55,non-ergonomis
2026-06-01 14:44:47.005,2208626461,413005,2,0.99951,-0.1377,0.15503,-1.137,0.382,0.183,non-ergonomis
2026-06-01 14:44:47.205,2208626661,413205,1,0.41113,0.11548,1.03809,0.534,2.061,-0.847,non-ergonomis
2026-06-01 14:44:47.205,2208626661,413205,2,0.98901,-0.13428,0.16309,-0.13,1.748,0.351,non-ergonomis
2026-06-01 14:44:48.405,2208627861,413405,1,0.41284,0.11865,1.04297,0.634,2.099,-0.878,non-ergonomis
2026-06-01 14:44:48.405,2208627861,413405,2,0.99902,-0.13647,0.16724,0.145,2.466,0.176,non-ergonomis
2026-06-01 14:44:48.605,2208628061,413605,1,0.41602,0.11768,1.03784,-0.237,1.855,-0.992,non-ergonomis
2026-06-01 14:44:48.605,2208628061,413605,2,0.99194,-0.13257,0.18188,-1.0,2.206,0.344,non-ergonomis
2026-06-01 14:44:48.805,2208628261,413805,1,0.40991,0.11865,1.03149,0.015,2.511,-1.038,non-ergonomis
2026-06-01 14:44:48.805,2208628261,413805,2,0.9939,-0.1311,0.17139,-0.725,1.183,0.015,non-ergonomis
2026-06-01 14:44:48.005,2208627461,414005,1,0.41113,0.12354,1.0437,-0.298,1.695,-1.099,non-ergonomis
2026-06-01 14:44:48.005,2208627461,414005,2,0.99292,-0.12183,0.17139,-1.267,0.702,0.626,non-ergonomis
2026-06-01 14:44:48.205,2208627661,414205,1,0.4126,0.11279,1.03857,0.511,1.962,-0.191,non-ergonomis
2026-06-01 14:44:48.205,2208627661,414205,2,0.99365,-0.13208,0.17749,-1.122,0.374,0.71,non-ergonomis
2026-06-01 14:44:49.405,2208628861,414405,1,0.41089,0.11108,1.03003,0.74,1.847,-0.244,non-ergonomis
2026-06-01 14:44:49.405,2208628861,414405,2,0.99683,-0.13428,0.17773,-1.42,0.061,0.588,non-ergonomis
2026-06-01 14:44:49.605,2208629061,414605,1,0.4126,0.11206,1.03882,0.489,1.74,-0.42,non-ergonomis
2026-06-01 14:44:49.605,2208629061,414605,2,0.99878,-0.12988,0.17358,-1.435,0.076,0.542,non-ergonomis
2026-06-01 14:44:49.805,2208629261,414805,1,0.41138,0.11768,1.04492,0.58,1.748,-0.466,non-ergonomis
2026-06-01 14:44:49.805,2208629261,414805,2,0.99438,-0.13916,0.17041,-1.756,-0.023,0.206,non-ergonomis
2026-06-01 14:44:49.005,2208628461,415005,1,0.41699,0.10815,1.03833,0.962,1.931,-0.153,non-ergonomis
2026-06-01 14:44:49.005,2208628461,415005,2,0.99072,-0.13501,0.16943,-1.527,-0.061,0.298,non-ergonomis
2026-06-01 14:44:49.205,2208628661,415205,1,0.40723,0.11377,1.03955,-0.137,1.504,-0.634,non-ergonomis
2026-06-01 14:44:49.205,2208628661,415205,2,0.99487,-0.13232,0.16724,-1.214,0.267,0.366,non-ergonomis
2026-06-01 14:44:50.405,2208629861,415405,1,0.41699,0.11182,1.02905,0.458,2.0,-0.58,non-ergonomis
2026-06-01 14:44:50.405,2208629861,415405,2,0.9978,-0.13623,0.17041,-1.786,-0.084,0.374,non-ergonomis
2026-06-01 14:44:50.605,2208630061,415605,1,0.42188,0.10352,1.03418,1.061,2.015,-0.366,non-ergonomis
2026-06-01 14:44:50.605,2208630061,415605,2,0.99219,-0.12915,0.16577,-1.924,0.053,0.397,non-ergonomis
2026-06-01 14:44:50.805,2208630261,415805,1,0.41138,0.1167,1.03833,0.244,2.015,-0.748,non-ergonomis
2026-06-01 14:44:50.805,2208630261,415805,2,0.99805,-0.13623,0.16626,-0.916,0.794,0.107,non-ergonomis
2026-06-01 14:44:50.005,2208629461,416005,1,0.4126,0.11523,1.03345,0.374,2.076,-0.534,non-ergonomis
2026-06-01 14:44:50.005,2208629461,416005,2,0.98755,-0.1333,0.16504,-2.069,-0.237,0.611,non-ergonomis
2026-06-01 14:44:50.205,2208629661,416205,1,0.41089,0.11353,1.03662,0.466,1.824,-0.397,non-ergonomis
2026-06-01 14:44:50.205,2208629661,416205,2,0.99829,-0.13354,0.17578,-1.489,0.137,0.534,non-ergonomis
2026-06-01 14:44:51.405,2208630861,416405,1,0.41333,0.11963,1.03589,-0.061,1.618,-0.763,non-ergonomis
2026-06-01 14:44:51.405,2208630861,416405,2,1.00073,-0.1394,0.16284,-1.893,-0.344,0.672,non-ergonomis
2026-06-01 14:44:51.605,2208631061,416605,1,0.4104,0.11206,1.02759,0.13,1.756,-0.687,non-ergonomis
2026-06-01 14:44:51.605,2208631061,416605,2,0.99658,-0.1355,0.16187,-1.038,0.305,0.527,non-ergonomis
2026-06-01 14:44:51.805,2208631261,416805,1,0.41333,0.11646,1.03784,0.282,1.901,-0.74,non-ergonomis
2026-06-01 14:44:51.805,2208631261,416805,2,0.99463,-0.13477,0.15869,-1.42,0.466,0.557,non-ergonomis
2026-06-01 14:44:51.005,2208630461,417005,1,0.41235,0.11694,1.03979,0.527,1.954,-0.603,non-ergonomis
2026-06-01 14:44:51.005,2208630461,417005,2,1.00195,-0.13843,0.16675,-0.733,0.802,0.427,non-ergonomis
2026-06-01 14:44:51.205,2208630661,417205,1,0.41309,0.11792,1.04541,0.565,1.794,-0.55,non-ergonomis
2026-06-01 14:44:51.205,2208630661,417205,2,0.99438,-0.12866,0.16406,-0.855,0.985,0.168,non-ergonomis
2026-06-01 14:44:52.405,2208631861,417405,1,0.40942,0.11792,1.03833,0.107,2.153,-0.931,non-ergonomis
2026-06-01 14:44:52.405,2208631861,417405,2,0.99683,-0.1355,0.17554,-0.756,1.214,0.313,non-ergonomis
2026-06-01 14:44:52.605,2208632061,417605,1,0.41675,0.11255,1.04126,0.099,2.038,-0.771,non-ergonomis
2026-06-01 14:44:52.605,2208632061,417605,2,0.99292,-0.13306,0.17041,-0.618,1.489,0.42,non-ergonomis
2026-06-01 14:44:52.805,2208632261,417805,1,0.40454,0.1167,1.03638,-0.038,2.122,-0.504,non-ergonomis
2026-06-01 14:44:52.805,2208632261,417805,2,1.00146,-0.13159,0.1748,-1.168,0.374,0.443,non-ergonomis
2026-06-01 14:44:52.005,2208631461,418005,1,0.40625,0.11426,1.03198,0.55,1.679,-0.481,non-ergonomis
2026-06-01 14:44:52.005,2208631461,418005,2,0.99292,-0.12964,0.17432,-1.229,0.061,0.267,non-ergonomis
2026-06-01 14:44:52.205,2208631661,418205,1,0.41333,0.11621,1.04395,0.168,1.74,-0.603,non-ergonomis
2026-06-01 14:44:52.205,2208631661,418205,2,0.99219,-0.12646,0.1748,-1.534,-0.214,0.702,non-ergonomis
2026-06-01 14:44:53.405,2208632861,418405,1,0.41675,0.10913,1.03564,0.58,1.481,-0.45,non-ergonomis
2026-06-01 14:44:53.405,2208632861,418405,2,0.99219,-0.13745,0.16968,-1.687,0.191,0.206,non-ergonomis
2026-06-01 14:44:53.605,2208633061,418605,1,0.41113,0.11499,1.02881,-0.069,1.916,-0.458,non-ergonomis
2026-06-01 14:44:53.605,2208633061,418605,2,0.99341,-0.1355,0.17432,-1.794,-0.305,0.443,non-ergonomis
2026-06-01 14:44:53.805,2208633261,418805,1,0.41748,0.11499,1.03418,0.992,1.847,0.16,non-ergonomis
2026-06-01 14:44:53.805,2208633261,418805,2,0.9939,-0.13013,0.16748,-1.794,-0.145,0.237,non-ergonomis
2026-06-01 14:44:53.005,2208632461,419005,1,0.40698,0.10815,1.0415,0.702,1.985,0.252,non-ergonomis
2026-06-01 14:44:53.005,2208632461,419005,2,1.00195,-0.13135,0.16284,-2.107,-0.687,0.55,non-ergonomis
2026-06-01 14:44:53.205,2208632661,419205,1,0.41309,0.11743,1.03491,0.107,1.366,-0.366,non-ergonomis
2026-06-01 14:44:53.205,2208632661,419205,2,0.99634,-0.13721,0.1604,-1.412,0.412,0.473,non-ergonomis
2026-06-01 14:44:54.405,2208633861,419405,1,0.41479,0.1145,1.03711,0.244,1.565,-0.885,non-ergonomis
2026-06-01 14:44:54.405,2208633861,419405,2,1.00049,-0.13208,0.16626,-1.244,0.481,0.26,non-ergonomis
2026-06-01 14:44:54.605,2208634061,419605,1,0.40918,0.11865,1.03516,0.153,1.817,-0.504,non-ergonomis
2026-06-01 14:44:54.605,2208634061,419605,2,0.99536,-0.13086,0.16138,-1.282,0.015,0.718,non-ergonomis
2026-06-01 14:44:54.805,2208634261,419805,1,0.40698,0.11108,1.03857,0.229,2.115,-0.603,non-ergonomis
2026-06-01 14:44:54.805,2208634261,419805,2,0.99756,-0.12988,0.15625,-1.397,0.282,0.603,non-ergonomis
2026-06-01 14:44:54.005,2208633461,420005,1,0.41211,0.11646,1.04321,0.16,1.74,-0.595,non-ergonomis
2026-06-01 14:44:54.005,2208633461,420005,2,0.99268,-0.13135,0.1687,-1.42,0.244,0.664,non-ergonomis
2026-06-01 14:44:54.205,2208633661,420205,1,0.41553,0.11792,1.03516,0.29,1.672,-0.855,non-ergonomis
2026-06-01 14:44:54.205,2208633661,420205,2,0.99756,-0.12817,0.16187,-1.008,0.817,0.42,non-ergonomis
2026-06-01 14:44:55.405,2208634861,420405,1,0.4104,0.11768,1.0354,0.092,2.16,-0.901,non-ergonomis
2026-06-01 14:44:55.405,2208634861,420405,2,0.99976,-0.13574,0.15576,-0.916,0.824,0.542,non-ergonomis
2026-06-01 14:44:55.605,2208635061,420605,1,0.4104,0.12036,1.03784,0.252,1.924,-0.641,non-ergonomis
2026-06-01 14:44:55.605,2208635061,420605,2,0.99854,-0.12964,0.17236,-0.84,1.145,1.061,non-ergonomis
2026-06-01 14:44:55.805,2208635261,420805,1,0.42017,0.10986,1.0376,0.565,1.893,-0.84,non-ergonomis
2026-06-01 14:44:55.805,2208635261,420805,2,0.99902,-0.1355,0.16138,-0.145,1.603,0.756,non-ergonomis
2026-06-01 14:44:55.005,2208634461,421005,1,0.41479,0.11646,1.03589,0.183,1.656,-0.817,non-ergonomis
2026-06-01 14:44:55.005,2208634461,421005,2,0.99316,-0.12988,0.17065,-0.626,1.29,0.275,non-ergonomis
2026-06-01 14:44:55.205,2208634661,421205,1,0.41113,0.11572,1.03906,0.878,1.649,-0.832,non-ergonomis
2026-06-01 14:44:55.205,2208634661,421205,2,0.99878,-0.13477,0.17261,-0.344,1.679,0.061,non-ergonomis
2026-06-01 14:44:56.405,2208635861,421405,1,0.40576,0.1145,1.04175,-0.214,1.901,-0.626,non-ergonomis
2026-06-01 14:44:56.405,2208635861,421405,2,0.99146,-0.13428,0.17505,-1.313,0.695,0.344,non-ergonomis
2026-06-01 14:44:56.605,2208636061,421605,1,0.41284,0.12061,1.03735,0.053,1.71,-1.145,non-ergonomis
2026-06-01 14:44:56.605,2208636061,421605,2,0.99585,-0.13086,0.17896,-1.626,-0.389,0.405,non-ergonomis
2026-06-01 14:44:56.805,2208636261,421805,1,0.40771,0.10986,1.03467,0.473,1.489,-0.756,non-ergonomis
2026-06-01 14:44:56.805,2208636261,421805,2,0.99023,-0.12793,0.17236,-1.412,0.107,0.137,non-ergonomis
2026-06-01 14:44:56.005,2208635461,422005,1,0.41333,0.11328,1.03247,0.542,1.87,0.015,non-ergonomis
2026-06-01 14:44:56.005,2208635461,422005,2,0.99487,-0.1272,0.17188,-1.718,-0.588,0.45,non-ergonomis
2026-06-01 14:44:56.205,2208635661,422205,1,0.41357,0.10938,1.03296,0.191,1.786,-0.282,non-ergonomis
2026-06-01 14:44:56.205,2208635661,422205,2,0.9978,-0.12695,0.1687,-1.702,0.183,0.405,non-ergonomis
2026-06-01 14:44:57.405,2208636861,422405,1,0.41724,0.12109,1.03418,0.214,1.71,-0.389,non-ergonomis
2026-06-01 14:44:57.405,2208636861,422405,2,0.99536,-0.13232,0.18042,-1.626,0.061,0.466,non-ergonomis
2026-06-01 14:44:57.605,2208637061,422605,1,0.41943,0.11523,1.03101,0.718,1.855,-0.443,non-ergonomis
2026-06-01 14:44:57.605,2208637061,422605,2,0.99463,-0.12329,0.17212,-2.206,-0.557,0.656,non-ergonomis
2026-06-01 14:44:57.805,2208637261,422805,1,0.41211,0.11182,1.0437,0.527,2.038,-0.397,non-ergonomis
2026-06-01 14:44:57.805,2208637261,422805,2,0.99365,-0.13184,0.16748,-1.878,-0.405,0.496,non-ergonomis
2026-06-01 14:44:57.005,2208636461,423005,1,0.40869,0.11792,1.03735,0.237,1.84,-0.718,non-ergonomis
2026-06-01 14:44:57.005,2208636461,423005,2,1.00171,-0.13013,0.16431,-1.702,-0.122,0.656,non-ergonomis
2026-06-01 14:44:57.205,2208636661,423205,1,0.41895,0.11572,1.04468,0.565,2.153,-0.588,non-ergonomis
2026-06-01 14:44:57.205,2208636661,423205,2,1.00195,-0.13086,0.1582,-1.084,0.878,0.267,non-ergonomis
2026-06-01 14:44:58.405,2208637861,423405,1,0.41504,0.10815,1.03345,0.542,1.656,-0.206,non-ergonomis
2026-06-01 14:44:58.405,2208637861,423405,2,0.99756,-0.13184,0.15234,-1.71,-0.481,0.435,non-ergonomis
2026-06-01 14:44:58.605,2208638061,423605,1,0.4104,0.11279,1.03564,0.374,2.221,-0.015,non-ergonomis
2026-06-01 14:44:58.605,2208638061,423605,2,0.99951,-0.12964,0.16162,-1.756,0.13,0.588,non-ergonomis
2026-06-01 14:44:58.805,2208638261,423805,1,0.41187,0.11987,1.0437,0.756,1.878,-0.366,non-ergonomis
2026-06-01 14:44:58.805,2208638261,423805,2,1.00464,-0.12769,0.16431,-0.855,0.473,0.176,non-ergonomis
2026-06-01 14:44:58.005,2208637461,424005,1,0.41187,0.11694,1.04248,0.183,1.58,-0.542,non-ergonomis
2026-06-01 14:44:58.005,2208637461,424005,2,0.99854,-0.1333,0.15088,-1.229,0.58,0.672,non-ergonomis
2026-06-01 14:44:58.205,2208637661,424205,1,0.41357,0.11304,1.03882,0.221,1.947,-0.214,non-ergonomis
2026-06-01 14:44:58.205,2208637661,424205,2,1.0,-0.13354,0.15698,-0.481,1.305,0.206,non-ergonomis
2026-06-01 14:44:59.405,2208638861,424405,1,0.41284,0.1106,1.03564,0.145,1.969,-0.382,non-ergonomis
2026-06-01 14:44:59.405,2208638861,424405,2,0.9978,-0.1272,0.16577,-0.641,1.458,0.511,non-ergonomis
2026-06-01 14:44:59.605,2208639061,424605,1,0.40991,0.12329,1.05469,0.29,1.931,-0.779,non-ergonomis
2026-06-01 14:44:59.605,2208639061,424605,2,0.99146,-0.12598,0.17944,0.053,1.206,0.191,non-ergonomis
2026-06-01 14:44:59.805,2208639261,424805,1,0.40845,0.10718,1.0376,0.412,2.26,-0.779,non-ergonomis
2026-06-01 14:44:59.805,2208639261,424805,2,0.99561,-0.12378,0.17358,-1.053,1.237,0.344,non-ergonomis
2026-06-01 14:44:59.005,2208638461,425005,1,0.4082,0.10986,1.04199,0.542,1.809,-0.634,non-ergonomis
2026-06-01 14:44:59.005,2208638461,425005,2,0.99414,-0.12427,0.17822,-1.282,0.557,0.458,non-ergonomis
2026-06-01 14:44:59.205,2208638661,425205,1,0.40942,0.11035,1.02588,0.107,1.931,-0.26,non-ergonomis
2026-06-01 14:44:59.205,2208638661,425205,2,0.99414,-0.12891,0.17285,-1.405,0.298,0.382,non-ergonomis
2026-06-01 14:45:00.405,2208639861,425405,1,0.41016,0.10986,1.03955,1.26,2.031,0.176,non-ergonomis
2026-06-01 14:45:00.405,2208639861,425405,2,0.9939,-0.1311,0.17676,-1.87,-0.42,0.763,non-ergonomis
2026-06-01 14:45:00.605,2208640061,425605,1,0.40625,0.11206,1.03345,0.267,1.756,-0.42,non-ergonomis
2026-06-01 14:45:00.605,2208640061,425605,2,0.99707,-0.13281,0.18042,-1.405,0.58,0.458,non-ergonomis
2026-06-01 14:45:00.805,2208640261,425805,1,0.41016,0.10669,1.03833,0.656,1.863,-0.534,non-ergonomis
2026-06-01 14:45:00.805,2208640261,425805,2,0.9917,-0.13184,0.16992,-1.695,-0.015,0.267,non-ergonomis
2026-06-01 14:45:00.005,2208639461,426005,1,0.40112,0.11816,1.03906,-0.305,2.0,-0.832,non-ergonomis
2026-06-01 14:45:00.005,2208639461,426005,2,1.00171,-0.12598,0.17456,-2.336,-0.977,0.763,non-ergonomis
2026-06-01 14:45:00.205,2208639661,426205,1,0.40674,0.11865,1.04272,0.504,1.687,-0.702,non-ergonomis
2026-06-01 14:45:00.205,2208639661,426205,2,1.0022,-0.12671,0.18018,-1.321,0.183,0.458,non-ergonomis
2026-06-01 14:45:01.405,2208640861,426405,1,0.41113,0.11572,1.0376,0.069,1.87,-0.786,non-ergonomis
2026-06-01 14:45:01.405,2208640861,426405,2,0.9978,-0.12329,0.16772,-1.313,0.084,0.527,non-ergonomis
2026-06-01 14:45:01.605,2208641061,426605,1,0.40649,0.10889,1.04761,0.244,1.855,-0.496,non-ergonomis
2026-06-01 14:45:01.605,2208641061,426605,2,0.99292,-0.13208,0.16626,-1.412,-0.038,0.466,non-ergonomis
2026-06-01 14:45:01.805,2208641261,426805,1,0.4165,0.11377,1.04443,0.435,1.786,-0.565,non-ergonomis
2026-06-01 14:45:01.805,2208641261,426805,2,0.99585,-0.13159,0.16528,-1.954,-0.626,0.504,non-ergonomis
2026-06-01 14:45:01.005,2208640461,427005,1,0.41675,0.11768,1.03247,0.221,1.634,-0.504,non-ergonomis
2026-06-01 14:45:01.005,2208640461,427005,2,0.99414,-0.12891,0.15283,-1.565,-0.176,0.328,non-ergonomis
2026-06-01 14:45:01.205,2208640661,427205,1,0.41235,0.11646,1.04199,0.527,1.885,-0.634,non-ergonomis
2026-06-01 14:45:01.205,2208640661,427205,2,0.99316,-0.13379,0.16211,-1.221,0.046,0.58,non-ergonomis
2026-06-01 14:45:02.405,2208641861,427405,1,0.40918,0.11646,1.0293,0.649,2.153,-0.626,non-ergonomis
2026-06-01 14:45:02.405,2208641861,427405,2,0.99561,-0.13281,0.15552,-1.634,-0.038,0.557,non-ergonomis
2026-06-01 14:45:02.605,2208642061,427605,1,0.41016,0.11719,1.0415,0.45,1.756,-0.725,non-ergonomis
2026-06-01 14:45:02.605,2208642061,427605,2,1.00781,-0.13525,0.1543,-0.809,1.305,0.282,non-ergonomis
2026-06-01 14:45:02.805,2208642261,427805,1,0.41113,0.11084,1.03247,0.42,2.092,-0.901,non-ergonomis
2026-06-01 14:45:02.805,2208642261,427805,2,0.99976,-0.13086,0.16284,-0.947,1.351,0.305,non-ergonomis
2026-06-01 14:45:02.005,2208641461,428005,1,0.40967,0.12036,1.0376,0.565,1.802,-0.779,non-ergonomis
2026-06-01 14:45:02.005,2208641461,428005,2,0.9978,-0.12622,0.16138,-0.252,1.756,0.099,non-ergonomis
2026-06-01 14:45:02.205,2208641661,428205,1,0.41406,0.11743,1.02783,0.29,1.618,-0.84,non-ergonomis
2026-06-01 14:45:02.205,2208641661,428205,2,0.99487,-0.13257,0.16479,-0.305,1.947,0.382,non-ergonomis
2026-06-01 14:45:03.405,2208642861,428405,1,0.4165,0.11914,1.0498,-0.015,1.718,-0.733,non-ergonomis
2026-06-01 14:45:03.405,2208642861,428405,2,0.99609,-0.13403,0.17334,-0.618,1.214,0.298,non-ergonomis
2026-06-01 14:45:03.605,2208643061,428605,1,0.4082,0.11499,1.03931,0.443,2.084,-0.229,non-ergonomis
2026-06-01 14:45:03.605,2208643061,428605,2,0.99658,-0.12305,0.16992,-0.458,1.16,0.244,non-ergonomis
2026-06-01 14:45:03.805,2208643261,428805,1,0.41138,0.11182,1.03418,-0.145,1.962,-0.55,non-ergonomis
2026-06-01 14:45:03.805,2208643261,428805,2,0.99072,-0.13208,0.1748,-1.344,-0.221,0.573,non-ergonomis
2026-06-01 14:45:03.005,2208642461,429005,1,0.40674,0.11523,1.04028,0.42,1.557,-0.443,non-ergonomis
2026-06-01 14:45:03.005,2208642461,429005,2,0.99756,-0.12866,0.17261,-1.71,-0.122,0.519,non-ergonomis
2026-06-01 14:45:03.205,2208642661,429205,1,0.41284,0.11572,1.04639,1.168,2.046,-0.42,non-ergonomis
2026-06-01 14:45:03.205,2208642661,429205,2,0.99878,-0.13208,0.18262,-1.42,0.397,0.229,non-ergonomis
2026-06-01 14:45:04.405,2208643861,429405,1,0.40894,0.11206,1.03564,0.603,1.519,-0.656,non-ergonomis
2026-06-01 14:45:04.405,2208643861,429405,2,1.00269,-0.12646,0.16992,-1.687,-0.359,0.542,non-ergonomis
2026-06-01 14:45:04.605,2208644061,429605,1,0.40918,0.11865,1.03955,0.069,1.603,-0.786,non-ergonomis
2026-06-01 14:45:04.605,2208644061,429605,2,0.99683,-0.125,0.16455,-1.794,-0.015,0.443,non-ergonomis
2026-06-01 14:45:04.805,2208644261,429805,1,0.40747,0.11499,1.02979,0.321,1.748,-0.351,non-ergonomis
2026-06-01 14:45:04.805,2208644261,429805,2,0.99658,-0.12451,0.17041,-1.366,0.015,0.397,non-ergonomis
2026-06-01 14:45:04.005,2208643461,430005,1,0.40942,0.12061,1.04443,0.176,1.832,-0.58,non-ergonomis
2026-06-01 14:45:04.005,2208643461,430005,2,0.99438,-0.13281,0.16602,-1.443,0.137,0.557,non-ergonomis
2026-06-01 14:45:04.205,2208643661,430205,1,0.40747,0.11646,1.03906,0.672,1.267,-0.267,non-ergonomis
2026-06-01 14:45:04.205,2208643661,430205,2,0.99976,-0.12695,0.17065,-1.55,-0.267,0.511,non-ergonomis
2026-06-01 14:45:05.405,2208644861,430405,1,0.40649,0.11523,1.0415,0.359,1.931,-0.443,non-ergonomis
2026-06-01 14:45:05.405,2208644861,430405,2,0.99023,-0.13403,0.1665,-1.618,-0.122,0.244,non-ergonomis
2026-06-01 14:45:05.605,2208645061,430605,1,0.41724,0.10693,1.04199,0.885,1.527,-0.885,non-ergonomis
2026-06-01 14:45:05.605,2208645061,430605,2,0.99536,-0.13745,0.16846,-1.595,0.099,0.405,non-ergonomis
2026-06-01 14:45:05.805,2208645261,430805,1,0.41211,0.11133,1.03442,0.267,1.863,-0.099,non-ergonomis
2026-06-01 14:45:05.805,2208645261,430805,2,0.99219,-0.1189,0.16333,-1.786,-0.038,0.748,non-ergonomis
2026-06-01 14:45:05.005,2208644461,431005,1,0.41211,0.11987,1.03491,0.298,1.634,-0.679,non-ergonomis
2026-06-01 14:45:05.005,2208644461,431005,2,0.99438,-0.13403,0.16724,-1.588,0.351,0.412,non-ergonomis
2026-06-01 14:45:05.205,2208644661,431205,1,0.41919,0.11182,1.052,0.359,1.786,-0.55,non-ergonomis
2026-06-01 14:45:05.205,2208644661,431205,2,0.99927,-0.13403,0.16089,-1.473,-0.061,0.855,non-ergonomis
2026-06-01 14:45:06.405,2208645861,431405,1,0.40552,0.11719,1.03076,0.229,1.71,-0.237,non-ergonomis
2026-06-01 14:45:06.405,2208645861,431405,2,1.00366,-0.12744,0.15747,-1.038,0.534,0.427,non-ergonomis
2026-06-01 14:45:06.605,2208646061,431605,1,0.41162,0.11206,1.02319,0.618,1.969,-0.565,non-ergonomis
2026-06-01 14:45:06.605,2208646061,431605,2,0.99292,-0.13428,0.16479,-0.519,1.695,0.382,non-ergonomis
2026-06-01 14:45:06.805,2208646261,431805,1,0.41382,0.10986,1.03931,0.229,2.13,-0.931,non-ergonomis
2026-06-01 14:45:06.805,2208646261,431805,2,1.00317,-0.125,0.16309,-0.679,0.977,0.237,non-ergonomis
2026-06-01 14:45:06.005,2208645461,432005,1,0.41235,0.12207,1.03223,-0.267,2.099,-0.947,non-ergonomis
2026-06-01 14:45:06.005,2208645461,432005,2,0.98999,-0.12793,0.18311,-0.588,1.313,0.16,non-ergonomis
2026-06-01 14:45:06.205,2208645661,432205,1,0.4082,0.11792,1.0354,0.748,1.557,-0.687,non-ergonomis
2026-06-01 14:45:06.205,2208645661,432205,2,0.99438,-0.12646,0.1792,-0.847,0.947,0.229,non-ergonomis
2026-06-01 14:45:07.405,2208646861,432405,1,0.40576,0.12329,1.0415,0.389,1.962,-0.588,non-ergonomis
2026-06-01 14:45:07.405,2208646861,432405,2,1.00269,-0.12354,0.16748,-1.58,-0.198,0.573,non-ergonomis
2026-06-01 14:45:07.605,2208647061,432605,1,0.41016,0.11304,1.03589,0.74,1.748,-0.29,non-ergonomis
2026-06-01 14:45:07.605,2208647061,432605,2,0.99438,-0.12451,0.17432,-1.42,-0.053,0.389,non-ergonomis
2026-06-01 14:45:07.805,2208647261,432805,1,0.40503,0.11499,1.03027,0.534,1.855,-0.511,non-ergonomis
2026-06-01 14:45:07.805,2208647261,432805,2,0.99658,-0.12891,0.17896,-1.771,0.099,0.481,non-ergonomis
2026-06-01 14:45:07.005,2208646461,433005,1,0.41553,0.11353,1.04639,0.588,1.595,-0.664,non-ergonomis
2026-06-01 14:45:07.005,2208646461,433005,2,0.9917,-0.12524,0.17212,-1.382,0.13,0.626,non-ergonomis
2026-06-01 14:45:07.205,2208646661,433205,1,0.41016,0.11963,1.04663,0.763,1.634,-0.519,non-ergonomis
2026-06-01 14:45:07.205,2208646661,433205,2,0.99414,-0.13208,0.1731,-1.855,-0.115,0.771,non-ergonomis
2026-06-01 14:45:08.405,2208647861,433405,1,0.41357,0.11182,1.03906,0.145,1.885,-0.557,non-ergonomis
2026-06-01 14:45:08.405,2208647861,433405,2,0.99487,-0.13159,0.15894,-2.183,-0.26,0.893,non-ergonomis
2026-06-01 14:45:08.605,2208648061,433605,1,0.40942,0.11719,1.03467,0.282,1.832,-0.603,non-ergonomis
2026-06-01 14:45:08.605,2208648061,433605,2,1.0,-0.13281,0.1626,-1.649,0.015,0.42,non-ergonomis
2026-06-01 14:45:08.805,2208648261,433805,1,0.41284,0.11938,1.03149,0.389,1.969,-0.382,non-ergonomis
2026-06-01 14:45:08.805,2208648261,433805,2,0.99927,-0.13013,0.15967,-1.794,-0.099,0.542,non-ergonomis
2026-06-01 14:45:08.005,2208647461,434005,1,0.40942,0.11816,1.03271,0.107,1.977,-0.55,non-ergonomis
2026-06-01 14:45:08.005,2208647461,434005,2,0.99268,-0.13159,0.16333,-1.427,0.069,0.237,non-ergonomis
2026-06-01 14:45:08.205,2208647661,434205,1,0.41602,0.12329,1.03491,0.397,2.061,-0.42,non-ergonomis
2026-06-01 14:45:08.205,2208647661,434205,2,0.99854,-0.13037,0.1543,-1.901,-0.519,0.634,non-ergonomis
2026-06-01 14:45:09.405,2208648861,434405,1,0.40625,0.11646,1.04346,0.321,1.832,-0.748,non-ergonomis
2026-06-01 14:45:09.405,2208648861,434405,2,1.00586,-0.12988,0.1604,-1.282,0.374,0.664,non-ergonomis
2026-06-01 14:45:09.605,2208649061,434605,1,0.4126,0.12207,1.02832,0.229,2.191,-0.55,non-ergonomis
2026-06-01 14:45:09.605,2208649061,434605,2,1.0022,-0.12842,0.16699,-1.519,0.252,0.496,non-ergonomis
2026-06-01 14:45:09.805,2208649261,434805,1,0.41528,0.1145,1.04614,0.351,1.977,-0.687,non-ergonomis
2026-06-01 14:45:09.805,2208649261,434805,2,1.00098,-0.12671,0.15674,-1.267,0.519,0.427,non-ergonomis
2026-06-01 14:45:09.005,2208648461,435005,1,0.40649,0.11792,1.04175,0.58,2.031,-0.779,non-ergonomis
2026-06-01 14:45:09.005,2208648461,435005,2,0.99512,-0.12646,0.16772,-0.947,0.939,0.458,non-ergonomis
2026-06-01 14:45:09.205,2208648661,435205,1,0.40894,0.11816,1.02979,0.603,2.031,-0.756,non-ergonomis
2026-06-01 14:45:09.205,2208648661,435205,2,1.00195,-0.12573,0.15088,-0.435,1.237,0.29,non-ergonomis
2026-06-01 14:45:10.405,2208649861,435405,1,0.41016,0.11328,1.03198,-0.153,1.84,-0.672,non-ergonomis
2026-06-01 14:45:10.405,2208649861,435405,2,1.00049,-0.13135,0.16919,-0.504,1.695,0.687,non-ergonomis
2026-06-01 14:45:10.605,2208650061,435605,1,0.40356,0.12427,1.0415,0.489,1.817,-0.878,non-ergonomis
2026-06-01 14:45:10.605,2208650061,435605,2,0.9978,-0.12842,0.17212,-0.893,0.855,0.595,non-ergonomis
2026-06-01 14:45:10.805,2208650261,435805,1,0.41431,0.11426,1.04028,0.107,1.557,-0.511,non-ergonomis
2026-06-01 14:45:10.805,2208650261,435805,2,0.99512,-0.12329,0.17261,-1.443,0.733,0.435,non-ergonomis
2026-06-01 14:45:10.005,2208649461,436005,1,0.40283,0.1167,1.03516,0.099,1.947,-0.359,non-ergonomis
2026-06-01 14:45:10.005,2208649461,436005,2,0.99512,-0.12622,0.16748,-1.573,-0.206,0.473,non-ergonomis
2026-06-01 14:45:10.205,2208649661,436205,1,0.41064,0.11743,1.03247,0.443,1.786,-0.542,non-ergonomis
2026-06-01 14:45:10.205,2208649661,436205,2,0.99438,-0.12598,0.177,-1.534,0.046,0.542,non-ergonomis
2026-06-01 14:45:11.405,2208650861,436405,1,0.41113,0.12134,1.03979,0.168,2.053,-0.336,non-ergonomis
2026-06-01 14:45:11.405,2208650861,436405,2,0.99512,-0.12671,0.16724,-1.824,-0.229,0.611,non-ergonomis
2026-06-01 14:45:11.605,2208651061,436605,1,0.41138,0.1145,1.03833,0.45,1.779,-0.565,non-ergonomis
2026-06-01 14:45:11.605,2208651061,436605,2,0.99194,-0.12769,0.16992,-1.573,-0.008,0.405,non-ergonomis
2026-06-01 14:45:11.805,2208651261,436805,1,0.41162,0.11792,1.03833,0.55,1.908,-0.763,non-ergonomis
2026-06-01 14:45:11.805,2208651261,436805,2,0.99976,-0.12793,0.17163,-1.794,-0.13,0.282,non-ergonomis
2026-06-01 14:45:11.005,2208650461,437005,1,0.40894,0.11914,1.04321,0.466,2.076,-0.588,non-ergonomis
2026-06-01 14:45:11.005,2208650461,437005,2,0.99561,-0.12646,0.17212,-2.794,-1.183,0.947,non-ergonomis
2026-06-01 14:45:11.205,2208650661,437205,1,0.40039,0.12793,1.04932,-0.389,1.672,-0.458,non-ergonomis
2026-06-01 14:45:11.205,2208650661,437205,2,0.99609,-0.13062,0.16064,-1.87,-0.015,0.687,non-ergonomis
2026-06-01 14:45:12.405,2208651861,437405,1,0.40747,0.12646,1.04199,0.115,1.962,-0.466,non-ergonomis
2026-06-01 14:45:12.405,2208651861,437405,2,0.99707,-0.12622,0.15723,-0.992,1.42,0.496,non-ergonomis
2026-06-01 14:45:12.605,2208652061,437605,1,0.41113,0.11499,1.0332,0.405,1.702,-0.611,non-ergonomis
2026-06-01 14:45:12.605,2208652061,437605,2,0.99854,-0.13306,0.1626,-1.252,0.412,0.427,non-ergonomis
2026-06-01 14:45:12.805,2208652261,437805,1,0.40552,0.12476,1.03564,0.092,2.053,-0.382,non-ergonomis
2026-06-01 14:45:12.805,2208652261,437805,2,1.00122,-0.12793,0.16089,-1.252,0.573,0.496,non-ergonomis
2026-06-01 14:45:12.005,2208651461,438005,1,0.41162,0.11963,1.03296,0.115,1.893,-0.878,non-ergonomis
2026-06-01 14:45:12.005,2208651461,438005,2,1.00317,-0.12817,0.1543,-0.412,1.74,0.313,non-ergonomis
2026-06-01 14:45:12.205,2208651661,438205,1,0.41431,0.1167,1.03418,0.534,1.779,-0.71,non-ergonomis
2026-06-01 14:45:12.205,2208651661,438205,2,0.9917,-0.13159,0.15332,-0.664,1.29,0.26,non-ergonomis
2026-06-01 14:45:13.405,2208652861,438405,1,0.40649,0.12573,1.04053,0.321,1.847,-0.985,non-ergonomis
2026-06-01 14:45:13.405,2208652861,438405,2,0.99536,-0.12354,0.16748,-0.305,1.397,0.298,non-ergonomis
2026-06-01 14:45:13.605,2208653061,438605,1,0.40649,0.12134,1.03076,-0.321,1.863,-0.771,non-ergonomis
2026-06-01 14:45:13.605,2208653061,438605,2,1.00122,-0.12598,0.16846,-1.282,0.702,0.45,non-ergonomis
2026-06-01 14:45:13.805,2208653261,438805,1,0.40918,0.11377,1.03833,0.519,2.015,-0.412,non-ergonomis
2026-06-01 14:45:13.805,2208653261,438805,2,0.99561,-0.12891,0.17261,-0.901,0.595,0.191,non-ergonomis
2026-06-01 14:45:13.005,2208652461,439005,1,0.40601,0.12061,1.02954,0.252,1.817,-0.664,non-ergonomis
2026-06-01 14:45:13.005,2208652461,439005,2,0.99854,-0.12573,0.16846,-1.656,0.015,0.634,non-ergonomis
2026-06-01 14:45:13.205,2208652661,439205,1,0.40503,0.11621,1.04102,0.55,1.565,-0.45,non-ergonomis
2026-06-01 14:45:13.205,2208652661,439205,2,0.99487,-0.12354,0.17529,-1.176,0.328,0.756,non-ergonomis
2026-06-01 14:45:14.405,2208653861,439405,1,0.41064,0.12402,1.03784,0.42,1.595,-0.885,non-ergonomis
2026-06-01 14:45:14.405,2208653861,439405,2,0.99854,-0.12476,0.16626,-2.023,-0.366,0.718,non-ergonomis
2026-06-01 14:45:14.605,2208654061,439605,1,0.41187,0.11694,1.04468,0.435,1.786,-0.786,non-ergonomis
2026-06-01 14:45:14.605,2208654061,439605,2,0.99268,-0.12549,0.17017,-1.855,-0.237,0.565,non-ergonomis
2026-06-01 14:45:14.805,2208654261,439805,1,0.4126,0.12134,1.03247,0.244,1.901,-0.443,non-ergonomis
2026-06-01 14:45:14.805,2208654261,439805,2,0.99634,-0.12231,0.16968,-2.046,-0.588,0.366,non-ergonomis
2026-06-01 14:45:14.005,2208653461,440005,1,0.41821,0.11792,1.0354,1.16,1.855,0.053,non-ergonomis
2026-06-01 14:45:14.005,2208653461,440005,2,1.00146,-0.12622,0.16431,-2.466,-0.733,0.282,non-ergonomis
2026-06-01 14:45:14.205,2208653661,440205,1,0.41699,0.11792,1.03564,0.29,1.565,-0.344,non-ergonomis
2026-06-01 14:45:14.205,2208653661,440205,2,0.9978,-0.12378,0.15942,-2.122,-0.511,0.29,non-ergonomis
2026-06-01 14:45:15.405,2208654861,440405,1,0.41064,0.1189,1.03271,0.466,1.489,-1.053,non-ergonomis
2026-06-01 14:45:15.405,2208654861,440405,2,0.99609,-0.13525,0.15967,-1.603,0.282,0.519,non-ergonomis
2026-06-01 14:45:15.605,2208655061,440605,1,0.41138,0.11646,1.02832,0.122,2.015,-0.733,non-ergonomis
2026-06-01 14:45:15.605,2208655061,440605,2,1.00659,-0.12866,0.15332,-1.107,0.634,0.298,non-ergonomis
2026-06-01 14:45:15.805,2208655261,440805,1,0.4126,0.12109,1.03906,0.527,1.695,-0.74,non-ergonomis
2026-06-01 14:45:15.805,2208655261,440805,2,0.99634,-0.13013,0.15698,-1.595,0.359,0.481,non-ergonomis
2026-06-01 14:45:15.005,2208654461,441005,1,0.40894,0.11768,1.04126,0.237,1.687,-0.519,non-ergonomis
2026-06-01 14:45:15.005,2208654461,441005,2,1.00171,-0.12524,0.16309,-0.969,0.817,0.504,non-ergonomis
2026-06-01 14:45:15.205,2208654661,441205,1,0.41211,0.11963,1.03418,0.29,1.71,-0.595,non-ergonomis
2026-06-01 14:45:15.205,2208654661,441205,2,0.99683,-0.12915,0.15015,-1.13,0.527,0.221,non-ergonomis
2026-06-01 14:45:16.405,2208655861,441405,1,0.41187,0.12402,1.02612,0.42,2.397,-0.992,non-ergonomis
2026-06-01 14:45:16.405,2208655861,441405,2,1.00439,-0.12549,0.1604,-1.069,1.061,0.466,non-ergonomis
2026-06-01 14:45:16.605,2208656061,441605,1,0.41089,0.11621,1.03418,0.542,2.008,-0.931,non-ergonomis
2026-06-01 14:45:16.605,2208656061,441605,2,1.00244,-0.12305,0.16675,-0.015,1.969,0.252,non-ergonomis
2026-06-01 14:45:16.805,2208656261,441805,1,0.40918,0.12622,1.03491,-0.061,1.924,-0.87,non-ergonomis
2026-06-01 14:45:16.805,2208656261,441805,2,0.99927,-0.12329,0.17383,-0.84,1.076,0.618,non-ergonomis
2026-06-01 14:45:16.005,2208655461,442005,1,0.40234,0.12158,1.04077,0.237,2.145,-0.176,non-ergonomis
2026-06-01 14:45:16.005,2208655461,442005,2,0.99243,-0.13037,0.17407,-1.137,1.107,0.305,non-ergonomis
2026-06-01 14:45:16.205,2208655661,442205,1,0.40356,0.12769,1.03711,0.321,1.74,-0.504,non-ergonomis
2026-06-01 14:45:16.205,2208655661,442205,2,1.0022,-0.12378,0.16626,-1.42,0.275,0.511,non-ergonomis
2026-06-01 14:45:17.405,2208656861,442405,1,0.41333,0.12158,1.04126,0.427,1.641,-0.237,non-ergonomis
2026-06-01 14:45:17.405,2208656861,442405,2,0.99292,-0.12549,0.1626,-1.42,-0.29,0.527,non-ergonomis
2026-06-01 14:45:17.605,2208657061,442605,1,0.40723,0.12207,1.0376,0.107,1.733,-0.672,non-ergonomis
2026-06-01 14:45:17.605,2208657061,442605,2,0.99658,-0.12427,0.17749,-1.695,-0.344,0.58,non-ergonomis
2026-06-01 14:45:17.805,2208657261,442805,1,0.41016,0.11865,1.03979,1.046,1.458,-0.16,non-ergonomis
2026-06-01 14:45:17.805,2208657261,442805,2,0.9978,-0.12451,0.16187,-2.107,0.305,0.237,non-ergonomis
2026-06-01 14:45:17.005,2208656461,443005,1,0.41528,0.11548,1.04321,-0.031,1.71,-0.298,non-ergonomis
2026-06-01 14:45:17.005,2208656461,443005,2,0.99512,-0.12622,0.16919,-1.588,0.031,0.489,non-ergonomis
2026-06-01 14:45:17.205,2208656661,443205,1,0.41406,0.12085,1.03613,0.626,1.344,-0.855,non-ergonomis
2026-06-01 14:45:17.205,2208656661,443205,2,1.00171,-0.12329,0.16602,-2.069,-0.061,0.794,non-ergonomis
2026-06-01 14:45:18.405,2208657861,443405,1,0.41089,0.11743,1.03491,0.481,1.672,-0.557,non-ergonomis
2026-06-01 14:45:18.405,2208657861,443405,2,1.00024,-0.13086,0.1582,-1.496,-0.282,0.565,non-ergonomis
2026-06-01 14:45:18.605,2208658061,443605,1,0.41284,0.125,1.03784,0.084,1.832,-0.885,non-ergonomis
2026-06-01 14:45:18.605,2208658061,443605,2,1.00317,-0.13013,0.16162,-1.405,0.878,0.534,non-ergonomis
2026-06-01 14:45:18.805,2208658261,443805,1,0.40527,0.12646,1.03638,0.771,2.115,-0.351,non-ergonomis
2026-06-01 14:45:18.805,2208658261,443805,2,0.99634,-0.12646,0.17188,-1.763,0.26,0.557,non-ergonomis
2026-06-01 14:45:18.005,2208657461,444005,1,0.41406,0.11841,1.03491,0.641,2.053,-0.382,non-ergonomis
2026-06-01 14:45:18.005,2208657461,444005,2,0.99438,-0.12329,0.16333,-1.221,-0.137,0.519,non-ergonomis
2026-06-01 14:45:18.205,2208657661,444205,1,0.41016,0.12402,1.03735,0.634,1.649,-0.053,non-ergonomis
2026-06-01 14:45:18.205,2208657661,444205,2,1.00049,-0.1272,0.15552,-1.649,0.229,0.359,non-ergonomis
2026-06-01 14:45:19.405,2208658861,444405,1,0.41309,0.12329,1.03247,0.389,1.672,-0.519,non-ergonomis
2026-06-01 14:45:19.405,2208658861,444405,2,1.0,-0.12939,0.15625,-1.122,0.649,0.405,non-ergonomis
2026-06-01 14:45:19.605,2208659061,444605,1,0.40186,0.13159,1.04541,0.031,2.252,-0.763,non-ergonomis
2026-06-01 14:45:19.605,2208659061,444605,2,0.99707,-0.13062,0.16431,-0.603,1.656,0.29,non-ergonomis
2026-06-01 14:45:19.805,2208659261,444805,1,0.41016,0.11816,1.04199,0.55,1.969,-0.511,non-ergonomis
2026-06-01 14:45:19.805,2208659261,444805,2,1.00366,-0.13086,0.16479,-0.344,1.687,0.305,non-ergonomis
2026-06-01 14:45:19.005,2208658461,445005,1,0.41064,0.11694,1.03394,0.458,2.069,-0.275,non-ergonomis
2026-06-01 14:45:19.005,2208658461,445005,2,0.99683,-0.12451,0.16235,-0.672,1.504,0.076,non-ergonomis
2026-06-01 14:45:19.205,2208658661,445205,1,0.40845,0.12183,1.03589,-0.328,2.153,-0.168,non-ergonomis
2026-06-01 14:45:19.205,2208658661,445205,2,1.0,-0.12231,0.17212,-0.763,0.878,0.458,non-ergonomis
2026-06-01 14:45:20.405,2208659861,445405,1,0.40845,0.11963,1.04004,0.061,1.473,-0.504,non-ergonomis
2026-06-01 14:45:20.405,2208659861,445405,2,0.99463,-0.12915,0.17505,-0.916,0.542,0.321,non-ergonomis
2026-06-01 14:45:20.605,2208660061,445605,1,0.4126,0.11768,1.04272,0.855,1.519,-0.809,non-ergonomis
2026-06-01 14:45:20.605,2208660061,445605,2,1.00391,-0.13159,0.16309,-2.298,-0.13,0.29,non-ergonomis
2026-06-01 14:45:20.805,2208660261,445805,1,0.40479,0.10986,1.04004,0.29,1.802,-0.405,non-ergonomis
2026-06-01 14:45:20.805,2208660261,445805,2,0.99829,-0.12158,0.16602,-1.29,0.16,0.305,non-ergonomis
2026-06-01 14:45:20.005,2208659461,446005,1,0.40845,0.11963,1.03857,0.519,2.008,-0.519,non-ergonomis
2026-06-01 14:45:20.005,2208659461,446005,2,0.99731,-0.13354,0.17139,-2.031,-0.29,0.656,non-ergonomis
2026-06-01 14:45:20.205,2208659661,446205,1,0.41382,0.11841,1.03638,0.588,1.382,-0.763,non-ergonomis
2026-06-01 14:45:20.205,2208659661,446205,2,0.99585,-0.12939,0.15771,-1.695,0.153,0.611,non-ergonomis
2026-06-01 14:45:21.405,2208660861,446405,1,0.40967,0.12256,1.03857,0.168,1.786,-0.687,non-ergonomis
2026-06-01 14:45:21.405,2208660861,446405,2,0.99268,-0.12256,0.16016,-1.71,-0.183,0.42,non-ergonomis
2026-06-01 14:45:21.605,2208661061,446605,1,0.40991,0.12427,1.0332,0.328,2.023,-0.275,non-ergonomis
2026-06-01 14:45:21.605,2208661061,446605,2,1.00562,-0.12622,0.16333,-1.756,-0.137,0.779,non-ergonomis
2026-06-01 14:45:21.805,2208661261,446805,1,0.41455,0.12134,1.04321,0.45,1.954,-0.344,non-ergonomis
2026-06-01 14:45:21.805,2208661261,446805,2,0.99219,-0.12451,0.16382,-1.45,0.282,0.527,non-ergonomis
2026-06-01 14:45:21.005,2208660461,447005,1,0.41064,0.12866,1.04199,-0.015,2.328,-0.595,non-ergonomis
2026-06-01 14:45:21.005,2208660461,447005,2,1.00342,-0.13232,0.15552,-1.382,0.084,0.435,non-ergonomis
2026-06-01 14:45:21.205,2208660661,447205,1,0.41162,0.11987,1.03149,0.458,1.573,-0.45,non-ergonomis
2026-06-01 14:45:21.205,2208660661,447205,2,0.99902,-0.12476,0.15869,-1.275,0.099,0.458,non-ergonomis
2026-06-01 14:45:22.405,2208661861,447405,1,0.4021,0.12329,1.04028,0.588,1.916,-0.504,non-ergonomis
2026-06-01 14:45:22.405,2208661861,447405,2,1.00049,-0.12085,0.15674,-1.191,0.58,0.611,non-ergonomis
2026-06-01 14:45:22.605,2208662061,447605,1,0.40796,0.12573,1.04517,0.107,1.969,-0.916,non-ergonomis
2026-06-01 14:45:22.605,2208662061,447605,2,0.99976,-0.12964,0.16455,-1.0,0.817,0.504,non-ergonomis
2026-06-01 14:45:22.805,2208662261,447805,1,0.41748,0.11377,1.02783,0.405,1.656,-0.718,non-ergonomis
2026-06-01 14:45:22.805,2208662261,447805,2,0.99731,-0.1272,0.1543,-0.733,1.649,0.641,non-ergonomis
2026-06-01 14:45:22.005,2208661461,448005,1,0.41504,0.11987,1.04126,0.16,1.611,-1.252,non-ergonomis
2026-06-01 14:45:22.005,2208661461,448005,2,1.00146,-0.12915,0.15405,-0.351,2.237,,non-ergonomis
2026-06-01 14:45:22.205,2208661661,448205,1,0.40967,0.12695,1.03784,0.214,1.977,-1.168,non-ergonomis
2026-06-01 14:45:22.205,2208661661,448205,2,0.99365,-0.12158,0.16699,-0.847,1.206,0.336,non-ergonomis
2026-06-01 14:45:23.405,2208662861,448405,1,0.40356,0.125,1.0437,0.29,2.008,-0.527,non-ergonomis
2026-06-01 14:45:23.405,2208662861,448405,2,0.99341,-0.12549,0.16602,-0.908,1.015,0.641,non-ergonomis
2026-06-01 14:45:23.605,2208663061,448605,1,0.41235,0.125,1.03906,0.153,1.794,-0.244,non-ergonomis
2026-06-01 14:45:23.605,2208663061,448605,2,0.99341,-0.11353,0.1731,-1.885,-0.328,0.695,non-ergonomis
2026-06-01 14:45:23.805,2208663261,448805,1,0.40991,0.11963,1.04004,0.443,1.863,-0.13,non-ergonomis
2026-06-01 14:45:23.805,2208663261,448805,2,0.99609,-0.12134,0.17822,-1.656,-0.382,0.809,non-ergonomis
2026-06-01 14:45:23.005,2208662461,449005,1,0.41138,0.12012,1.03613,0.534,1.893,-0.557,non-ergonomis
2026-06-01 14:45:23.005,2208662461,449005,2,1.00562,-0.12671,0.16992,-1.924,-0.427,0.443,non-ergonomis
2026-06-01 14:45:23.205,2208662661,449205,1,0.4104,0.11475,1.03442,0.649,1.26,-0.351,non-ergonomis
2026-06-01 14:45:23.205,2208662661,449205,2,0.99951,-0.12915,0.16699,-2.008,-0.069,0.366,non-ergonomis
2026-06-01 14:45:24.405,2208663861,449405,1,0.41138,0.12573,1.04102,-0.053,2.252,-0.435,non-ergonomis
2026-06-01 14:45:24.405,2208663861,449405,2,0.99976,-0.12573,0.16602,-1.824,-0.107,0.229,non-ergonomis
2026-06-01 14:45:24.605,2208664061,449605,1,0.41602,0.12549,1.03271,0.511,2.015,-0.328,non-ergonomis
2026-06-01 14:45:24.605,2208664061,449605,2,1.00171,-0.12939,0.15845,-1.435,0.084,0.26,non-ergonomis
2026-06-01 14:45:24.805,2208664261,449805,1,0.41187,0.11621,1.03491,0.534,1.565,-0.305,non-ergonomis
2026-06-01 14:45:24.805,2208664261,449805,2,0.99829,-0.12549,0.16846,-1.374,0.176,0.519,non-ergonomis
2026-06-01 14:45:24.005,2208663461,450005,1,0.4165,0.12231,1.03906,0.267,1.771,-0.534,non-ergonomis
2026-06-01 14:45:24.005,2208663461,450005,2,0.99976,-0.125,0.16748,-1.473,-0.008,0.687,non-ergonomis
2026-06-01 14:45:24.205,2208663661,450205,1,0.41577,0.11572,1.04346,0.183,1.748,-0.718,non-ergonomis
2026-06-01 14:45:24.205,2208663661,450205,2,1.00073,-0.13232,0.15576,-1.672,0.29,0.626,non-ergonomis
2026-06-01 14:45:25.405,2208664861,450405,1,0.40845,0.1272,1.04468,0.305,1.382,-0.58,non-ergonomis
2026-06-01 14:45:25.405,2208664861,450405,2,0.99878,-0.13184,0.15869,-0.931,0.611,0.527,non-ergonomis
2026-06-01 14:45:25.605,2208665061,450605,1,0.40698,0.12549,1.03809,0.557,1.733,-0.489,non-ergonomis
2026-06-01 14:45:25.605,2208665061,450605,2,0.99707,-0.13208,0.15503,-1.061,0.603,0.496,non-ergonomis
2026-06-01 14:45:25.805,2208665261,450805,1,0.40942,0.12427,1.03784,0.626,1.748,-0.626,non-ergonomis
2026-06-01 14:45:25.805,2208665261,450805,2,1.00317,-0.12744,0.15625,-0.74,1.16,0.359,non-ergonomis
2026-06-01 14:45:25.005,2208664461,451005,1,0.41309,0.12402,1.03638,0.397,1.786,-0.863,non-ergonomis
2026-06-01 14:45:25.005,2208664461,451005,2,0.99414,-0.12671,0.16113,-0.305,1.649,0.198,non-ergonomis
2026-06-01 14:45:25.205,2208664661,451205,1,0.41089,0.12134,1.04443,-0.069,1.679,-0.557,non-ergonomis
2026-06-01 14:45:25.205,2208664661,451205,2,1.00342,-0.12793,0.16235,-0.45,1.214,0.473,non-ergonomis
2026-06-01 14:45:26.405,2208665861,451405,1,0.4126,0.11621,1.03857,0.099,2.168,-0.55,non-ergonomis
2026-06-01 14:45:26.405,2208665861,451405,2,0.99487,-0.12524,0.16553,-0.679,0.824,0.336,non-ergonomis
2026-06-01 14:45:26.605,2208666061,451605,1,0.41675,0.11963,1.03125,0.198,2.115,-0.504,non-ergonomis
2026-06-01 14:45:26.605,2208666061,451605,2,0.99756,-0.11865,0.16724,-0.847,0.649,0.412,non-ergonomis
2026-06-01 14:45:26.805,2208666261,451805,1,0.40552,0.11694,1.0415,0.168,2.046,-0.565,non-ergonomis
2026-06-01 14:45:26.805,2208666261,451805,2,0.99121,-0.12427,0.17798,-1.496,0.481,0.466,non-ergonomis
2026-06-01 14:45:26.005,2208665461,452005,1,0.41211,0.12524,1.03613,0.389,1.771,-0.275,non-ergonomis
2026-06-01 14:45:26.005,2208665461,452005,2,0.99243,-0.12817,0.1709,-1.779,-0.321,0.427,non-ergonomis
2026-06-01 14:45:26.205,2208665661,452205,1,0.41064,0.12598,1.03833,0.023,1.649,-0.588,non-ergonomis
2026-06-01 14:45:26.205,2208665661,452205,2,0.99146,-0.13037,0.177,-1.252,0.183,0.321,non-ergonomis
2026-06-01 14:45:27.405,2208666861,452405,1,0.41235,0.12207,1.04077,0.298,1.534,-0.916,non-ergonomis
2026-06-01 14:45:27.405,2208666861,452405,2,0.99341,-0.12549,0.16699,-1.634,0.046,0.382,non-ergonomis
2026-06-01 14:45:27.605,2208667061,452605,1,0.40991,0.12451,1.03516,0.366,1.931,-0.58,non-ergonomis
2026-06-01 14:45:27.605,2208667061,452605,2,0.98975,-0.12061,0.17212,-1.092,0.252,0.466,non-ergonomis
2026-06-01 14:45:27.805,2208667261,452805,1,0.41406,0.12231,1.03589,0.573,1.71,-0.534,non-ergonomis
2026-06-01 14:45:27.805,2208667261,452805,2,0.9978,-0.13086,0.16187,-2.191,-0.756,0.656,non-ergonomis
2026-06-01 14:45:27.005,2208666461,453005,1,0.41406,0.1189,1.03613,0.061,1.992,-0.481,non-ergonomis
2026-06-01 14:45:27.005,2208666461,453005,2,0.99976,-0.12744,0.16357,-2.115,-0.412,0.473,non-ergonomis
2026-06-01 14:45:27.205,2208666661,453205,1,0.40576,0.12329,1.03516,0.534,2.137,-0.229,non-ergonomis
2026-06-01 14:45:27.205,2208666661,453205,2,0.99707,-0.12842,0.16455,-1.573,0.008,0.42,non-ergonomis
2026-06-01 14:45:28.405,2208667861,453405,1,0.40991,0.12109,1.03149,0.985,1.305,-0.351,non-ergonomis
2026-06-01 14:45:28.405,2208667861,453405,2,0.99976,-0.13013,0.1543,-1.565,0.061,0.71,non-ergonomis
2026-06-01 14:45:28.605,2208668061,453605,1,0.40894,0.1167,1.03589,0.336,2.198,-0.191,non-ergonomis
2026-06-01 14:45:28.605,2208668061,453605,2,1.0,-0.125,0.16235,-1.55,-0.023,0.496,non-ergonomis
2026-06-01 14:45:28.805,2208668261,453805,1,0.41138,0.1167,1.03296,0.351,1.656,-0.748,non-ergonomis
2026-06-01 14:45:28.805,2208668261,453805,2,1.00024,-0.12329,0.15625,-1.42,0.168,0.29,non-ergonomis
2026-06-01 14:45:28.005,2208667461,454005,1,0.40576,0.12598,1.03857,0.473,1.908,-0.481,non-ergonomis
2026-06-01 14:45:28.005,2208667461,454005,2,0.99609,-0.12549,0.1499,-1.153,0.305,0.641,non-ergonomis
2026-06-01 14:45:28.205,2208667661,454205,1,0.41284,0.12744,1.04785,0.557,1.779,-0.756,non-ergonomis
2026-06-01 14:45:28.205,2208667661,454205,2,0.9978,-0.13379,0.16284,-0.794,1.092,0.466,non-ergonomis
2026-06-01 14:45:29.405,2208668861,454405,1,0.41235,0.12427,1.0293,0.053,1.962,-0.634,non-ergonomis
2026-06-01 14:45:29.405,2208668861,454405,2,1.00171,-0.12793,0.16162,-0.504,1.412,0.313,non-ergonomis
2026-06-01 14:45:29.605,2208669061,454605,1,0.41187,0.11475,1.03125,0.489,2.305,-0.534,non-ergonomis
2026-06-01 14:45:29.605,2208669061,454605,2,0.98975,-0.12573,0.17017,-0.794,1.031,0.504,non-ergonomis
2026-06-01 14:45:29.805,2208669261,454805,1,0.40576,0.12061,1.03931,-0.695,2.13,-0.382,non-ergonomis
2026-06-01 14:45:29.805,2208669261,454805,2,1.00122,-0.1228,0.15991,-0.786,1.374,0.397,non-ergonomis
2026-06-01 14:45:29.005,2208668461,455005,1,0.40649,0.11792,1.03174,0.252,2.206,-0.542,non-ergonomis
2026-06-01 14:45:29.005,2208668461,455005,2,0.99609,-0.12231,0.17773,-0.763,0.908,0.405,non-ergonomis
2026-06-01 14:45:29.205,2208668661,455205,1,0.40405,0.12061,1.03687,0.527,1.916,-0.42,non-ergonomis
2026-06-01 14:45:29.205,2208668661,455205,2,0.99585,-0.12598,0.16772,-1.405,0.466,0.626,non-ergonomis
2026-06-01 14:45:30.405,2208669861,455405,1,0.40991,0.1228,1.03223,0.214,1.87,-0.366,non-ergonomis
2026-06-01 14:45:30.405,2208669861,455405,2,0.98999,-0.12231,0.1731,-1.496,0.031,0.649,non-ergonomis
2026-06-01 14:45:30.605,2208670061,455605,1,0.40234,0.12476,1.04297,-0.145,1.901,-0.443,non-ergonomis
2026-06-01 14:45:30.605,2208670061,455605,2,1.00146,-0.12207,0.1687,-2.16,-0.718,0.573,non-ergonomis
2026-06-01 14:45:30.805,2208670261,455805,1,0.39917,0.12744,1.03711,-0.374,1.496,-0.992,non-ergonomis
2026-06-01 14:45:30.805,2208670261,455805,2,0.99927,-0.1272,0.16553,-1.718,-0.137,0.466,non-ergonomis
2026-06-01 14:45:30.005,2208669461,456005,1,0.41235,0.11987,1.03784,0.618,1.947,-0.557,non-ergonomis
2026-06-01 14:45:30.005,2208669461,456005,2,1.00317,-0.12695,0.16113,-1.656,-0.649,0.42,non-ergonomis
2026-06-01 14:45:30.205,2208669661,456205,1,0.41089,0.12476,1.03467,0.664,2.015,-0.595,non-ergonomis
2026-06-01 14:45:30.205,2208669661,456205,2,1.00122,-0.13135,0.16504,-1.809,-0.252,0.42,non-ergonomis
2026-06-01 14:45:31.405,2208670861,456405,1,0.40576,0.125,1.04541,0.16,1.809,-0.573,non-ergonomis
2026-06-01 14:45:31.405,2208670861,456405,2,0.9939,-0.12817,0.15771,-2.053,-0.718,0.794,non-ergonomis
2026-06-01 14:45:31.605,2208671061,456605,1,0.40747,0.12036,1.03223,0.603,1.74,-0.534,non-ergonomis
2026-06-01 14:45:31.605,2208671061,456605,2,0.9978,-0.12622,0.15991,-0.992,0.427,0.466,non-ergonomis
2026-06-01 14:45:31.805,2208671261,456805,1,0.4082,0.12817,1.03906,0.443,1.733,-0.695,non-ergonomis
2026-06-01 14:45:31.805,2208671261,456805,2,1.00049,-0.1228,0.15674,-1.16,0.084,0.443,non-ergonomis
2026-06-01 14:45:31.005,2208670461,457005,1,0.40552,0.11914,1.03345,0.16,1.687,-0.542,non-ergonomis
2026-06-01 14:45:31.005,2208670461,457005,2,1.00269,-0.12915,0.15063,-1.473,0.382,0.542,non-ergonomis
2026-06-01 14:45:31.205,2208670661,457205,1,0.40918,0.12036,1.03687,0.405,1.969,-0.641,non-ergonomis
2026-06-01 14:45:31.205,2208670661,457205,2,0.99683,-0.12671,0.15674,-0.847,0.626,0.29,non-ergonomis
2026-06-01 14:45:32.405,2208671861,457405,1,0.40698,0.125,1.03394,0.405,1.573,-0.542,non-ergonomis
2026-06-01 14:45:32.405,2208671861,457405,2,0.99927,-0.12891,0.16162,-1.092,0.695,0.496,non-ergonomis
2026-06-01 14:45:32.605,2208672061,457605,1,0.40991,0.12866,1.04248,0.496,1.901,-0.565,non-ergonomis
2026-06-01 14:45:32.605,2208672061,457605,2,0.99756,-0.12524,0.14673,-0.405,1.527,0.458,non-ergonomis
2026-06-01 14:45:32.805,2208672261,457805,1,0.40845,0.11816,1.02441,0.29,1.924,-0.458,non-ergonomis
2026-06-01 14:45:32.805,2208672261,457805,2,0.99561,-0.12207,0.1687,-0.244,1.046,0.321,non-ergonomis
2026-06-01 14:45:32.005,2208671461,458005,1,0.40894,0.12695,1.04175,0.435,2.412,-0.206,non-ergonomis
2026-06-01 14:45:32.005,2208671461,458005,2,0.99512,-0.12549,0.16211,-0.962,1.344,0.397,non-ergonomis
2026-06-01 14:45:32.205,2208671661,458205,1,0.4082,0.12158,1.03589,0.824,2.183,-0.366,non-ergonomis
2026-06-01 14:45:32.205,2208671661,458205,2,0.99658,-0.12671,0.177,0.13,2.092,-0.626,non-ergonomis
2026-06-01 14:45:33.405,2208672861,458405,1,0.40283,0.12036,1.03687,-0.092,1.573,-1.084,non-ergonomis
2026-06-01 14:45:33.405,2208672861,458405,2,0.99365,-0.12451,0.1687,-1.389,0.252,0.137,non-ergonomis
2026-06-01 14:45:33.605,2208673061,458605,1,0.39844,0.13184,1.03687,,1.809,-0.466,non-ergonomis
2026-06-01 14:45:33.605,2208673061,458605,2,0.99951,-0.12695,0.16699,-1.42,0.962,0.847,non-ergonomis
2026-06-01 14:45:33.805,2208673261,458805,1,0.40698,0.12793,1.02954,0.618,2.084,-0.389,non-ergonomis
2026-06-01 14:45:33.805,2208673261,458805,2,1.0,-0.12817,0.16455,-1.481,-0.099,0.702,non-ergonomis
2026-06-01 14:45:33.005,2208672461,459005,1,0.40283,0.12427,1.04248,0.718,1.947,-0.092,non-ergonomis
2026-06-01 14:45:33.005,2208672461,459005,2,0.99316,-0.12476,0.16479,-1.939,-0.359,0.779,non-ergonomis
2026-06-01 14:45:33.205,2208672661,459205,1,0.40649,0.12451,1.04858,0.519,1.611,-0.221,non-ergonomis
2026-06-01 14:45:33.205,2208672661,459205,2,1.00171,-0.12476,0.17041,-1.595,-0.305,0.466,non-ergonomis
2026-06-01 14:45:34.405,2208673861,459405,1,0.40845,0.13037,1.03491,-0.031,1.901,-0.397,non-ergonomis
2026-06-01 14:45:34.405,2208673861,459405,2,0.99902,-0.1272,0.15991,-1.588,-0.183,0.779,non-ergonomis
2026-06-01 14:45:34.605,2208674061,459605,1,0.40576,0.12744,1.03589,0.168,1.603,-1.107,non-ergonomis
2026-06-01 14:45:34.605,2208674061,459605,2,0.99805,-0.13501,0.16675,-1.466,-0.29,0.771,non-ergonomis
2026-06-01 14:45:34.805,2208674261,459805,1,0.4104,0.11914,1.04248,0.313,1.718,-0.878,non-ergonomis
2026-06-01 14:45:34.805,2208674261,459805,2,1.00049,-0.12622,0.16138,-0.702,1.145,0.275,non-ergonomis
2026-06-01 14:45:34.005,2208673461,460005,1,0.40405,0.12427,1.03687,0.183,1.695,-1.221,non-ergonomis
2026-06-01 14:45:34.005,2208673461,460005,2,1.00195,-0.13672,0.16626,-1.015,0.954,0.328,non-ergonomis
2026-06-01 14:45:34.205,2208673661,460205,1,0.40601,0.1272,1.03174,0.42,1.55,-0.626,non-ergonomis
2026-06-01 14:45:34.205,2208673661,460205,2,1.00098,-0.13086,0.17358,-0.634,0.969,0.473,non-ergonomis
2026-06-01 14:45:35.405,2208674861,460405,1,0.41602,0.1311,1.04736,0.176,2.061,-0.588,non-ergonomis
2026-06-01 14:45:35.405,2208674861,460405,2,0.99268,-0.125,0.17798,-0.656,1.183,0.168,non-ergonomis
2026-06-01 14:45:35.605,2208675061,460605,1,0.40967,0.12183,1.04346,0.519,1.908,-0.405,non-ergonomis
2026-06-01 14:45:35.605,2208675061,460605,2,0.99927,-0.11792,0.18579,-1.397,0.443,0.29,non-ergonomis
2026-06-01 14:45:35.805,2208675261,460805,1,0.40552,0.12402,1.02905,0.023,1.779,-0.519,non-ergonomis
2026-06-01 14:45:35.805,2208675261,460805,2,0.99976,-0.12402,0.17554,-1.45,0.244,0.511,non-ergonomis
2026-06-01 14:45:35.005,2208674461,461005,1,0.40332,0.12695,1.03662,-0.641,1.389,-1.252,non-ergonomis
2026-06-01 14:45:35.005,2208674461,461005,2,0.99512,-0.13135,0.18091,-1.26,0.55,0.443,non-ergonomis
2026-06-01 14:45:35.205,2208674661,461205,1,0.41455,0.11572,1.03467,0.45,2.107,0.031,non-ergonomis
2026-06-01 14:45:35.205,2208674661,461205,2,0.99097,-0.11963,0.17651,-2.55,-0.687,1.115,non-ergonomis
2026-06-01 14:45:36.405,2208675861,461405,1,0.4126,0.12354,1.03906,-0.107,1.588,-0.71,non-ergonomis
2026-06-01 14:45:36.405,2208675861,461405,2,1.00391,-0.12891,0.16357,-1.725,0.206,0.855,non-ergonomis
2026-06-01 14:45:36.605,2208676061,461605,1,0.40991,0.12598,1.03101,-0.145,2.053,-0.412,non-ergonomis
2026-06-01 14:45:36.605,2208676061,461605,2,0.99731,-0.12231,0.16992,-1.244,0.275,0.527,non-ergonomis
2026-06-01 14:45:36.805,2208676261,461805,1,0.41064,0.11743,1.04468,0.84,1.992,-0.618,non-ergonomis
2026-06-01 14:45:36.805,2208676261,461805,2,0.99707,-0.12524,0.1709,-2.0,-0.198,0.55,non-ergonomis
2026-06-01 14:45:36.005,2208675461,462005,1,0.4082,0.13306,1.04541,-0.382,2.015,-0.649,non-ergonomis
2026-06-01 14:45:36.005,2208675461,462005,2,0.99756,-0.13013,0.16528,-1.84,0.046,0.458,non-ergonomis
2026-06-01 14:45:36.205,2208675661,462205,1,0.41235,0.12915,1.04175,-0.511,1.863,-0.595,non-ergonomis
2026-06-01 14:45:36.205,2208675661,462205,2,0.99585,-0.12231,0.16284,-0.763,0.305,0.344,non-ergonomis
2026-06-01 14:45:37.405,2208676861,462405,1,0.40649,0.12378,1.03687,0.466,2.015,-0.763,non-ergonomis
2026-06-01 14:45:37.405,2208676861,462405,2,0.99536,-0.12646,0.16162,-1.992,-0.038,0.87,non-ergonomis
2026-06-01 14:45:37.605,2208677061,462605,1,0.41602,0.12622,1.03442,0.824,1.824,-0.382,non-ergonomis
2026-06-01 14:45:37.605,2208677061,462605,2,0.99634,-0.13306,0.15869,-1.405,0.168,0.382,non-ergonomis
2026-06-01 14:45:37.805,2208677261,462805,1,0.4126,0.12817,1.04419,0.298,1.847,-0.527,non-ergonomis
2026-06-01 14:45:37.805,2208677261,462805,2,0.99927,-0.12817,0.16602,-1.977,-0.122,0.374,non-ergonomis
2026-06-01 14:45:37.005,2208676461,463005,1,0.40723,0.11816,1.03638,0.13,2.282,-0.565,non-ergonomis
2026-06-01 14:45:37.005,2208676461,463005,2,1.0022,-0.12622,0.15674,-1.305,0.359,0.275,non-ergonomis
2026-06-01 14:45:37.205,2208676661,463205,1,0.40625,0.125,1.03418,0.313,1.893,-0.573,non-ergonomis
2026-06-01 14:45:37.205,2208676661,463205,2,0.99902,-0.12915,0.16968,-1.076,0.908,0.183,non-ergonomis
2026-06-01 14:45:38.405,2208677861,463405,1,0.41138,0.12183,1.04053,0.023,2.008,-0.771,non-ergonomis
2026-06-01 14:45:38.405,2208677861,463405,2,0.99829,-0.13062,0.16284,-0.618,1.008,0.573,non-ergonomis
2026-06-01 14:45:38.605,2208678061,463605,1,0.41235,0.11914,1.03613,0.733,1.878,-0.389,non-ergonomis
2026-06-01 14:45:38.605,2208678061,463605,2,0.99536,-0.13159,0.16699,-0.802,1.122,0.382,non-ergonomis
2026-06-01 14:45:38.805,2208678261,463805,1,0.41089,0.11841,1.04175,0.351,1.992,-0.885,non-ergonomis
2026-06-01 14:45:38.805,2208678261,463805,2,1.00415,-0.12964,0.17383,-1.023,1.092,0.344,non-ergonomis
2026-06-01 14:45:38.005,2208677461,464005,1,0.40771,0.12378,1.03394,0.382,2.061,-0.74,non-ergonomis
2026-06-01 14:45:38.005,2208677461,464005,2,0.99268,-0.12549,0.17993,-1.137,0.786,0.481,non-ergonomis
2026-06-01 14:45:38.205,2208677661,464205,1,0.40259,0.12061,1.03467,0.756,1.824,-0.328,non-ergonomis
2026-06-01 14:45:38.205,2208677661,464205,2,0.99634,-0.1167,0.17358,-0.893,0.405,0.267,non-ergonomis
2026-06-01 14:45:39.405,2208678861,464405,1,0.40552,0.13013,1.03662,0.366,1.878,-0.595,non-ergonomis
2026-06-01 14:45:39.405,2208678861,464405,2,0.99341,-0.12646,0.17432,-1.702,-0.145,0.244,non-ergonomis
2026-06-01 14:45:39.605,2208679061,464605,1,0.40942,0.12378,1.03882,0.061,2.069,-0.55,non-ergonomis
2026-06-01 14:45:39.605,2208679061,464605,2,0.99731,-0.12378,0.17041,-1.221,-0.069,0.412,non-ergonomis
2026-06-01 14:45:39.805,2208679261,464805,1,0.40234,0.125,1.04468,0.305,1.924,-0.397,non-ergonomis
2026-06-01 14:45:39.805,2208679261,464805,2,0.99756,-0.12451,0.17456,-1.107,0.252,0.42,non-ergonomis
2026-06-01 14:45:39.005,2208678461,465005,1,0.41675,0.12378,1.03711,0.313,1.435,-0.603,non-ergonomis
2026-06-01 14:45:39.005,2208678461,465005,2,0.99878,-0.12549,0.1731,-1.351,0.565,0.328,non-ergonomis
2026-06-01 14:45:39.205,2208678661,465205,1,0.41235,0.11353,1.02783,0.634,1.931,-0.443,non-ergonomis
2026-06-01 14:45:39.205,2208678661,465205,2,0.99268,-0.12329,0.1792,-1.687,-0.328,0.527,non-ergonomis
2026-06-01 14:45:40.405,2208679861,465405,1,0.4043,0.12402,1.03687,0.282,1.687,-0.473,non-ergonomis
2026-06-01 14:45:40.405,2208679861,465405,2,0.99463,-0.13135,0.17554,-1.191,0.511,0.359,non-ergonomis
2026-06-01 14:45:40.605,2208680061,465605,1,0.40601,0.12744,1.03467,0.336,1.656,-0.427,non-ergonomis
2026-06-01 14:45:40.605,2208680061,465605,2,1.00244,-0.12012,0.1665,-1.405,0.42,0.496,non-ergonomis
2026-06-01 14:45:40.805,2208680261,465805,1,0.40649,0.12134,1.02832,-0.298,1.855,-0.679,non-ergonomis
2026-06-01 14:45:40.805,2208680261,465805,2,1.0,-0.12451,0.1709,-1.641,0.176,0.748,non-ergonomis
2026-06-01 14:45:40.005,2208679461,466005,1,0.40479,0.12842,1.03418,0.015,1.496,-0.45,non-ergonomis
2026-06-01 14:45:40.005,2208679461,466005,2,0.99536,-0.11914,0.16821,-1.16,-0.061,0.397,non-ergonomis
2026-06-01 14:45:40.205,2208679661,466205,1,0.41553,0.12378,1.04053,0.496,1.992,-0.229,non-ergonomis
2026-06-01 14:45:40.205,2208679661,466205,2,0.99292,-0.12842,0.16895,-1.443,0.313,0.809,non-ergonomis
2026-06-01 14:45:41.405,2208680861,466405,1,0.40918,0.12183,1.03979,0.351,2.0,-0.481,non-ergonomis
2026-06-01 14:45:41.405,2208680861,466405,2,1.00244,-0.12329,0.16016,-1.634,-0.351,0.679,non-ergonomis
2026-06-01 14:45:41.605,2208681061,466605,1,0.40747,0.12427,1.03833,0.466,1.855,-0.634,non-ergonomis
2026-06-01 14:45:41.605,2208681061,466605,2,0.99585,-0.12793,0.16626,-1.458,,0.397,non-ergonomis
2026-06-01 14:45:41.805,2208681261,466805,1,0.40796,0.12671,1.04541,0.305,2.0,-0.565,non-ergonomis
2026-06-01 14:45:41.805,2208681261,466805,2,1.00269,-0.13086,0.16602,-1.519,0.153,0.603,non-ergonomis
2026-06-01 14:45:41.005,2208680461,467005,1,0.41138,0.1272,1.04956,0.107,1.901,-0.466,non-ergonomis
2026-06-01 14:45:41.005,2208680461,467005,2,1.0,-0.12476,0.1626,-1.534,0.191,0.58,non-ergonomis
2026-06-01 14:45:41.205,2208680661,467205,1,0.41333,0.12329,1.04639,0.878,1.763,-0.29,non-ergonomis
2026-06-01 14:45:41.205,2208680661,467205,2,0.99829,-0.12671,0.15698,-1.824,0.069,0.542,non-ergonomis
2026-06-01 14:45:42.405,2208681861,467405,1,0.4126,0.1272,1.03223,0.45,1.87,-0.107,non-ergonomis
2026-06-01 14:45:42.405,2208681861,467405,2,1.00244,-0.12036,0.1626,-1.389,0.389,0.321,non-ergonomis
2026-06-01 14:45:42.605,2208682061,467605,1,0.40674,0.12695,1.03125,0.489,1.802,-0.527,non-ergonomis
2026-06-01 14:45:42.605,2208682061,467605,2,0.99585,-0.12793,0.16699,-1.008,0.786,0.374,non-ergonomis
2026-06-01 14:45:42.805,2208682261,467805,1,0.4082,0.12573,1.04443,0.397,1.832,-0.634,non-ergonomis
2026-06-01 14:45:42.805,2208682261,467805,2,0.99805,-0.12305,0.15454,-0.519,1.458,0.405,non-ergonomis
2026-06-01 14:45:42.005,2208681461,468005,1,0.40991,0.12256,1.04272,0.176,2.282,-0.626,non-ergonomis
2026-06-01 14:45:42.005,2208681461,468005,2,0.99634,-0.12207,0.1748,-0.832,1.137,0.443,non-ergonomis
2026-06-01 14:45:42.205,2208681661,468205,1,0.40552,0.12769,1.0332,0.672,2.344,-0.305,non-ergonomis
2026-06-01 14:45:42.205,2208681661,468205,2,0.99365,-0.11597,0.17163,-1.496,0.504,0.519,non-ergonomis
2026-06-01 14:45:43.405,2208682861,468405,1,0.40479,0.13257,1.03564,-0.053,2.206,-0.802,non-ergonomis
2026-06-01 14:45:43.405,2208682861,468405,2,0.99585,-0.12622,0.16968,-1.45,0.099,0.695,non-ergonomis
2026-06-01 14:45:43.605,2208683061,468605,1,0.4104,0.12671,1.04663,0.58,1.489,-0.282,non-ergonomis
2026-06-01 14:45:43.605,2208683061,468605,2,0.99854,-0.12085,0.17627,-1.221,0.504,0.511,non-ergonomis
2026-06-01 14:45:43.805,2208683261,468805,1,0.40186,0.13086,1.03589,0.412,1.634,-0.29,non-ergonomis
2026-06-01 14:45:43.805,2208683261,468805,2,0.99658,-0.11963,0.177,-1.656,-0.176,0.412,non-ergonomis
2026-06-01 14:45:43.005,2208682461,469005,1,0.40747,0.12817,1.02832,0.359,1.588,-0.756,non-ergonomis
2026-06-01 14:45:43.005,2208682461,469005,2,0.99487,-0.12183,0.16431,-1.29,0.504,0.58,non-ergonomis
2026-06-01 14:45:43.205,2208682661,469205,1,0.40771,0.13647,1.04419,-0.305,1.771,-0.878,non-ergonomis
2026-06-01 14:45:43.205,2208682661,469205,2,1.00195,-0.12305,0.16553,-1.962,-0.641,0.863,non-ergonomis
2026-06-01 14:45:44.405,2208683861,469405,1,0.40381,0.12329,1.03516,0.603,1.366,-0.618,non-ergonomis
2026-06-01 14:45:44.405,2208683861,469405,2,0.99341,-0.12549,0.17065,-1.275,-0.008,0.366,non-ergonomis
2026-06-01 14:45:44.605,2208684061,469605,1,0.40503,0.13086,1.03613,0.015,1.847,-0.412,non-ergonomis
2026-06-01 14:45:44.605,2208684061,469605,2,0.99097,-0.12769,0.17432,-1.718,-0.008,0.504,non-ergonomis
2026-06-01 14:45:44.805,2208684261,469805,1,0.40234,0.12524,1.03345,0.664,1.687,-0.313,non-ergonomis
2026-06-01 14:45:44.805,2208684261,469805,2,0.99585,-0.12817,0.16992,-1.496,0.168,0.534,non-ergonomis
2026-06-01 14:45:44.005,2208683461,470005,1,0.40796,0.12207,1.03125,0.473,1.817,-0.427,non-ergonomis
2026-06-01 14:45:44.005,2208683461,470005,2,0.99341,-0.12915,0.16016,-1.794,0.221,0.489,non-ergonomis
2026-06-01 14:45:44.205,2208683661,470205,1,0.40894,0.13062,1.02979,,1.947,-0.511,non-ergonomis
2026-06-01 14:45:44.205,2208683661,470205,2,1.00708,-0.12598,0.16846,-1.908,-0.168,0.557,non-ergonomis
2026-06-01 14:45:45.405,2208684861,470405,1,0.41309,0.11963,1.03809,0.603,1.748,-0.321,non-ergonomis
2026-06-01 14:45:45.405,2208684861,470405,2,0.99316,-0.13037,0.17188,-1.519,0.267,0.298,non-ergonomis
2026-06-01 14:45:45.605,2208685061,470605,1,0.40454,0.12451,1.04492,0.405,1.847,-0.374,non-ergonomis
2026-06-01 14:45:45.605,2208685061,470605,2,0.99463,-0.12646,0.16602,-1.489,0.183,0.496,non-ergonomis
2026-06-01 14:45:45.805,2208685261,470805,1,0.41064,0.12744,1.02905,0.534,1.855,-0.336,non-ergonomis
2026-06-01 14:45:45.805,2208685261,470805,2,0.99927,-0.1272,0.16211,-1.74,0.168,0.626,non-ergonomis
2026-06-01 14:45:45.005,2208684461,471005,1,0.40332,0.13452,1.03955,0.153,1.947,-0.55,non-ergonomis
2026-06-01 14:45:45.005,2208684461,471005,2,0.99585,-0.12622,0.15918,-1.55,0.588,0.29,non-ergonomis
2026-06-01 14:45:45.205,2208684661,471205,1,0.4104,0.12329,1.03418,0.374,1.878,-0.595,non-ergonomis
2026-06-01 14:45:45.205,2208684661,471205,2,1.00195,-0.12524,0.16406,-0.847,0.687,0.412,non-ergonomis
2026-06-01 14:45:46.405,2208685861,471405,1,0.40723,0.13428,1.03833,0.145,1.985,-0.519,non-ergonomis
2026-06-01 14:45:46.405,2208685861,471405,2,1.00024,-0.12793,0.16553,-0.84,0.603,0.313,non-ergonomis
2026-06-01 14:45:46.605,2208686061,471605,1,0.41113,0.12305,1.0481,0.412,1.969,-0.87,non-ergonomis
2026-06-01 14:45:46.605,2208686061,471605,2,0.99023,-0.12915,0.16968,-0.359,1.214,0.282,non-ergonomis
2026-06-01 14:45:46.805,2208686261,471805,1,0.40576,0.13086,1.04199,-0.298,2.214,-0.565,non-ergonomis
2026-06-01 14:45:46.805,2208686261,471805,2,0.99585,-0.12256,0.17261,-0.817,1.168,0.412,non-ergonomis
2026-06-01 14:45:46.005,2208685461,472005,1,0.40161,0.12646,1.0293,0.374,1.901,-0.702,non-ergonomis
2026-06-01 14:45:46.005,2208685461,472005,2,0.99268,-0.12915,0.1792,-0.603,0.924,0.298,non-ergonomis
2026-06-01 14:45:46.205,2208685661,472205,1,0.4082,0.12329,1.04395,0.359,1.794,-0.29,non-ergonomis
2026-06-01 14:45:46.205,2208685661,472205,2,0.99463,-0.12036,0.18359,-1.634,0.046,0.58,non-ergonomis
2026-06-01 14:45:47.405,2208686861,472405,1,0.40552,0.13037,1.03882,0.328,1.916,-0.26,non-ergonomis
2026-06-01 14:45:47.405,2208686861,472405,2,0.9939,-0.12158,0.16479,-1.298,0.198,0.58,non-ergonomis
2026-06-01 14:45:47.605,2208687061,472605,1,0.40112,0.12622,1.03052,0.046,1.878,-0.565,non-ergonomis
2026-06-01 14:45:47.605,2208687061,472605,2,0.99609,-0.12598,0.17212,-1.656,0.137,0.573,non-ergonomis
2026-06-01 14:45:47.805,2208687261,472805,1,0.40845,0.12622,1.03174,0.618,1.504,-0.557,non-ergonomis
2026-06-01 14:45:47.805,2208687261,472805,2,0.99585,-0.1272,0.17505,-1.817,-0.237,0.45,non-ergonomis
2026-06-01 14:45:47.005,2208686461,473005,1,0.40576,0.12451,1.03442,0.427,2.107,-0.305,non-ergonomis
2026-06-01 14:45:47.005,2208686461,473005,2,0.99609,-0.12598,0.16821,-1.397,0.069,0.557,non-ergonomis
2026-06-01 14:45:47.205,2208686661,473205,1,0.40649,0.12598,1.02319,0.374,1.992,-0.534,non-ergonomis
2026-06-01 14:45:47.205,2208686661,473205,2,0.99902,-0.12085,0.17603,-1.321,0.053,0.466,non-ergonomis
2026-06-01 14:45:48.405,2208687861,473405,1,0.4043,0.12646,1.0354,0.137,1.557,-0.725,non-ergonomis
2026-06-01 14:45:48.405,2208687861,473405,2,0.99902,-0.1228,0.1748,-1.405,0.031,0.389,non-ergonomis
2026-06-01 14:45:48.605,2208688061,473605,1,0.40869,0.12378,1.03491,0.183,1.733,-0.496,non-ergonomis
2026-06-01 14:45:48.605,2208688061,473605,2,0.99927,-0.12671,0.16675,-2.122,-0.359,0.542,non-ergonomis
2026-06-01 14:45:48.805,2208688261,473805,1,0.40723,0.12598,1.03882,0.214,1.718,-0.412,non-ergonomis
2026-06-01 14:45:48.805,2208688261,473805,2,1.00073,-0.12549,0.15796,-1.611,0.069,0.443,non-ergonomis
2026-06-01 14:45:48.005,2208687461,474005,1,0.39917,0.13086,1.03687,0.405,1.893,-0.389,non-ergonomis
2026-06-01 14:45:48.005,2208687461,474005,2,1.0022,-0.12549,0.16504,-1.458,0.214,0.74,non-ergonomis
2026-06-01 14:45:48.205,2208687661,474205,1,0.40918,0.12476,1.03516,0.405,2.031,-0.45,non-ergonomis
2026-06-01 14:45:48.205,2208687661,474205,2,1.00391,-0.12671,0.16064,-1.198,0.878,0.573,non-ergonomis
2026-06-01 14:45:49.405,2208688861,474405,1,0.41577,0.12573,1.03418,0.198,2.0,-0.756,non-ergonomis
2026-06-01 14:45:49.405,2208688861,474405,2,0.99756,-0.1272,0.15796,-0.42,1.214,0.107,non-ergonomis
2026-06-01 14:45:49.605,2208689061,474605,1,0.41406,0.13037,1.0332,0.412,1.802,-0.718,non-ergonomis
2026-06-01 14:45:49.605,2208689061,474605,2,0.99438,-0.12622,0.15967,-1.053,0.908,0.29,non-ergonomis
2026-06-01 14:45:49.805,2208689261,474805,1,0.41113,0.12598,1.03125,0.58,1.802,-0.618,non-ergonomis
2026-06-01 14:45:49.805,2208689261,474805,2,1.00244,-0.12427,0.17627,-0.802,0.847,0.435,non-ergonomis
2026-06-01 14:45:49.005,2208688461,475005,1,0.40381,0.13306,1.04053,0.122,1.985,-1.084,non-ergonomis
2026-06-01 14:45:49.005,2208688461,475005,2,1.00537,-0.1272,0.16211,-0.519,1.214,0.359,non-ergonomis
2026-06-01 14:45:49.205,2208688661,475205,1,0.40479,0.12988,1.03589,-0.137,1.748,-0.618,non-ergonomis
2026-06-01 14:45:49.205,2208688661,475205,2,0.99683,-0.13037,0.16333,-0.847,0.939,0.405,non-ergonomis
2026-06-01 14:45:50.405,2208689861,475405,1,0.40771,0.13086,1.03564,0.305,2.099,-0.618,non-ergonomis
2026-06-01 14:45:50.405,2208689861,475405,2,0.99658,-0.11694,0.17188,-0.878,1.008,0.244,non-ergonomis
2026-06-01 14:45:50.605,2208690061,475605,1,0.41211,0.13452,1.03638,0.321,2.0,-0.656,non-ergonomis
2026-06-01 14:45:50.605,2208690061,475605,2,0.9939,-0.125,0.16553,-1.008,0.313,0.328,non-ergonomis
2026-06-01 14:45:50.805,2208690261,475805,1,0.39917,0.12939,1.0376,-0.756,1.588,-0.817,non-ergonomis
2026-06-01 14:45:50.805,2208690261,475805,2,0.99609,-0.11719,0.17212,-1.099,0.244,0.679,non-ergonomis
2026-06-01 14:45:50.005,2208689461,476005,1,0.41162,0.12842,1.04297,,1.725,-0.588,non-ergonomis
2026-06-01 14:45:50.005,2208689461,476005,2,0.99902,-0.12402,0.16553,-1.626,0.076,0.763,non-ergonomis
2026-06-01 14:45:50.205,2208689661,476205,1,0.3833,0.13208,1.04907,-2.725,0.557,-1.504,non-ergonomis
2026-06-01 14:45:50.205,2208689661,476205,2,0.99756,-0.12378,0.16577,-3.634,-3.412,1.427,non-ergonomis
2026-06-01 14:45:51.405,2208690861,476405,1,0.41357,0.12012,1.03491,-1.115,-1.359,-2.282,non-ergonomis
2026-06-01 14:45:51.405,2208690861,476405,2,0.99683,-0.13989,0.16382,-6.122,-4.015,1.893,non-ergonomis
2026-06-01 14:45:51.605,2208691061,476605,1,0.41577,0.12085,1.03467,0.756,-2.664,-2.885,non-ergonomis
2026-06-01 14:45:51.605,2208691061,476605,2,0.99951,-0.14136,0.15283,-5.107,-5.718,2.885,non-ergonomis
2026-06-01 14:45:51.805,2208691261,476805,1,0.42603,0.10498,1.03687,-2.84,-12.29,-7.931,non-ergonomis
2026-06-01 14:45:51.805,2208691261,476805,2,1.00195,-0.15942,0.11279,-11.855,-14.389,1.809,non-ergonomis
2026-06-01 14:45:51.005,2208690461,477005,1,0.47681,0.12402,1.0061,19.252,-20.954,-5.542,non-ergonomis
2026-06-01 14:45:51.005,2208690461,477005,2,0.99561,-0.16064,0.03271,-9.527,-23.725,-9.763,non-ergonomis
2026-06-01 14:45:51.205,2208690661,477205,1,0.56567,0.26514,0.91772,45.733,-17.504,16.687,non-ergonomis
2026-06-01 14:45:51.205,2208690661,477205,2,0.9834,-0.1604,-0.04053,15.046,-32.435,-8.756,non-ergonomis
