datetime,epoch_ms,ts_millis,mpu_id,ax,ay,az,gx,gy,gz,label
2026-06-01 15:17:50.708,2210610164,296708,1,0.84058,-0.01465,0.73267,-1.16,1.87,-1.221,ergonomis
2026-06-01 15:17:50.708,2210610164,296708,2,0.93579,-0.3667,0.13428,0.031,0.863,-0.237,ergonomis
2026-06-01 15:17:50.908,2210610364,296908,1,0.84351,-0.00928,0.74097,0.466,2.053,-0.786,ergonomis
2026-06-01 15:17:50.908,2210610364,296908,2,0.95166,-0.36572,0.125,0.527,0.588,0.557,ergonomis
2026-06-01 15:17:50.232,2210609688,297232,1,0.83594,-0.01611,0.7417,0.038,1.328,-1.221,ergonomis
2026-06-01 15:17:50.232,2210609688,297232,2,0.94385,-0.36523,0.12769,-0.969,-0.145,0.802,ergonomis
2026-06-01 15:17:50.432,2210609888,297432,1,0.83618,-0.01367,0.7356,0.008,1.252,-1.023,ergonomis
2026-06-01 15:17:50.432,2210609888,297432,2,0.94067,-0.36938,0.13477,-1.573,0.641,0.634,ergonomis
2026-06-01 15:17:51.632,2210611088,297632,1,0.83911,-0.00659,0.73438,0.053,2.443,-0.962,ergonomis
2026-06-01 15:17:51.632,2210611088,297632,2,0.94824,-0.36719,0.13013,-1.458,-0.168,0.359,ergonomis
2026-06-01 15:17:51.832,2210611288,297832,1,0.83618,-0.01611,0.74365,-0.405,4.107,0.962,ergonomis
2026-06-01 15:17:51.832,2210611288,297832,2,0.93115,-0.37305,0.12109,-2.061,0.496,0.076,ergonomis
2026-06-01 15:17:51.032,2210610488,298032,1,0.8269,-0.01611,0.7439,1.504,2.13,0.038,ergonomis
2026-06-01 15:17:51.032,2210610488,298032,2,0.94019,-0.35864,0.13721,-1.42,0.191,0.023,ergonomis
2026-06-01 15:17:51.254,2210610710,298254,1,0.84326,-0.01074,0.72583,1.198,2.969,-0.885,ergonomis
2026-06-01 15:17:51.254,2210610710,298254,2,0.93384,-0.37158,0.12598,0.076,0.901,-0.328,ergonomis
2026-06-01 15:17:51.454,2210610910,298454,1,0.82739,-0.01343,0.76074,1.992,3.649,0.916,ergonomis
2026-06-01 15:17:51.454,2210610910,298454,2,0.93726,-0.375,0.11987,-1.359,0.244,0.389,ergonomis
2026-06-01 15:17:52.654,2210612110,298654,1,0.86182,-0.00366,0.70654,5.435,0.603,3.985,ergonomis
2026-06-01 15:17:52.654,2210612110,298654,2,0.92871,-0.34399,0.16406,3.527,-0.183,0.656,ergonomis
2026-06-01 15:17:52.854,2210612310,298854,1,0.82861,-0.02344,0.7522,-2.313,3.366,-1.244,ergonomis
2026-06-01 15:17:52.854,2210612310,298854,2,0.94141,-0.38525,0.13574,-0.198,3.191,1.282,ergonomis
2026-06-01 15:17:52.054,2210611510,299054,1,0.81641,-0.11548,0.74585,5.298,8.115,0.893,ergonomis
2026-06-01 15:17:52.054,2210611510,299054,2,0.94263,-0.32153,0.16406,8.71,2.832,-5.168,ergonomis
2026-06-01 15:17:52.254,2210611710,299254,1,0.81494,-0.08472,0.76367,-5.046,-2.412,-5.817,ergonomis
2026-06-01 15:17:52.254,2210611710,299254,2,0.94238,-0.36792,0.13232,10.534,3.458,-1.206,ergonomis
2026-06-01 15:17:52.454,2210611910,299454,1,0.79907,-0.0459,0.77881,5.405,2.824,-1.084,ergonomis
2026-06-01 15:17:52.454,2210611910,299454,2,0.94922,-0.33179,0.16187,6.489,-1.534,-0.084,ergonomis
2026-06-01 15:17:53.654,2210613110,299654,1,0.8147,-0.00854,0.76294,0.145,0.977,-4.031,ergonomis
2026-06-01 15:17:53.654,2210613110,299654,2,0.94971,-0.37134,0.14941,-2.969,-0.634,2.443,ergonomis
2026-06-01 15:17:53.854,2210613310,299854,1,0.81323,-0.00391,0.7583,2.756,4.267,0.542,ergonomis
2026-06-01 15:17:53.854,2210613310,299854,2,0.95679,-0.35547,0.1333,-5.573,-0.053,0.695,ergonomis
2026-06-01 15:17:53.054,2210612510,300054,1,0.81201,-0.02661,0.7522,4.939,2.435,1.389,ergonomis
2026-06-01 15:17:53.054,2210612510,300054,2,0.94507,-0.3562,0.13037,-2.992,0.519,0.405,ergonomis
2026-06-01 15:17:53.254,2210612710,300254,1,0.83154,-0.01392,0.76147,3.084,1.038,-1.069,ergonomis
2026-06-01 15:17:53.254,2210612710,300254,2,0.94922,-0.36035,0.146,-3.214,-0.336,0.588,ergonomis
2026-06-01 15:17:53.454,2210612910,300454,1,0.83228,-0.00757,0.75562,0.137,1.748,-2.336,ergonomis
2026-06-01 15:17:53.454,2210612910,300454,2,0.93506,-0.36621,0.12866,-1.588,0.939,0.824,ergonomis
2026-06-01 15:17:54.654,2210614110,300654,1,0.82178,-0.02148,0.73877,-1.443,0.969,-0.366,ergonomis
2026-06-01 15:17:54.654,2210614110,300654,2,0.94287,-0.3645,0.1394,-0.084,0.947,0.427,ergonomis
2026-06-01 15:17:54.854,2210614310,300854,1,0.83789,-0.00366,0.75586,2.084,1.42,0.634,ergonomis
2026-06-01 15:17:54.854,2210614310,300854,2,0.96021,-0.34961,0.13525,0.824,0.832,-0.435,ergonomis
2026-06-01 15:17:54.135,2210613591,301135,1,0.82837,-0.01416,0.76025,-1.824,1.26,-0.626,ergonomis
2026-06-01 15:17:54.135,2210613591,301135,2,0.94458,-0.3562,0.15161,-0.458,0.099,0.519,ergonomis
2026-06-01 15:17:54.335,2210613791,301335,1,0.81812,-0.01929,0.76001,2.244,1.863,-0.473,ergonomis
2026-06-01 15:17:54.335,2210613791,301335,2,0.94116,-0.35767,0.12842,2.924,0.244,0.58,ergonomis
2026-06-01 15:17:54.535,2210613991,301535,1,0.81226,-0.03027,0.77222,1.534,1.863,-0.153,ergonomis
2026-06-01 15:17:54.535,2210613991,301535,2,0.95825,-0.375,0.12598,0.977,0.206,3.099,ergonomis
2026-06-01 15:17:55.735,2210615191,301735,1,0.79077,-0.03589,0.75513,3.687,9.168,2.824,ergonomis
2026-06-01 15:17:55.735,2210615191,301735,2,0.96289,-0.32666,0.16797,1.275,2.115,-0.71,ergonomis
2026-06-01 15:17:55.967,2210615423,301967,1,0.80322,-0.01929,0.77637,-3.931,4.763,-3.038,ergonomis
2026-06-01 15:17:55.967,2210615423,301967,2,0.93823,-0.34229,0.15552,-1.099,-0.412,-0.794,ergonomis
2026-06-01 15:17:55.171,2210614627,302171,1,0.81372,-0.01489,0.78101,-1.977,0.901,-1.198,ergonomis
2026-06-01 15:17:55.171,2210614627,302171,2,0.94824,-0.32861,0.1543,-3.779,-0.557,0.634,ergonomis
2026-06-01 15:17:55.406,2210614862,302405,1,0.80811,-0.0144,0.77954,-0.611,1.916,-1.763,ergonomis
2026-06-01 15:17:55.406,2210614862,302405,2,0.94336,-0.3374,0.15552,-1.573,-0.366,0.489,ergonomis
2026-06-01 15:17:56.635,2210616091,302634,1,0.80981,-0.02148,0.78174,0.786,1.947,-0.763,ergonomis
2026-06-01 15:17:56.635,2210616091,302634,2,0.95093,-0.33569,0.1582,-0.771,0.405,1.153,ergonomis
2026-06-01 15:17:56.834,2210616290,302834,1,0.80615,-0.03735,0.77734,-0.153,1.252,-0.29,ergonomis
2026-06-01 15:17:56.834,2210616290,302834,2,0.94971,-0.33545,0.15918,-0.695,0.458,1.336,ergonomis
2026-06-01 15:17:56.034,2210615490,303034,1,0.80737,-0.02734,0.77563,1.863,2.603,0.061,ergonomis
2026-06-01 15:17:56.034,2210615490,303034,2,0.94702,-0.34424,0.15454,-2.702,0.71,0.252,ergonomis
2026-06-01 15:17:56.268,2210615724,303268,1,0.79297,-0.0249,0.79077,0.313,1.481,-0.534,ergonomis
2026-06-01 15:17:56.268,2210615724,303268,2,0.95142,-0.33838,0.16064,-1.489,0.435,0.099,ergonomis
2026-06-01 15:17:57.693,2210617149,303693,1,0.79883,-0.02954,0.78979,0.031,0.962,-0.748,ergonomis
2026-06-01 15:17:57.693,2210617149,303693,2,0.94971,-0.34277,0.15796,-0.855,0.496,0.916,ergonomis
2026-06-01 15:17:57.893,2210617349,303893,1,0.8042,-0.02539,0.7749,1.015,1.718,-0.076,ergonomis
2026-06-01 15:17:57.893,2210617349,303893,2,0.93774,-0.33423,0.16455,-0.87,0.649,0.84,ergonomis
2026-06-01 15:17:57.093,2210616549,304093,1,0.79321,-0.03198,0.77539,-0.336,2.015,-0.672,ergonomis
2026-06-01 15:17:57.093,2210616549,304093,2,0.94434,-0.34302,0.15552,-1.397,0.359,0.542,ergonomis
2026-06-01 15:17:57.293,2210616749,304293,1,0.79541,-0.02271,0.78345,0.687,1.901,-0.687,ergonomis
2026-06-01 15:17:57.293,2210616749,304293,2,0.94873,-0.3479,0.16284,-1.092,0.198,0.008,ergonomis
2026-06-01 15:17:57.493,2210616949,304493,1,0.79565,-0.02808,0.78296,0.649,1.824,-0.389,ergonomis
2026-06-01 15:17:57.493,2210616949,304493,2,0.95581,-0.33911,0.1731,-1.122,0.55,0.282,ergonomis
2026-06-01 15:17:58.760,2210618216,304759,1,0.80054,-0.02661,0.78198,1.595,1.924,-0.939,ergonomis
2026-06-01 15:17:58.760,2210618216,304759,2,0.95142,-0.33276,0.15942,-3.359,-0.557,0.969,ergonomis
2026-06-01 15:17:58.959,2210618415,304959,1,0.81006,-0.02612,0.78271,3.412,-0.183,-0.908,ergonomis
2026-06-01 15:17:58.959,2210618415,304959,2,0.95361,-0.34058,0.15771,-2.74,-0.275,1.824,ergonomis
2026-06-01 15:17:58.159,2210617615,305159,1,0.80981,-0.00757,0.7854,2.817,-1.053,-0.687,ergonomis
2026-06-01 15:17:58.159,2210617615,305159,2,0.94458,-0.3457,0.14844,-2.969,-2.58,2.718,ergonomis
2026-06-01 15:17:58.359,2210617815,305359,1,0.82178,-0.01001,0.76807,3.008,-1.13,0.427,ergonomis
2026-06-01 15:17:58.359,2210617815,305359,2,0.94897,-0.36377,0.12549,-1.595,-1.618,1.214,ergonomis
2026-06-01 15:17:58.600,2210618056,305600,1,0.8252,-0.01855,0.75391,0.244,0.863,0.824,ergonomis
2026-06-01 15:17:58.600,2210618056,305600,2,0.95166,-0.36499,0.12671,-2.183,-0.824,0.458,ergonomis
2026-06-01 15:17:59.800,2210619256,305800,1,0.82056,-0.02197,0.75952,0.679,0.519,-0.679,ergonomis
2026-06-01 15:17:59.800,2210619256,305800,2,0.95752,-0.35303,0.13501,-4.863,1.176,1.45,ergonomis
2026-06-01 15:17:59.000,2210618456,306000,1,0.82642,-0.02173,0.75708,1.313,-1.481,-1.893,ergonomis
2026-06-01 15:17:59.000,2210618456,306000,2,0.95825,-0.3667,0.13672,-6.389,0.504,1.084,ergonomis
2026-06-01 15:17:59.200,2210618656,306200,1,0.84033,-0.01514,0.7373,0.183,0.84,-0.527,ergonomis
2026-06-01 15:17:59.200,2210618656,306200,2,0.94702,-0.36792,0.13062,-1.863,1.626,1.153,ergonomis
2026-06-01 15:17:59.400,2210618856,306400,1,0.84229,-0.01367,0.73389,-0.084,0.718,-1.107,ergonomis
2026-06-01 15:17:59.400,2210618856,306400,2,0.94214,-0.37061,0.13232,-3.656,1.924,1.29,ergonomis
2026-06-01 15:17:59.600,2210619056,306600,1,0.83228,-0.02222,0.73535,1.084,1.603,-0.466,ergonomis
2026-06-01 15:17:59.600,2210619056,306600,2,0.94019,-0.36255,0.13257,-1.687,0.221,-0.443,ergonomis
2026-06-01 15:18:00.800,2210620256,306800,1,0.85132,0.00049,0.72778,0.618,1.893,-1.275,ergonomis
2026-06-01 15:18:00.800,2210620256,306800,2,0.94653,-0.37085,0.12329,0.061,-0.061,-0.389,ergonomis
2026-06-01 15:18:00.000,2210619456,307000,1,0.83618,-0.01685,0.73657,0.282,2.046,-0.511,ergonomis
2026-06-01 15:18:00.000,2210619456,307000,2,0.94727,-0.37183,0.12915,-1.84,0.023,0.58,ergonomis
2026-06-01 15:18:00.200,2210619656,307200,1,0.84131,-0.01025,0.73145,0.053,3.092,0.374,ergonomis
2026-06-01 15:18:00.200,2210619656,307200,2,0.94751,-0.36523,0.12427,-1.29,0.573,-0.107,ergonomis
2026-06-01 15:18:00.451,2210619907,307450,1,0.84326,-0.02051,0.74341,0.092,1.641,-0.863,ergonomis
2026-06-01 15:18:00.451,2210619907,307450,2,0.94775,-0.36597,0.13086,-0.954,0.435,0.328,ergonomis
2026-06-01 15:18:01.650,2210621106,307650,1,0.84888,-0.00659,0.73828,0.221,2.901,-0.794,ergonomis
2026-06-01 15:18:01.650,2210621106,307650,2,0.94409,-0.36377,0.13037,-0.092,-0.298,-0.382,ergonomis
2026-06-01 15:18:01.850,2210621306,307850,1,0.83643,-0.01147,0.73877,0.092,2.634,-0.748,ergonomis
2026-06-01 15:18:01.850,2210621306,307850,2,0.95166,-0.36401,0.13745,-1.74,-0.458,-0.313,ergonomis
2026-06-01 15:18:01.050,2210620506,308050,1,0.83203,-0.01245,0.73975,-0.443,3.16,-0.962,ergonomis
2026-06-01 15:18:01.050,2210620506,308050,2,0.94287,-0.35889,0.13159,-1.069,0.076,0.42,ergonomis
2026-06-01 15:18:01.250,2210620706,308250,1,0.83228,-0.01489,0.75366,0.664,3.145,-0.115,ergonomis
2026-06-01 15:18:01.250,2210620706,308250,2,0.95142,-0.36255,0.13501,-0.779,1.053,0.824,ergonomis
2026-06-01 15:18:01.450,2210620906,308450,1,0.83179,-0.01563,0.7561,0.328,2.42,-0.023,ergonomis
2026-06-01 15:18:01.450,2210620906,308450,2,0.94482,-0.35889,0.13013,0.038,0.45,0.565,ergonomis
2026-06-01 15:18:02.650,2210622106,308650,1,0.8313,-0.01636,0.74316,-0.634,2.702,-0.702,ergonomis
2026-06-01 15:18:02.650,2210622106,308650,2,0.94287,-0.36304,0.13696,-1.137,0.916,0.519,ergonomis
2026-06-01 15:18:02.850,2210622306,308850,1,0.82349,-0.02051,0.75293,0.374,2.321,-0.748,ergonomis
2026-06-01 15:18:02.850,2210622306,308850,2,0.94653,-0.36523,0.12427,-0.84,0.046,0.122,ergonomis
2026-06-01 15:18:02.050,2210621506,309050,1,0.82764,-0.01416,0.7522,-0.74,2.817,-0.473,ergonomis
2026-06-01 15:18:02.050,2210621506,309050,2,0.95044,-0.36108,0.12744,-0.893,0.969,0.214,ergonomis
2026-06-01 15:18:02.250,2210621706,309250,1,0.82642,-0.00928,0.74878,-0.198,2.122,-0.87,ergonomis
2026-06-01 15:18:02.250,2210621706,309250,2,0.94214,-0.35962,0.13794,-1.13,0.122,0.473,ergonomis
2026-06-01 15:18:02.450,2210621906,309450,1,0.82593,-0.02344,0.74927,1.092,2.679,-0.282,ergonomis
2026-06-01 15:18:02.450,2210621906,309450,2,0.95508,-0.36084,0.1499,-1.511,-0.099,0.176,ergonomis
2026-06-01 15:18:03.650,2210623106,309650,1,0.82593,-0.01782,0.75146,0.244,1.824,-0.748,ergonomis
2026-06-01 15:18:03.650,2210623106,309650,2,0.93921,-0.35498,0.1272,-0.466,0.405,0.214,ergonomis
2026-06-01 15:18:03.850,2210623306,309850,1,0.8291,-0.0188,0.74365,0.061,1.908,-0.122,ergonomis
2026-06-01 15:18:03.850,2210623306,309850,2,0.94043,-0.35596,0.13159,-0.954,0.389,0.687,ergonomis
2026-06-01 15:18:03.050,2210622506,310050,1,0.83325,-0.02124,0.74927,1.115,3.115,0.115,ergonomis
2026-06-01 15:18:03.050,2210622506,310050,2,0.95044,-0.35303,0.13843,-1.672,0.779,0.16,ergonomis
2026-06-01 15:18:03.250,2210622706,310250,1,0.82715,-0.01563,0.74805,-0.023,2.084,-0.802,ergonomis
2026-06-01 15:18:03.250,2210622706,310250,2,0.94287,-0.35962,0.13354,-1.107,0.405,0.298,ergonomis
2026-06-01 15:18:03.450,2210622906,310450,1,0.81885,-0.03052,0.75049,0.534,1.901,-0.427,ergonomis
2026-06-01 15:18:03.450,2210622906,310450,2,0.94824,-0.36353,0.13574,-0.191,-0.534,0.29,ergonomis
2026-06-01 15:18:04.683,2210624139,310683,1,0.8125,-0.02661,0.7644,2.511,3.466,-1.046,ergonomis
2026-06-01 15:18:04.683,2210624139,310683,2,0.95679,-0.35498,0.14136,-0.466,1.412,0.321,ergonomis
2026-06-01 15:18:04.883,2210624339,310883,1,0.82153,-0.02515,0.75488,-0.473,3.053,-1.023,ergonomis
2026-06-01 15:18:04.883,2210624339,310883,2,0.94678,-0.34717,0.14087,-0.748,0.725,-0.344,ergonomis
2026-06-01 15:18:04.083,2210623539,311083,1,0.81274,-0.01978,0.75146,0.55,3.053,0.206,ergonomis
2026-06-01 15:18:04.083,2210623539,311083,2,0.95313,-0.35376,0.12866,-0.557,0.992,0.313,ergonomis
2026-06-01 15:18:04.283,2210623739,311283,1,0.82031,-0.03052,0.7627,1.282,3.069,0.466,ergonomis
2026-06-01 15:18:04.283,2210623739,311283,2,0.95166,-0.35083,0.13794,-0.588,0.695,0.634,ergonomis
2026-06-01 15:18:04.483,2210623939,311483,1,0.81323,-0.03223,0.76196,0.405,2.206,-0.176,ergonomis
2026-06-01 15:18:04.483,2210623939,311483,2,0.94702,-0.35425,0.14673,-2.221,-0.13,0.557,ergonomis
2026-06-01 15:18:05.683,2210625139,311683,1,0.81055,-0.02417,0.75098,-0.466,2.511,-1.008,ergonomis
2026-06-01 15:18:05.683,2210625139,311683,2,0.95093,-0.354,0.15112,-1.611,0.603,0.046,ergonomis
2026-06-01 15:18:05.894,2210625350,311894,1,0.81079,-0.03442,0.76489,0.092,2.344,-0.191,ergonomis
2026-06-01 15:18:05.894,2210625350,311894,2,0.94653,-0.35767,0.12329,-1.221,0.435,0.695,ergonomis
2026-06-01 15:18:05.094,2210624550,312094,1,0.81689,-0.02856,0.77124,-0.191,1.916,-0.802,ergonomis
2026-06-01 15:18:05.094,2210624550,312094,2,0.94238,-0.35742,0.14209,-1.336,0.786,0.679,ergonomis
2026-06-01 15:18:05.294,2210624750,312294,1,0.81714,-0.0249,0.76294,0.336,1.779,-0.458,ergonomis
2026-06-01 15:18:05.294,2210624750,312294,2,0.94556,-0.35425,0.14551,-1.107,0.351,0.42,ergonomis
2026-06-01 15:18:05.494,2210624950,312494,1,0.82446,-0.02197,0.76123,1.183,3.069,-0.405,ergonomis
2026-06-01 15:18:05.494,2210624950,312494,2,0.95264,-0.3457,0.14917,-1.489,-0.191,0.382,ergonomis
2026-06-01 15:18:06.694,2210626150,312694,1,0.81738,-0.0293,0.76294,0.672,1.847,-0.374,ergonomis
2026-06-01 15:18:06.694,2210626150,312694,2,0.95093,-0.35132,0.14844,-1.13,0.412,0.489,ergonomis
2026-06-01 15:18:06.898,2210626354,312898,1,0.82593,-0.02808,0.75513,-0.038,1.641,-0.832,ergonomis
2026-06-01 15:18:06.898,2210626354,312898,2,0.94458,-0.35034,0.14648,-1.328,0.26,0.527,ergonomis
2026-06-01 15:18:06.098,2210625554,313098,1,0.81714,-0.02808,0.77222,0.756,1.573,-0.42,ergonomis
2026-06-01 15:18:06.098,2210625554,313098,2,0.94653,-0.34521,0.15234,-0.71,0.29,0.206,ergonomis
2026-06-01 15:18:06.298,2210625754,313298,1,0.81372,-0.02368,0.76709,0.176,1.87,-0.74,ergonomis
2026-06-01 15:18:06.298,2210625754,313298,2,0.94897,-0.34546,0.14404,-1.458,0.58,0.298,ergonomis
2026-06-01 15:18:06.498,2210625954,313498,1,0.80957,-0.03271,0.77222,0.313,2.046,-0.84,ergonomis
2026-06-01 15:18:06.498,2210625954,313498,2,0.95044,-0.35254,0.14673,-1.214,0.573,0.282,ergonomis
2026-06-01 15:18:07.698,2210627154,313698,1,0.80762,-0.01855,0.76904,-0.16,1.702,-0.45,ergonomis
2026-06-01 15:18:07.698,2210627154,313698,2,0.94824,-0.35522,0.14526,-1.26,0.618,0.519,ergonomis
2026-06-01 15:18:07.898,2210627354,313898,1,0.81543,-0.02856,0.75439,0.183,1.206,-0.702,ergonomis
2026-06-01 15:18:07.898,2210627354,313898,2,0.94336,-0.35156,0.146,-1.359,0.282,0.267,ergonomis
2026-06-01 15:18:07.098,2210626554,314098,1,0.80933,-0.0271,0.77563,0.71,1.603,-0.519,ergonomis
2026-06-01 15:18:07.098,2210626554,314098,2,0.94849,-0.35425,0.15308,-1.664,0.473,0.58,ergonomis
2026-06-01 15:18:07.298,2210626754,314298,1,0.82251,-0.02832,0.76172,0.405,1.374,-0.397,ergonomis
2026-06-01 15:18:07.298,2210626754,314298,2,0.94604,-0.34399,0.1394,-1.542,0.885,0.794,ergonomis
2026-06-01 15:18:07.498,2210626954,314498,1,0.8208,-0.02783,0.76343,0.71,1.947,-0.298,ergonomis
2026-06-01 15:18:07.498,2210626954,314498,2,0.94434,-0.3562,0.14575,-2.137,,0.321,ergonomis
2026-06-01 15:18:08.708,2210628164,314707,1,0.82056,-0.0249,0.75,0.137,2.076,-0.565,ergonomis
2026-06-01 15:18:08.708,2210628164,314707,2,0.94604,-0.34668,0.14795,-0.969,0.565,0.542,ergonomis
2026-06-01 15:18:08.908,2210628364,314908,1,0.82007,-0.01978,0.77466,0.87,1.687,-0.901,ergonomis
2026-06-01 15:18:08.908,2210628364,314908,2,0.94092,-0.35278,0.15161,-2.45,0.771,-0.229,ergonomis
2026-06-01 15:18:08.134,2210627590,315134,1,0.81543,-0.02661,0.75879,1.313,1.672,0.702,ergonomis
2026-06-01 15:18:08.134,2210627590,315134,2,0.94531,-0.34399,0.1438,-2.458,-0.336,0.153,ergonomis
2026-06-01 15:18:08.365,2210627821,315365,1,0.82617,-0.02246,0.76367,-0.878,2.282,-0.832,ergonomis
2026-06-01 15:18:08.365,2210627821,315365,2,0.94727,-0.34668,0.1416,-2.26,0.649,-1.214,ergonomis
2026-06-01 15:18:08.565,2210628021,315565,1,0.81128,-0.03198,0.75928,-2.924,3.718,-0.275,ergonomis
2026-06-01 15:18:08.565,2210628021,315565,2,0.95532,-0.34351,0.13501,0.099,-1.496,-0.237,ergonomis
2026-06-01 15:18:09.778,2210629234,315778,1,0.80298,-0.02905,0.75806,0.84,3.015,0.595,ergonomis
2026-06-01 15:18:09.778,2210629234,315778,2,0.95752,-0.3418,0.13477,-0.527,0.221,1.534,ergonomis
2026-06-01 15:18:09.005,2210628461,316005,1,0.80835,-0.04639,0.76758,1.252,1.695,0.26,ergonomis
2026-06-01 15:18:09.005,2210628461,316005,2,0.95264,-0.33813,0.14282,-0.336,0.733,0.504,ergonomis
2026-06-01 15:18:09.240,2210628696,316240,1,0.81177,-0.04614,0.77759,1.237,3.275,-1.16,ergonomis
2026-06-01 15:18:09.240,2210628696,316240,2,0.95142,-0.34106,0.1582,-0.344,1.198,0.16,ergonomis
2026-06-01 15:18:09.440,2210628896,316440,1,0.81055,-0.02954,0.76001,-0.244,2.374,-1.069,ergonomis
2026-06-01 15:18:09.440,2210628896,316440,2,0.95508,-0.34497,0.14722,-1.489,2.015,0.153,ergonomis
2026-06-01 15:18:10.640,2210630096,316640,1,0.82178,-0.02368,0.76074,-0.046,1.786,-2.26,ergonomis
2026-06-01 15:18:10.640,2210630096,316640,2,0.94409,-0.3396,0.14453,0.229,0.679,0.695,ergonomis
2026-06-01 15:18:10.840,2210630296,316840,1,0.80371,-0.03809,0.77466,0.87,3.084,-1.153,ergonomis
2026-06-01 15:18:10.840,2210630296,316840,2,0.95679,-0.34009,0.13843,-2.504,0.122,0.931,ergonomis
2026-06-01 15:18:10.064,2210629520,317064,1,0.81201,-0.0415,0.76929,-0.809,2.771,-0.954,ergonomis
2026-06-01 15:18:10.064,2210629520,317064,2,0.9519,-0.35327,0.14111,-1.374,0.573,0.221,ergonomis
2026-06-01 15:18:10.275,2210629731,317275,1,0.80908,-0.02783,0.77368,0.397,2.443,-0.664,ergonomis
2026-06-01 15:18:10.275,2210629731,317275,2,0.94751,-0.33984,0.14526,-1.969,-0.107,0.603,ergonomis
2026-06-01 15:18:10.485,2210629941,317484,1,0.79883,-0.03076,0.77271,0.198,1.443,-0.672,ergonomis
2026-06-01 15:18:10.485,2210629941,317484,2,0.95532,-0.34131,0.14722,-0.992,0.634,0.656,ergonomis
2026-06-01 15:18:11.684,2210631140,317684,1,0.79761,-0.03711,0.77222,1.244,1.595,0.26,ergonomis
2026-06-01 15:18:11.684,2210631140,317684,2,0.948,-0.34229,0.14868,-1.344,0.191,0.855,ergonomis
2026-06-01 15:18:11.884,2210631340,317884,1,0.80566,-0.02563,0.76831,-0.443,1.977,-0.16,ergonomis
2026-06-01 15:18:11.884,2210631340,317884,2,0.94702,-0.34375,0.14331,-1.145,0.305,0.267,ergonomis
2026-06-01 15:18:11.106,2210630562,318106,1,0.80151,-0.03906,0.76343,0.489,1.534,-0.817,ergonomis
2026-06-01 15:18:11.106,2210630562,318106,2,0.95264,-0.34424,0.15088,-2.412,-0.099,0.351,ergonomis
2026-06-01 15:18:11.306,2210630762,318306,1,0.80786,-0.02222,0.77588,0.168,1.733,-0.145,ergonomis
2026-06-01 15:18:11.306,2210630762,318306,2,0.94727,-0.3374,0.13843,-2.084,0.473,0.756,ergonomis
2026-06-01 15:18:11.506,2210630962,318506,1,0.80273,-0.03735,0.77515,1.298,1.779,-0.153,ergonomis
2026-06-01 15:18:11.506,2210630962,318506,2,0.93872,-0.34497,0.14941,-1.015,1.229,0.672,ergonomis
2026-06-01 15:18:12.706,2210632162,318706,1,0.80518,-0.04175,0.7749,0.237,0.863,-0.748,ergonomis
2026-06-01 15:18:12.706,2210632162,318706,2,0.94775,-0.33496,0.1521,-1.237,-0.366,0.481,ergonomis
2026-06-01 15:18:12.906,2210632362,318906,1,0.80835,-0.02759,0.7793,-0.412,1.664,-1.008,ergonomis
2026-06-01 15:18:12.906,2210632362,318906,2,0.94165,-0.34033,0.13892,-1.244,0.756,0.313,ergonomis
2026-06-01 15:18:12.106,2210631562,319106,1,0.80469,-0.03589,0.77563,0.496,1.893,-0.458,ergonomis
2026-06-01 15:18:12.106,2210631562,319106,2,0.95728,-0.34229,0.14819,-1.412,0.008,0.481,ergonomis
2026-06-01 15:18:12.306,2210631762,319306,1,0.80762,-0.03638,0.7627,-0.336,1.687,0.206,ergonomis
2026-06-01 15:18:12.306,2210631762,319306,2,0.94873,-0.34229,0.15674,-0.84,0.015,0.725,ergonomis
2026-06-01 15:18:12.566,2210632022,319566,1,0.80469,-0.04028,0.78516,0.649,2.16,-0.481,ergonomis
2026-06-01 15:18:12.566,2210632022,319566,2,0.94678,-0.34277,0.15015,-1.71,0.641,0.176,ergonomis
2026-06-01 15:18:13.766,2210633222,319766,1,0.81323,-0.03003,0.77344,-0.206,2.015,-0.366,ergonomis
2026-06-01 15:18:13.766,2210633222,319766,2,0.94995,-0.34595,0.14624,-1.473,0.977,0.206,ergonomis
2026-06-01 15:18:13.966,2210633422,319966,1,0.7998,-0.03467,0.77539,0.435,0.977,-0.779,ergonomis
2026-06-01 15:18:13.966,2210633422,319966,2,0.94287,-0.34375,0.14795,-1.176,0.931,0.573,ergonomis
2026-06-01 15:18:13.166,2210632622,320166,1,0.79443,-0.04517,0.77197,0.084,2.076,-0.511,ergonomis
2026-06-01 15:18:13.166,2210632622,320166,2,0.94824,-0.34155,0.14478,-0.45,1.023,0.26,ergonomis
2026-06-01 15:18:13.366,2210632822,320366,1,0.80908,-0.03613,0.77271,0.313,1.405,-0.832,ergonomis
2026-06-01 15:18:13.366,2210632822,320366,2,0.94604,-0.34106,0.14697,-1.16,0.29,0.595,ergonomis
2026-06-01 15:18:13.566,2210633022,320566,1,0.81543,-0.03589,0.7688,1.229,3.13,-0.031,ergonomis
2026-06-01 15:18:13.566,2210633022,320566,2,0.95532,-0.33765,0.15332,-1.313,0.504,0.305,ergonomis
2026-06-01 15:18:14.766,2210634222,320766,1,0.80762,-0.03931,0.76489,0.519,2.137,-0.389,ergonomis
2026-06-01 15:18:14.766,2210634222,320766,2,0.94336,-0.33838,0.14893,-1.321,0.282,0.496,ergonomis
2026-06-01 15:18:14.966,2210634422,320966,1,0.80151,-0.0376,0.78101,0.252,1.366,-0.71,ergonomis
2026-06-01 15:18:14.966,2210634422,320966,2,0.94507,-0.34424,0.14844,-1.046,0.42,0.321,ergonomis
2026-06-01 15:18:14.166,2210633622,321166,1,0.8064,-0.03174,0.78296,0.458,1.405,-0.534,ergonomis
2026-06-01 15:18:14.166,2210633622,321166,2,0.94507,-0.34204,0.15137,-1.221,0.969,0.16,ergonomis
2026-06-01 15:18:14.366,2210633822,321366,1,0.80151,-0.03125,0.77661,-0.282,1.115,-0.466,ergonomis
2026-06-01 15:18:14.366,2210633822,321366,2,0.93921,-0.34375,0.15186,-1.244,0.489,0.328,ergonomis
2026-06-01 15:18:14.566,2210634022,321566,1,0.80273,-0.04004,0.77344,-0.351,2.435,-0.557,ergonomis
2026-06-01 15:18:14.566,2210634022,321566,2,0.948,-0.34424,0.15674,-1.359,0.718,0.519,ergonomis
2026-06-01 15:18:15.766,2210635222,321766,1,0.80786,-0.04395,0.76978,,2.55,-0.565,ergonomis
2026-06-01 15:18:15.766,2210635222,321766,2,0.96338,-0.34229,0.15063,-2.176,0.099,0.351,ergonomis
2026-06-01 15:18:15.966,2210635422,321966,1,0.81812,-0.04102,0.78149,2.802,1.427,0.183,ergonomis
2026-06-01 15:18:15.966,2210635422,321966,2,0.94653,-0.33301,0.1394,0.053,0.45,0.046,ergonomis
2026-06-01 15:18:15.166,2210634622,322166,1,0.80176,-0.02661,0.77368,1.496,2.618,-0.954,ergonomis
2026-06-01 15:18:15.166,2210634622,322166,2,0.94897,-0.34766,0.14331,-1.603,-0.191,0.603,ergonomis
2026-06-01 15:18:15.366,2210634822,322366,1,0.81152,-0.02979,0.77979,0.771,2.519,0.008,ergonomis
2026-06-01 15:18:15.366,2210634822,322366,2,0.93188,-0.32861,0.14502,-1.679,0.87,0.198,ergonomis
2026-06-01 15:18:15.566,2210635022,322566,1,0.80078,-0.03369,0.76855,0.626,1.786,-0.366,ergonomis
2026-06-01 15:18:15.566,2210635022,322566,2,0.94922,-0.34009,0.15283,-1.748,0.214,0.534,ergonomis
2026-06-01 15:18:16.766,2210636222,322766,1,0.80298,-0.03784,0.77856,-0.359,1.863,-0.855,ergonomis
2026-06-01 15:18:16.766,2210636222,322766,2,0.95532,-0.33813,0.146,-1.511,0.366,0.618,ergonomis
2026-06-01 15:18:16.966,2210636422,322966,1,0.80029,-0.02734,0.78125,-0.183,1.855,-1.076,ergonomis
2026-06-01 15:18:16.966,2210636422,322966,2,0.95264,-0.33936,0.13525,-2.023,0.153,0.099,ergonomis
2026-06-01 15:18:16.166,2210635622,323166,1,0.80444,-0.02881,0.78345,0.336,1.939,-1.008,ergonomis
2026-06-01 15:18:16.166,2210635622,323166,2,0.95679,-0.33911,0.14526,-1.038,0.053,0.786,ergonomis
2026-06-01 15:18:16.366,2210635822,323366,1,0.80981,-0.03345,0.76733,0.679,2.115,-0.336,ergonomis
2026-06-01 15:18:16.366,2210635822,323366,2,0.94849,-0.34229,0.15552,-1.198,0.527,0.863,ergonomis
2026-06-01 15:18:16.566,2210636022,323566,1,0.80103,-0.03491,0.78125,1.084,1.992,-0.405,ergonomis
2026-06-01 15:18:16.566,2210636022,323566,2,0.95044,-0.3396,0.14038,-1.756,-0.191,0.74,ergonomis
2026-06-01 15:18:17.766,2210637222,323766,1,0.80396,-0.02905,0.77832,0.412,1.908,-0.412,ergonomis
2026-06-01 15:18:17.766,2210637222,323766,2,0.95581,-0.34033,0.14673,-1.832,0.908,0.344,ergonomis
2026-06-01 15:18:17.966,2210637422,323966,1,0.80103,-0.0376,0.77222,0.58,2.55,-0.374,ergonomis
2026-06-01 15:18:17.966,2210637422,323966,2,0.94922,-0.33984,0.15161,-1.977,0.71,0.443,ergonomis
2026-06-01 15:18:17.166,2210636622,324166,1,0.8064,-0.02734,0.77905,0.13,1.939,-0.725,ergonomis
2026-06-01 15:18:17.166,2210636622,324166,2,0.95386,-0.3418,0.1582,-1.519,0.496,0.672,ergonomis
2026-06-01 15:18:17.366,2210636822,324366,1,0.7981,-0.03979,0.77368,0.458,2.099,-0.298,ergonomis
2026-06-01 15:18:17.366,2210636822,324366,2,0.95605,-0.34326,0.14063,-0.672,0.908,0.427,ergonomis
2026-06-01 15:18:18.626,2210638082,324626,1,0.80371,-0.03735,0.77148,0.183,1.458,-0.809,ergonomis
2026-06-01 15:18:18.626,2210638082,324626,2,0.94775,-0.34375,0.14185,-0.817,0.412,0.435,ergonomis
2026-06-01 15:18:18.826,2210638282,324826,1,0.80884,-0.02856,0.77979,0.046,1.511,-0.893,ergonomis
2026-06-01 15:18:18.826,2210638282,324826,2,0.9436,-0.34302,0.15454,-1.092,-0.015,0.756,ergonomis
2026-06-01 15:18:18.096,2210637552,325096,1,0.8064,-0.03662,0.76831,0.29,1.901,-0.603,ergonomis
2026-06-01 15:18:18.096,2210637552,325096,2,0.94922,-0.34326,0.14722,-1.275,0.42,0.328,ergonomis
2026-06-01 15:18:18.452,2210637908,325452,1,0.81885,-0.03442,0.78076,1.221,1.802,-0.656,ergonomis
2026-06-01 15:18:18.452,2210637908,325452,2,0.94946,-0.33691,0.15234,-1.802,0.504,0.244,ergonomis
2026-06-01 15:18:19.794,2210639250,325794,1,0.80859,-0.03003,0.78198,0.031,1.969,-0.611,ergonomis
2026-06-01 15:18:19.794,2210639250,325794,2,0.9502,-0.33179,0.14795,-1.573,0.595,0.351,ergonomis
2026-06-01 15:18:19.994,2210639450,325994,1,0.80054,-0.03394,0.78564,0.069,1.679,-0.565,ergonomis
2026-06-01 15:18:19.994,2210639450,325994,2,0.95386,-0.33423,0.15332,-1.061,0.252,0.649,ergonomis
2026-06-01 15:18:19.194,2210638650,326194,1,0.802,-0.03101,0.78198,0.107,1.748,-0.794,ergonomis
2026-06-01 15:18:19.194,2210638650,326194,2,0.9502,-0.33936,0.15479,-1.298,0.382,0.473,ergonomis
2026-06-01 15:18:19.394,2210638850,326394,1,0.80615,-0.03735,0.76953,0.099,1.74,-0.885,ergonomis
2026-06-01 15:18:19.394,2210638850,326394,2,0.95264,-0.33545,0.15381,-1.374,0.565,0.458,ergonomis
2026-06-01 15:18:20.733,2210640189,326733,1,0.80298,-0.03906,0.78174,0.481,2.679,-0.321,ergonomis
2026-06-01 15:18:20.733,2210640189,326733,2,0.94897,-0.33765,0.1499,-1.71,0.344,0.71,ergonomis
2026-06-01 15:18:20.933,2210640389,326933,1,0.80615,-0.03931,0.78027,0.206,1.794,-0.603,ergonomis
2026-06-01 15:18:20.933,2210640389,326933,2,0.94653,-0.3396,0.15649,-0.962,0.55,0.443,ergonomis
2026-06-01 15:18:20.188,2210639644,327188,1,0.80615,-0.03955,0.78052,0.076,2.122,-0.679,ergonomis
2026-06-01 15:18:20.188,2210639644,327188,2,0.95264,-0.34277,0.15503,-1.389,0.893,0.427,ergonomis
2026-06-01 15:18:20.415,2210639871,327415,1,0.80664,-0.0481,0.77783,0.351,1.344,-0.702,ergonomis
2026-06-01 15:18:20.415,2210639871,327415,2,0.95801,-0.34009,0.15723,-1.382,0.038,0.71,ergonomis
2026-06-01 15:18:21.642,2210641098,327642,1,0.80713,-0.03735,0.77393,0.489,2.015,-0.397,ergonomis
2026-06-01 15:18:21.642,2210641098,327642,2,0.95557,-0.34131,0.1582,-0.985,0.282,0.679,ergonomis
2026-06-01 15:18:21.978,2210641434,327977,1,0.8147,-0.03882,0.79419,0.641,1.557,-0.779,ergonomis
2026-06-01 15:18:21.978,2210641434,327977,2,0.95361,-0.34619,0.15625,-1.298,-0.321,0.542,ergonomis
2026-06-01 15:18:21.426,2210640882,328426,1,0.80249,-0.03735,0.77466,0.679,1.779,-0.725,ergonomis
2026-06-01 15:18:21.426,2210640882,328426,2,0.96094,-0.34106,0.15137,-0.931,0.374,0.656,ergonomis
2026-06-01 15:18:22.760,2210642216,328759,1,0.79272,-0.04395,0.77344,1.664,1.718,-0.412,ergonomis
2026-06-01 15:18:22.760,2210642216,328759,2,0.94336,-0.34619,0.14941,-0.977,0.053,0.519,ergonomis
2026-06-01 15:18:22.070,2210641526,329070,1,0.80078,-0.04297,0.77002,0.412,2.794,-0.817,ergonomis
2026-06-01 15:18:22.070,2210641526,329070,2,0.9541,-0.34082,0.15405,-0.618,0.565,0.359,ergonomis
2026-06-01 15:18:22.392,2210641848,329392,1,0.80493,-0.02856,0.77148,1.649,2.443,-0.466,ergonomis
2026-06-01 15:18:22.392,2210641848,329392,2,0.9458,-0.34375,0.16187,-1.519,0.305,-0.031,ergonomis
2026-06-01 15:18:22.592,2210642048,329592,1,0.80151,-0.0437,0.7793,0.855,2.298,-0.954,ergonomis
2026-06-01 15:18:22.592,2210642048,329592,2,0.94995,-0.33667,0.14697,-1.405,0.183,0.427,ergonomis
2026-06-01 15:18:23.792,2210643248,329792,1,0.80225,-0.03564,0.77856,0.244,1.473,-1.267,ergonomis
2026-06-01 15:18:23.792,2210643248,329792,2,0.96069,-0.33276,0.14111,-0.931,0.74,0.16,ergonomis
2026-06-01 15:18:23.992,2210643448,329992,1,0.80688,-0.03906,0.78809,0.198,1.374,-0.45,ergonomis
2026-06-01 15:18:23.992,2210643448,329992,2,0.948,-0.33862,0.15161,-1.794,0.595,0.611,ergonomis
2026-06-01 15:18:23.199,2210642655,330199,1,0.80542,-0.05005,0.77905,0.115,2.237,-0.328,ergonomis
2026-06-01 15:18:23.199,2210642655,330199,2,0.94897,-0.33667,0.1543,-3.527,-0.527,0.664,ergonomis
2026-06-01 15:18:23.439,2210642895,330439,1,0.81079,-0.03784,0.78442,1.672,2.924,-0.122,ergonomis
2026-06-01 15:18:23.439,2210642895,330439,2,0.95703,-0.33472,0.14868,-0.092,0.252,-0.496,ergonomis
2026-06-01 15:18:24.639,2210644095,330639,1,0.80005,-0.03223,0.7854,1.374,2.809,-0.725,ergonomis
2026-06-01 15:18:24.639,2210644095,330639,2,0.94482,-0.34009,0.15112,-1.26,0.183,0.443,ergonomis
2026-06-01 15:18:24.839,2210644295,330839,1,0.79419,-0.02222,0.77856,1.489,1.802,-0.427,ergonomis
2026-06-01 15:18:24.839,2210644295,330839,2,0.95166,-0.33374,0.14746,-2.504,0.489,0.466,ergonomis
2026-06-01 15:18:24.039,2210643495,331039,1,0.8125,-0.03027,0.78345,0.473,1.473,-0.229,ergonomis
2026-06-01 15:18:24.039,2210643495,331039,2,0.96167,-0.33179,0.14795,-1.038,0.824,0.29,ergonomis
2026-06-01 15:18:24.239,2210643695,331239,1,0.80347,-0.0271,0.78027,-1.015,1.466,-0.908,ergonomis
2026-06-01 15:18:24.239,2210643695,331239,2,0.95483,-0.3313,0.14941,-2.191,1.008,0.435,ergonomis
2026-06-01 15:18:24.439,2210643895,331439,1,0.79688,-0.02612,0.771,0.641,1.511,-0.557,ergonomis
2026-06-01 15:18:24.439,2210643895,331439,2,0.95142,-0.33545,0.15039,-2.092,0.321,0.924,ergonomis
2026-06-01 15:18:25.639,2210645095,331639,1,0.80273,-0.03613,0.78491,0.443,2.046,-0.588,ergonomis
2026-06-01 15:18:25.639,2210645095,331639,2,0.9585,-0.33789,0.14844,-0.893,0.496,0.748,ergonomis
2026-06-01 15:18:25.839,2210645295,331839,1,0.80518,-0.02661,0.77588,0.382,1.855,-0.641,ergonomis
2026-06-01 15:18:25.839,2210645295,331839,2,0.94971,-0.34448,0.14526,-1.779,0.351,0.504,ergonomis
2026-06-01 15:18:25.039,2210644495,332039,1,0.80225,-0.02734,0.77515,,1.763,-0.603,ergonomis
2026-06-01 15:18:25.039,2210644495,332039,2,0.95142,-0.33862,0.13916,-1.214,0.58,0.374,ergonomis
2026-06-01 15:18:25.239,2210644695,332239,1,0.80811,-0.02563,0.77905,1.176,0.832,-0.695,ergonomis
2026-06-01 15:18:25.239,2210644695,332239,2,0.94312,-0.34009,0.14502,-0.214,0.718,0.511,ergonomis
2026-06-01 15:18:25.439,2210644895,332439,1,0.79053,-0.03833,0.77417,0.954,1.969,-0.061,ergonomis
2026-06-01 15:18:25.439,2210644895,332439,2,0.95703,-0.34058,0.14551,-2.13,0.031,0.527,ergonomis
2026-06-01 15:18:26.639,2210646095,332639,1,0.81128,-0.03149,0.77417,-0.214,2.328,-0.565,ergonomis
2026-06-01 15:18:26.639,2210646095,332639,2,0.95166,-0.33789,0.14111,-1.565,0.817,0.634,ergonomis
2026-06-01 15:18:26.839,2210646295,332839,1,0.80957,-0.03369,0.78735,0.198,1.672,-0.702,ergonomis
2026-06-01 15:18:26.839,2210646295,332839,2,0.95874,-0.34106,0.14282,-0.45,0.489,0.191,ergonomis
2026-06-01 15:18:26.039,2210645495,333039,1,0.80371,-0.0332,0.78003,-0.008,2.023,-0.389,ergonomis
2026-06-01 15:18:26.039,2210645495,333039,2,0.95166,-0.34033,0.15234,-0.695,0.802,0.542,ergonomis
2026-06-01 15:18:26.266,2210645722,333265,1,0.7998,-0.0376,0.77856,-0.244,1.366,-0.435,ergonomis
2026-06-01 15:18:26.266,2210645722,333265,2,0.94727,-0.33838,0.1521,-0.748,0.481,0.58,ergonomis
2026-06-01 15:18:26.502,2210645958,333502,1,0.79932,-0.03052,0.76514,0.389,1.954,0.321,ergonomis
2026-06-01 15:18:26.502,2210645958,333502,2,0.95288,-0.34009,0.13867,-1.084,0.664,-0.069,ergonomis
2026-06-01 15:18:27.702,2210647158,333702,1,0.80273,-0.03662,0.77197,0.756,2.183,-0.84,ergonomis
2026-06-01 15:18:27.702,2210647158,333702,2,0.95483,-0.34448,0.14331,-1.573,0.786,0.328,ergonomis
2026-06-01 15:18:27.902,2210647358,333902,1,0.80151,-0.03101,0.77344,0.084,1.71,-0.611,ergonomis
2026-06-01 15:18:27.902,2210647358,333902,2,0.94409,-0.33496,0.15112,-0.496,0.542,0.351,ergonomis
2026-06-01 15:18:27.102,2210646558,334102,1,0.80981,-0.0459,0.76978,-0.863,1.687,-1.13,ergonomis
2026-06-01 15:18:27.102,2210646558,334102,2,0.94971,-0.34229,0.14233,-0.756,1.374,0.405,ergonomis
2026-06-01 15:18:27.302,2210646758,334302,1,0.79907,-0.03418,0.76636,0.214,1.985,-0.076,ergonomis
2026-06-01 15:18:27.302,2210646758,334302,2,0.94946,-0.34546,0.1394,-2.099,0.038,0.771,ergonomis
2026-06-01 15:18:27.502,2210646958,334502,1,0.80933,-0.02808,0.76807,0.382,2.145,-0.87,ergonomis
2026-06-01 15:18:27.502,2210646958,334502,2,0.9585,-0.34033,0.1499,-1.076,0.298,0.466,ergonomis
2026-06-01 15:18:28.702,2210648158,334702,1,0.80249,-0.03296,0.78955,0.641,1.427,-0.901,ergonomis
2026-06-01 15:18:28.702,2210648158,334702,2,0.95068,-0.3501,0.14453,-1.878,0.221,0.275,ergonomis
2026-06-01 15:18:28.970,2210648426,334969,1,0.8125,-0.0354,0.78491,0.099,1.374,-0.641,ergonomis
2026-06-01 15:18:28.970,2210648426,334969,2,0.95557,-0.3374,0.14185,-0.794,0.771,0.183,ergonomis
2026-06-01 15:18:28.203,2210647659,335203,1,0.80811,-0.03564,0.77271,-0.031,1.504,-1.023,ergonomis
2026-06-01 15:18:28.203,2210647659,335203,2,0.95142,-0.33936,0.14575,-1.382,0.107,0.74,ergonomis
2026-06-01 15:18:29.617,2210649073,335617,1,0.80737,-0.03638,0.78076,0.275,1.809,-0.74,ergonomis
2026-06-01 15:18:29.617,2210649073,335617,2,0.95142,-0.34351,0.15063,-1.679,0.275,0.389,ergonomis
2026-06-01 15:18:29.870,2210649326,335870,1,0.80615,-0.03271,0.78247,0.733,2.252,-0.588,ergonomis
2026-06-01 15:18:29.870,2210649326,335870,2,0.94409,-0.33594,0.14575,-1.084,0.252,-0.198,ergonomis
2026-06-01 15:18:29.127,2210648583,336127,1,0.80591,-0.04077,0.78638,1.435,2.466,-0.557,ergonomis
2026-06-01 15:18:29.127,2210648583,336127,2,0.95752,-0.3335,0.1543,-2.389,0.122,0.122,ergonomis
2026-06-01 15:18:29.327,2210648783,336327,1,0.80688,-0.02783,0.78906,1.374,2.221,-0.489,ergonomis
2026-06-01 15:18:29.327,2210648783,336327,2,0.95068,-0.3396,0.14038,-1.947,0.45,0.229,ergonomis
2026-06-01 15:18:29.527,2210648983,336527,1,0.80615,-0.03369,0.78979,-0.527,1.847,-0.656,ergonomis
2026-06-01 15:18:29.527,2210648983,336527,2,0.94653,-0.33911,0.15869,-1.397,-0.183,0.878,ergonomis
2026-06-01 15:18:30.727,2210650183,336727,1,0.79541,-0.03735,0.78003,0.489,2.145,-0.534,ergonomis
2026-06-01 15:18:30.727,2210650183,336727,2,0.94995,-0.33496,0.13843,-1.679,0.183,0.298,ergonomis
2026-06-01 15:18:30.927,2210650383,336927,1,0.80981,-0.03784,0.7771,-0.122,1.931,-0.802,ergonomis
2026-06-01 15:18:30.927,2210650383,336927,2,0.94946,-0.33325,0.15039,-1.252,0.275,0.519,ergonomis
2026-06-01 15:18:30.168,2210649624,337168,1,0.80103,-0.0415,0.77734,-0.008,1.687,-0.687,ergonomis
2026-06-01 15:18:30.168,2210649624,337168,2,0.95361,-0.33887,0.15161,-2.053,0.473,0.198,ergonomis
2026-06-01 15:18:30.603,2210650059,337603,1,0.80737,-0.03882,0.78979,-0.618,1.985,-0.962,ergonomis
2026-06-01 15:18:30.603,2210650059,337603,2,0.94604,-0.33667,0.15723,-0.924,0.588,0.534,ergonomis
2026-06-01 15:18:31.803,2210651259,337803,1,0.80322,-0.03516,0.78516,0.588,1.618,-0.588,ergonomis
2026-06-01 15:18:31.803,2210651259,337803,2,0.94775,-0.33521,0.146,-0.695,0.435,0.107,ergonomis
2026-06-01 15:18:31.026,2210650482,338026,1,0.81226,-0.0376,0.77075,-0.008,1.718,-0.45,ergonomis
2026-06-01 15:18:31.026,2210650482,338026,2,0.94507,-0.33423,0.15674,-0.763,0.71,0.74,ergonomis
2026-06-01 15:18:31.284,2210650740,338284,1,0.80078,-0.03198,0.77783,0.802,2.511,-0.153,ergonomis
2026-06-01 15:18:31.284,2210650740,338284,2,0.94873,-0.33789,0.14502,-0.908,0.748,0.427,ergonomis
2026-06-01 15:18:32.616,2210652072,338616,1,0.80127,-0.03247,0.77368,0.015,2.008,-0.527,ergonomis
2026-06-01 15:18:32.616,2210652072,338616,2,0.9541,-0.3396,0.15796,-0.687,0.847,0.244,ergonomis
2026-06-01 15:18:32.922,2210652378,338921,1,0.80518,-0.03979,0.76489,0.481,1.824,-0.672,ergonomis
2026-06-01 15:18:32.922,2210652378,338921,2,0.95093,-0.33301,0.14404,-0.405,1.13,0.046,ergonomis
2026-06-01 15:18:32.256,2210651712,339256,1,0.80298,-0.03735,0.77246,-0.107,1.504,-0.435,ergonomis
2026-06-01 15:18:32.256,2210651712,339256,2,0.95215,-0.33862,0.15283,-0.817,0.351,0.328,ergonomis
2026-06-01 15:18:32.599,2210652055,339598,1,0.78906,-0.03857,0.79224,0.145,1.221,-1.198,ergonomis
2026-06-01 15:18:32.599,2210652055,339598,2,0.95361,-0.33374,0.14478,-1.107,-0.053,0.053,ergonomis
2026-06-01 15:18:33.903,2210653359,339903,1,0.80469,-0.02832,0.77441,1.198,2.466,-0.229,ergonomis
2026-06-01 15:18:33.903,2210653359,339903,2,0.95215,-0.33984,0.14771,-1.489,-0.13,0.534,ergonomis
2026-06-01 15:18:33.103,2210652559,340103,1,0.80444,-0.03613,0.77393,0.992,2.206,-0.084,ergonomis
2026-06-01 15:18:33.103,2210652559,340103,2,0.95996,-0.32861,0.15576,-1.397,0.786,0.565,ergonomis
2026-06-01 15:18:33.576,2210653032,340576,1,0.79321,-0.03027,0.78052,0.466,1.779,-0.374,ergonomis
2026-06-01 15:18:33.576,2210653032,340576,2,0.95435,-0.3396,0.14941,-1.977,0.176,0.527,ergonomis
2026-06-01 15:18:34.776,2210654232,340776,1,0.80615,-0.02808,0.77124,-0.45,1.702,-0.466,ergonomis
2026-06-01 15:18:34.776,2210654232,340776,2,0.93896,-0.32935,0.14624,-2.496,0.198,0.763,ergonomis
2026-06-01 15:18:34.976,2210654432,340976,1,0.80469,-0.0354,0.78027,0.061,2.076,-0.115,ergonomis
2026-06-01 15:18:34.976,2210654432,340976,2,0.94995,-0.33691,0.14795,-1.405,0.748,0.42,ergonomis
2026-06-01 15:18:34.183,2210653639,341183,1,0.80151,-0.0354,0.77539,0.366,1.382,-0.809,ergonomis
2026-06-01 15:18:34.183,2210653639,341183,2,0.95776,-0.33667,0.14966,-1.908,0.84,0.366,ergonomis
2026-06-01 15:18:34.438,2210653894,341438,1,0.7981,-0.03809,0.78271,0.168,2.489,-0.298,ergonomis
2026-06-01 15:18:34.438,2210653894,341438,2,0.94287,-0.33618,0.14941,-1.198,-0.13,0.634,ergonomis
2026-06-01 15:18:35.662,2210655118,341662,1,0.80493,-0.03687,0.76782,0.863,1.985,-0.489,ergonomis
2026-06-01 15:18:35.662,2210655118,341662,2,0.95239,-0.3374,0.15063,-1.504,0.588,0.611,ergonomis
2026-06-01 15:18:35.871,2210655327,341871,1,0.80859,-0.04321,0.78223,-0.084,1.939,-0.45,ergonomis
2026-06-01 15:18:35.871,2210655327,341871,2,0.95068,-0.33154,0.16479,-2.183,2.076,-0.412,ergonomis
2026-06-01 15:18:35.121,2210654577,342121,1,0.79858,-0.0354,0.78296,0.137,3.046,-0.885,ergonomis
2026-06-01 15:18:35.121,2210654577,342121,2,0.95435,-0.33008,0.14844,-0.656,0.389,0.252,ergonomis
2026-06-01 15:18:35.321,2210654777,342321,1,0.79907,-0.03906,0.78418,1.252,1.878,0.313,ergonomis
2026-06-01 15:18:35.321,2210654777,342321,2,0.95044,-0.34058,0.14111,-1.496,,1.443,ergonomis
2026-06-01 15:18:35.521,2210654977,342521,1,0.80396,-0.03198,0.7749,0.588,2.023,0.71,ergonomis
2026-06-01 15:18:35.521,2210654977,342521,2,0.9541,-0.33984,0.14209,-2.718,0.489,0.786,ergonomis
2026-06-01 15:18:36.721,2210656177,342721,1,0.8042,-0.04248,0.77588,0.55,2.542,-0.214,ergonomis
2026-06-01 15:18:36.721,2210656177,342721,2,0.9436,-0.33716,0.14746,-1.55,0.168,0.382,ergonomis
2026-06-01 15:18:36.921,2210656377,342921,1,0.79565,-0.04004,0.78955,-1.359,1.198,-0.954,ergonomis
2026-06-01 15:18:36.921,2210656377,342921,2,0.94629,-0.33252,0.15259,-1.519,0.611,0.481,ergonomis
2026-06-01 15:18:36.127,2210655583,343127,1,0.80347,-0.05957,0.78491,1.87,1.099,-0.473,ergonomis
2026-06-01 15:18:36.127,2210655583,343127,2,0.93848,-0.31958,0.14868,-1.832,-0.023,0.87,ergonomis
2026-06-01 15:18:36.377,2210655833,343377,1,0.79395,-0.0481,0.78101,0.756,1.794,-0.191,ergonomis
2026-06-01 15:18:36.377,2210655833,343377,2,0.94849,-0.33765,0.15137,-1.122,0.565,0.527,ergonomis
2026-06-01 15:18:36.603,2210656059,343603,1,0.79858,-0.04443,0.78076,-0.565,2.031,-0.45,ergonomis
2026-06-01 15:18:36.603,2210656059,343603,2,0.9458,-0.34131,0.14917,-1.351,0.74,0.595,ergonomis
2026-06-01 15:18:37.803,2210657259,343803,1,0.79883,-0.05396,0.78394,0.382,0.855,-1.26,ergonomis
2026-06-01 15:18:37.803,2210657259,343803,2,0.94971,-0.34473,0.15015,-1.015,0.794,0.092,ergonomis
2026-06-01 15:18:37.003,2210656459,344003,1,0.80249,-0.05322,0.77246,-0.885,1.473,-1.168,ergonomis
2026-06-01 15:18:37.003,2210656459,344003,2,0.94653,-0.33252,0.15771,-1.527,0.321,0.023,ergonomis
2026-06-01 15:18:37.222,2210656678,344222,1,0.79468,-0.052,0.77563,0.779,2.756,-1.122,ergonomis
2026-06-01 15:18:37.222,2210656678,344222,2,0.94995,-0.33545,0.16235,-2.191,0.718,0.481,ergonomis
2026-06-01 15:18:37.454,2210656910,344454,1,0.79443,-0.05396,0.78809,-0.603,1.924,-0.702,ergonomis
2026-06-01 15:18:37.454,2210656910,344454,2,0.95239,-0.34082,0.14209,-0.252,0.809,0.351,ergonomis
2026-06-01 15:18:38.848,2210658304,344848,1,0.79077,-0.0498,0.78125,0.725,2.664,-0.366,ergonomis
2026-06-01 15:18:38.848,2210658304,344848,2,0.95605,-0.3335,0.15039,-1.794,0.206,0.511,ergonomis
2026-06-01 15:18:38.063,2210657519,345063,1,0.80396,-0.04468,0.78979,1.305,1.076,-0.748,ergonomis
2026-06-01 15:18:38.063,2210657519,345063,2,0.95654,-0.33521,0.14331,-1.443,-0.527,-0.13,ergonomis
2026-06-01 15:18:38.391,2210657847,345390,1,0.79932,-0.052,0.77368,-0.687,2.359,-0.985,ergonomis
2026-06-01 15:18:38.391,2210657847,345390,2,0.94556,-0.33301,0.15845,-2.137,1.069,0.695,ergonomis
2026-06-01 15:18:38.590,2210658046,345590,1,0.79663,-0.05347,0.802,-0.389,2.344,-0.527,ergonomis
2026-06-01 15:18:38.590,2210658046,345590,2,0.94775,-0.33691,0.14258,-2.069,0.13,0.84,ergonomis
2026-06-01 15:18:39.877,2210659333,345877,1,0.79175,-0.05054,0.7832,-0.305,2.099,-0.374,ergonomis
2026-06-01 15:18:39.877,2210659333,345877,2,0.9519,-0.3396,0.15161,-1.191,0.321,0.595,ergonomis
2026-06-01 15:18:39.077,2210658533,346077,1,0.79834,-0.04443,0.77661,-0.023,1.725,-0.672,ergonomis
2026-06-01 15:18:39.077,2210658533,346077,2,0.94775,-0.33569,0.16016,-0.786,0.26,0.267,ergonomis
2026-06-01 15:18:39.277,2210658733,346277,1,0.79736,-0.04272,0.79395,-0.16,1.527,-1.275,ergonomis
2026-06-01 15:18:39.277,2210658733,346277,2,0.95288,-0.3335,0.15186,-1.45,0.313,0.618,ergonomis
2026-06-01 15:18:39.494,2210658950,346494,1,0.79126,-0.04321,0.78906,0.496,2.718,-0.695,ergonomis
2026-06-01 15:18:39.494,2210658950,346494,2,0.94995,-0.33057,0.15088,-1.412,0.267,0.489,ergonomis
2026-06-01 15:18:40.694,2210660150,346694,1,0.79663,-0.04395,0.79077,1.115,2.015,-0.679,ergonomis
2026-06-01 15:18:40.694,2210660150,346694,2,0.95825,-0.33521,0.14941,-1.557,0.504,0.672,ergonomis
2026-06-01 15:18:40.898,2210660354,346898,1,0.79346,-0.0459,0.7854,0.16,2.435,-0.504,ergonomis
2026-06-01 15:18:40.898,2210660354,346898,2,0.94507,-0.33228,0.14722,-1.084,0.542,0.504,ergonomis
2026-06-01 15:18:40.192,2210659648,347192,1,0.79248,-0.04663,0.78467,0.87,1.733,-0.695,ergonomis
2026-06-01 15:18:40.192,2210659648,347192,2,0.95386,-0.33545,0.1521,-1.282,0.053,0.626,ergonomis
2026-06-01 15:18:40.433,2210659889,347433,1,0.79565,-0.0498,0.77979,0.397,1.557,-0.611,ergonomis
2026-06-01 15:18:40.433,2210659889,347433,2,0.9502,-0.33374,0.15381,-1.42,0.145,0.718,ergonomis
2026-06-01 15:18:41.777,2210661233,347777,1,0.79639,-0.04761,0.78613,0.267,1.756,-0.695,ergonomis
2026-06-01 15:18:41.777,2210661233,347777,2,0.94751,-0.33691,0.14746,-0.87,0.779,0.206,ergonomis
2026-06-01 15:18:41.105,2210660561,348105,1,0.79907,-0.04639,0.79858,0.511,1.626,-0.573,ergonomis
2026-06-01 15:18:41.105,2210660561,348105,2,0.95068,-0.33765,0.15283,-1.466,0.458,0.595,ergonomis
2026-06-01 15:18:41.424,2210660880,348424,1,0.79736,-0.052,0.79468,-0.084,1.489,-0.458,ergonomis
2026-06-01 15:18:41.424,2210660880,348424,2,0.948,-0.3418,0.16016,-1.183,0.84,0.328,ergonomis
2026-06-01 15:18:42.724,2210662180,348724,1,0.79688,-0.0603,0.78906,0.573,1.824,-0.763,ergonomis
2026-06-01 15:18:42.724,2210662180,348724,2,0.94189,-0.33325,0.15405,-1.87,0.878,0.26,ergonomis
2026-06-01 15:18:42.984,2210662440,348984,1,0.79321,-0.0498,0.78687,1.084,1.779,-0.466,ergonomis
2026-06-01 15:18:42.984,2210662440,348984,2,0.95093,-0.33203,0.15527,-1.55,0.115,0.779,ergonomis
2026-06-01 15:18:42.184,2210661640,349184,1,0.79858,-0.05103,0.7771,1.321,1.435,-0.397,ergonomis
2026-06-01 15:18:42.184,2210661640,349184,2,0.95142,-0.33057,0.15405,-2.511,-0.168,0.267,ergonomis
2026-06-01 15:18:42.384,2210661840,349384,1,0.80029,-0.04297,0.77979,3.481,1.26,0.427,ergonomis
2026-06-01 15:18:42.384,2210661840,349384,2,0.95532,-0.33545,0.14868,-1.962,-0.481,0.115,ergonomis
2026-06-01 15:18:43.616,2210663072,349616,1,0.79614,-0.03784,0.77515,1.435,1.634,-0.084,ergonomis
2026-06-01 15:18:43.616,2210663072,349616,2,0.9502,-0.33643,0.14844,-1.466,0.221,0.618,ergonomis
2026-06-01 15:18:43.830,2210663286,349830,1,0.80273,-0.03882,0.78442,1.267,1.763,-0.282,ergonomis
2026-06-01 15:18:43.830,2210663286,349830,2,0.95093,-0.33887,0.14624,-2.359,0.573,0.893,ergonomis
2026-06-01 15:18:43.040,2210662496,350040,1,0.79956,-0.04858,0.77124,-0.84,0.847,-1.015,ergonomis
2026-06-01 15:18:43.040,2210662496,350040,2,0.95068,-0.34229,0.14307,-1.588,0.878,0.511,ergonomis
2026-06-01 15:18:43.267,2210662723,350267,1,0.79932,-0.04126,0.78491,-0.031,0.855,-1.198,ergonomis
2026-06-01 15:18:43.267,2210662723,350267,2,0.95483,-0.33325,0.15234,-0.985,0.756,0.405,ergonomis
2026-06-01 15:18:43.579,2210663035,350579,1,0.79761,-0.03589,0.77686,0.405,1.87,-1.221,ergonomis
2026-06-01 15:18:43.579,2210663035,350579,2,0.94604,-0.33716,0.15234,-1.725,-0.191,0.565,ergonomis
2026-06-01 15:18:44.779,2210664235,350779,1,0.80029,-0.03296,0.77661,0.321,2.282,-0.244,ergonomis
2026-06-01 15:18:44.779,2210664235,350779,2,0.94629,-0.33569,0.15063,-1.389,0.634,0.557,ergonomis
2026-06-01 15:18:44.979,2210664435,350979,1,0.80225,-0.03442,0.78101,0.168,2.893,-0.069,ergonomis
2026-06-01 15:18:44.979,2210664435,350979,2,0.95435,-0.33887,0.14941,-1.382,0.664,0.595,ergonomis
2026-06-01 15:18:44.179,2210663635,351179,1,0.80127,-0.04443,0.78442,0.214,2.427,-0.374,ergonomis
2026-06-01 15:18:44.179,2210663635,351179,2,0.95215,-0.33838,0.14697,-1.168,1.16,0.305,ergonomis
2026-06-01 15:18:44.444,2210663900,351444,1,0.80542,-0.03638,0.78906,-0.252,1.626,-0.885,ergonomis
2026-06-01 15:18:44.444,2210663900,351444,2,0.95605,-0.33887,0.1499,-1.557,0.099,0.603,ergonomis
2026-06-01 15:18:45.684,2210665140,351684,1,0.79858,-0.04565,0.78003,0.137,1.969,-1.023,ergonomis
2026-06-01 15:18:45.684,2210665140,351684,2,0.94775,-0.34375,0.15405,-1.16,0.573,0.305,ergonomis
2026-06-01 15:18:45.884,2210665340,351884,1,0.79224,-0.04541,0.78271,-0.191,1.649,-0.893,ergonomis
2026-06-01 15:18:45.884,2210665340,351884,2,0.95337,-0.32935,0.15161,-1.405,0.336,0.557,ergonomis
2026-06-01 15:18:45.195,2210664651,352195,1,0.7998,-0.04517,0.77954,0.275,1.573,-0.939,ergonomis
2026-06-01 15:18:45.195,2210664651,352195,2,0.9563,-0.3374,0.15186,-1.237,0.267,0.656,ergonomis
2026-06-01 15:18:45.608,2210665064,352608,1,0.79932,-0.04077,0.78101,-0.305,1.802,-0.519,ergonomis
2026-06-01 15:18:45.608,2210665064,352608,2,0.94824,-0.34497,0.15088,-1.443,0.473,0.26,ergonomis
2026-06-01 15:18:46.902,2210666358,352902,1,0.78979,-0.03735,0.77588,-0.191,2.0,-0.908,ergonomis
2026-06-01 15:18:46.902,2210666358,352902,2,0.94434,-0.34033,0.1521,-1.618,0.55,0.229,ergonomis
2026-06-01 15:18:46.114,2210665570,353114,1,0.79443,-0.03906,0.78418,-0.176,2.389,-0.29,ergonomis
2026-06-01 15:18:46.114,2210665570,353114,2,0.95679,-0.33618,0.15112,-2.023,0.153,0.489,ergonomis
2026-06-01 15:18:46.381,2210665837,353381,1,0.80469,-0.04199,0.78003,0.443,1.885,-0.534,ergonomis
2026-06-01 15:18:46.381,2210665837,353381,2,0.95142,-0.33398,0.14282,-1.939,-0.672,0.679,ergonomis
2026-06-01 15:18:47.650,2210667106,353650,1,0.80688,-0.03369,0.78394,1.282,2.221,-0.237,ergonomis
2026-06-01 15:18:47.650,2210667106,353650,2,0.94653,-0.33472,0.15161,-0.824,0.473,0.542,ergonomis
2026-06-01 15:18:47.954,2210667410,353954,1,0.802,-0.04517,0.78296,0.611,1.794,-0.13,ergonomis
2026-06-01 15:18:47.954,2210667410,353954,2,0.94507,-0.34277,0.14478,-1.29,0.603,0.603,ergonomis
2026-06-01 15:18:47.222,2210666678,354222,1,0.79565,-0.03882,0.78271,0.649,1.702,-0.389,ergonomis
2026-06-01 15:18:47.222,2210666678,354222,2,0.94971,-0.34131,0.15381,-1.634,0.519,0.397,ergonomis
2026-06-01 15:18:47.585,2210667041,354585,1,0.79858,-0.04395,0.78687,0.099,1.908,-0.71,ergonomis
2026-06-01 15:18:47.585,2210667041,354585,2,0.95386,-0.33081,0.14404,-0.702,0.008,0.389,ergonomis
2026-06-01 15:18:48.076,2210667532,355075,1,0.80322,-0.05054,0.78027,-0.611,2.038,-0.359,ergonomis
2026-06-01 15:18:48.076,2210667532,355075,2,0.95264,-0.33765,0.14746,-1.313,1.069,0.198,ergonomis
2026-06-01 15:18:48.288,2210667744,355288,1,0.79663,-0.05225,0.78271,0.229,1.55,-0.84,ergonomis
2026-06-01 15:18:48.288,2210667744,355288,2,0.95508,-0.33813,0.1543,-1.565,-0.183,0.71,ergonomis
2026-06-01 15:18:48.488,2210667944,355488,1,0.80054,-0.04688,0.78394,0.412,1.763,-0.763,ergonomis
2026-06-01 15:18:48.488,2210667944,355488,2,0.95288,-0.33105,0.15601,-1.473,0.26,0.42,ergonomis
2026-06-01 15:18:49.691,2210669147,355690,1,0.79224,-0.04736,0.78833,2.389,0.962,-0.595,ergonomis
2026-06-01 15:18:49.691,2210669147,355690,2,0.94604,-0.33618,0.14038,-0.42,-0.473,0.252,ergonomis
2026-06-01 15:18:49.890,2210669346,355890,1,0.7998,-0.04565,0.78418,-1.702,2.435,-0.672,ergonomis
2026-06-01 15:18:49.890,2210669346,355890,2,0.9541,-0.33862,0.15527,-0.901,0.496,0.504,ergonomis
2026-06-01 15:18:49.121,2210668577,356121,1,0.79541,-0.04175,0.7876,0.305,2.008,-0.649,ergonomis
2026-06-01 15:18:49.121,2210668577,356121,2,0.95239,-0.33276,0.15161,-1.817,0.748,0.496,ergonomis
2026-06-01 15:18:49.321,2210668777,356321,1,0.79565,-0.05054,0.80713,3.023,1.252,-0.504,ergonomis
2026-06-01 15:18:49.321,2210668777,356321,2,0.94385,-0.33838,0.14478,-1.786,-0.145,1.26,ergonomis
2026-06-01 15:18:49.521,2210668977,356521,1,0.80322,-0.04932,0.78125,1.832,0.496,0.084,ergonomis
2026-06-01 15:18:49.521,2210668977,356521,2,0.95654,-0.33691,0.15503,-1.748,0.359,0.985,ergonomis
2026-06-01 15:18:50.721,2210670177,356721,1,0.79565,-0.04053,0.77783,1.458,0.702,1.359,ergonomis
2026-06-01 15:18:50.721,2210670177,356721,2,0.94849,-0.34155,0.15283,-3.008,-1.366,0.519,ergonomis
2026-06-01 15:18:50.921,2210670377,356921,1,0.8103,-0.0481,0.78101,-0.099,-0.038,0.389,ergonomis
2026-06-01 15:18:50.921,2210670377,356921,2,0.95239,-0.33521,0.14087,-1.443,0.74,0.252,ergonomis
2026-06-01 15:18:50.121,2210669577,357121,1,0.80933,-0.04443,0.76611,0.405,1.626,-1.145,ergonomis
2026-06-01 15:18:50.121,2210669577,357121,2,0.94946,-0.33911,0.14868,-0.924,0.626,0.557,ergonomis
2026-06-01 15:18:50.321,2210669777,357321,1,0.80176,-0.0437,0.77881,0.267,2.336,-0.603,ergonomis
2026-06-01 15:18:50.321,2210669777,357321,2,0.95313,-0.34668,0.14209,-1.534,0.687,0.267,ergonomis
2026-06-01 15:18:50.521,2210669977,357521,1,0.80396,-0.0415,0.77344,-0.244,2.031,-0.908,ergonomis
2026-06-01 15:18:50.521,2210669977,357521,2,0.9502,-0.33521,0.15405,-1.107,0.382,0.992,ergonomis
2026-06-01 15:18:51.721,2210671177,357721,1,0.80908,-0.04883,0.77026,0.084,1.931,-0.603,ergonomis
2026-06-01 15:18:51.721,2210671177,357721,2,0.94824,-0.34204,0.13672,-0.962,1.099,0.565,ergonomis
2026-06-01 15:18:51.921,2210671377,357921,1,0.80225,-0.04785,0.77856,-0.023,1.954,-0.916,ergonomis
2026-06-01 15:18:51.921,2210671377,357921,2,0.94775,-0.34399,0.14063,-2.183,-0.55,0.969,ergonomis
2026-06-01 15:18:51.121,2210670577,358121,1,0.80151,-0.03613,0.7688,0.458,3.023,-0.985,ergonomis
2026-06-01 15:18:51.121,2210670577,358121,2,0.94678,-0.34448,0.13721,-2.779,0.221,-0.183,ergonomis
2026-06-01 15:18:51.321,2210670777,358321,1,0.81104,-0.05005,0.77222,-0.26,1.908,-0.725,ergonomis
2026-06-01 15:18:51.321,2210670777,358321,2,0.95801,-0.34204,0.13989,0.229,1.412,0.305,ergonomis
2026-06-01 15:18:51.521,2210670977,358521,1,0.81152,-0.0481,0.76709,-1.939,1.42,-1.046,ergonomis
2026-06-01 15:18:51.521,2210670977,358521,2,0.94629,-0.3418,0.15405,-1.672,0.954,0.252,ergonomis
2026-06-01 15:18:52.721,2210672177,358721,1,0.79346,-0.04688,0.77637,-1.282,1.771,-1.069,ergonomis
2026-06-01 15:18:52.721,2210672177,358721,2,0.94702,-0.3374,0.15088,-1.031,0.611,0.282,ergonomis
2026-06-01 15:18:52.921,2210672377,358921,1,0.80811,-0.04126,0.77563,0.397,1.092,-0.786,ergonomis
2026-06-01 15:18:52.921,2210672377,358921,2,0.95679,-0.33838,0.14404,-1.214,0.206,0.443,ergonomis
2026-06-01 15:18:52.121,2210671577,359121,1,0.80566,-0.04443,0.78442,-0.053,1.679,-0.443,ergonomis
2026-06-01 15:18:52.121,2210671577,359121,2,0.94824,-0.33423,0.13843,-0.87,0.29,0.649,ergonomis
2026-06-01 15:18:52.321,2210671777,359321,1,0.79175,-0.03613,0.78467,-0.313,1.611,-0.42,ergonomis
2026-06-01 15:18:52.321,2210671777,359321,2,0.9458,-0.34106,0.16406,-2.336,0.015,0.809,ergonomis
2026-06-01 15:18:52.521,2210671977,359521,1,0.80029,-0.04517,0.77002,0.282,2.267,-0.588,ergonomis
2026-06-01 15:18:52.521,2210671977,359521,2,0.96045,-0.3374,0.14771,-1.511,0.206,0.489,ergonomis
2026-06-01 15:18:53.721,2210673177,359721,1,0.79712,-0.04785,0.7749,,1.931,-1.023,ergonomis
2026-06-01 15:18:53.721,2210673177,359721,2,0.9519,-0.33911,0.15015,-1.382,0.58,0.244,ergonomis
2026-06-01 15:18:53.921,2210673377,359921,1,0.7981,-0.04028,0.78662,-0.595,1.466,-0.649,ergonomis
2026-06-01 15:18:53.921,2210673377,359921,2,0.94897,-0.33594,0.15552,-1.603,0.435,0.58,ergonomis
2026-06-01 15:18:53.121,2210672577,360121,1,0.79858,-0.05029,0.77222,0.603,1.908,-0.626,ergonomis
2026-06-01 15:18:53.121,2210672577,360121,2,0.95337,-0.33984,0.15234,-1.496,0.076,0.305,ergonomis
2026-06-01 15:18:53.321,2210672777,360321,1,0.79688,-0.04248,0.7937,0.733,1.489,-0.656,ergonomis
2026-06-01 15:18:53.321,2210672777,360321,2,0.95752,-0.34204,0.15649,-0.985,0.267,0.45,ergonomis
2026-06-01 15:18:53.521,2210672977,360521,1,0.79272,-0.03589,0.79224,-0.061,1.473,-0.519,ergonomis
2026-06-01 15:18:53.521,2210672977,360521,2,0.94385,-0.33496,0.15283,-1.344,0.076,0.924,ergonomis
2026-06-01 15:18:54.721,2210674177,360721,1,0.79565,-0.04419,0.77686,0.641,2.099,-0.649,ergonomis
2026-06-01 15:18:54.721,2210674177,360721,2,0.95703,-0.33643,0.13672,-1.351,0.229,0.237,ergonomis
2026-06-01 15:18:54.921,2210674377,360921,1,0.79883,-0.04077,0.78467,0.336,1.45,-0.992,ergonomis
2026-06-01 15:18:54.921,2210674377,360921,2,0.95532,-0.33643,0.15283,-0.992,0.191,0.366,ergonomis
2026-06-01 15:18:54.121,2210673577,361121,1,0.79932,-0.03857,0.78247,-0.168,1.313,-0.687,ergonomis
2026-06-01 15:18:54.121,2210673577,361121,2,0.94629,-0.33911,0.15771,-0.107,-0.45,1.061,ergonomis
2026-06-01 15:18:54.321,2210673777,361321,1,0.80054,-0.03931,0.77344,0.061,2.176,-0.55,ergonomis
2026-06-01 15:18:54.321,2210673777,361321,2,0.94897,-0.33862,0.1416,-1.351,0.359,0.412,ergonomis
2026-06-01 15:18:54.521,2210673977,361521,1,0.79517,-0.04663,0.78906,-0.267,1.603,-0.71,ergonomis
2026-06-01 15:18:54.521,2210673977,361521,2,0.95459,-0.34521,0.14575,-0.901,0.282,0.405,ergonomis
2026-06-01 15:18:55.721,2210675177,361721,1,0.7998,-0.03296,0.78589,-0.733,1.137,-0.466,ergonomis
2026-06-01 15:18:55.721,2210675177,361721,2,0.95117,-0.33545,0.14771,-0.817,-0.206,0.87,ergonomis
2026-06-01 15:18:55.921,2210675377,361921,1,0.79834,-0.04761,0.77417,-0.115,1.695,-0.771,ergonomis
2026-06-01 15:18:55.921,2210675377,361921,2,0.9519,-0.34277,0.14404,-1.206,0.351,0.412,ergonomis
2026-06-01 15:18:55.121,2210674577,362121,1,0.80005,-0.04395,0.7832,-0.153,1.489,-0.702,ergonomis
2026-06-01 15:18:55.121,2210674577,362121,2,0.95386,-0.33643,0.15356,-1.183,0.466,0.733,ergonomis
2026-06-01 15:18:55.321,2210674777,362321,1,0.80005,-0.04541,0.78198,-0.389,1.084,-0.679,ergonomis
2026-06-01 15:18:55.321,2210674777,362321,2,0.94604,-0.34229,0.15332,-1.595,0.382,0.802,ergonomis
2026-06-01 15:18:55.521,2210674977,362521,1,0.79419,-0.04199,0.78613,0.153,2.298,-0.45,ergonomis
2026-06-01 15:18:55.521,2210674977,362521,2,0.95874,-0.33887,0.15063,-1.168,0.282,0.511,ergonomis
2026-06-01 15:18:56.721,2210676177,362721,1,0.80151,-0.04541,0.78296,0.71,1.374,-0.656,ergonomis
2026-06-01 15:18:56.721,2210676177,362721,2,0.94727,-0.33276,0.14526,-0.519,0.641,0.496,ergonomis
2026-06-01 15:18:56.921,2210676377,362921,1,0.79834,-0.03198,0.78052,-0.023,1.672,-0.58,ergonomis
2026-06-01 15:18:56.921,2210676377,362921,2,0.95068,-0.33789,0.13794,-0.977,0.397,0.053,ergonomis
2026-06-01 15:18:56.121,2210675577,363121,1,0.79443,-0.0415,0.78516,0.504,1.893,-0.519,ergonomis
2026-06-01 15:18:56.121,2210675577,363121,2,0.95288,-0.33643,0.15015,-1.489,0.42,0.42,ergonomis
2026-06-01 15:18:56.321,2210675777,363321,1,0.80151,-0.04419,0.7854,-0.519,1.634,-1.061,ergonomis
2026-06-01 15:18:56.321,2210675777,363321,2,0.9502,-0.33618,0.14673,-0.588,0.366,0.366,ergonomis
2026-06-01 15:18:56.521,2210675977,363521,1,0.79443,-0.03979,0.77515,-0.458,1.198,-0.496,ergonomis
2026-06-01 15:18:56.521,2210675977,363521,2,0.94482,-0.33667,0.15918,-1.176,0.611,0.718,ergonomis
2026-06-01 15:18:57.721,2210677177,363721,1,0.80078,-0.04541,0.77637,0.427,2.221,-0.473,ergonomis
2026-06-01 15:18:57.721,2210677177,363721,2,0.95361,-0.33569,0.15576,-1.954,0.565,0.305,ergonomis
2026-06-01 15:18:57.921,2210677377,363921,1,0.79517,-0.0459,0.78027,0.252,1.672,-0.656,ergonomis
2026-06-01 15:18:57.921,2210677377,363921,2,0.94873,-0.33838,0.15381,-1.099,0.695,0.305,ergonomis
2026-06-01 15:18:57.121,2210676577,364121,1,0.79492,-0.05151,0.77222,0.412,1.504,-0.702,ergonomis
2026-06-01 15:18:57.121,2210676577,364121,2,0.95142,-0.33398,0.15112,-1.115,0.969,0.275,ergonomis
2026-06-01 15:18:57.321,2210676777,364321,1,0.79932,-0.04614,0.7876,0.435,1.824,-0.626,ergonomis
2026-06-01 15:18:57.321,2210676777,364321,2,0.95093,-0.34302,0.14624,-1.702,0.374,0.42,ergonomis
2026-06-01 15:18:57.521,2210676977,364521,1,0.79834,-0.03833,0.7854,0.29,1.519,-0.542,ergonomis
2026-06-01 15:18:57.521,2210676977,364521,2,0.95654,-0.34424,0.146,-1.26,0.359,0.374,ergonomis
2026-06-01 15:18:58.721,2210678177,364721,1,0.7981,-0.04321,0.79126,-0.221,1.634,-0.893,ergonomis
2026-06-01 15:18:58.721,2210678177,364721,2,0.95264,-0.33276,0.14893,-0.931,1.176,0.053,ergonomis
2026-06-01 15:18:58.921,2210678377,364921,1,0.78833,-0.04736,0.78906,0.687,1.756,-0.656,ergonomis
2026-06-01 15:18:58.921,2210678377,364921,2,0.96094,-0.33862,0.14844,-1.267,1.084,0.153,ergonomis
2026-06-01 15:18:58.121,2210677577,365121,1,0.79736,-0.04419,0.78687,0.45,1.802,-0.931,ergonomis
2026-06-01 15:18:58.121,2210677577,365121,2,0.95068,-0.33789,0.15259,-1.084,0.359,0.275,ergonomis
2026-06-01 15:18:58.340,2210677796,365340,1,0.79883,-0.04858,0.7793,-0.496,1.618,-0.779,ergonomis
2026-06-01 15:18:58.340,2210677796,365340,2,0.95435,-0.3335,0.15381,-1.221,-0.137,0.855,ergonomis
2026-06-01 15:18:59.643,2210679099,365642,1,0.80615,-0.04614,0.79028,0.748,1.573,-0.275,ergonomis
2026-06-01 15:18:59.643,2210679099,365642,2,0.94531,-0.33643,0.15527,-1.099,0.519,0.489,ergonomis
2026-06-01 15:18:59.036,2210678492,366036,1,0.80933,-0.04419,0.77905,-0.427,2.229,-0.275,ergonomis
2026-06-01 15:18:59.036,2210678492,366036,2,0.94727,-0.3374,0.15601,-1.809,0.076,0.389,ergonomis
2026-06-01 15:18:59.349,2210678805,366349,1,0.79419,-0.05054,0.78052,0.176,2.237,-0.672,ergonomis
2026-06-01 15:18:59.349,2210678805,366349,2,0.9502,-0.33521,0.14941,-0.695,0.641,0.237,ergonomis
2026-06-01 15:18:59.549,2210679005,366549,1,0.79126,-0.0542,0.77148,-0.183,2.145,-0.817,ergonomis
2026-06-01 15:18:59.549,2210679005,366549,2,0.95288,-0.34131,0.15308,-1.084,0.969,0.13,ergonomis
2026-06-01 15:19:00.749,2210680205,366749,1,0.79712,-0.04883,0.7854,0.374,1.473,-0.565,ergonomis
2026-06-01 15:19:00.749,2210680205,366749,2,0.95215,-0.33789,0.14063,-0.824,0.313,0.458,ergonomis
2026-06-01 15:19:00.949,2210680405,366949,1,0.79785,-0.04614,0.78369,-0.031,2.031,-0.443,ergonomis
2026-06-01 15:19:00.949,2210680405,366949,2,0.94995,-0.33447,0.15479,-1.084,1.153,0.443,ergonomis
2026-06-01 15:19:00.149,2210679605,367149,1,0.79517,-0.04785,0.79248,0.031,1.26,-0.595,ergonomis
2026-06-01 15:19:00.149,2210679605,367149,2,0.95776,-0.33862,0.15601,-1.603,0.74,0.298,ergonomis
2026-06-01 15:19:00.349,2210679805,367349,1,0.7937,-0.04492,0.7793,0.405,2.115,-0.252,ergonomis
2026-06-01 15:19:00.349,2210679805,367349,2,0.95337,-0.33716,0.15674,-2.115,1.351,-0.214,ergonomis
2026-06-01 15:19:00.549,2210680005,367549,1,0.79663,-0.04688,0.78125,1.702,1.504,-0.847,ergonomis
2026-06-01 15:19:00.549,2210680005,367549,2,0.9502,-0.33765,0.13892,-2.198,-0.252,-0.137,ergonomis
2026-06-01 15:19:01.749,2210681205,367749,1,0.78491,-0.03784,0.78345,0.748,2.229,-0.168,ergonomis
2026-06-01 15:19:01.749,2210681205,367749,2,0.94849,-0.34106,0.15259,-2.26,0.634,0.321,ergonomis
2026-06-01 15:19:01.949,2210681405,367949,1,0.78564,-0.04395,0.7959,0.221,2.214,-1.115,ergonomis
2026-06-01 15:19:01.949,2210681405,367949,2,0.95703,-0.33862,0.13477,-2.832,-0.092,0.939,ergonomis
2026-06-01 15:19:01.149,2210680605,368149,1,0.7981,-0.04443,0.78662,0.008,1.802,-0.74,ergonomis
2026-06-01 15:19:01.149,2210680605,368149,2,0.94702,-0.33813,0.14575,-1.695,-0.321,0.313,ergonomis
2026-06-01 15:19:01.349,2210680805,368349,1,0.80225,-0.04321,0.77905,1.168,2.58,-0.748,ergonomis
2026-06-01 15:19:01.349,2210680805,368349,2,0.94946,-0.33105,0.14893,-1.084,0.16,0.359,ergonomis
2026-06-01 15:19:01.549,2210681005,368549,1,0.79688,-0.04248,0.79102,-0.031,1.053,-0.885,ergonomis
2026-06-01 15:19:01.549,2210681005,368549,2,0.94727,-0.3313,0.14673,-0.313,0.55,0.374,ergonomis
2026-06-01 15:19:02.749,2210682205,368749,1,0.79517,-0.04395,0.78613,0.695,2.305,-0.267,ergonomis
2026-06-01 15:19:02.749,2210682205,368749,2,0.95264,-0.33472,0.14893,-1.145,0.664,0.366,ergonomis
2026-06-01 15:19:02.960,2210682416,368960,1,0.79419,-0.04272,0.78027,0.649,1.26,-0.603,ergonomis
2026-06-01 15:19:02.960,2210682416,368960,2,0.94287,-0.33252,0.15698,-0.817,0.626,0.718,ergonomis
2026-06-01 15:19:02.160,2210681616,369160,1,0.7937,-0.05029,0.77856,0.977,1.985,-0.763,ergonomis
2026-06-01 15:19:02.160,2210681616,369160,2,0.94824,-0.32739,0.15552,-1.313,0.603,0.641,ergonomis
2026-06-01 15:19:02.360,2210681816,369360,1,0.79321,-0.04541,0.77832,-0.145,1.725,-0.504,ergonomis
2026-06-01 15:19:02.360,2210681816,369360,2,0.95532,-0.32764,0.15015,-1.176,0.336,0.664,ergonomis
2026-06-01 15:19:02.560,2210682016,369560,1,0.7959,-0.04443,0.78394,1.427,1.939,-0.634,ergonomis
2026-06-01 15:19:02.560,2210682016,369560,2,0.95142,-0.3291,0.15015,-0.695,0.779,0.595,ergonomis
2026-06-01 15:19:03.760,2210683216,369760,1,0.79712,-0.03906,0.78076,1.153,2.733,0.252,ergonomis
2026-06-01 15:19:03.760,2210683216,369760,2,0.95874,-0.33545,0.15186,-1.595,0.366,0.58,ergonomis
2026-06-01 15:19:03.960,2210683416,369960,1,0.79614,-0.05078,0.79736,0.649,2.221,0.053,ergonomis
2026-06-01 15:19:03.960,2210683416,369960,2,0.95654,-0.33105,0.15161,-1.809,0.855,0.504,ergonomis
2026-06-01 15:19:03.160,2210682616,370160,1,0.78833,-0.04492,0.79102,0.947,1.313,-0.336,ergonomis
2026-06-01 15:19:03.160,2210682616,370160,2,0.95728,-0.34009,0.15552,-2.16,-0.466,0.298,ergonomis
2026-06-01 15:19:03.360,2210682816,370360,1,0.79736,-0.04565,0.78711,0.557,1.74,-1.366,ergonomis
2026-06-01 15:19:03.360,2210682816,370360,2,0.95068,-0.33545,0.15088,-2.0,0.183,0.183,ergonomis
2026-06-01 15:19:03.560,2210683016,370560,1,0.79565,-0.0481,0.79517,0.756,2.237,-0.282,ergonomis
2026-06-01 15:19:03.560,2210683016,370560,2,0.96265,-0.33643,0.15771,-1.611,0.565,0.153,ergonomis
2026-06-01 15:19:04.760,2210684216,370760,1,0.79272,-0.04126,0.79248,1.397,1.443,0.489,ergonomis
2026-06-01 15:19:04.760,2210684216,370760,2,0.95532,-0.33081,0.15039,-1.84,0.496,0.565,ergonomis
2026-06-01 15:19:04.960,2210684416,370960,1,0.79614,-0.0459,0.79028,1.29,1.198,-0.237,ergonomis
2026-06-01 15:19:04.960,2210684416,370960,2,0.94775,-0.33276,0.146,-3.786,0.092,0.321,ergonomis
2026-06-01 15:19:04.160,2210683616,371160,1,0.80054,-0.03857,0.77466,0.595,-0.183,-0.771,ergonomis
2026-06-01 15:19:04.160,2210683616,371160,2,0.95435,-0.33228,0.14551,-2.733,0.595,0.473,ergonomis
2026-06-01 15:19:04.360,2210683816,371360,1,0.79907,-0.03369,0.77051,1.45,-1.267,-0.328,ergonomis
2026-06-01 15:19:04.360,2210683816,371360,2,0.94897,-0.33984,0.14429,-4.229,-0.26,1.489,ergonomis
2026-06-01 15:19:04.560,2210684016,371560,1,0.82617,-0.02856,0.77246,1.969,-2.206,-0.099,ergonomis
2026-06-01 15:19:04.560,2210684016,371560,2,0.9458,-0.34937,0.12134,-5.168,1.595,0.573,ergonomis
2026-06-01 15:19:05.762,2210685218,371761,1,0.83179,-0.02881,0.75732,-0.74,-2.42,-1.115,ergonomis
2026-06-01 15:19:05.762,2210685218,371761,2,0.95337,-0.36035,0.1355,-5.908,2.183,1.321,ergonomis
2026-06-01 15:19:05.001,2210684457,372000,1,0.82886,-0.02368,0.74609,-0.527,0.466,-2.573,ergonomis
2026-06-01 15:19:05.001,2210684457,372000,2,0.9502,-0.34497,0.14722,-1.389,1.542,1.664,ergonomis
2026-06-01 15:19:05.200,2210684656,372200,1,0.83032,-0.02344,0.73828,0.863,1.733,-0.168,ergonomis
2026-06-01 15:19:05.200,2210684656,372200,2,0.93433,-0.3562,0.13989,-1.748,0.351,1.229,ergonomis
2026-06-01 15:19:05.513,2210684969,372513,1,0.82202,-0.03467,0.74536,1.267,0.702,0.42,ergonomis
2026-06-01 15:19:05.513,2210684969,372513,2,0.92871,-0.35156,0.13525,-3.031,-5.649,-1.901,ergonomis
2026-06-01 15:19:06.713,2210686169,372713,1,0.84595,-0.02222,0.72534,0.885,0.336,0.939,ergonomis
2026-06-01 15:19:06.713,2210686169,372713,2,0.9436,-0.36206,0.11475,1.015,-5.122,1.916,ergonomis
2026-06-01 15:19:06.913,2210686369,372913,1,0.84473,-0.0188,0.72998,-1.069,7.214,-1.588,ergonomis
2026-06-01 15:19:06.913,2210686369,372913,2,0.94995,-0.3689,0.10571,-0.252,-3.939,0.58,ergonomis
2026-06-01 15:19:06.113,2210685569,373113,1,0.85376,-0.02051,0.72485,1.427,1.962,-0.115,ergonomis
2026-06-01 15:19:06.113,2210685569,373113,2,0.96338,-0.37109,0.07324,1.023,1.137,0.687,ergonomis
2026-06-01 15:19:06.313,2210685769,373313,1,0.83984,-0.02881,0.74463,-0.977,2.565,-0.832,ergonomis
2026-06-01 15:19:06.313,2210685769,373313,2,0.94214,-0.35938,0.12524,-0.305,5.122,0.275,ergonomis
2026-06-01 15:19:06.534,2210685990,373534,1,0.82129,-0.03735,0.75098,0.962,1.901,0.168,ergonomis
2026-06-01 15:19:06.534,2210685990,373534,2,0.94824,-0.35522,0.13647,-1.779,-0.061,0.275,ergonomis
2026-06-01 15:19:07.734,2210687190,373734,1,0.83887,-0.02734,0.74341,-0.267,2.267,-1.191,ergonomis
2026-06-01 15:19:07.734,2210687190,373734,2,0.95483,-0.36157,0.125,-1.221,0.351,0.237,ergonomis
2026-06-01 15:19:07.934,2210687390,373934,1,0.82739,-0.02588,0.75464,-0.664,3.344,-1.122,ergonomis
2026-06-01 15:19:07.934,2210687390,373934,2,0.94849,-0.35376,0.13184,-0.275,0.038,-0.076,ergonomis
2026-06-01 15:19:07.134,2210686590,374134,1,0.82178,-0.02905,0.76416,-0.573,2.916,-2.45,ergonomis
2026-06-01 15:19:07.134,2210686590,374134,2,0.96118,-0.36133,0.12524,-0.466,0.71,1.679,ergonomis
2026-06-01 15:19:07.334,2210686790,374334,1,0.81982,-0.03906,0.75098,-0.695,3.382,-1.046,ergonomis
2026-06-01 15:19:07.334,2210686790,374334,2,0.92432,-0.36255,0.13135,-1.29,-1.069,1.542,ergonomis
2026-06-01 15:19:07.534,2210686990,374534,1,0.8313,-0.01855,0.77271,-3.0,5.252,-2.366,ergonomis
2026-06-01 15:19:07.534,2210686990,374534,2,0.95093,-0.34326,0.12451,3.015,-0.634,0.191,ergonomis
2026-06-01 15:19:08.734,2210688190,374734,1,0.81152,-0.03271,0.7771,1.191,2.573,-0.366,ergonomis
2026-06-01 15:19:08.734,2210688190,374734,2,0.94336,-0.35669,0.14404,-2.427,5.168,0.733,ergonomis
2026-06-01 15:19:08.934,2210688390,374934,1,0.81909,-0.03906,0.76025,0.221,0.244,-0.634,ergonomis
2026-06-01 15:19:08.934,2210688390,374934,2,0.95752,-0.34546,0.13745,-8.992,1.061,1.26,ergonomis
2026-06-01 15:19:08.134,2210687590,375134,1,0.83569,0.00293,0.75732,3.916,6.511,-0.916,ergonomis
2026-06-01 15:19:08.134,2210687590,375134,2,0.91821,-0.34668,0.11377,2.015,-1.611,1.489,ergonomis
2026-06-01 15:19:08.334,2210687790,375334,1,0.78223,-0.03564,0.76587,1.107,3.214,-0.122,ergonomis
2026-06-01 15:19:08.334,2210687790,375334,2,0.96606,-0.32324,0.10767,0.252,-5.489,2.519,ergonomis
2026-06-01 15:19:08.534,2210687990,375534,1,0.80054,-0.05005,0.77368,-4.183,2.031,-1.794,ergonomis
2026-06-01 15:19:08.534,2210687990,375534,2,0.92236,-0.34839,0.11426,1.763,-0.779,0.611,ergonomis
2026-06-01 15:19:09.734,2210689190,375734,1,0.83008,-0.0354,0.78296,-0.206,2.29,-0.542,ergonomis
2026-06-01 15:19:09.734,2210689190,375734,2,0.95264,-0.33618,0.13428,-0.954,0.916,-0.985,ergonomis
2026-06-01 15:19:09.934,2210689390,375934,1,0.80176,-0.03662,0.78223,1.458,2.496,-1.183,ergonomis
2026-06-01 15:19:09.934,2210689390,375934,2,0.95044,-0.35352,0.14136,-2.985,0.786,1.053,ergonomis
2026-06-01 15:19:09.134,2210688590,376134,1,0.81348,-0.03052,0.77148,1.275,2.771,0.397,ergonomis
2026-06-01 15:19:09.134,2210688590,376134,2,0.94922,-0.33057,0.13647,-1.351,-0.298,0.137,ergonomis
2026-06-01 15:19:09.334,2210688790,376334,1,0.80933,-0.03394,0.76538,-0.107,1.031,-0.985,ergonomis
2026-06-01 15:19:09.334,2210688790,376334,2,0.95288,-0.35522,0.13599,-3.443,-0.779,1.252,ergonomis
2026-06-01 15:19:09.534,2210688990,376534,1,0.80786,-0.03101,0.76978,0.237,0.901,-0.115,ergonomis
2026-06-01 15:19:09.534,2210688990,376534,2,0.94604,-0.3457,0.13696,-0.977,0.321,0.595,ergonomis
2026-06-01 15:19:10.734,2210690190,376734,1,0.80591,-0.03735,0.75977,-0.489,1.344,-0.718,ergonomis
2026-06-01 15:19:10.734,2210690190,376734,2,0.94824,-0.35156,0.14111,-1.534,0.008,0.679,ergonomis
2026-06-01 15:19:10.934,2210690390,376934,1,0.80835,-0.03833,0.77295,0.733,1.595,-0.397,ergonomis
2026-06-01 15:19:10.934,2210690390,376934,2,0.94971,-0.35132,0.12988,-1.641,0.382,0.328,ergonomis
2026-06-01 15:19:10.134,2210689590,377134,1,0.81421,-0.04053,0.76782,0.244,2.214,-0.679,ergonomis
2026-06-01 15:19:10.134,2210689590,377134,2,0.94604,-0.34351,0.13599,-1.702,0.382,0.42,ergonomis
2026-06-01 15:19:10.334,2210689790,377334,1,0.81396,-0.03931,0.77466,0.397,1.565,-0.771,ergonomis
2026-06-01 15:19:10.334,2210689790,377334,2,0.95508,-0.34521,0.14429,-0.405,0.29,0.779,ergonomis
2026-06-01 15:19:10.534,2210689990,377534,1,0.80176,-0.03394,0.78003,0.908,1.527,-0.573,ergonomis
2026-06-01 15:19:10.534,2210689990,377534,2,0.95532,-0.34814,0.13208,-1.313,-0.214,0.458,ergonomis
2026-06-01 15:19:11.734,2210691190,377734,1,0.81348,-0.02881,0.76123,0.863,1.87,-0.534,ergonomis
2026-06-01 15:19:11.734,2210691190,377734,2,0.95337,-0.34473,0.1377,-1.809,0.435,0.511,ergonomis
2026-06-01 15:19:11.934,2210691390,377934,1,0.81104,-0.02563,0.76025,0.038,2.176,-0.74,ergonomis
2026-06-01 15:19:11.934,2210691390,377934,2,0.94824,-0.34229,0.12988,-1.214,1.191,-0.137,ergonomis
2026-06-01 15:19:11.134,2210690590,378134,1,0.80957,-0.03906,0.77222,0.252,1.092,-0.779,ergonomis
2026-06-01 15:19:11.134,2210690590,378134,2,0.94824,-0.34058,0.14941,-0.679,-0.176,0.779,ergonomis
2026-06-01 15:19:11.334,2210690790,378334,1,0.80713,-0.0332,0.76416,0.076,2.107,-0.901,ergonomis
2026-06-01 15:19:11.334,2210690790,378334,2,0.94946,-0.34937,0.1416,-0.237,0.824,0.527,ergonomis
2026-06-01 15:19:11.534,2210690990,378534,1,0.80225,-0.03564,0.76685,0.198,1.687,-0.626,ergonomis
2026-06-01 15:19:11.534,2210690990,378534,2,0.96069,-0.35693,0.13086,-0.458,1.366,0.443,ergonomis
2026-06-01 15:19:12.734,2210692190,378734,1,0.81152,-0.04175,0.77051,-1.137,2.145,-0.908,ergonomis
2026-06-01 15:19:12.734,2210692190,378734,2,0.93433,-0.34985,0.14063,-1.176,0.435,0.183,ergonomis
2026-06-01 15:19:12.934,2210692390,378934,1,0.80688,-0.03564,0.77393,0.328,2.076,-0.649,ergonomis
2026-06-01 15:19:12.934,2210692390,378934,2,0.95239,-0.34033,0.13428,-0.519,0.481,-0.649,ergonomis
2026-06-01 15:19:12.134,2210691590,379134,1,0.80322,-0.03638,0.78589,0.305,2.115,-0.832,ergonomis
2026-06-01 15:19:12.134,2210691590,379134,2,0.96045,-0.34399,0.14111,-0.756,0.084,0.099,ergonomis
2026-06-01 15:19:12.334,2210691790,379334,1,0.80103,-0.02539,0.7771,0.565,1.634,-0.534,ergonomis
2026-06-01 15:19:12.334,2210691790,379334,2,0.94824,-0.34326,0.14771,-1.405,0.359,1.023,ergonomis
2026-06-01 15:19:12.534,2210691990,379534,1,0.7959,-0.03613,0.7876,0.137,0.985,-0.527,ergonomis
2026-06-01 15:19:12.534,2210691990,379534,2,0.95679,-0.33545,0.13281,-1.282,0.176,0.588,ergonomis
2026-06-01 15:19:13.734,2210693190,379734,1,0.8064,-0.04102,0.77051,-0.275,2.359,-1.16,ergonomis
2026-06-01 15:19:13.734,2210693190,379734,2,0.94946,-0.34009,0.14551,-1.702,0.221,0.786,ergonomis
2026-06-01 15:19:13.934,2210693390,379934,1,0.80957,-0.0249,0.76855,-1.221,2.061,-0.29,ergonomis
2026-06-01 15:19:13.934,2210693390,379934,2,0.95435,-0.34888,0.14673,-3.511,-0.298,1.031,ergonomis
2026-06-01 15:19:13.134,2210692590,380134,1,0.80469,-0.03833,0.76563,0.038,2.168,-0.16,ergonomis
2026-06-01 15:19:13.134,2210692590,380134,2,0.94531,-0.33862,0.14185,-0.405,0.748,0.473,ergonomis
2026-06-01 15:19:13.334,2210692790,380334,1,0.80127,-0.03076,0.77368,-0.137,1.58,-0.664,ergonomis
2026-06-01 15:19:13.334,2210692790,380334,2,0.9563,-0.3418,0.13379,-0.679,0.076,0.893,ergonomis
2026-06-01 15:19:13.534,2210692990,380534,1,0.80518,-0.04639,0.77783,0.084,2.13,-0.634,ergonomis
2026-06-01 15:19:13.534,2210692990,380534,2,0.95215,-0.33105,0.14502,-1.359,0.542,0.794,ergonomis
2026-06-01 15:19:14.734,2210694190,380734,1,0.79907,-0.03052,0.78223,0.191,2.366,-1.252,ergonomis
2026-06-01 15:19:14.734,2210694190,380734,2,0.95508,-0.34839,0.14014,-0.443,0.58,0.84,ergonomis
2026-06-01 15:19:14.934,2210694390,380934,1,0.80615,-0.03076,0.78394,0.053,1.893,-1.099,ergonomis
2026-06-01 15:19:14.934,2210694390,380934,2,0.95728,-0.33008,0.13037,-0.168,1.16,1.42,ergonomis
2026-06-01 15:19:14.134,2210693590,381134,1,0.80054,-0.03809,0.77588,0.206,1.924,-2.84,ergonomis
2026-06-01 15:19:14.134,2210693590,381134,2,0.94336,-0.36353,0.14331,-0.153,0.901,1.542,ergonomis
2026-06-01 15:19:14.334,2210693790,381334,1,0.80859,-0.03369,0.78247,0.573,1.649,0.191,ergonomis
2026-06-01 15:19:14.334,2210693790,381334,2,0.9502,-0.34912,0.13232,-1.802,-0.504,0.183,ergonomis
2026-06-01 15:19:14.534,2210693990,381534,1,0.80298,-0.02686,0.77148,,2.084,-0.626,ergonomis
2026-06-01 15:19:14.534,2210693990,381534,2,0.94922,-0.34326,0.1394,-2.183,0.969,-0.84,ergonomis
2026-06-01 15:19:15.734,2210695190,381734,1,0.81226,-0.0271,0.78076,0.023,2.015,-1.061,ergonomis
2026-06-01 15:19:15.734,2210695190,381734,2,0.94141,-0.34692,0.13037,-2.252,-0.702,0.45,ergonomis
2026-06-01 15:19:15.934,2210695390,381934,1,0.80054,-0.03125,0.7771,1.084,1.496,0.58,ergonomis
2026-06-01 15:19:15.934,2210695390,381934,2,0.94922,-0.34375,0.13477,-0.076,0.153,-0.092,ergonomis
2026-06-01 15:19:15.134,2210694590,382134,1,0.80298,-0.03467,0.78516,0.573,1.046,-0.42,ergonomis
2026-06-01 15:19:15.134,2210694590,382134,2,0.94507,-0.34277,0.14209,-0.443,0.969,0.122,ergonomis
2026-06-01 15:19:15.334,2210694790,382334,1,0.81763,-0.04321,0.78003,0.321,1.481,-0.786,ergonomis
2026-06-01 15:19:15.334,2210694790,382334,2,0.96533,-0.34692,0.14038,-0.809,1.038,-0.115,ergonomis
2026-06-01 15:19:15.534,2210694990,382534,1,0.80396,-0.03589,0.78052,0.649,1.634,-0.45,ergonomis
2026-06-01 15:19:15.534,2210694990,382534,2,0.96143,-0.33813,0.14233,-1.458,0.481,0.16,ergonomis
2026-06-01 15:19:16.734,2210696190,382734,1,0.80762,-0.02563,0.78369,0.511,1.534,-0.382,ergonomis
2026-06-01 15:19:16.734,2210696190,382734,2,0.95728,-0.34082,0.13867,-1.229,0.527,0.519,ergonomis
2026-06-01 15:19:16.951,2210696407,382951,1,0.802,-0.03418,0.7876,-0.16,1.565,-0.206,ergonomis
2026-06-01 15:19:16.951,2210696407,382951,2,0.95508,-0.34424,0.13745,0.786,0.092,0.847,ergonomis
2026-06-01 15:19:16.151,2210695607,383151,1,0.81274,-0.03198,0.77271,0.053,2.107,-0.519,ergonomis
2026-06-01 15:19:16.151,2210695607,383151,2,0.9541,-0.34595,0.13208,-1.229,0.145,0.58,ergonomis
2026-06-01 15:19:16.351,2210695807,383351,1,0.80103,-0.03833,0.78687,-0.237,1.382,-0.947,ergonomis
2026-06-01 15:19:16.351,2210695807,383351,2,0.95239,-0.34229,0.13477,-1.336,0.42,0.534,ergonomis
2026-06-01 15:19:16.551,2210696007,383551,1,0.80078,-0.02905,0.77222,-0.267,1.626,-0.252,ergonomis
2026-06-01 15:19:16.551,2210696007,383551,2,0.95239,-0.35181,0.12549,-1.908,0.763,0.321,ergonomis
2026-06-01 15:19:17.781,2210697237,383781,1,0.80493,-0.03101,0.76709,-0.374,1.412,-0.71,ergonomis
2026-06-01 15:19:17.781,2210697237,383781,2,0.95361,-0.34473,0.13818,-0.664,0.573,0.756,ergonomis
2026-06-01 15:19:20.940,2210700396,386940,1,0.7937,-0.05396,0.79077,-2.366,1.672,-0.771,ergonomis
2026-06-01 15:19:20.940,2210700396,386940,2,0.93799,-0.32275,0.13818,1.672,1.588,0.405,ergonomis
2026-06-01 15:19:20.140,2210699596,387140,1,0.80005,-0.05371,0.79712,-1.282,2.13,-2.962,ergonomis
2026-06-01 15:19:20.140,2210699596,387140,2,0.97729,-0.3501,0.16821,6.221,0.366,-1.344,ergonomis
2026-06-01 15:19:20.340,2210699796,387340,1,0.75391,-0.03833,0.80566,-3.603,1.878,-4.229,ergonomis
2026-06-01 15:19:20.340,2210699796,387340,2,0.95801,-0.34204,0.14819,-15.511,0.458,0.893,ergonomis
2026-06-01 15:19:20.540,2210699996,387540,1,0.76685,-0.0437,0.79785,0.443,2.649,0.038,ergonomis
2026-06-01 15:19:20.540,2210699996,387540,2,0.94995,-0.31567,0.1394,-2.015,-0.908,0.076,ergonomis
2026-06-01 15:19:21.740,2210701196,387740,1,0.79858,-0.04565,0.7981,-1.733,-0.641,-2.099,ergonomis
2026-06-01 15:19:21.740,2210701196,387740,2,0.95386,-0.34277,0.16235,4.458,0.282,0.191,ergonomis
2026-06-01 15:19:21.940,2210701396,387940,1,0.79004,-0.05444,0.79395,-0.992,-2.397,-2.504,ergonomis
2026-06-01 15:19:21.940,2210701396,387940,2,0.96582,-0.33179,0.13818,-0.221,-0.74,1.298,ergonomis
2026-06-01 15:19:21.140,2210700596,388140,1,0.76245,-0.0625,0.80786,-0.519,2.878,0.198,ergonomis
2026-06-01 15:19:21.140,2210700596,388140,2,0.95361,-0.33447,0.13062,-3.496,-1.076,0.771,ergonomis
2026-06-01 15:19:21.340,2210700796,388340,1,0.78174,-0.04419,0.79272,1.832,4.084,0.84,ergonomis
2026-06-01 15:19:21.340,2210700796,388340,2,0.96143,-0.33643,0.15576,-7.046,1.382,0.374,ergonomis
2026-06-01 15:19:21.540,2210700996,388540,1,0.78101,-0.05322,0.80713,2.153,2.924,0.611,ergonomis
2026-06-01 15:19:21.540,2210700996,388540,2,0.95264,-0.33008,0.14355,-4.237,0.298,0.611,ergonomis
2026-06-01 15:19:22.740,2210702196,388740,1,0.78149,-0.06567,0.80151,-0.458,1.443,-0.824,ergonomis
2026-06-01 15:19:22.740,2210702196,388740,2,0.94971,-0.32422,0.14307,1.473,0.832,-0.664,ergonomis
2026-06-01 15:19:22.940,2210702396,388940,1,0.7937,-0.05225,0.81104,-1.145,0.916,-1.588,ergonomis
2026-06-01 15:19:22.940,2210702396,388940,2,0.96143,-0.33203,0.14917,4.802,0.038,-0.13,ergonomis
2026-06-01 15:19:22.140,2210701596,389140,1,0.76904,-0.05811,0.79346,-1.153,-1.313,-2.641,ergonomis
2026-06-01 15:19:22.140,2210701596,389140,2,0.96753,-0.34424,0.15381,-1.046,0.405,0.496,ergonomis
2026-06-01 15:19:22.340,2210701796,389340,1,0.75635,-0.06079,0.80005,1.656,0.87,0.45,ergonomis
2026-06-01 15:19:22.340,2210701796,389340,2,0.95044,-0.34204,0.11499,-3.725,1.443,0.893,ergonomis
2026-06-01 15:19:22.540,2210701996,389540,1,0.7915,-0.06104,0.79126,2.015,-3.618,-0.626,ergonomis
2026-06-01 15:19:22.540,2210701996,389540,2,0.95483,-0.31641,0.16284,-3.42,0.649,-0.412,ergonomis
2026-06-01 15:19:23.740,2210703196,389740,1,0.81079,-0.04053,0.78198,-0.252,0.962,-0.809,ergonomis
2026-06-01 15:19:23.740,2210703196,389740,2,0.95703,-0.34546,0.13257,-2.779,0.328,0.947,ergonomis
2026-06-01 15:19:23.940,2210703396,389940,1,0.79248,-0.04346,0.78516,2.397,3.58,0.901,ergonomis
2026-06-01 15:19:23.940,2210703396,389940,2,0.95166,-0.32104,0.13745,-1.733,1.015,0.695,ergonomis
2026-06-01 15:19:23.140,2210702596,390140,1,0.79272,-0.04004,0.79175,3.855,3.336,-2.405,ergonomis
2026-06-01 15:19:23.140,2210702596,390140,2,0.95215,-0.33325,0.13989,-0.725,0.756,0.473,ergonomis
2026-06-01 15:19:23.340,2210702796,390340,1,0.78833,-0.02905,0.78149,-1.802,3.229,0.099,ergonomis
2026-06-01 15:19:23.340,2210702796,390340,2,0.94214,-0.34399,0.12085,-1.702,0.191,0.244,ergonomis
2026-06-01 15:19:23.540,2210702996,390540,1,0.79077,-0.04858,0.78101,0.824,2.763,2.824,ergonomis
2026-06-01 15:19:23.540,2210702996,390540,2,0.95801,-0.33325,0.12842,-1.756,-0.038,0.26,ergonomis
2026-06-01 15:19:24.740,2210704196,390740,1,0.79614,-0.05103,0.7915,1.427,1.29,-0.641,ergonomis
2026-06-01 15:19:24.740,2210704196,390740,2,0.94531,-0.33105,0.14575,-1.74,0.893,1.504,ergonomis
2026-06-01 15:19:24.940,2210704396,390940,1,0.79492,-0.05396,0.78271,-0.122,1.275,-0.481,ergonomis
2026-06-01 15:19:24.940,2210704396,390940,2,0.95776,-0.33936,0.14233,-1.45,1.634,0.74,ergonomis
2026-06-01 15:19:24.140,2210703596,391140,1,0.79712,-0.04688,0.79004,0.366,1.824,-0.565,ergonomis
2026-06-01 15:19:24.140,2210703596,391140,2,0.95654,-0.33447,0.13794,-1.466,0.122,0.321,ergonomis
2026-06-01 15:19:24.340,2210703796,391340,1,0.79517,-0.04761,0.79443,0.084,1.756,-1.122,ergonomis
2026-06-01 15:19:24.340,2210703796,391340,2,0.95264,-0.33325,0.13721,-1.282,0.267,0.634,ergonomis
2026-06-01 15:19:24.540,2210703996,391540,1,0.79712,-0.05029,0.80298,0.237,1.786,-0.924,ergonomis
2026-06-01 15:19:24.540,2210703996,391540,2,0.96118,-0.34131,0.13843,-0.725,0.618,0.527,ergonomis
2026-06-01 15:19:25.740,2210705196,391740,1,0.79688,-0.05078,0.78296,0.389,2.015,-0.565,ergonomis
2026-06-01 15:19:25.740,2210705196,391740,2,0.94946,-0.34131,0.13794,-1.771,0.29,0.489,ergonomis
2026-06-01 15:19:25.940,2210705396,391940,1,0.78979,-0.05298,0.78784,0.519,2.176,-0.756,ergonomis
2026-06-01 15:19:25.940,2210705396,391940,2,0.95215,-0.33276,0.13818,-1.519,0.527,0.481,ergonomis
2026-06-01 15:19:25.140,2210704596,392140,1,0.78833,-0.04858,0.78833,-0.137,2.366,-0.824,ergonomis
2026-06-01 15:19:25.140,2210704596,392140,2,0.95337,-0.33594,0.1333,-0.939,-0.214,0.71,ergonomis
2026-06-01 15:19:25.340,2210704796,392340,1,0.78345,-0.05005,0.78223,0.763,2.092,-0.901,ergonomis
2026-06-01 15:19:25.340,2210704796,392340,2,0.95166,-0.33374,0.14819,-1.115,0.344,0.29,ergonomis
2026-06-01 15:19:25.540,2210704996,392540,1,0.79272,-0.04883,0.78784,0.328,2.237,-0.809,ergonomis
2026-06-01 15:19:25.540,2210704996,392540,2,0.95264,-0.33789,0.13647,-1.122,0.298,0.489,ergonomis
2026-06-01 15:19:26.780,2210706236,392780,1,0.79858,-0.05493,0.79102,-0.443,1.863,-0.931,ergonomis
2026-06-01 15:19:26.780,2210706236,392780,2,0.94873,-0.33789,0.13501,-1.275,-0.038,0.679,ergonomis
2026-06-01 15:19:26.056,2210705512,393056,1,0.79517,-0.0564,0.80347,0.359,1.916,-0.534,ergonomis
2026-06-01 15:19:26.056,2210705512,393056,2,0.96094,-0.34009,0.14307,-1.221,0.519,0.687,ergonomis
2026-06-01 15:19:26.291,2210705747,393290,1,0.79272,-0.05737,0.79395,0.275,2.298,-0.412,ergonomis
2026-06-01 15:19:26.291,2210705747,393290,2,0.95044,-0.33789,0.13721,-0.718,0.58,0.565,ergonomis
2026-06-01 15:19:26.490,2210705946,393490,1,0.78467,-0.06592,0.79688,-0.244,1.626,-0.351,ergonomis
2026-06-01 15:19:26.490,2210705946,393490,2,0.95654,-0.34033,0.14453,-0.916,0.092,0.733,ergonomis
2026-06-01 15:19:27.784,2210707240,393784,1,0.79126,-0.04932,0.78003,0.504,1.977,-0.855,ergonomis
2026-06-01 15:19:27.784,2210707240,393784,2,0.95532,-0.33569,0.15015,-1.855,0.374,0.649,ergonomis
2026-06-01 15:19:27.984,2210707440,393984,1,0.79199,-0.04565,0.78735,0.015,1.641,-0.855,ergonomis
2026-06-01 15:19:27.984,2210707440,393984,2,0.96289,-0.33423,0.13428,-2.076,0.656,0.153,ergonomis
2026-06-01 15:19:27.196,2210706652,394196,1,0.79028,-0.05005,0.78125,0.87,1.496,-0.763,ergonomis
2026-06-01 15:19:27.196,2210706652,394196,2,0.94702,-0.33374,0.13794,-4.527,0.191,-0.45,ergonomis
2026-06-01 15:19:27.416,2210706872,394416,1,0.79712,-0.05225,0.7998,-0.115,1.855,-0.733,ergonomis
2026-06-01 15:19:27.416,2210706872,394416,2,0.94873,-0.33203,0.13867,0.565,0.008,0.771,ergonomis
2026-06-01 15:19:28.616,2210708072,394616,1,0.79248,-0.04834,0.79468,0.183,1.573,-1.382,ergonomis
2026-06-01 15:19:28.616,2210708072,394616,2,0.96216,-0.34033,0.13916,-0.824,0.55,0.786,ergonomis
2026-06-01 15:19:28.816,2210708272,394816,1,0.79712,-0.05786,0.78564,0.511,2.275,-0.282,ergonomis
2026-06-01 15:19:28.816,2210708272,394816,2,0.95776,-0.33594,0.13623,-1.107,0.695,0.313,ergonomis
2026-06-01 15:19:28.016,2210707472,395016,1,0.79224,-0.04346,0.78662,0.824,1.557,-0.664,ergonomis
2026-06-01 15:19:28.016,2210707472,395016,2,0.95264,-0.33423,0.13623,-1.084,0.145,0.74,ergonomis
2026-06-01 15:19:28.216,2210707672,395216,1,0.78882,-0.05615,0.78882,1.672,2.053,-0.191,ergonomis
2026-06-01 15:19:28.216,2210707672,395216,2,0.9563,-0.3269,0.14209,0.336,0.176,0.374,ergonomis
2026-06-01 15:19:28.416,2210707872,395416,1,0.78369,-0.05396,0.80298,0.817,1.947,-0.374,ergonomis
2026-06-01 15:19:28.416,2210707872,395416,2,0.9541,-0.34009,0.13428,-1.153,0.634,0.313,ergonomis
2026-06-01 15:19:29.616,2210709072,395616,1,0.78687,-0.05664,0.79517,0.076,1.618,-0.863,ergonomis
2026-06-01 15:19:29.616,2210709072,395616,2,0.95532,-0.33545,0.14551,-0.672,0.443,0.58,ergonomis
2026-06-01 15:19:29.816,2210709272,395816,1,0.79199,-0.05322,0.79175,0.214,2.45,-0.718,ergonomis
2026-06-01 15:19:29.816,2210709272,395816,2,0.95776,-0.33276,0.13965,-0.519,-0.252,0.809,ergonomis
2026-06-01 15:19:29.016,2210708472,396016,1,0.7915,-0.04688,0.77954,0.153,1.771,-0.817,ergonomis
2026-06-01 15:19:29.016,2210708472,396016,2,0.95825,-0.33765,0.14063,-1.519,0.344,0.504,ergonomis
2026-06-01 15:19:29.222,2210708678,396222,1,0.79321,-0.04736,0.79346,-0.099,1.771,-0.672,ergonomis
2026-06-01 15:19:29.222,2210708678,396222,2,0.9585,-0.34204,0.1377,-1.443,0.405,0.458,ergonomis
2026-06-01 15:19:29.422,2210708878,396422,1,0.78882,-0.05103,0.79102,-0.023,1.71,-0.641,ergonomis
2026-06-01 15:19:29.422,2210708878,396422,2,0.95801,-0.32983,0.13867,-0.206,-0.031,0.87,ergonomis
2026-06-01 15:19:30.622,2210710078,396622,1,0.79004,-0.05469,0.78369,0.664,2.282,-0.794,ergonomis
2026-06-01 15:19:30.622,2210710078,396622,2,0.95654,-0.34058,0.13428,-1.214,0.382,0.679,ergonomis
2026-06-01 15:19:30.822,2210710278,396822,1,0.78564,-0.05542,0.79272,-0.244,2.237,-0.649,ergonomis
2026-06-01 15:19:30.822,2210710278,396822,2,0.95874,-0.33521,0.15015,-2.344,0.397,0.412,ergonomis
2026-06-01 15:19:30.022,2210709478,397022,1,0.79321,-0.05688,0.79736,0.473,1.969,-0.328,ergonomis
2026-06-01 15:19:30.022,2210709478,397022,2,0.95361,-0.33838,0.14331,-1.397,0.382,0.489,ergonomis
2026-06-01 15:19:30.222,2210709678,397222,1,0.78833,-0.05151,0.78638,0.55,1.855,-0.878,ergonomis
2026-06-01 15:19:30.222,2210709678,397222,2,0.95654,-0.33496,0.13818,-0.435,0.382,0.466,ergonomis
2026-06-01 15:19:30.422,2210709878,397422,1,0.78638,-0.0564,0.78711,0.405,2.214,-1.038,ergonomis
2026-06-01 15:19:30.422,2210709878,397422,2,0.95361,-0.33667,0.14722,-1.45,0.435,0.328,ergonomis
2026-06-01 15:19:31.622,2210711078,397622,1,0.7937,-0.05347,0.79541,0.42,1.855,-0.595,ergonomis
2026-06-01 15:19:31.622,2210711078,397622,2,0.94775,-0.33545,0.1377,-1.725,0.908,0.107,ergonomis
2026-06-01 15:19:31.822,2210711278,397822,1,0.77856,-0.05762,0.80249,0.084,1.45,-0.618,ergonomis
2026-06-01 15:19:31.822,2210711278,397822,2,0.94434,-0.33374,0.14746,-1.748,-0.038,0.672,ergonomis
2026-06-01 15:19:31.022,2210710478,398022,1,0.7876,-0.05518,0.79492,-0.069,1.802,-0.458,ergonomis
2026-06-01 15:19:31.022,2210710478,398022,2,0.95581,-0.33228,0.14868,-2.198,0.084,0.344,ergonomis
2026-06-01 15:19:31.288,2210710744,398288,1,0.79053,-0.05591,0.77856,-0.481,2.405,-0.924,ergonomis
2026-06-01 15:19:31.288,2210710744,398288,2,0.94141,-0.33838,0.14404,-2.321,0.618,0.305,ergonomis
2026-06-01 15:19:31.488,2210710944,398488,1,0.78906,-0.05664,0.78101,1.977,1.756,-0.489,ergonomis
2026-06-01 15:19:31.488,2210710944,398488,2,0.9585,-0.33228,0.14111,-2.0,0.252,0.282,ergonomis
2026-06-01 15:19:32.688,2210712144,398688,1,0.79346,-0.04858,0.79639,1.473,1.977,-0.534,ergonomis
2026-06-01 15:19:32.688,2210712144,398688,2,0.95483,-0.33838,0.13818,-2.466,0.931,0.359,ergonomis
2026-06-01 15:19:32.888,2210712344,398888,1,0.78979,-0.04858,0.78784,1.397,1.817,-0.473,ergonomis
2026-06-01 15:19:32.888,2210712344,398888,2,0.95264,-0.33643,0.14014,-1.397,0.214,0.626,ergonomis
2026-06-01 15:19:32.088,2210711544,399088,1,0.79688,-0.05298,0.7937,0.603,1.092,-0.74,ergonomis
2026-06-01 15:19:32.088,2210711544,399088,2,0.95972,-0.33789,0.13745,-1.206,0.534,0.611,ergonomis
2026-06-01 15:19:32.288,2210711744,399288,1,0.78931,-0.05518,0.78467,-0.962,1.885,-1.168,ergonomis
2026-06-01 15:19:32.288,2210711744,399288,2,0.95654,-0.33423,0.14429,-2.305,0.26,0.214,ergonomis
2026-06-01 15:19:32.550,2210712006,399550,1,0.78931,-0.04785,0.79321,0.42,1.504,-0.954,ergonomis
2026-06-01 15:19:32.550,2210712006,399550,2,0.95825,-0.33179,0.13428,-1.321,0.939,0.275,ergonomis
2026-06-01 15:19:33.750,2210713206,399750,1,0.79175,-0.04712,0.77832,-0.031,1.542,-0.718,ergonomis
2026-06-01 15:19:33.750,2210713206,399750,2,0.95923,-0.34131,0.13892,-1.687,0.336,0.527,ergonomis
2026-06-01 15:19:33.980,2210713436,399980,1,0.7981,-0.04419,0.78149,1.71,1.092,-0.725,ergonomis
2026-06-01 15:19:33.980,2210713436,399980,2,0.95703,-0.33325,0.13696,-1.359,-0.069,0.641,ergonomis
2026-06-01 15:19:33.180,2210712636,400180,1,0.7915,-0.05737,0.78442,-0.008,1.977,-0.511,ergonomis
2026-06-01 15:19:33.180,2210712636,400180,2,0.94946,-0.33643,0.14282,-0.076,-0.092,0.634,ergonomis
2026-06-01 15:19:33.434,2210712890,400434,1,0.78784,-0.05151,0.79541,0.29,1.84,-0.565,ergonomis
2026-06-01 15:19:33.434,2210712890,400434,2,0.96021,-0.34595,0.13818,-1.435,0.511,0.702,ergonomis
2026-06-01 15:19:34.802,2210714258,400802,1,0.79175,-0.05737,0.79785,-0.252,1.534,-0.763,ergonomis
2026-06-01 15:19:34.802,2210714258,400802,2,0.94434,-0.3396,0.13354,-1.252,0.496,0.26,ergonomis
2026-06-01 15:19:34.091,2210713547,401091,1,0.79077,-0.05688,0.7915,-0.076,1.885,-0.916,ergonomis
2026-06-01 15:19:34.091,2210713547,401091,2,0.93359,-0.35962,0.13965,-2.374,-0.519,0.076,ergonomis
2026-06-01 15:19:36.072,2210715528,403072,1,0.7854,-0.05664,0.80322,2.015,0.794,-1.824,ergonomis
2026-06-01 15:19:36.072,2210715528,403072,2,0.95264,-0.33936,0.13696,-7.954,0.168,-0.817,ergonomis
2026-06-01 15:19:36.464,2210715920,403464,1,0.78735,-0.06616,0.78369,0.389,1.817,-0.389,ergonomis
2026-06-01 15:19:36.464,2210715920,403464,2,0.95557,-0.33862,0.13867,1.26,-0.603,0.847,ergonomis
2026-06-01 15:19:37.863,2210717319,403863,1,0.80469,-0.05518,0.78271,0.092,1.962,-1.786,ergonomis
2026-06-01 15:19:37.863,2210717319,403863,2,0.95508,-0.33911,0.14746,-3.084,1.74,0.344,ergonomis
2026-06-01 15:19:37.156,2210716612,404155,1,0.79346,-0.0459,0.78125,0.679,2.374,-1.641,ergonomis
2026-06-01 15:19:37.156,2210716612,404155,2,0.95581,-0.34253,0.13916,-0.695,-0.031,0.427,ergonomis
2026-06-01 15:19:37.575,2210717031,404575,1,0.79395,-0.03687,0.78735,-0.053,2.527,-0.313,ergonomis
2026-06-01 15:19:37.575,2210717031,404575,2,0.95654,-0.33545,0.13501,-1.122,0.55,0.435,ergonomis
2026-06-01 15:19:38.124,2210717580,405124,1,0.79248,-0.04492,0.78125,-0.076,1.969,-0.443,ergonomis
2026-06-01 15:19:38.124,2210717580,405124,2,0.95752,-0.33569,0.13916,-0.527,0.42,0.321,ergonomis
2026-06-01 15:19:38.489,2210717945,405489,1,0.79175,-0.04468,0.80005,0.107,1.473,-0.634,ergonomis
2026-06-01 15:19:38.489,2210717945,405489,2,0.94873,-0.33252,0.14282,-1.214,0.305,0.634,ergonomis
2026-06-01 15:19:39.758,2210719214,405758,1,0.79761,-0.04053,0.79028,0.412,1.992,-0.252,ergonomis
2026-06-01 15:19:39.758,2210719214,405758,2,0.96436,-0.33569,0.13403,-1.176,1.076,0.198,ergonomis
2026-06-01 15:19:39.056,2210718512,406056,1,0.79761,-0.04126,0.79028,0.756,1.901,-0.748,ergonomis
2026-06-01 15:19:39.056,2210718512,406056,2,0.94922,-0.33545,0.14917,-1.565,0.084,0.542,ergonomis
2026-06-01 15:19:39.317,2210718773,406317,1,0.79565,-0.04614,0.78516,-0.137,1.344,-0.626,ergonomis
2026-06-01 15:19:39.317,2210718773,406317,2,0.94897,-0.33618,0.13477,-1.947,0.145,0.153,ergonomis
2026-06-01 15:19:39.517,2210718973,406517,1,0.79126,-0.04395,0.78345,0.046,2.046,-0.519,ergonomis
2026-06-01 15:19:39.517,2210718973,406517,2,0.95093,-0.3418,0.14233,0.42,0.908,0.45,ergonomis
2026-06-01 15:19:40.738,2210720194,406738,1,0.7854,-0.04565,0.79346,-0.84,2.641,-0.443,ergonomis
2026-06-01 15:19:40.738,2210720194,406738,2,0.95044,-0.33765,0.15308,-1.824,-0.389,0.229,ergonomis
2026-06-01 15:19:40.970,2210720426,406969,1,0.7854,-0.04663,0.7998,1.328,2.458,0.977,ergonomis
2026-06-01 15:19:40.970,2210720426,406969,2,0.95532,-0.32983,0.14307,-1.779,0.725,0.206,ergonomis
2026-06-01 15:19:40.192,2210719648,407192,1,0.79395,-0.04614,0.79004,-1.229,2.924,-0.626,ergonomis
2026-06-01 15:19:40.192,2210719648,407192,2,0.95264,-0.32739,0.1377,-1.939,-0.229,0.672,ergonomis
2026-06-01 15:19:40.403,2210719859,407402,1,0.78906,-0.04639,0.79272,1.13,2.313,0.076,ergonomis
2026-06-01 15:19:40.403,2210719859,407402,2,0.9541,-0.33179,0.13501,-1.031,0.718,0.313,ergonomis
2026-06-01 15:19:40.602,2210720058,407602,1,0.7876,-0.05347,0.79639,-0.397,2.084,-0.809,ergonomis
2026-06-01 15:19:40.602,2210720058,407602,2,0.94922,-0.3291,0.14331,-1.718,-0.305,0.985,ergonomis
2026-06-01 15:19:41.807,2210721263,407807,1,0.80347,-0.04785,0.80664,1.664,2.221,-0.237,ergonomis
2026-06-01 15:19:41.807,2210721263,407807,2,0.95142,-0.33228,0.14282,-1.16,0.656,0.206,ergonomis
2026-06-01 15:19:41.009,2210720465,408009,1,0.78271,-0.05151,0.80054,0.168,1.237,-1.122,ergonomis
2026-06-01 15:19:41.009,2210720465,408009,2,0.95435,-0.33667,0.15015,-1.832,-0.099,0.649,ergonomis
2026-06-01 15:19:41.247,2210720703,408246,1,0.79541,-0.04907,0.79248,-0.702,2.634,-0.511,ergonomis
2026-06-01 15:19:41.247,2210720703,408246,2,0.94873,-0.3291,0.13184,-1.29,0.824,0.511,ergonomis
2026-06-01 15:19:41.446,2210720902,408446,1,0.79468,-0.052,0.79419,2.405,2.397,-0.29,ergonomis
2026-06-01 15:19:41.446,2210720902,408446,2,0.95361,-0.34082,0.13867,-2.16,0.13,0.71,ergonomis
2026-06-01 15:19:42.646,2210722102,408646,1,0.79004,-0.04785,0.7876,-0.565,2.115,-0.595,ergonomis
2026-06-01 15:19:42.646,2210722102,408646,2,0.95044,-0.33008,0.13916,-1.198,1.023,0.099,ergonomis
2026-06-01 15:19:42.846,2210722302,408846,1,0.79004,-0.05615,0.79785,0.58,1.092,-0.847,ergonomis
2026-06-01 15:19:42.846,2210722302,408846,2,0.95435,-0.33569,0.14355,-1.336,0.275,0.611,ergonomis
2026-06-01 15:19:42.046,2210721502,409046,1,0.79272,-0.0459,0.79883,0.221,1.695,-0.969,ergonomis
2026-06-01 15:19:42.046,2210721502,409046,2,0.95313,-0.33105,0.14697,-2.076,0.626,0.221,ergonomis
2026-06-01 15:19:42.246,2210721702,409246,1,0.78589,-0.05615,0.79858,0.634,1.328,-0.557,ergonomis
2026-06-01 15:19:42.246,2210721702,409246,2,0.9519,-0.33716,0.14185,-1.718,0.198,0.489,ergonomis
2026-06-01 15:19:42.446,2210721902,409446,1,0.78784,-0.05176,0.79736,0.031,1.366,-0.794,ergonomis
2026-06-01 15:19:42.446,2210721902,409446,2,0.96021,-0.32666,0.14941,-0.809,0.382,0.313,ergonomis
2026-06-01 15:19:43.646,2210723102,409646,1,0.78931,-0.04834,0.78223,-0.084,1.489,-0.45,ergonomis
2026-06-01 15:19:43.646,2210723102,409646,2,0.94604,-0.33301,0.14819,-0.26,-0.473,1.13,ergonomis
2026-06-01 15:19:43.862,2210723318,409862,1,0.78833,-0.05591,0.80103,0.481,1.511,-0.71,ergonomis
2026-06-01 15:19:43.862,2210723318,409862,2,0.95483,-0.34326,0.14404,-1.779,0.412,0.305,ergonomis
2026-06-01 15:19:43.066,2210722522,410066,1,0.7937,-0.05249,0.7832,-0.023,1.359,-0.939,ergonomis
2026-06-01 15:19:43.066,2210722522,410066,2,0.9502,-0.32886,0.146,-1.656,0.618,0.145,ergonomis
2026-06-01 15:19:43.276,2210722732,410276,1,0.77979,-0.03979,0.78662,-0.382,1.458,-0.267,ergonomis
2026-06-01 15:19:43.276,2210722732,410276,2,0.95044,-0.32861,0.13989,-0.107,-0.305,1.145,ergonomis
2026-06-01 15:19:43.476,2210722932,410476,1,0.79028,-0.05518,0.78491,0.214,1.832,-0.198,ergonomis
2026-06-01 15:19:43.476,2210722932,410476,2,0.95142,-0.33838,0.13696,-1.252,0.611,0.344,ergonomis
2026-06-01 15:19:44.756,2210724212,410756,1,0.79492,-0.05347,0.79175,0.099,2.183,-0.565,ergonomis
2026-06-01 15:19:44.756,2210724212,410756,2,0.94751,-0.33545,0.14697,-1.29,0.038,0.542,ergonomis
2026-06-01 15:19:44.966,2210724422,410965,1,0.78369,-0.0542,0.80273,0.87,2.092,-0.084,ergonomis
2026-06-01 15:19:44.966,2210724422,410965,2,0.95264,-0.33594,0.14429,-0.71,0.038,0.817,ergonomis
2026-06-01 15:19:44.165,2210723621,411165,1,0.79053,-0.05957,0.80054,0.351,1.725,-0.641,ergonomis
2026-06-01 15:19:44.165,2210723621,411165,2,0.95264,-0.33447,0.14966,-1.618,0.389,0.626,ergonomis
2026-06-01 15:19:44.377,2210723833,411377,1,0.78931,-0.05762,0.78662,-0.031,1.985,-0.641,ergonomis
2026-06-01 15:19:44.377,2210723833,411377,2,0.95581,-0.32813,0.13647,-1.573,0.664,0.336,ergonomis
2026-06-01 15:19:44.577,2210724033,411577,1,0.7981,-0.05127,0.80542,0.588,1.649,-0.534,ergonomis
2026-06-01 15:19:44.577,2210724033,411577,2,0.95654,-0.33618,0.13232,-2.573,0.244,0.237,ergonomis
2026-06-01 15:19:45.858,2210725314,411858,1,0.78491,-0.05371,0.79175,0.198,1.779,-0.901,ergonomis
2026-06-01 15:19:45.858,2210725314,411858,2,0.95654,-0.33496,0.14502,-1.45,0.573,0.618,ergonomis
2026-06-01 15:19:45.072,2210724528,412072,1,0.79053,-0.05518,0.79346,0.267,2.076,-0.366,ergonomis
2026-06-01 15:19:45.072,2210724528,412072,2,0.95459,-0.33643,0.13843,-1.71,0.107,0.481,ergonomis
2026-06-01 15:19:45.312,2210724768,412312,1,0.79053,-0.05444,0.8042,0.038,1.878,-0.992,ergonomis
2026-06-01 15:19:45.312,2210724768,412312,2,0.95728,-0.33179,0.1355,-1.221,0.366,0.588,ergonomis
2026-06-01 15:19:45.540,2210724996,412540,1,0.78442,-0.04663,0.79834,0.382,2.092,-0.42,ergonomis
2026-06-01 15:19:45.540,2210724996,412540,2,0.94849,-0.33936,0.1394,-1.031,0.863,0.55,ergonomis
2026-06-01 15:19:46.764,2210726220,412764,1,0.79248,-0.04419,0.79272,0.008,1.916,-0.649,ergonomis
2026-06-01 15:19:46.764,2210726220,412764,2,0.95044,-0.33667,0.13354,-1.58,1.046,0.191,ergonomis
2026-06-01 15:19:46.964,2210726420,412964,1,0.79321,-0.05762,0.79736,0.313,1.763,-1.031,ergonomis
2026-06-01 15:19:46.964,2210726420,412964,2,0.95752,-0.33301,0.14014,-1.824,0.328,0.458,ergonomis
2026-06-01 15:19:46.299,2210725755,413299,1,0.79663,-0.0459,0.79248,0.565,1.435,-0.542,ergonomis
2026-06-01 15:19:46.299,2210725755,413299,2,0.94849,-0.33618,0.14233,-0.763,0.229,0.557,ergonomis
2026-06-01 15:19:46.590,2210726046,413590,1,0.78101,-0.05005,0.78296,2.168,0.382,-0.061,ergonomis
2026-06-01 15:19:46.590,2210726046,413590,2,0.96191,-0.33691,0.13403,-0.298,1.069,0.275,ergonomis
2026-06-01 15:19:47.824,2210727280,413824,1,0.80444,-0.0542,0.79272,-1.908,3.817,1.107,ergonomis
2026-06-01 15:19:47.824,2210727280,413824,2,0.94556,-0.33081,0.15552,-0.405,1.359,0.519,ergonomis
2026-06-01 15:19:47.024,2210726480,414024,1,0.77783,-0.07349,0.80518,0.817,3.519,1.473,ergonomis
2026-06-01 15:19:47.024,2210726480,414024,2,0.94141,-0.3374,0.14697,-2.053,0.863,0.817,ergonomis
2026-06-01 15:19:47.224,2210726680,414224,1,0.77612,-0.07349,0.79321,1.626,2.061,0.275,ergonomis
2026-06-01 15:19:47.224,2210726680,414224,2,0.94922,-0.33643,0.1521,-1.573,-0.16,1.069,ergonomis
2026-06-01 15:19:47.424,2210726880,414424,1,0.78003,-0.073,0.79883,1.443,1.641,-0.351,ergonomis
2026-06-01 15:19:47.424,2210726880,414424,2,0.95703,-0.33105,0.14697,-1.389,0.427,0.74,ergonomis
2026-06-01 15:19:48.624,2210728080,414624,1,0.78003,-0.06665,0.80542,-0.023,1.702,-0.504,ergonomis
2026-06-01 15:19:48.624,2210728080,414624,2,0.95068,-0.33911,0.15088,-1.237,0.061,0.733,ergonomis
2026-06-01 15:19:48.824,2210728280,414824,1,0.78296,-0.06494,0.7998,0.443,0.473,-0.695,ergonomis
2026-06-01 15:19:48.824,2210728280,414824,2,0.948,-0.32788,0.14673,-1.931,0.282,0.542,ergonomis
2026-06-01 15:19:48.024,2210727480,415024,1,0.78418,-0.07275,0.79565,-0.122,1.252,-1.183,ergonomis
2026-06-01 15:19:48.024,2210727480,415024,2,0.94751,-0.33276,0.14258,-1.076,0.672,0.153,ergonomis
2026-06-01 15:19:48.224,2210727680,415224,1,0.78857,-0.0686,0.81079,0.229,2.053,-0.908,ergonomis
2026-06-01 15:19:48.224,2210727680,415224,2,0.95239,-0.3313,0.14844,-1.573,-0.023,0.038,ergonomis
2026-06-01 15:19:48.456,2210727912,415455,1,0.77295,-0.0625,0.81665,1.672,0.893,-0.565,ergonomis
2026-06-01 15:19:48.456,2210727912,415455,2,0.96045,-0.32788,0.13892,-0.718,-0.656,1.321,ergonomis
2026-06-01 15:19:49.655,2210729111,415655,1,0.78052,-0.06421,0.80835,0.252,1.863,-0.328,ergonomis
2026-06-01 15:19:49.655,2210729111,415655,2,0.95117,-0.33618,0.15381,-0.802,0.733,0.832,ergonomis
2026-06-01 15:19:49.855,2210729311,415855,1,0.77881,-0.06934,0.80493,0.015,2.122,-0.504,ergonomis
2026-06-01 15:19:49.855,2210729311,415855,2,0.948,-0.33789,0.14185,-3.611,-0.008,0.198,ergonomis
2026-06-01 15:19:49.055,2210728511,416055,1,0.78271,-0.06763,0.81079,2.16,1.74,-1.695,ergonomis
2026-06-01 15:19:49.055,2210728511,416055,2,0.95239,-0.33618,0.14844,-2.405,0.649,-0.092,ergonomis
2026-06-01 15:19:49.255,2210728711,416255,1,0.78491,-0.05591,0.80957,1.145,1.298,-0.916,ergonomis
2026-06-01 15:19:49.255,2210728711,416255,2,0.95386,-0.3252,0.14087,0.908,0.244,0.634,ergonomis
2026-06-01 15:19:49.455,2210728911,416455,1,0.77295,-0.05176,0.80127,-0.389,1.412,-0.87,ergonomis
2026-06-01 15:19:49.455,2210728911,416455,2,0.94922,-0.3335,0.14819,-1.985,-0.183,0.817,ergonomis
2026-06-01 15:19:50.655,2210730111,416655,1,0.78198,-0.05566,0.79639,0.557,1.756,-0.878,ergonomis
2026-06-01 15:19:50.655,2210730111,416655,2,0.95996,-0.33081,0.14771,-1.176,0.496,0.496,ergonomis
2026-06-01 15:19:50.855,2210730311,416855,1,0.78491,-0.0564,0.79346,0.405,1.748,-0.626,ergonomis
2026-06-01 15:19:50.855,2210730311,416855,2,0.95044,-0.32886,0.13989,-1.412,0.336,0.641,ergonomis
2026-06-01 15:19:50.055,2210729511,417055,1,0.78125,-0.05981,0.78662,1.137,2.29,-0.115,ergonomis
2026-06-01 15:19:50.055,2210729511,417055,2,0.95386,-0.32642,0.13623,-0.649,0.26,0.542,ergonomis
2026-06-01 15:19:50.255,2210729711,417255,1,0.78271,-0.05493,0.79468,1.328,2.237,-0.786,ergonomis
2026-06-01 15:19:50.255,2210729711,417255,2,0.95288,-0.33691,0.14624,-1.733,0.229,0.748,ergonomis
2026-06-01 15:19:50.455,2210729911,417455,1,0.77905,-0.06177,0.79346,0.679,2.107,-0.565,ergonomis
2026-06-01 15:19:50.455,2210729911,417455,2,0.95483,-0.3313,0.14575,-1.893,0.076,0.557,ergonomis
2026-06-01 15:19:51.655,2210731111,417655,1,0.78271,-0.05249,0.80029,0.511,1.603,-0.42,ergonomis
2026-06-01 15:19:51.655,2210731111,417655,2,0.94995,-0.32056,0.1521,-1.313,-0.382,0.695,ergonomis
2026-06-01 15:19:51.855,2210731311,417855,1,0.78296,-0.05737,0.79663,1.267,1.275,-0.718,ergonomis
2026-06-01 15:19:51.855,2210731311,417855,2,0.95044,-0.33325,0.13965,-1.023,0.069,0.702,ergonomis
2026-06-01 15:19:51.055,2210730511,418055,1,0.78613,-0.05371,0.7915,1.374,1.42,-0.336,ergonomis
2026-06-01 15:19:51.055,2210730511,418055,2,0.9563,-0.33032,0.14648,-3.237,1.0,0.038,ergonomis
2026-06-01 15:19:51.255,2210730711,418255,1,0.77734,-0.052,0.78931,0.107,2.313,-0.595,ergonomis
2026-06-01 15:19:51.255,2210730711,418255,2,0.95264,-0.33203,0.1416,-1.71,0.229,0.74,ergonomis
2026-06-01 15:19:51.455,2210730911,418455,1,0.75781,-0.23901,0.81641,27.099,13.466,-28.244,non-ergonomis
2026-06-01 15:19:51.455,2210730911,418455,2,0.97949,-0.24902,0.1106,-6.542,-1.855,-0.244,non-ergonomis
2026-06-01 15:19:52.677,2210732133,418676,1,0.54761,0.39111,0.80322,75.969,65.206,-30.275,non-ergonomis
2026-06-01 15:19:52.677,2210732133,418676,2,0.83521,-0.40576,0.09912,-18.191,-20.038,-72.672,non-ergonomis
2026-06-01 15:19:52.881,2210732337,418881,1,0.48022,0.38135,1.0957,85.13,63.603,31.328,non-ergonomis
2026-06-01 15:19:52.881,2210732337,418881,2,0.93018,0.18433,-0.00928,67.504,-32.053,-48.496,non-ergonomis
2026-06-01 15:19:52.081,2210731537,419081,1,0.26587,0.74292,0.61694,-67.588,-11.649,-54.771,non-ergonomis
2026-06-01 15:19:52.081,2210731537,419081,2,0.94556,0.14795,-0.09082,44.29,-25.695,-24.924,non-ergonomis
2026-06-01 15:19:52.281,2210731737,419281,1,0.18604,0.80469,0.92651,-76.718,-38.145,-16.237,non-ergonomis
2026-06-01 15:19:52.281,2210731737,419281,2,1.01294,0.37134,-0.20532,-23.351,-12.16,17.985,non-ergonomis
2026-06-01 15:19:52.481,2210731937,419481,1,0.37427,0.6377,0.81909,-95.435,-29.595,-9.115,non-ergonomis
2026-06-01 15:19:52.481,2210731937,419481,2,0.93311,0.25854,-0.04224,-31.046,17.527,57.939,non-ergonomis
2026-06-01 15:19:53.681,2210733137,419681,1,0.57642,0.40796,0.87036,-58.481,-34.153,10.137,non-ergonomis
2026-06-01 15:19:53.681,2210733137,419681,2,0.96313,0.01855,-0.0813,-54.748,27.023,34.878,non-ergonomis
2026-06-01 15:19:53.881,2210733337,419881,1,0.70581,0.21094,0.78149,-44.511,-23.405,11.496,non-ergonomis
2026-06-01 15:19:53.881,2210733337,419881,2,0.9585,-0.15308,-0.07446,-39.473,23.885,44.183,non-ergonomis
2026-06-01 15:19:53.081,2210732537,420081,1,0.72925,-0.11157,0.80078,-35.534,-16.328,-7.771,non-ergonomis
2026-06-01 15:19:53.081,2210732537,420081,2,0.93237,-0.30151,0.25903,-13.511,12.847,32.794,non-ergonomis
2026-06-01 15:19:53.281,2210732737,420281,1,0.7478,-0.06885,0.82349,8.924,-3.13,24.641,non-ergonomis
2026-06-01 15:19:53.281,2210732737,420281,2,0.90698,-0.38916,0.10376,22.519,6.282,29.015,non-ergonomis
2026-06-01 15:19:53.481,2210732937,420481,1,0.86035,-0.15039,0.75073,4.672,-7.863,29.229,non-ergonomis
2026-06-01 15:19:53.481,2210732937,420481,2,0.85425,-0.51392,0.18799,-3.847,-0.275,15.588,non-ergonomis
2026-06-01 15:19:54.681,2210734137,420681,1,0.8689,-0.17261,0.7439,18.374,-0.038,24.198,non-ergonomis
2026-06-01 15:19:54.681,2210734137,420681,2,0.84399,-0.44287,0.1875,41.748,-4.237,11.855,non-ergonomis
2026-06-01 15:19:54.881,2210734337,420881,1,0.81665,-0.22388,0.70483,-17.053,-3.275,-3.382,non-ergonomis
2026-06-01 15:19:54.881,2210734337,420881,2,0.93286,-0.48169,0.17432,6.427,-1.412,-9.344,non-ergonomis
2026-06-01 15:19:54.081,2210733537,421081,1,0.76636,-0.31323,0.73291,50.168,14.634,1.489,non-ergonomis
2026-06-01 15:19:54.081,2210733537,421081,2,0.86865,-0.31519,0.19727,83.588,-19.55,-13.344,non-ergonomis
2026-06-01 15:19:54.310,2210733766,421310,1,0.46533,-0.25806,0.72168,-16.282,61.046,-81.626,non-ergonomis
2026-06-01 15:19:54.310,2210733766,421310,2,1.18921,-0.40112,0.16992,-23.634,-47.313,-49.153,non-ergonomis
2026-06-01 15:19:54.555,2210734011,421555,1,0.56982,0.43872,0.90723,13.435,32.573,3.206,non-ergonomis
2026-06-01 15:19:54.555,2210734011,421555,2,1.01685,0.04053,0.01465,28.519,-0.779,-7.855,non-ergonomis
2026-06-01 15:19:55.947,2210735403,421947,1,0.52734,0.30859,0.94678,-10.084,-15.908,2.183,non-ergonomis
2026-06-01 15:19:55.947,2210735403,421947,2,0.98291,-0.13184,0.09058,-34.191,11.137,30.824,non-ergonomis
2026-06-01 15:19:55.222,2210734678,422222,1,0.73853,0.0127,0.81519,-23.382,-20.168,18.962,non-ergonomis
2026-06-01 15:19:55.222,2210734678,422222,2,0.99561,-0.30908,0.10522,-5.947,3.779,20.794,non-ergonomis
2026-06-01 15:19:55.455,2210734911,422455,1,0.81567,-0.08911,0.7876,2.244,6.115,24.046,non-ergonomis
2026-06-01 15:19:55.455,2210734911,422455,2,0.9292,-0.37183,0.1355,21.969,3.87,2.267,non-ergonomis
2026-06-01 15:19:56.655,2210736111,422655,1,0.73486,-0.09692,0.84497,-7.901,4.649,20.641,non-ergonomis
2026-06-01 15:19:56.655,2210736111,422655,2,0.97583,-0.30884,0.19165,10.901,13.672,1.198,non-ergonomis
2026-06-01 15:19:56.897,2210736353,422896,1,0.65723,-0.18799,0.89966,11.13,18.221,0.969,non-ergonomis
2026-06-01 15:19:56.897,2210736353,422896,2,0.93359,-0.33252,0.23682,8.878,4.947,-4.481,non-ergonomis
2026-06-01 15:19:56.096,2210735552,423096,1,0.58398,-0.12476,0.89746,-9.649,-4.679,1.542,non-ergonomis
2026-06-01 15:19:56.096,2210735552,423096,2,0.97412,-0.23535,0.25049,4.076,1.298,-0.298,non-ergonomis
2026-06-01 15:19:56.296,2210735752,423296,1,0.66968,-0.07959,0.88867,12.351,2.221,2.214,non-ergonomis
2026-06-01 15:19:56.296,2210735752,423296,2,0.93677,-0.33716,0.25586,11.748,-5.031,7.924,non-ergonomis
2026-06-01 15:19:57.857,2210737313,423857,1,0.67236,-0.09375,0.85059,-6.679,1.198,5.321,non-ergonomis
2026-06-01 15:19:57.857,2210737313,423857,2,0.96143,-0.29663,0.1499,12.557,-1.42,-2.71,non-ergonomis
2026-06-01 15:19:59.528,2210738984,426528,1,0.69482,-0.08447,0.85425,-6.153,11.893,0.588,non-ergonomis
2026-06-01 15:19:59.528,2210738984,426528,2,0.97583,-0.28687,0.10815,-5.618,-0.626,1.603,non-ergonomis
2026-06-01 15:20:00.041,2210739497,427041,1,0.72095,-0.0686,0.85547,0.634,3.015,-0.366,non-ergonomis
2026-06-01 15:20:00.041,2210739497,427041,2,0.96851,-0.31177,0.12598,-2.885,0.687,1.084,non-ergonomis
2026-06-01 15:20:00.535,2210739991,427535,1,0.71948,-0.07935,0.86353,-0.244,1.832,-0.427,non-ergonomis
2026-06-01 15:20:00.535,2210739991,427535,2,0.96582,-0.2998,0.12061,-0.107,0.031,0.519,non-ergonomis
2026-06-01 15:20:01.746,2210741202,427746,1,0.71826,-0.07324,0.8562,0.115,2.183,-0.458,non-ergonomis
2026-06-01 15:20:01.746,2210741202,427746,2,0.96753,-0.29956,0.12427,-2.099,0.855,0.328,non-ergonomis
2026-06-01 15:20:01.946,2210741402,427946,1,0.72778,-0.07031,0.85156,-0.198,1.504,-0.679,non-ergonomis
2026-06-01 15:20:01.946,2210741402,427946,2,0.96582,-0.29932,0.12305,-1.489,0.656,0.84,non-ergonomis
2026-06-01 15:20:01.146,2210740602,428146,1,0.71924,-0.07227,0.85034,0.588,1.84,-0.511,non-ergonomis
2026-06-01 15:20:01.146,2210740602,428146,2,0.96777,-0.31006,0.12036,-0.893,0.023,0.641,non-ergonomis
2026-06-01 15:20:01.346,2210740802,428346,1,0.71997,-0.07373,0.85986,0.084,1.863,-0.603,non-ergonomis
2026-06-01 15:20:01.346,2210740802,428346,2,0.9624,-0.30322,0.12695,-2.038,0.45,-0.061,non-ergonomis
2026-06-01 15:20:01.546,2210741002,428546,1,0.71973,-0.06738,0.86108,0.779,2.0,-1.031,non-ergonomis
2026-06-01 15:20:01.546,2210741002,428546,2,0.97021,-0.29639,0.12744,0.328,0.153,0.794,non-ergonomis
2026-06-01 15:20:02.746,2210742202,428746,1,0.71729,-0.07739,0.85791,0.305,1.771,-0.634,non-ergonomis
2026-06-01 15:20:02.746,2210742202,428746,2,0.97339,-0.3103,0.12866,-0.817,1.626,0.321,non-ergonomis
2026-06-01 15:20:02.946,2210742402,428946,1,0.7644,-0.02808,0.85864,0.092,-14.099,-6.55,non-ergonomis
2026-06-01 15:20:02.946,2210742402,428946,2,0.96167,-0.31079,0.12378,-34.687,-8.45,8.985,non-ergonomis
2026-06-01 15:20:02.146,2210741602,429146,1,0.75488,-0.00366,0.76904,-18.023,-14.473,-3.626,non-ergonomis
2026-06-01 15:20:02.146,2210741602,429146,2,0.95068,-0.32397,0.11377,-1.779,3.557,3.519,non-ergonomis
2026-06-01 15:20:02.346,2210741802,429346,1,0.8042,-0.0896,0.80908,4.878,0.267,-4.58,non-ergonomis
2026-06-01 15:20:02.346,2210741802,429346,2,0.95996,-0.37524,0.0459,-1.664,-9.435,2.099,non-ergonomis
2026-06-01 15:20:02.596,2210742052,429596,1,0.79932,-0.07642,0.77148,1.74,-3.435,-0.412,non-ergonomis
2026-06-01 15:20:02.596,2210742052,429596,2,0.9646,-0.38599,0.07373,0.489,-0.237,3.809,non-ergonomis
2026-06-01 15:20:03.871,2210743327,429871,1,0.83838,-0.08545,0.76099,-4.214,-2.771,-2.542,non-ergonomis
2026-06-01 15:20:03.871,2210743327,429871,2,0.93994,-0.3772,0.06152,1.29,-0.863,-0.321,non-ergonomis
2026-06-01 15:20:03.071,2210742527,430071,1,0.81934,-0.07837,0.74365,5.16,3.931,-0.725,non-ergonomis
2026-06-01 15:20:03.071,2210742527,430071,2,0.96582,-0.40601,0.0498,4.947,3.718,-5.0,non-ergonomis
2026-06-01 15:20:03.271,2210742727,430271,1,0.75854,-0.10913,0.79712,3.443,6.458,-4.847,non-ergonomis
2026-06-01 15:20:03.271,2210742727,430271,2,0.99414,-0.40186,0.12036,-4.947,-10.58,-7.16,non-ergonomis
2026-06-01 15:20:03.471,2210742927,430471,1,0.80713,-0.02979,0.70532,24.489,50.137,34.405,non-ergonomis
2026-06-01 15:20:03.471,2210742927,430471,2,1.05811,-0.39136,0.08105,-29.756,6.855,-11.206,non-ergonomis
2026-06-01 15:20:04.671,2210744127,430671,1,0.75317,-0.1272,0.87744,26.931,49.786,24.137,non-ergonomis
2026-06-01 15:20:04.671,2210744127,430671,2,0.93457,-0.26367,0.11548,11.504,20.092,-10.962,non-ergonomis
2026-06-01 15:20:04.871,2210744327,430871,1,0.55078,-0.13867,0.99146,-6.565,22.649,7.26,non-ergonomis
2026-06-01 15:20:04.871,2210744327,430871,2,0.9436,-0.2041,0.26099,2.107,17.282,-1.183,non-ergonomis
2026-06-01 15:20:04.114,2210743570,431113,1,0.50317,-0.22217,0.97754,-30.679,13.366,-4.771,non-ergonomis
2026-06-01 15:20:04.114,2210743570,431113,2,0.93506,-0.2146,0.3125,-12.977,4.153,-0.519,non-ergonomis
2026-06-01 15:20:04.313,2210743769,431313,1,0.51709,-0.27856,0.96924,6.969,3.947,2.962,non-ergonomis
2026-06-01 15:20:04.313,2210743769,431313,2,0.9375,-0.20947,0.2959,-1.893,5.29,0.221,non-ergonomis
2026-06-01 15:20:04.513,2210743969,431513,1,0.55518,-0.26367,0.97144,9.405,2.427,0.763,non-ergonomis
2026-06-01 15:20:04.513,2210743969,431513,2,0.94751,-0.21533,0.30786,-2.756,-0.122,3.237,non-ergonomis
2026-06-01 15:20:05.713,2210745169,431713,1,0.54541,-0.24585,0.95898,0.763,-0.229,-0.496,non-ergonomis
2026-06-01 15:20:05.713,2210745169,431713,2,0.927,-0.22144,0.28979,-1.29,1.427,1.084,non-ergonomis
2026-06-01 15:20:05.913,2210745369,431913,1,0.54785,-0.27246,0.9585,1.84,1.275,0.305,non-ergonomis
2026-06-01 15:20:05.913,2210745369,431913,2,0.93286,-0.22314,0.30835,0.305,1.565,0.084,non-ergonomis
2026-06-01 15:20:05.121,2210744577,432121,1,0.55591,-0.25439,0.95483,-2.031,-0.267,-2.519,non-ergonomis
2026-06-01 15:20:05.121,2210744577,432121,2,0.93579,-0.22607,0.29858,-0.443,-0.244,0.405,non-ergonomis
2026-06-01 15:20:05.321,2210744777,432321,1,0.55225,-0.24854,0.93237,-3.794,1.107,-3.634,non-ergonomis
2026-06-01 15:20:05.321,2210744777,432321,2,0.94336,-0.23413,0.30688,-3.336,0.992,-0.687,non-ergonomis
2026-06-01 15:20:05.527,2210744983,432527,1,0.55249,-0.24634,0.94165,0.351,2.947,-0.038,non-ergonomis
2026-06-01 15:20:05.527,2210744983,432527,2,0.92334,-0.24268,0.30591,-2.267,1.779,-1.458,non-ergonomis
2026-06-01 15:20:06.738,2210746194,432738,1,0.5813,-0.25635,0.93042,-5.84,-2.405,2.527,non-ergonomis
2026-06-01 15:20:06.738,2210746194,432738,2,0.9436,-0.25146,0.2832,10.023,-2.153,0.557,non-ergonomis
2026-06-01 15:20:06.943,2210746399,432942,1,0.56738,-0.28198,0.93506,-4.458,-3.618,16.939,non-ergonomis
2026-06-01 15:20:06.943,2210746399,432942,2,0.95264,-0.24316,0.30298,21.221,2.901,10.046,non-ergonomis
2026-06-01 15:20:06.142,2210745598,433142,1,0.48389,-0.29395,0.93677,17.985,2.58,29.26,non-ergonomis
2026-06-01 15:20:06.142,2210745598,433142,2,0.90942,,0.30957,24.359,14.145,16.893,non-ergonomis
2026-06-01 15:20:06.438,2210745894,433438,1,0.49072,-0.14868,1.02295,31.45,24.45,-23.863,non-ergonomis
2026-06-01 15:20:06.438,2210745894,433438,2,0.89429,-0.3335,0.39893,-65.855,12.389,-8.191,non-ergonomis
2026-06-01 15:20:07.638,2210747094,433638,1,0.5686,-0.31274,0.94824,-13.038,0.939,-23.725,non-ergonomis
2026-06-01 15:20:07.638,2210747094,433638,2,0.73682,-0.38184,0.46021,-43.023,15.588,-28.977,non-ergonomis
2026-06-01 15:20:07.838,2210747294,433838,1,0.47046,-0.23047,0.96582,-9.023,-0.092,-9.076,non-ergonomis
2026-06-01 15:20:07.838,2210747294,433838,2,1.00171,-0.30396,0.32959,9.214,-20.588,11.122,non-ergonomis
2026-06-01 15:20:07.089,2210746545,434089,1,0.56909,-0.15625,0.92822,-1.649,-12.481,-0.565,non-ergonomis
2026-06-01 15:20:07.089,2210746545,434089,2,0.94336,-0.2605,0.28711,-14.809,-10.786,-11.344,non-ergonomis
2026-06-01 15:20:07.301,2210746757,434301,1,0.61157,-0.06519,0.90137,7.267,-12.214,-3.595,non-ergonomis
2026-06-01 15:20:07.301,2210746757,434301,2,0.95728,-0.28125,0.20313,-6.099,2.275,3.679,non-ergonomis
2026-06-01 15:20:07.518,2210746974,434518,1,0.63623,-0.13794,0.90308,9.229,-9.924,-11.023,non-ergonomis
2026-06-01 15:20:07.518,2210746974,434518,2,1.01343,-0.29321,0.24194,-36.649,8.573,16.916,non-ergonomis
2026-06-01 15:20:08.718,2210748174,434718,1,0.65601,-0.17188,0.81592,18.863,9.092,10.053,non-ergonomis
2026-06-01 15:20:08.718,2210748174,434718,2,0.9165,-0.2876,0.23486,29.435,-2.031,-4.618,non-ergonomis
2026-06-01 15:20:08.918,2210748374,434918,1,0.64404,-0.12378,1.01636,1.069,15.206,7.435,non-ergonomis
2026-06-01 15:20:08.918,2210748374,434918,2,0.96704,-0.30811,0.16089,0.519,-4.053,-0.038,non-ergonomis
2026-06-01 15:20:08.118,2210747574,435118,1,0.64551,-0.11914,0.93555,-3.901,5.656,1.969,non-ergonomis
2026-06-01 15:20:08.118,2210747574,435118,2,0.95605,-0.26465,0.21313,4.649,3.328,-1.702,non-ergonomis
2026-06-01 15:20:08.318,2210747774,435318,1,0.58984,-0.13818,0.94141,-3.0,4.832,-0.267,non-ergonomis
2026-06-01 15:20:08.318,2210747774,435318,2,0.95264,-0.24878,0.25635,-0.985,5.557,-1.924,non-ergonomis
2026-06-01 15:20:08.574,2210748030,435574,1,0.57275,-0.14771,0.92822,0.679,5.389,0.489,non-ergonomis
2026-06-01 15:20:08.574,2210748030,435574,2,0.97632,-0.26758,0.27466,-0.076,0.015,-1.321,non-ergonomis
2026-06-01 15:20:09.797,2210749253,435796,1,0.61353,-0.14136,0.94897,-7.702,-1.45,0.55,non-ergonomis
2026-06-01 15:20:09.797,2210749253,435796,2,0.90137,-0.22925,0.23267,5.458,11.824,-2.115,non-ergonomis
2026-06-01 15:20:09.061,2210748517,436061,1,0.60547,-0.2229,0.95361,-3.763,-1.282,-3.55,non-ergonomis
2026-06-01 15:20:09.061,2210748517,436061,2,0.92163,-0.22534,0.24414,6.832,7.595,-1.305,non-ergonomis
2026-06-01 15:20:09.289,2210748745,436289,1,0.59302,-0.18726,0.94775,-5.122,-2.519,-5.221,non-ergonomis
2026-06-01 15:20:09.289,2210748745,436289,2,0.99902,-0.24146,0.40796,0.954,-7.015,0.046,non-ergonomis
2026-06-01 15:20:09.489,2210748945,436489,1,0.70337,-0.16504,0.95068,18.519,-6.321,4.641,non-ergonomis
2026-06-01 15:20:09.489,2210748945,436489,2,0.98022,-0.24268,0.30469,25.45,9.496,0.611,non-ergonomis
2026-06-01 15:20:10.689,2210750145,436689,1,0.69409,-0.15479,0.9812,11.473,4.824,1.656,non-ergonomis
2026-06-01 15:20:10.689,2210750145,436689,2,0.87378,-0.21777,0.33057,8.298,12.176,-0.58,non-ergonomis
2026-06-01 15:20:10.889,2210750345,436889,1,0.68335,-0.2085,0.98047,8.786,1.847,0.527,non-ergonomis
2026-06-01 15:20:10.889,2210750345,436889,2,0.87354,-0.19238,0.24146,7.458,4.252,0.794,non-ergonomis
2026-06-01 15:20:10.089,2210749545,437089,1,0.66699,-0.19385,0.96606,6.328,10.389,1.023,non-ergonomis
2026-06-01 15:20:10.089,2210749545,437089,2,0.88916,-0.24146,0.23364,1.267,1.931,-2.595,non-ergonomis
2026-06-01 15:20:10.289,2210749745,437289,1,0.56519,-0.20728,0.96606,4.435,12.588,1.275,non-ergonomis
2026-06-01 15:20:10.289,2210749745,437289,2,0.86279,-0.23804,0.18701,9.511,9.687,-3.267,non-ergonomis
2026-06-01 15:20:10.489,2210749945,437489,1,0.64771,-0.20166,0.91382,2.023,7.053,0.542,non-ergonomis
2026-06-01 15:20:10.489,2210749945,437489,2,0.87988,-0.1897,0.31543,13.832,0.084,-1.603,non-ergonomis
2026-06-01 15:20:11.689,2210751145,437689,1,0.62305,-0.17969,0.88916,2.183,-0.718,-0.779,non-ergonomis
2026-06-01 15:20:11.689,2210751145,437689,2,0.92847,-0.24048,0.27051,0.046,-7.916,1.115,non-ergonomis
2026-06-01 15:20:11.889,2210751345,437889,1,0.59814,-0.16138,0.94824,-1.718,0.924,-3.84,non-ergonomis
2026-06-01 15:20:11.889,2210751345,437889,2,0.94824,-0.26147,0.24438,0.809,-0.763,0.687,non-ergonomis
2026-06-01 15:20:11.089,2210750545,438089,1,0.58716,-0.17578,0.93823,-0.809,-1.55,-0.603,non-ergonomis
2026-06-01 15:20:11.089,2210750545,438089,2,0.93457,-0.30713,0.22705,-5.405,1.313,-3.878,non-ergonomis
2026-06-01 15:20:11.289,2210750745,438289,1,0.60132,-0.22266,0.9187,8.069,-8.74,5.336,non-ergonomis
2026-06-01 15:20:11.289,2210750745,438289,2,0.9126,-0.25415,0.29907,-17.427,-8.824,4.725,non-ergonomis
2026-06-01 15:20:11.489,2210750945,438489,1,0.62622,-0.15967,0.81567,3.122,-0.313,-5.763,non-ergonomis
2026-06-01 15:20:11.489,2210750945,438489,2,0.99927,-0.3125,0.15601,-15.55,14.351,-0.237,non-ergonomis
2026-06-01 15:20:12.698,2210752154,438698,1,0.67505,-0.12183,0.93555,3.473,5.786,-6.237,non-ergonomis
2026-06-01 15:20:12.698,2210752154,438698,2,0.95386,-0.33447,0.17651,18.145,0.664,-2.229,non-ergonomis
2026-06-01 15:20:12.170,2210751626,439169,1,0.63354,-0.15674,0.89624,2.985,4.626,3.885,non-ergonomis
2026-06-01 15:20:12.170,2210751626,439169,2,0.95264,-0.31519,0.26172,4.794,1.893,-4.748,non-ergonomis
2026-06-01 15:20:12.369,2210751825,439369,1,0.63208,-0.14185,0.93628,5.901,9.466,7.008,non-ergonomis
2026-06-01 15:20:12.369,2210751825,439369,2,0.94531,-0.23315,0.19531,5.817,0.901,-4.817,non-ergonomis
2026-06-01 15:20:12.569,2210752025,439569,1,0.62402,-0.12817,0.94067,1.344,1.275,-6.58,non-ergonomis
2026-06-01 15:20:12.569,2210752025,439569,2,0.97876,-0.24292,0.22827,-12.443,1.87,-1.58,non-ergonomis
2026-06-01 15:20:13.769,2210753225,439769,1,0.60718,-0.1355,0.94116,2.084,6.771,2.13,non-ergonomis
2026-06-01 15:20:13.769,2210753225,439769,2,0.9519,-0.25464,0.22534,-1.87,0.214,1.977,non-ergonomis
2026-06-01 15:20:13.969,2210753425,439969,1,0.59546,-0.13037,0.93433,-3.328,2.466,-1.328,non-ergonomis
2026-06-01 15:20:13.969,2210753425,439969,2,0.94653,-0.2561,0.24878,-4.26,1.573,1.489,non-ergonomis
2026-06-01 15:20:13.169,2210752625,440169,1,0.61963,-0.13892,0.93384,2.794,2.595,1.183,non-ergonomis
2026-06-01 15:20:13.169,2210752625,440169,2,0.95825,-0.25635,0.23755,-5.084,0.13,1.817,non-ergonomis
2026-06-01 15:20:13.369,2210752825,440369,1,0.61182,-0.14453,0.93872,-1.931,0.359,-2.229,non-ergonomis
2026-06-01 15:20:13.369,2210752825,440369,2,0.94873,-0.27051,0.23511,-0.679,-1.092,0.176,non-ergonomis
2026-06-01 15:20:13.569,2210753025,440569,1,0.61768,-0.12354,0.93213,0.908,3.802,-0.565,non-ergonomis
2026-06-01 15:20:13.569,2210753025,440569,2,0.94263,-0.26392,0.24854,-3.649,0.947,0.809,non-ergonomis
2026-06-01 15:20:14.769,2210754225,440769,1,0.6106,-0.13232,0.93262,0.267,2.786,-0.901,non-ergonomis
2026-06-01 15:20:14.769,2210754225,440769,2,0.94653,-0.27197,0.26489,-0.878,1.779,0.382,non-ergonomis
2026-06-01 15:20:14.969,2210754425,440969,1,0.6167,-0.12451,0.93262,1.137,2.0,0.718,non-ergonomis
2026-06-01 15:20:14.969,2210754425,440969,2,0.94531,-0.25928,0.25293,-0.344,0.664,0.481,non-ergonomis
2026-06-01 15:20:14.199,2210753655,441198,1,0.61475,-0.14893,0.93872,-1.244,1.145,-1.321,non-ergonomis
2026-06-01 15:20:14.199,2210753655,441198,2,0.95068,-0.26196,0.23975,0.42,0.275,0.573,non-ergonomis
2026-06-01 15:20:14.488,2210753944,441488,1,0.60864,-0.14307,0.92651,-0.389,2.397,-0.26,non-ergonomis
2026-06-01 15:20:14.488,2210753944,441488,2,0.95313,-0.25732,0.25146,-0.26,0.305,0.275,non-ergonomis
2026-06-01 15:20:15.688,2210755144,441688,1,0.61182,-0.13843,0.93481,0.206,1.771,-0.573,non-ergonomis
2026-06-01 15:20:15.688,2210755144,441688,2,0.95605,-0.26001,0.24854,-2.107,0.771,0.435,non-ergonomis
2026-06-01 15:20:15.888,2210755344,441888,1,0.61011,-0.14014,0.927,0.336,1.878,-0.328,non-ergonomis
2026-06-01 15:20:15.888,2210755344,441888,2,0.95483,-0.25757,0.24731,-3.71,0.809,0.702,non-ergonomis
2026-06-01 15:20:15.088,2210754544,442088,1,0.61694,-0.15356,0.93066,1.412,2.466,-0.282,non-ergonomis
2026-06-01 15:20:15.088,2210754544,442088,2,0.95898,-0.26196,0.25171,-2.344,0.015,0.687,non-ergonomis
2026-06-01 15:20:15.333,2210754789,442333,1,0.60718,-0.14331,0.93872,1.298,1.305,-1.115,non-ergonomis
2026-06-01 15:20:15.333,2210754789,442333,2,0.9519,-0.26294,0.24902,0.031,-0.122,-0.206,non-ergonomis
2026-06-01 15:20:15.533,2210754989,442533,1,0.60645,-0.13208,0.94653,4.954,1.969,1.481,non-ergonomis
2026-06-01 15:20:15.533,2210754989,442533,2,0.95508,-0.26025,0.23413,-0.405,-1.038,0.427,non-ergonomis
2026-06-01 15:20:16.733,2210756189,442733,1,0.62012,-0.12109,0.93311,1.412,0.931,-0.244,non-ergonomis
2026-06-01 15:20:16.733,2210756189,442733,2,0.95386,-0.2627,0.23608,-2.412,0.573,-0.229,non-ergonomis
2026-06-01 15:20:16.933,2210756389,442933,1,0.6189,-0.1377,0.93774,0.244,1.542,-1.008,non-ergonomis
2026-06-01 15:20:16.933,2210756389,442933,2,0.9541,-0.25488,0.22729,-2.191,0.496,0.023,non-ergonomis
2026-06-01 15:20:16.133,2210755589,443133,1,0.61206,-0.12207,0.94922,-0.443,1.534,-1.038,non-ergonomis
2026-06-01 15:20:16.133,2210755589,443133,2,0.95972,-0.25244,0.22998,-0.519,0.489,-0.137,non-ergonomis
2026-06-01 15:20:16.333,2210755789,443333,1,0.6123,-0.1145,0.93433,-0.153,1.122,-0.817,non-ergonomis
2026-06-01 15:20:16.333,2210755789,443333,2,0.95728,-0.25439,0.23193,-0.557,0.13,0.565,non-ergonomis
2026-06-01 15:20:16.533,2210755989,443533,1,0.60132,-0.12598,0.927,0.687,1.244,-0.557,non-ergonomis
2026-06-01 15:20:16.533,2210755989,443533,2,0.95703,-0.24561,0.23071,-0.786,0.099,0.802,non-ergonomis
2026-06-01 15:20:17.733,2210757189,443733,1,0.62256,-0.12549,0.93262,0.679,1.626,-0.863,non-ergonomis
2026-06-01 15:20:17.733,2210757189,443733,2,0.95459,-0.2583,0.23413,-0.611,0.466,0.183,non-ergonomis
2026-06-01 15:20:17.933,2210757389,443933,1,0.6062,-0.10522,0.94312,0.099,1.954,-0.939,non-ergonomis
2026-06-01 15:20:17.933,2210757389,443933,2,0.95752,-0.25513,0.23291,-1.053,0.206,0.664,non-ergonomis
2026-06-01 15:20:17.133,2210756589,444133,1,0.61206,-0.12183,0.94238,0.053,1.817,-1.015,non-ergonomis
2026-06-01 15:20:17.133,2210756589,444133,2,0.95239,-0.25684,0.23291,-1.733,0.229,0.168,non-ergonomis
2026-06-01 15:20:17.333,2210756789,444333,1,0.61108,-0.12207,0.94189,-0.374,1.42,-0.191,non-ergonomis
2026-06-01 15:20:17.333,2210756789,444333,2,0.9563,-0.25513,0.2373,-0.969,0.489,0.573,non-ergonomis
2026-06-01 15:20:17.533,2210756989,444533,1,0.62378,-0.12012,0.9397,-0.947,1.252,-0.473,non-ergonomis
2026-06-01 15:20:17.533,2210756989,444533,2,0.96069,-0.2356,0.22339,-1.901,0.855,-1.084,non-ergonomis
2026-06-01 15:20:18.733,2210758189,444733,1,0.66553,-0.12085,0.96753,-1.0,-2.145,-5.802,non-ergonomis
2026-06-01 15:20:18.733,2210758189,444733,2,0.90454,-0.25366,0.2439,4.809,5.634,-2.053,non-ergonomis
2026-06-01 15:20:18.933,2210758389,444933,1,0.61523,-0.09912,0.96021,2.344,-1.298,-0.489,non-ergonomis
2026-06-01 15:20:18.933,2210758389,444933,2,0.98657,-0.26587,0.27979,-4.382,-2.069,1.771,non-ergonomis
2026-06-01 15:20:18.133,2210757589,445133,1,0.60352,-0.12695,0.92603,-0.45,0.42,0.275,non-ergonomis
2026-06-01 15:20:18.133,2210757589,445133,2,1.0022,-0.25806,0.2561,-4.443,-6.534,2.908,non-ergonomis
2026-06-01 15:20:18.333,2210757789,445333,1,0.57861,-0.12134,0.89282,-5.183,1.412,-2.504,non-ergonomis
2026-06-01 15:20:18.333,2210757789,445333,2,0.97681,-0.25854,0.25415,-2.244,-4.947,1.313,non-ergonomis
2026-06-01 15:20:18.533,2210757989,445533,1,0.57861,-0.11182,0.87891,-2.244,1.023,-2.092,non-ergonomis
2026-06-01 15:20:18.533,2210757989,445533,2,0.98145,-0.27393,0.23926,-7.985,1.733,1.023,non-ergonomis
2026-06-01 15:20:19.733,2210759189,445733,1,0.65259,-0.12964,0.94019,1.458,0.969,-0.473,non-ergonomis
2026-06-01 15:20:19.733,2210759189,445733,2,0.94434,-0.23047,0.23145,2.366,4.183,-1.618,non-ergonomis
2026-06-01 15:20:19.933,2210759389,445933,1,0.67114,-0.12427,0.99023,0.427,-2.466,-1.969,non-ergonomis
2026-06-01 15:20:19.933,2210759389,445933,2,0.9231,-0.24731,0.23071,7.489,5.321,-1.305,non-ergonomis
2026-06-01 15:20:19.133,2210758589,446133,1,0.66211,-0.13135,0.97729,1.13,1.008,0.145,non-ergonomis
2026-06-01 15:20:19.133,2210758589,446133,2,0.9021,-0.23462,0.25317,10.023,4.656,-1.313,non-ergonomis
2026-06-01 15:20:19.333,2210758789,446333,1,0.64087,-0.13062,0.98511,4.214,4.504,2.305,non-ergonomis
2026-06-01 15:20:19.333,2210758789,446333,2,0.92432,-0.22925,0.21582,-1.55,-0.962,1.664,non-ergonomis
2026-06-01 15:20:19.547,2210759003,446547,1,0.67529,-0.11548,0.98413,8.214,3.878,0.313,non-ergonomis
2026-06-01 15:20:19.547,2210759003,446547,2,0.92383,-0.26367,0.24097,-1.809,-2.198,1.069,non-ergonomis
2026-06-01 15:20:20.747,2210760203,446747,1,0.61108,-0.10693,0.95386,0.947,3.992,-0.198,non-ergonomis
2026-06-01 15:20:20.747,2210760203,446747,2,0.93286,-0.23486,0.229,-2.824,0.443,1.191,non-ergonomis
2026-06-01 15:20:20.947,2210760403,446947,1,0.59888,-0.13745,0.92969,-0.099,2.008,-0.267,non-ergonomis
2026-06-01 15:20:20.947,2210760403,446947,2,0.97021,-0.24683,0.25732,2.397,1.611,0.359,non-ergonomis
2026-06-01 15:20:20.150,2210759606,447150,1,0.59985,-0.1311,0.92993,0.527,0.176,-0.58,non-ergonomis
2026-06-01 15:20:20.150,2210759606,447150,2,0.99561,-0.27881,0.27832,-3.84,0.42,2.107,non-ergonomis
2026-06-01 15:20:20.350,2210759806,447350,1,0.60864,-0.12915,0.91284,2.26,0.588,1.008,non-ergonomis
2026-06-01 15:20:20.350,2210759806,447350,2,0.96899,-0.27002,0.25806,1.13,1.458,-0.305,non-ergonomis
2026-06-01 15:20:20.550,2210760006,447550,1,0.60034,-0.11084,0.92578,-1.542,0.847,-1.626,non-ergonomis
2026-06-01 15:20:20.550,2210760006,447550,2,0.99683,-0.28613,0.2771,-7.084,-0.557,-0.847,non-ergonomis
2026-06-01 15:20:21.750,2210761206,447750,1,0.61157,-0.12939,0.92261,-2.511,0.313,-4.221,non-ergonomis
2026-06-01 15:20:21.750,2210761206,447750,2,0.96143,-0.2688,0.2627,-4.878,1.13,0.046,non-ergonomis
2026-06-01 15:20:21.950,2210761406,447950,1,0.62036,-0.11987,0.94336,-3.733,-0.366,-2.137,non-ergonomis
2026-06-01 15:20:21.950,2210761406,447950,2,0.95605,-0.26416,0.24121,-4.405,0.076,0.603,non-ergonomis
2026-06-01 15:20:21.150,2210760606,448150,1,0.62769,-0.12988,0.94092,-2.313,1.237,-2.29,non-ergonomis
2026-06-01 15:20:21.150,2210760606,448150,2,0.94653,-0.25879,0.2334,-0.252,0.374,-0.206,non-ergonomis
2026-06-01 15:20:21.350,2210760806,448350,1,0.61743,-0.13062,0.94946,2.221,1.252,-0.496,non-ergonomis
2026-06-01 15:20:21.350,2210760806,448350,2,0.94482,-0.24512,0.25952,-2.282,-1.389,0.863,non-ergonomis
2026-06-01 15:20:21.550,2210761006,448550,1,0.62793,-0.125,0.92285,-4.275,3.618,-2.496,non-ergonomis
2026-06-01 15:20:21.550,2210761006,448550,2,0.97583,-0.27271,0.19312,0.573,1.87,-0.076,non-ergonomis
2026-06-01 15:20:22.750,2210762206,448750,1,0.604,-0.13599,0.93799,2.275,0.366,-0.183,non-ergonomis
2026-06-01 15:20:22.750,2210762206,448750,2,0.94043,-0.23535,0.26904,-1.252,1.168,1.046,non-ergonomis
2026-06-01 15:20:22.950,2210762406,448950,1,0.61572,-0.1355,0.92944,2.664,1.84,-0.046,non-ergonomis
2026-06-01 15:20:22.950,2210762406,448950,2,0.96533,-0.26978,0.21606,-0.153,2.511,1.237,non-ergonomis
2026-06-01 15:20:22.258,2210761714,449258,1,0.62183,-0.13379,0.9458,-1.008,1.26,1.45,non-ergonomis
2026-06-01 15:20:22.258,2210761714,449258,2,0.94214,-0.25586,0.26978,-1.122,0.611,2.145,non-ergonomis
2026-06-01 15:20:22.458,2210761914,449458,1,0.61743,-0.13086,0.92896,0.55,1.534,1.389,non-ergonomis
2026-06-01 15:20:22.458,2210761914,449458,2,0.95605,-0.2793,0.22583,-0.702,-1.031,1.153,non-ergonomis
2026-06-01 15:20:23.658,2210763114,449658,1,0.60864,-0.1438,0.94751,0.855,2.786,0.29,non-ergonomis
2026-06-01 15:20:23.658,2210763114,449658,2,0.94897,-0.26099,0.24268,3.565,0.588,-2.885,non-ergonomis
2026-06-01 15:20:23.858,2210763314,449858,1,0.6001,-0.14258,0.93335,1.87,1.863,-2.351,non-ergonomis
2026-06-01 15:20:23.858,2210763314,449858,2,0.94849,-0.25293,0.25049,-3.84,-2.794,-1.069,non-ergonomis
2026-06-01 15:20:23.058,2210762514,450058,1,0.63452,-0.11108,0.94165,-3.267,2.443,-3.023,non-ergonomis
2026-06-01 15:20:23.058,2210762514,450058,2,0.95288,-0.24561,0.23706,0.634,1.221,-2.115,non-ergonomis
2026-06-01 15:20:23.258,2210762714,450258,1,0.58838,-0.13135,0.96753,-2.221,3.939,-4.038,non-ergonomis
2026-06-01 15:20:23.258,2210762714,450258,2,0.95972,-0.23779,0.25,-4.069,0.237,0.443,non-ergonomis
2026-06-01 15:20:23.458,2210762914,450458,1,0.61401,-0.11621,0.9519,0.748,2.328,-0.687,non-ergonomis
2026-06-01 15:20:23.458,2210762914,450458,2,0.96289,-0.2417,0.24097,-0.611,2.13,2.344,non-ergonomis
2026-06-01 15:20:24.658,2210764114,450658,1,0.60205,-0.14404,0.95068,-2.023,1.183,1.649,non-ergonomis
2026-06-01 15:20:24.658,2210764114,450658,2,0.93896,-0.24438,0.25171,-0.534,-1.649,5.58,non-ergonomis
2026-06-01 15:20:24.858,2210764314,450858,1,0.63672,-0.13403,0.92261,-1.206,-0.412,2.008,non-ergonomis
2026-06-01 15:20:24.858,2210764314,450858,2,0.95898,-0.27637,0.23389,-1.282,1.695,2.855,non-ergonomis
2026-06-01 15:20:24.058,2210763514,451058,1,0.61304,-0.15552,0.93896,0.557,0.878,2.718,non-ergonomis
2026-06-01 15:20:24.058,2210763514,451058,2,0.94678,-0.2644,0.26611,0.565,0.069,0.313,non-ergonomis
2026-06-01 15:20:24.258,2210763714,451258,1,0.6106,-0.15356,0.92163,-0.076,1.031,-0.908,non-ergonomis
2026-06-01 15:20:24.258,2210763714,451258,2,0.95605,-0.26196,0.23315,-0.496,-0.954,-1.221,non-ergonomis
2026-06-01 15:20:24.458,2210763914,451458,1,0.61987,-0.13721,0.93506,-2.26,0.351,-3.901,non-ergonomis
2026-06-01 15:20:24.458,2210763914,451458,2,0.95215,-0.26294,0.24341,0.076,-0.008,-1.748,non-ergonomis
2026-06-01 15:20:25.658,2210765114,451658,1,0.61255,-0.12866,0.93457,-1.305,2.031,-3.153,non-ergonomis
2026-06-01 15:20:25.658,2210765114,451658,2,0.95801,-0.24756,0.24731,-2.29,-0.015,0.015,non-ergonomis
2026-06-01 15:20:25.858,2210765314,451858,1,0.62622,-0.1355,0.92773,-2.763,2.405,-1.076,non-ergonomis
2026-06-01 15:20:25.858,2210765314,451858,2,0.95654,-0.25122,0.22314,-0.931,1.58,0.26,non-ergonomis
2026-06-01 15:20:25.058,2210764514,452058,1,0.60767,-0.14014,0.93213,0.611,1.389,0.481,non-ergonomis
2026-06-01 15:20:25.058,2210764514,452058,2,0.95972,-0.2583,0.25684,-2.939,0.328,1.237,non-ergonomis
2026-06-01 15:20:25.258,2210764714,452258,1,0.62378,-0.12891,0.94434,2.969,0.733,1.237,non-ergonomis
2026-06-01 15:20:25.258,2210764714,452258,2,0.94873,-0.26001,0.24194,-2.771,0.718,1.29,non-ergonomis
2026-06-01 15:20:25.458,2210764914,452458,1,0.61523,-0.14575,0.93579,2.168,1.649,0.412,non-ergonomis
2026-06-01 15:20:25.458,2210764914,452458,2,0.94922,-0.26685,0.23267,-3.366,0.061,0.962,non-ergonomis
2026-06-01 15:20:26.658,2210766114,452658,1,0.61353,-0.13794,0.93042,-0.611,2.015,-1.008,non-ergonomis
2026-06-01 15:20:26.658,2210766114,452658,2,0.95288,-0.26978,0.25659,0.382,-0.443,-0.061,non-ergonomis
2026-06-01 15:20:26.858,2210766314,452858,1,0.61865,-0.13135,0.92603,-0.443,1.427,-1.519,non-ergonomis
2026-06-01 15:20:26.858,2210766314,452858,2,0.95166,-0.25635,0.23877,-0.336,-0.321,0.107,non-ergonomis
2026-06-01 15:20:26.058,2210765514,453058,1,0.62207,-0.14746,0.92529,-2.061,1.489,-1.832,non-ergonomis
2026-06-01 15:20:26.058,2210765514,453058,2,0.95142,-0.26172,0.24121,-1.16,0.977,-0.183,non-ergonomis
2026-06-01 15:20:26.258,2210765714,453258,1,0.61157,-0.13135,0.9397,0.603,1.45,-0.542,non-ergonomis
2026-06-01 15:20:26.258,2210765714,453258,2,0.95703,-0.25366,0.22559,-1.221,0.351,0.672,non-ergonomis
2026-06-01 15:20:26.460,2210765916,453460,1,0.61694,-0.13916,0.93188,0.534,1.298,-0.885,non-ergonomis
2026-06-01 15:20:26.460,2210765916,453460,2,0.94995,-0.26538,0.23438,0.565,0.282,0.969,non-ergonomis
2026-06-01 15:20:27.660,2210767116,453660,1,0.61401,-0.14063,0.93188,-0.855,1.137,-1.275,non-ergonomis
2026-06-01 15:20:27.660,2210767116,453660,2,0.94824,-0.25854,0.23682,-0.191,0.267,0.634,non-ergonomis
2026-06-01 15:20:27.860,2210767316,453860,1,0.6145,-0.1416,0.92822,-0.008,1.473,-1.122,non-ergonomis
2026-06-01 15:20:27.860,2210767316,453860,2,0.95874,-0.25659,0.23853,-0.458,1.122,0.336,non-ergonomis
2026-06-01 15:20:27.060,2210766516,454060,1,0.61304,-0.13745,0.92725,-0.321,1.542,-1.076,non-ergonomis
2026-06-01 15:20:27.060,2210766516,454060,2,0.94556,-0.24756,0.24756,-1.618,0.733,0.122,non-ergonomis
2026-06-01 15:20:27.262,2210766718,454262,1,0.61597,-0.12964,0.93555,-0.405,1.641,-0.893,non-ergonomis
2026-06-01 15:20:27.262,2210766718,454262,2,0.95313,-0.25293,0.24365,0.634,0.26,0.397,non-ergonomis
2026-06-01 15:20:27.462,2210766918,454462,1,0.62012,-0.13403,0.93164,0.374,1.626,-0.649,non-ergonomis
2026-06-01 15:20:27.462,2210766918,454462,2,0.94604,-0.26221,0.24854,-1.573,1.481,0.466,non-ergonomis
2026-06-01 15:20:28.662,2210768118,454662,1,0.61865,-0.13989,0.93848,0.779,1.885,-1.0,non-ergonomis
2026-06-01 15:20:28.662,2210768118,454662,2,0.95288,-0.25146,0.2395,-2.275,1.0,0.366,non-ergonomis
2026-06-01 15:20:28.862,2210768318,454862,1,0.61816,-0.13525,0.9436,1.328,1.405,-0.153,non-ergonomis
2026-06-01 15:20:28.862,2210768318,454862,2,0.95166,-0.25146,0.25171,-1.389,0.466,0.282,non-ergonomis
2026-06-01 15:20:28.062,2210767518,455062,1,0.61597,-0.13281,0.94312,-0.038,1.527,-0.855,non-ergonomis
2026-06-01 15:20:28.062,2210767518,455062,2,0.95483,-0.25269,0.23535,-1.718,0.763,0.84,non-ergonomis
2026-06-01 15:20:28.262,2210767718,455262,1,0.61255,-0.14429,0.91772,-0.595,1.481,-0.405,non-ergonomis
2026-06-01 15:20:28.262,2210767718,455262,2,0.94824,-0.25415,0.25146,-1.206,0.458,0.328,non-ergonomis
2026-06-01 15:20:28.462,2210767918,455462,1,0.61694,-0.13892,0.93433,-1.221,1.771,-1.489,non-ergonomis
2026-06-01 15:20:28.462,2210767918,455462,2,0.94873,-0.26196,0.2417,-2.023,0.412,0.977,non-ergonomis
2026-06-01 15:20:29.662,2210769118,455662,1,0.61499,-0.14063,0.9436,-1.031,2.122,-0.916,non-ergonomis
2026-06-01 15:20:29.662,2210769118,455662,2,0.9541,-0.25049,0.24341,-5.061,1.229,0.336,non-ergonomis
2026-06-01 15:20:29.862,2210769318,455862,1,0.6106,-0.13477,0.93726,1.519,1.305,-0.809,non-ergonomis
2026-06-01 15:20:29.862,2210769318,455862,2,0.94702,-0.26685,0.23682,-3.656,0.908,0.519,non-ergonomis
2026-06-01 15:20:29.062,2210768518,456062,1,0.61938,-0.12671,0.92944,1.565,0.656,-0.191,non-ergonomis
2026-06-01 15:20:29.062,2210768518,456062,2,0.95044,-0.26587,0.24878,1.809,-0.458,0.817,non-ergonomis
2026-06-01 15:20:29.262,2210768718,456262,1,0.61426,-0.13525,0.92505,-1.71,1.916,-0.817,non-ergonomis
2026-06-01 15:20:29.262,2210768718,456262,2,0.95483,-0.25732,0.23853,-0.901,0.519,-0.183,non-ergonomis
2026-06-01 15:20:29.483,2210768939,456483,1,0.62598,-0.13843,0.92871,-0.634,1.939,-1.603,non-ergonomis
2026-06-01 15:20:29.483,2210768939,456483,2,0.94043,-0.26563,0.2334,-1.336,0.687,-0.023,non-ergonomis
2026-06-01 15:20:30.683,2210770139,456683,1,0.62012,-0.13306,0.93652,-0.305,2.634,-0.527,non-ergonomis
2026-06-01 15:20:30.683,2210770139,456683,2,0.95239,-0.26172,0.23901,-0.832,-0.008,-0.099,non-ergonomis
2026-06-01 15:20:30.900,2210770356,456900,1,0.61938,-0.1438,0.94214,-0.489,1.595,-0.611,non-ergonomis
2026-06-01 15:20:30.900,2210770356,456900,2,0.95532,-0.25562,0.24219,-1.275,-0.076,0.412,non-ergonomis
2026-06-01 15:20:30.100,2210769556,457100,1,0.62183,-0.12573,0.93018,0.641,2.076,-0.336,non-ergonomis
2026-06-01 15:20:30.100,2210769556,457100,2,0.95215,-0.2644,0.24878,-0.824,0.351,0.695,non-ergonomis
2026-06-01 15:20:30.322,2210769778,457322,1,0.61157,-0.13477,0.92944,1.099,0.389,-0.595,non-ergonomis
2026-06-01 15:20:30.322,2210769778,457322,2,0.95044,-0.25977,0.2417,-1.641,0.427,0.55,non-ergonomis
2026-06-01 15:20:30.561,2210770017,457561,1,0.6189,-0.1355,0.93774,0.481,2.061,-0.802,non-ergonomis
2026-06-01 15:20:30.561,2210770017,457561,2,0.95068,-0.25708,0.22632,-1.015,0.244,0.435,non-ergonomis
2026-06-01 15:20:31.797,2210771253,457797,1,0.63086,-0.13403,0.9397,-0.13,1.374,-1.74,non-ergonomis
2026-06-01 15:20:31.797,2210771253,457797,2,0.94507,-0.26172,0.24634,-0.702,1.473,0.481,non-ergonomis
2026-06-01 15:20:31.027,2210770483,458027,1,0.61743,-0.12451,0.93799,0.588,1.802,-0.618,non-ergonomis
2026-06-01 15:20:31.027,2210770483,458027,2,0.95166,-0.26416,0.2417,-1.237,0.466,0.344,non-ergonomis
2026-06-01 15:20:31.337,2210770793,458337,1,0.62036,-0.1355,0.927,-0.427,2.221,-0.504,non-ergonomis
2026-06-01 15:20:31.337,2210770793,458337,2,0.94922,-0.25684,0.24463,-0.16,0.153,0.901,non-ergonomis
2026-06-01 15:20:32.758,2210772214,458758,1,0.61987,-0.13916,0.93652,0.847,2.534,-0.489,non-ergonomis
2026-06-01 15:20:32.758,2210772214,458758,2,0.94922,-0.25366,0.24121,-0.718,0.374,0.321,non-ergonomis
2026-06-01 15:20:32.976,2210772432,458976,1,0.61841,-0.13721,0.93286,-0.374,2.252,-0.435,non-ergonomis
2026-06-01 15:20:32.976,2210772432,458976,2,0.95703,-0.25244,0.24829,-1.053,0.573,0.595,non-ergonomis
2026-06-01 15:20:32.272,2210771728,459272,1,0.61865,-0.13672,0.92847,0.847,2.389,0.191,non-ergonomis
2026-06-01 15:20:32.272,2210771728,459272,2,0.94995,-0.25171,0.24976,-3.573,1.16,-0.008,non-ergonomis
2026-06-01 15:20:33.847,2210773303,459847,1,0.6189,-0.12866,0.92529,1.13,1.344,-0.84,non-ergonomis
2026-06-01 15:20:33.847,2210773303,459847,2,0.94873,-0.25659,0.24023,-2.26,0.779,0.366,non-ergonomis
2026-06-01 15:20:33.311,2210772767,460311,1,0.61792,-0.13135,0.93579,0.412,2.061,-0.282,non-ergonomis
2026-06-01 15:20:33.311,2210772767,460311,2,0.948,-0.25806,0.24512,-0.855,-0.351,0.55,non-ergonomis
2026-06-01 15:20:34.832,2210774288,460832,1,0.62036,-0.13232,0.93115,0.29,1.618,-0.954,non-ergonomis
2026-06-01 15:20:34.832,2210774288,460832,2,0.95288,-0.25781,0.24512,-1.634,0.267,0.42,non-ergonomis
2026-06-01 15:20:34.032,2210773488,461032,1,0.61792,-0.1438,0.93677,1.824,0.969,-0.206,non-ergonomis
2026-06-01 15:20:34.032,2210773488,461032,2,0.95581,-0.26465,0.22974,-1.435,-0.656,0.176,non-ergonomis
2026-06-01 15:20:34.232,2210773688,461232,1,0.625,-0.1272,0.94165,-1.053,2.061,-1.168,non-ergonomis
2026-06-01 15:20:34.232,2210773688,461232,2,0.94873,-0.25757,0.23657,-1.427,0.389,0.511,non-ergonomis
2026-06-01 15:20:34.432,2210773888,461432,1,0.61304,-0.13037,0.93262,1.206,2.618,-0.748,non-ergonomis
2026-06-01 15:20:34.432,2210773888,461432,2,0.94727,-0.25977,0.24194,-1.542,0.198,1.16,non-ergonomis
2026-06-01 15:20:35.632,2210775088,461632,1,0.61792,-0.13647,0.94971,-0.771,1.893,-0.359,non-ergonomis
2026-06-01 15:20:35.632,2210775088,461632,2,0.95117,-0.26392,0.2478,-0.84,-0.695,1.023,non-ergonomis
2026-06-01 15:20:35.832,2210775288,461832,1,0.61768,-0.12988,0.94116,2.313,1.466,-0.229,non-ergonomis
2026-06-01 15:20:35.832,2210775288,461832,2,0.94409,-0.26196,0.22998,-1.282,-1.26,1.458,non-ergonomis
2026-06-01 15:20:35.032,2210774488,462032,1,0.63672,-0.13306,0.92676,1.221,1.382,0.588,non-ergonomis
2026-06-01 15:20:35.032,2210774488,462032,2,0.95044,-0.26196,0.23193,0.527,0.305,0.214,non-ergonomis
2026-06-01 15:20:35.232,2210774688,462232,1,0.62598,-0.13062,0.91968,1.359,2.053,-0.466,non-ergonomis
2026-06-01 15:20:35.232,2210774688,462232,2,0.95361,-0.25928,0.22974,-0.046,0.229,-0.092,non-ergonomis
2026-06-01 15:20:35.432,2210774888,462432,1,0.62183,-0.13037,0.95068,-0.458,1.244,-1.969,non-ergonomis
2026-06-01 15:20:35.432,2210774888,462432,2,0.94507,-0.25684,0.22559,-1.687,0.802,-0.359,non-ergonomis
2026-06-01 15:20:36.632,2210776088,462632,1,0.62476,-0.12451,0.92554,-1.015,2.145,-0.573,non-ergonomis
2026-06-01 15:20:36.632,2210776088,462632,2,0.95483,-0.26099,0.21558,-1.0,0.947,-0.023,non-ergonomis
2026-06-01 15:20:36.832,2210776288,462832,1,0.61816,-0.13037,0.93579,1.855,2.992,0.137,non-ergonomis
2026-06-01 15:20:36.832,2210776288,462832,2,0.96631,-0.26929,0.22607,-0.954,-0.267,1.053,non-ergonomis
2026-06-01 15:20:36.039,2210775495,463039,1,0.625,-0.1311,0.93042,-0.603,1.42,-0.74,non-ergonomis
2026-06-01 15:20:36.039,2210775495,463039,2,0.94849,-0.25098,0.23071,-1.718,0.374,0.557,non-ergonomis
2026-06-01 15:20:36.239,2210775695,463239,1,0.62329,-0.13403,0.9292,-0.153,1.061,-1.313,non-ergonomis
2026-06-01 15:20:36.239,2210775695,463239,2,0.95386,-0.25928,0.23193,-0.412,0.267,0.214,non-ergonomis
2026-06-01 15:20:36.439,2210775895,463439,1,0.61792,-0.12671,0.92969,0.901,2.153,-0.473,non-ergonomis
2026-06-01 15:20:36.439,2210775895,463439,2,0.94995,-0.2605,0.23779,0.641,0.565,0.649,non-ergonomis
2026-06-01 15:20:37.717,2210777173,463717,1,0.61987,-0.13599,0.93433,-1.229,-0.107,-1.611,non-ergonomis
2026-06-01 15:20:37.717,2210777173,463717,2,0.95215,-0.26611,0.2334,-0.908,0.137,0.473,non-ergonomis
2026-06-01 15:20:37.917,2210777373,463917,1,0.62158,-0.12891,0.93188,0.954,1.489,-1.29,non-ergonomis
2026-06-01 15:20:37.917,2210777373,463917,2,0.9541,-0.26245,0.23096,-3.427,1.0,0.168,non-ergonomis
2026-06-01 15:20:37.117,2210776573,464117,1,0.62451,-0.13428,0.92358,1.153,0.611,0.191,non-ergonomis
2026-06-01 15:20:37.117,2210776573,464117,2,0.94336,-0.25977,0.23071,-2.183,0.511,0.191,non-ergonomis
2026-06-01 15:20:37.317,2210776773,464317,1,0.63135,-0.11987,0.92212,1.107,1.55,-0.977,non-ergonomis
2026-06-01 15:20:37.317,2210776773,464317,2,0.9541,-0.26025,0.24316,4.344,1.649,0.641,non-ergonomis
2026-06-01 15:20:38.671,2210778127,464671,1,0.62598,-0.1355,0.93091,0.061,2.962,0.206,non-ergonomis
2026-06-01 15:20:38.671,2210778127,464671,2,0.94556,-0.24536,0.25464,-1.84,0.893,0.29,non-ergonomis
2026-06-01 15:20:38.080,2210777536,465080,1,0.61572,-0.13574,0.93823,-0.214,1.847,-1.328,non-ergonomis
2026-06-01 15:20:38.080,2210777536,465080,2,0.95581,-0.24585,0.2522,-2.626,-0.275,0.389,non-ergonomis
2026-06-01 15:20:38.551,2210778007,465551,1,0.6167,-0.12817,0.93555,0.924,2.0,-0.26,non-ergonomis
2026-06-01 15:20:38.551,2210778007,465551,2,0.95459,-0.25562,0.24634,-2.26,-0.214,0.611,non-ergonomis
2026-06-01 15:20:39.952,2210779408,465952,1,0.61841,-0.13672,0.94653,0.466,1.069,-1.771,non-ergonomis
2026-06-01 15:20:39.952,2210779408,465952,2,0.9458,-0.2627,0.24292,0.542,0.321,0.763,non-ergonomis
2026-06-01 15:20:39.341,2210778797,466341,1,0.61841,-0.14575,0.92603,-0.893,0.397,-1.466,non-ergonomis
2026-06-01 15:20:39.341,2210778797,466341,2,0.95044,-0.25977,0.25293,-4.229,1.656,0.58,non-ergonomis
2026-06-01 15:20:40.811,2210780267,466811,1,0.6167,-0.13721,0.92358,-0.878,2.023,-2.008,non-ergonomis
2026-06-01 15:20:40.811,2210780267,466811,2,0.95435,-0.24561,0.2373,-1.176,0.176,0.588,non-ergonomis
2026-06-01 15:20:40.133,2210779589,467133,1,0.61743,-0.14893,0.95386,0.779,1.176,-0.893,non-ergonomis
2026-06-01 15:20:40.133,2210779589,467133,2,0.94873,-0.25122,0.24707,-1.802,0.74,0.328,non-ergonomis
2026-06-01 15:20:40.404,2210779860,467404,1,0.61792,-0.13208,0.92871,0.87,1.954,-0.359,non-ergonomis
2026-06-01 15:20:40.404,2210779860,467404,2,0.95752,-0.2561,0.24121,-1.344,0.672,0.656,non-ergonomis
2026-06-01 15:20:40.604,2210780060,467604,1,0.62085,-0.14233,0.92993,0.71,1.382,-0.344,non-ergonomis
2026-06-01 15:20:40.604,2210780060,467604,2,0.9519,-0.24243,0.24316,-1.107,0.405,0.924,non-ergonomis
2026-06-01 15:20:41.861,2210781317,467861,1,0.62109,-0.13281,0.93286,0.267,2.237,-0.397,non-ergonomis
2026-06-01 15:20:41.861,2210781317,467861,2,0.9502,-0.25513,0.24023,-1.954,-0.115,0.588,non-ergonomis
2026-06-01 15:20:41.061,2210780517,468061,1,0.6228,-0.13184,0.93018,0.221,1.863,-0.74,non-ergonomis
2026-06-01 15:20:41.061,2210780517,468061,2,0.95508,-0.26099,0.24829,-1.511,0.504,0.58,non-ergonomis
2026-06-01 15:20:41.303,2210780759,468303,1,0.6123,-0.14478,0.93359,0.16,2.137,-0.527,non-ergonomis
2026-06-01 15:20:41.303,2210780759,468303,2,0.95654,-0.24927,0.25293,-1.443,0.198,0.527,non-ergonomis
2026-06-01 15:20:41.513,2210780969,468513,1,0.62695,-0.13672,0.94434,0.313,1.634,-0.626,non-ergonomis
2026-06-01 15:20:41.513,2210780969,468513,2,0.95386,-0.25195,0.24023,-1.176,0.443,0.382,non-ergonomis
2026-06-01 15:20:42.713,2210782169,468713,1,0.62134,-0.12769,0.92969,0.359,1.725,,non-ergonomis
2026-06-01 15:20:42.713,2210782169,468713,2,0.95239,-0.25464,0.24121,-0.641,1.061,0.374,non-ergonomis
2026-06-01 15:20:42.913,2210782369,468913,1,0.62891,-0.13965,0.93921,0.443,1.473,-0.71,non-ergonomis
2026-06-01 15:20:42.913,2210782369,468913,2,0.95361,-0.24243,0.24023,-2.763,0.809,0.542,non-ergonomis
2026-06-01 15:20:42.113,2210781569,469113,1,0.60864,-0.12524,0.94946,5.412,2.84,0.458,non-ergonomis
2026-06-01 15:20:42.113,2210781569,469113,2,0.95386,-0.24902,0.24023,-5.26,0.298,0.679,non-ergonomis
2026-06-01 15:20:42.313,2210781769,469313,1,0.61694,-0.12085,0.92432,3.458,2.244,1.099,non-ergonomis
2026-06-01 15:20:42.313,2210781769,469313,2,0.95142,-0.25781,0.24072,-3.878,0.664,0.847,non-ergonomis
2026-06-01 15:20:42.513,2210781969,469513,1,0.62207,-0.12183,0.93408,-1.664,1.908,0.26,non-ergonomis
2026-06-01 15:20:42.513,2210781969,469513,2,0.94604,-0.24878,0.24634,0.748,0.092,0.916,non-ergonomis
2026-06-01 15:20:43.713,2210783169,469713,1,0.61499,-0.12305,0.92822,0.344,1.87,-0.885,non-ergonomis
2026-06-01 15:20:43.713,2210783169,469713,2,0.95313,-0.25684,0.24023,-0.229,0.527,0.298,non-ergonomis
2026-06-01 15:20:43.949,2210783405,469949,1,0.61938,-0.12305,0.92114,-0.718,1.794,-1.504,non-ergonomis
2026-06-01 15:20:43.949,2210783405,469949,2,0.95459,-0.25439,0.23877,-1.237,0.511,0.023,non-ergonomis
2026-06-01 15:20:43.154,2210782610,470154,1,0.62402,-0.13184,0.93604,-1.038,1.702,-1.267,non-ergonomis
2026-06-01 15:20:43.154,2210782610,470154,2,0.95166,-0.2583,0.23535,-0.931,0.29,0.16,non-ergonomis
2026-06-01 15:20:43.449,2210782905,470449,1,0.62573,-0.12769,0.90894,0.031,2.763,-0.107,non-ergonomis
2026-06-01 15:20:43.449,2210782905,470449,2,0.95532,-0.25415,0.23633,-0.771,0.42,0.863,non-ergonomis
2026-06-01 15:20:44.714,2210784170,470714,1,0.62354,-0.12988,0.93384,-0.901,1.977,-0.992,non-ergonomis
2026-06-01 15:20:44.714,2210784170,470714,2,0.95386,-0.24951,0.23804,-1.198,0.489,0.55,non-ergonomis
2026-06-01 15:20:44.935,2210784391,470935,1,0.61865,-0.13306,0.92603,-0.107,2.191,-0.695,non-ergonomis
2026-06-01 15:20:44.935,2210784391,470935,2,0.95776,-0.25537,0.24194,-0.916,0.282,0.252,non-ergonomis
2026-06-01 15:20:44.135,2210783591,471135,1,0.61572,-0.1333,0.9314,0.237,1.885,-0.916,non-ergonomis
2026-06-01 15:20:44.135,2210783591,471135,2,0.95239,-0.25293,0.23315,-0.664,0.489,0.649,non-ergonomis
2026-06-01 15:20:44.335,2210783791,471335,1,0.61816,-0.12622,0.9292,-3.344,1.802,-1.42,non-ergonomis
2026-06-01 15:20:44.335,2210783791,471335,2,0.96509,-0.25269,0.23145,-0.397,0.733,0.26,non-ergonomis
2026-06-01 15:20:44.535,2210783991,471535,1,0.60767,-0.13525,0.9375,1.557,1.344,-0.405,non-ergonomis
2026-06-01 15:20:44.535,2210783991,471535,2,0.94727,-0.25952,0.24463,-1.794,0.504,0.382,non-ergonomis
2026-06-01 15:20:45.735,2210785191,471735,1,0.62817,-0.13428,0.93774,-0.214,1.45,-0.977,non-ergonomis
2026-06-01 15:20:45.735,2210785191,471735,2,0.95874,-0.24829,0.24121,-0.565,0.702,0.069,non-ergonomis
2026-06-01 15:20:45.935,2210785391,471935,1,0.62622,-0.13354,0.92993,2.137,2.206,,non-ergonomis
2026-06-01 15:20:45.935,2210785391,471935,2,0.95068,-0.24536,0.23828,-1.359,0.26,0.321,non-ergonomis
2026-06-01 15:20:45.143,2210784599,472143,1,0.61548,-0.13647,0.93091,0.252,1.74,-0.397,non-ergonomis
2026-06-01 15:20:45.143,2210784599,472143,2,0.95947,-0.25244,0.23486,-1.634,0.031,0.656,non-ergonomis
2026-06-01 15:20:45.350,2210784806,472350,1,0.62134,-0.13696,0.92993,0.42,1.809,-0.595,non-ergonomis
2026-06-01 15:20:45.350,2210784806,472350,2,0.95483,-0.23999,0.24023,-1.74,0.756,0.053,non-ergonomis
2026-06-01 15:20:45.610,2210785066,472609,1,0.60669,-0.14185,0.94238,0.389,1.847,-0.74,non-ergonomis
2026-06-01 15:20:45.610,2210785066,472609,2,0.95825,-0.25464,0.23779,-1.969,0.053,0.252,non-ergonomis
2026-06-01 15:20:46.884,2210786340,472884,1,0.61743,-0.13672,0.93335,-1.0,2.031,-0.916,non-ergonomis
2026-06-01 15:20:46.884,2210786340,472884,2,0.95239,-0.24854,0.23633,-1.137,0.122,0.58,non-ergonomis
2026-06-01 15:20:46.107,2210785563,473107,1,0.63232,-0.13403,0.9248,0.511,2.267,-0.58,non-ergonomis
2026-06-01 15:20:46.107,2210785563,473107,2,0.95898,-0.24683,0.23511,-1.366,0.008,1.038,non-ergonomis
2026-06-01 15:20:46.307,2210785763,473307,1,0.61572,-0.13989,0.94385,2.321,1.985,-0.137,non-ergonomis
2026-06-01 15:20:46.307,2210785763,473307,2,0.95581,-0.24561,0.23828,-0.137,1.008,0.344,non-ergonomis
2026-06-01 15:20:46.507,2210785963,473507,1,0.61597,-0.13403,0.93433,1.351,2.183,-0.359,non-ergonomis
2026-06-01 15:20:46.507,2210785963,473507,2,0.95117,-0.2478,0.23364,-2.206,0.046,0.55,non-ergonomis
2026-06-01 15:20:47.707,2210787163,473707,1,0.62622,-0.13208,0.92969,1.191,2.557,-0.015,non-ergonomis
2026-06-01 15:20:47.707,2210787163,473707,2,0.94946,-0.24829,0.23145,-0.977,0.221,0.794,non-ergonomis
2026-06-01 15:20:47.907,2210787363,473907,1,0.62476,-0.13647,0.9397,-0.282,0.962,-1.16,non-ergonomis
2026-06-01 15:20:47.907,2210787363,473907,2,0.9624,-0.25171,0.23804,-0.733,0.053,0.527,non-ergonomis
2026-06-01 15:20:47.107,2210786563,474107,1,0.62476,-0.14038,0.93457,-0.328,1.901,-0.588,non-ergonomis
2026-06-01 15:20:47.107,2210786563,474107,2,0.95435,-0.24683,0.23462,-0.679,0.565,0.061,non-ergonomis
2026-06-01 15:20:47.307,2210786763,474307,1,0.61792,-0.13208,0.92529,0.817,2.84,-0.611,non-ergonomis
2026-06-01 15:20:47.307,2210786763,474307,2,0.9458,-0.24902,0.23877,-1.145,0.229,0.481,non-ergonomis
2026-06-01 15:20:47.507,2210786963,474507,1,0.61768,-0.13672,0.93384,-0.588,2.282,-0.397,non-ergonomis
2026-06-01 15:20:47.507,2210786963,474507,2,0.95313,-0.25171,0.24561,-2.237,0.191,0.366,non-ergonomis
2026-06-01 15:20:48.737,2210788193,474737,1,0.61841,-0.13086,0.93311,0.504,1.0,-0.71,non-ergonomis
2026-06-01 15:20:48.737,2210788193,474737,2,0.95215,-0.24609,0.23462,-1.366,0.55,0.412,non-ergonomis
2026-06-01 15:20:48.975,2210788431,474975,1,0.61279,-0.13037,0.93433,2.321,1.725,-0.542,non-ergonomis
2026-06-01 15:20:48.975,2210788431,474975,2,0.95264,-0.25366,0.23413,-2.718,0.802,0.351,non-ergonomis
2026-06-01 15:20:48.175,2210787631,475175,1,0.625,-0.13574,0.93213,2.58,1.45,-0.29,non-ergonomis
2026-06-01 15:20:48.175,2210787631,475175,2,0.94385,-0.25391,0.24219,-3.443,0.405,0.466,non-ergonomis
2026-06-01 15:20:48.383,2210787839,475383,1,0.61792,-0.12451,0.93774,1.313,1.588,-0.511,non-ergonomis
2026-06-01 15:20:48.383,2210787839,475383,2,0.94434,-0.25659,0.23511,-3.779,0.45,0.153,non-ergonomis
2026-06-01 15:20:48.583,2210788039,475583,1,0.61646,-0.12671,0.93286,0.87,1.328,-0.641,non-ergonomis
2026-06-01 15:20:48.583,2210788039,475583,2,0.94971,-0.25342,0.23901,-1.969,0.145,0.336,non-ergonomis
2026-06-01 15:20:49.783,2210789239,475783,1,0.61841,-0.12891,0.93726,0.687,1.504,-0.916,non-ergonomis
2026-06-01 15:20:49.783,2210789239,475783,2,0.94971,-0.26001,0.22485,-3.282,0.359,0.046,non-ergonomis
2026-06-01 15:20:49.031,2210788487,476030,1,0.62939,-0.11865,0.92383,0.489,0.847,-1.183,non-ergonomis
2026-06-01 15:20:49.031,2210788487,476030,2,0.95581,-0.25269,0.23486,-1.748,1.321,0.298,non-ergonomis
2026-06-01 15:20:49.230,2210788686,476230,1,0.62183,-0.12183,0.93286,1.0,0.611,-0.855,non-ergonomis
2026-06-01 15:20:49.230,2210788686,476230,2,0.95215,-0.25293,0.2356,-3.962,0.87,-0.015,non-ergonomis
2026-06-01 15:20:49.459,2210788915,476458,1,0.63818,-0.11328,0.91675,0.618,0.435,-0.443,non-ergonomis
2026-06-01 15:20:49.459,2210788915,476458,2,0.95752,-0.24634,0.24561,-2.16,1.244,0.359,non-ergonomis
2026-06-01 15:20:50.658,2210790114,476658,1,0.61743,-0.12451,0.9231,-1.305,2.511,-0.053,non-ergonomis
2026-06-01 15:20:50.658,2210790114,476658,2,0.94482,-0.27173,0.24634,-0.221,0.344,0.626,non-ergonomis
2026-06-01 15:20:50.869,2210790325,476868,1,0.61792,-0.12744,0.92236,-0.214,2.427,-0.557,non-ergonomis
2026-06-01 15:20:50.869,2210790325,476868,2,0.9458,-0.25171,0.24683,-0.153,0.229,0.611,non-ergonomis
2026-06-01 15:20:50.068,2210789524,477068,1,0.62769,-0.11841,0.92285,0.198,1.939,-0.679,non-ergonomis
2026-06-01 15:20:50.068,2210789524,477068,2,0.95288,-0.25659,0.24121,-0.099,0.13,0.763,non-ergonomis
2026-06-01 15:20:50.268,2210789724,477268,1,0.61353,-0.12231,0.92603,-0.626,2.069,-0.412,non-ergonomis
2026-06-01 15:20:50.268,2210789724,477268,2,0.94849,-0.25684,0.23364,-1.031,0.473,0.496,non-ergonomis
2026-06-01 15:20:50.499,2210789955,477499,1,0.62476,-0.12695,0.94141,0.458,1.412,-1.084,non-ergonomis
2026-06-01 15:20:50.499,2210789955,477499,2,0.9585,-0.25781,0.24097,-1.489,-0.053,0.763,non-ergonomis
2026-06-01 15:20:51.718,2210791174,477718,1,0.62305,-0.11523,0.92749,1.176,1.511,-0.458,non-ergonomis
2026-06-01 15:20:51.718,2210791174,477718,2,0.95508,-0.26392,0.2478,-1.328,0.412,0.725,non-ergonomis
2026-06-01 15:20:51.925,2210791381,477925,1,0.63281,-0.12793,0.93823,1.359,2.336,-0.237,non-ergonomis
2026-06-01 15:20:51.925,2210791381,477925,2,0.95532,-0.24951,0.23462,-1.847,0.687,0.473,non-ergonomis
2026-06-01 15:20:51.573,2210791029,478573,1,0.62842,-0.12061,0.94067,-0.053,1.0,-0.802,non-ergonomis
2026-06-01 15:20:51.573,2210791029,478573,2,0.95337,-0.26221,0.24146,-1.672,0.237,0.336,non-ergonomis
2026-06-01 15:20:55.643,2210795099,481643,1,0.6167,-0.13232,0.92432,-0.061,2.053,-0.183,non-ergonomis
2026-06-01 15:20:55.643,2210795099,481643,2,0.95337,-0.24829,0.24341,-0.908,0.985,0.359,non-ergonomis
2026-06-01 15:20:55.964,2210795420,481963,1,0.61963,-0.13306,0.94409,-0.519,1.168,-0.687,non-ergonomis
2026-06-01 15:20:55.964,2210795420,481963,2,0.95825,-0.25659,0.24023,-1.176,0.748,0.305,non-ergonomis
2026-06-01 15:20:55.292,2210794748,482292,1,0.6272,-0.13623,0.93042,-0.275,1.595,-0.573,non-ergonomis
2026-06-01 15:20:55.292,2210794748,482292,2,0.95313,-0.24976,0.24316,-2.099,-0.198,0.435,non-ergonomis
2026-06-01 15:20:56.648,2210796104,482648,1,0.62573,-0.13281,0.92603,0.931,1.74,-0.557,non-ergonomis
2026-06-01 15:20:56.648,2210796104,482648,2,0.96338,-0.25415,0.24243,-1.29,-0.099,0.45,non-ergonomis
2026-06-01 15:20:56.941,2210796397,482941,1,0.6228,-0.13452,0.92651,1.16,2.015,-0.412,non-ergonomis
2026-06-01 15:20:56.941,2210796397,482941,2,0.95288,-0.25244,0.23633,-0.687,0.809,0.427,non-ergonomis
2026-06-01 15:20:56.201,2210795657,483201,1,0.61768,-0.13623,0.92871,0.557,2.137,0.015,non-ergonomis
2026-06-01 15:20:56.201,2210795657,483201,2,0.95679,-0.24976,0.25024,-0.916,0.244,0.42,non-ergonomis
2026-06-01 15:20:56.472,2210795928,483472,1,0.6167,-0.13232,0.92944,0.557,1.779,-0.748,non-ergonomis
2026-06-01 15:20:56.472,2210795928,483472,2,0.94849,-0.25244,0.25342,-0.725,0.145,0.603,non-ergonomis
2026-06-01 15:20:57.704,2210797160,483704,1,0.61548,-0.13892,0.92822,0.29,1.397,-0.527,non-ergonomis
2026-06-01 15:20:57.704,2210797160,483704,2,0.9458,-0.25391,0.24561,-1.496,0.099,0.481,non-ergonomis
2026-06-01 15:20:57.904,2210797360,483904,1,0.6228,-0.13623,0.94092,0.023,2.023,-0.695,non-ergonomis
2026-06-01 15:20:57.904,2210797360,483904,2,0.95581,-0.25415,0.2395,-1.16,0.313,0.427,non-ergonomis
2026-06-01 15:20:57.104,2210796560,484104,1,0.61865,-0.1355,0.93311,0.382,2.122,-0.389,non-ergonomis
2026-06-01 15:20:57.104,2210796560,484104,2,0.95142,-0.24609,0.24268,-1.74,0.534,0.481,non-ergonomis
2026-06-01 15:20:57.304,2210796760,484304,1,0.61255,-0.13452,0.93506,0.649,1.504,-0.076,non-ergonomis
2026-06-01 15:20:57.304,2210796760,484304,2,0.95239,-0.2561,0.24927,-1.763,0.336,0.534,non-ergonomis
2026-06-01 15:20:57.504,2210796960,484504,1,0.61768,-0.13477,0.93457,0.221,2.046,-0.282,non-ergonomis
2026-06-01 15:20:57.504,2210796960,484504,2,0.94482,-0.25366,0.24121,-1.504,0.221,0.779,non-ergonomis
2026-06-01 15:20:58.704,2210798160,484704,1,0.62256,-0.13794,0.93213,0.42,1.71,-0.122,non-ergonomis
2026-06-01 15:20:58.704,2210798160,484704,2,0.94922,-0.25586,0.24609,-1.779,1.214,0.26,non-ergonomis
2026-06-01 15:20:58.933,2210798389,484933,1,0.6167,-0.13574,0.92749,1.053,2.298,-0.542,non-ergonomis
2026-06-01 15:20:58.933,2210798389,484933,2,0.95361,-0.24756,0.23438,-2.397,0.885,0.244,non-ergonomis
2026-06-01 15:20:58.133,2210797589,485133,1,0.61499,-0.14648,0.94458,1.366,2.885,0.076,non-ergonomis
2026-06-01 15:20:58.133,2210797589,485133,2,0.95581,-0.25562,0.24487,-2.771,0.198,0.527,non-ergonomis
2026-06-01 15:20:58.333,2210797789,485333,1,0.61914,-0.13354,0.93628,2.153,2.084,-0.168,non-ergonomis
2026-06-01 15:20:58.333,2210797789,485333,2,0.95264,-0.24829,0.24048,-1.664,,0.672,non-ergonomis
2026-06-01 15:20:58.533,2210797989,485533,1,0.61841,-0.11987,0.94043,2.153,2.13,0.16,non-ergonomis
2026-06-01 15:20:58.533,2210797989,485533,2,0.95044,-0.25879,0.23779,-2.656,0.359,0.656,non-ergonomis
2026-06-01 15:20:59.733,2210799189,485733,1,0.61401,-0.12305,0.94092,-0.282,2.053,-1.107,non-ergonomis
2026-06-01 15:20:59.733,2210799189,485733,2,0.95605,-0.2605,0.24023,,-0.504,0.87,non-ergonomis
2026-06-01 15:20:59.933,2210799389,485933,1,0.61963,-0.14355,0.9458,-1.947,1.183,-1.168,non-ergonomis
2026-06-01 15:20:59.933,2210799389,485933,2,0.95825,-0.24976,0.24292,-1.115,0.511,0.168,non-ergonomis
2026-06-01 15:20:59.133,2210798589,486133,1,0.6145,-0.13257,0.927,0.412,0.977,-0.771,non-ergonomis
2026-06-01 15:20:59.133,2210798589,486133,2,0.94971,-0.25049,0.23706,-1.397,0.038,0.412,non-ergonomis
2026-06-01 15:20:59.333,2210798789,486333,1,0.62549,-0.12939,0.92749,-0.275,1.229,-0.481,non-ergonomis
2026-06-01 15:20:59.333,2210798789,486333,2,0.95166,-0.25244,0.23853,-1.893,0.695,0.214,non-ergonomis
2026-06-01 15:20:59.588,2210799044,486588,1,0.62134,-0.13135,0.93726,2.985,3.0,0.695,non-ergonomis
2026-06-01 15:20:59.588,2210799044,486588,2,0.95313,-0.24536,0.24341,-2.473,0.504,0.466,non-ergonomis
2026-06-01 15:21:00.800,2210800256,486800,1,0.62598,-0.12769,0.92529,,1.916,-0.527,non-ergonomis
2026-06-01 15:21:00.800,2210800256,486800,2,0.95435,-0.24634,0.23511,-0.817,0.168,0.382,non-ergonomis
2026-06-01 15:21:00.003,2210799459,487003,1,0.62842,-0.13062,0.93774,-0.214,1.802,-0.954,non-ergonomis
2026-06-01 15:21:00.003,2210799459,487003,2,0.948,-0.24609,0.24463,-0.237,-0.229,0.382,non-ergonomis
2026-06-01 15:21:00.203,2210799659,487203,1,0.61719,-0.14258,0.93335,0.183,1.122,-0.832,non-ergonomis
2026-06-01 15:21:00.203,2210799659,487203,2,0.95215,-0.2561,0.23657,-0.786,0.359,0.817,non-ergonomis
2026-06-01 15:21:00.403,2210799859,487403,1,0.62329,-0.13794,0.92773,-0.573,2.29,-0.84,non-ergonomis
2026-06-01 15:21:00.403,2210799859,487403,2,0.94873,-0.25244,0.23242,-0.321,0.733,0.542,non-ergonomis
2026-06-01 15:21:00.603,2210800059,487603,1,0.62158,-0.13818,0.94238,1.573,2.015,-0.267,non-ergonomis
2026-06-01 15:21:00.603,2210800059,487603,2,0.94849,-0.2478,0.23877,-1.115,0.359,0.42,non-ergonomis
2026-06-01 15:21:01.803,2210801259,487803,1,0.62842,-0.13501,0.92969,1.824,3.115,-0.282,non-ergonomis
2026-06-01 15:21:01.803,2210801259,487803,2,0.94458,-0.24927,0.23828,-1.382,0.145,0.656,non-ergonomis
2026-06-01 15:21:01.043,2210800499,488043,1,0.62329,-0.1416,0.92407,-0.366,1.84,-0.519,non-ergonomis
2026-06-01 15:21:01.043,2210800499,488043,2,0.95728,-0.25342,0.24316,-1.359,0.351,0.405,non-ergonomis
2026-06-01 15:21:01.243,2210800699,488243,1,0.61426,-0.13525,0.92651,0.458,2.282,-0.672,non-ergonomis
2026-06-01 15:21:01.243,2210800699,488243,2,0.9585,-0.25439,0.23755,-1.29,0.351,0.389,non-ergonomis
2026-06-01 15:21:01.529,2210800985,488529,1,0.62305,-0.13525,0.92969,0.26,1.214,-0.679,non-ergonomis
2026-06-01 15:21:01.529,2210800985,488529,2,0.95239,-0.24658,0.23584,-1.305,0.305,0.427,non-ergonomis
2026-06-01 15:21:02.861,2210802317,488861,1,0.61353,-0.1377,0.92603,0.206,1.725,-0.748,non-ergonomis
2026-06-01 15:21:02.861,2210802317,488861,2,0.95801,-0.24707,0.24292,-1.183,0.13,0.794,non-ergonomis
2026-06-01 15:21:02.114,2210801570,489114,1,0.62061,-0.14185,0.92798,-0.679,1.496,-0.611,non-ergonomis
2026-06-01 15:21:02.114,2210801570,489114,2,0.94604,-0.25146,0.23535,-0.42,0.336,0.832,non-ergonomis
2026-06-01 15:21:02.314,2210801770,489314,1,0.61401,-0.14136,0.93579,-0.771,1.427,-0.71,non-ergonomis
2026-06-01 15:21:02.314,2210801770,489314,2,0.95361,-0.25415,0.24194,-0.809,0.603,0.557,non-ergonomis
2026-06-01 15:21:02.527,2210801983,489527,1,0.62427,-0.13257,0.93628,-0.153,1.855,-0.84,non-ergonomis
2026-06-01 15:21:02.527,2210801983,489527,2,0.95142,-0.25171,0.24414,-1.13,0.481,0.252,non-ergonomis
2026-06-01 15:21:03.727,2210803183,489727,1,0.61768,-0.1377,0.92896,0.679,1.878,-0.695,non-ergonomis
2026-06-01 15:21:03.727,2210803183,489727,2,0.96021,-0.24316,0.22095,-2.824,-0.023,0.718,non-ergonomis
2026-06-01 15:21:03.927,2210803383,489927,1,0.62378,-0.13745,0.93799,1.565,1.687,-0.435,non-ergonomis
2026-06-01 15:21:03.927,2210803383,489927,2,0.95654,-0.25244,0.24316,-2.45,0.137,0.58,non-ergonomis
2026-06-01 15:21:03.127,2210802583,490127,1,0.61792,-0.13184,0.93286,1.878,2.321,-0.084,non-ergonomis
2026-06-01 15:21:03.127,2210802583,490127,2,0.95532,-0.25073,0.23853,-5.176,0.908,0.634,non-ergonomis
2026-06-01 15:21:03.327,2210802783,490327,1,0.61743,-0.14087,0.93286,2.519,2.16,0.13,non-ergonomis
2026-06-01 15:21:03.327,2210802783,490327,2,0.95068,-0.24609,0.23315,-1.87,0.458,0.237,non-ergonomis
2026-06-01 15:21:03.527,2210802983,490527,1,0.61035,-0.13354,0.93384,1.298,1.832,-0.282,non-ergonomis
2026-06-01 15:21:03.527,2210802983,490527,2,0.95264,-0.25146,0.22632,-2.0,-0.053,-0.107,non-ergonomis
2026-06-01 15:21:04.727,2210804183,490727,1,0.61353,-0.12842,0.95386,4.695,-3.015,0.092,non-ergonomis
2026-06-01 15:21:04.727,2210804183,490727,2,0.95752,-0.24707,0.22339,4.718,-2.618,-1.061,non-ergonomis
2026-06-01 15:21:04.927,2210804383,490927,1,0.62646,-0.09155,0.91577,14.405,-3.573,6.015,non-ergonomis
2026-06-01 15:21:04.927,2210804383,490927,2,0.98584,-0.25366,0.21997,-1.664,-3.58,3.336,non-ergonomis
2026-06-01 15:21:04.127,2210803583,491127,1,0.64209,-0.12012,0.92554,-8.267,0.435,0.733,non-ergonomis
2026-06-01 15:21:04.127,2210803583,491127,2,0.97559,-0.28467,0.19678,-2.153,2.099,4.344,non-ergonomis
2026-06-01 15:21:04.327,2210803783,491327,1,0.66382,-0.16895,0.91382,-19.733,1.053,-6.489,non-ergonomis
2026-06-01 15:21:04.327,2210803783,491327,2,0.96094,-0.302,0.21484,-0.145,4.565,-0.489,non-ergonomis
2026-06-01 15:21:04.527,2210803983,491527,1,0.6665,-0.1499,0.87256,-20.603,-0.626,-5.313,non-ergonomis
2026-06-01 15:21:04.527,2210803983,491527,2,0.94409,-0.2439,0.25903,2.504,4.649,-0.198,non-ergonomis
2026-06-01 15:21:05.727,2210805183,491727,1,0.63989,-0.18579,0.92676,5.313,1.893,-2.382,non-ergonomis
2026-06-01 15:21:05.727,2210805183,491727,2,0.93823,-0.27954,0.27661,-3.489,1.74,-1.924,non-ergonomis
2026-06-01 15:21:05.938,2210805394,491938,1,0.63574,-0.16309,0.91382,2.519,2.42,2.221,non-ergonomis
2026-06-01 15:21:05.938,2210805394,491938,2,0.93042,-0.27319,0.26709,-4.794,3.74,0.489,non-ergonomis
2026-06-01 15:21:05.138,2210804594,492138,1,0.6521,-0.14819,0.89746,5.038,2.977,0.496,non-ergonomis
2026-06-01 15:21:05.138,2210804594,492138,2,0.94629,-0.26636,0.2605,-3.908,1.046,0.832,non-ergonomis
2026-06-01 15:21:05.338,2210804794,492338,1,0.65088,-0.16357,0.89551,5.656,0.412,-2.13,non-ergonomis
2026-06-01 15:21:05.338,2210804794,492338,2,0.9502,-0.28882,0.22119,-14.084,-0.931,1.183,non-ergonomis
2026-06-01 15:21:05.538,2210804994,492538,1,0.67407,-0.13013,0.87231,-1.802,3.282,0.809,non-ergonomis
2026-06-01 15:21:05.538,2210804994,492538,2,0.94385,-0.24878,0.28589,0.702,-1.008,-2.786,non-ergonomis
2026-06-01 15:21:06.738,2210806194,492738,1,0.67163,-0.12427,0.86011,-6.023,6.58,1.618,non-ergonomis
2026-06-01 15:21:06.738,2210806194,492738,2,0.94336,-0.24146,0.29443,,-2.618,0.786,non-ergonomis
2026-06-01 15:21:06.938,2210806394,492938,1,0.69385,-0.24756,0.81152,-43.588,23.466,1.374,non-ergonomis
2026-06-01 15:21:06.938,2210806394,492938,2,0.83276,-0.21997,0.23169,5.015,10.931,3.603,non-ergonomis
2026-06-01 15:21:06.138,2210805594,493138,1,0.55542,-0.2854,0.89429,28.893,11.634,18.168,non-ergonomis
2026-06-01 15:21:06.138,2210805594,493138,2,0.88574,-0.25903,0.24731,-3.382,-8.45,7.992,non-ergonomis
2026-06-01 15:21:06.338,2210805794,493338,1,0.60034,-0.28296,0.92822,-4.588,0.916,1.786,non-ergonomis
2026-06-01 15:21:06.338,2210805794,493338,2,0.92603,-0.25488,0.28125,-0.023,-0.092,2.641,non-ergonomis
2026-06-01 15:21:06.538,2210805994,493538,1,0.60229,-0.24609,0.94604,-9.87,-1.359,-7.366,non-ergonomis
2026-06-01 15:21:06.538,2210805994,493538,2,0.92822,-0.30005,0.28931,-6.191,-0.237,1.924,non-ergonomis
2026-06-01 15:21:07.738,2210807194,493738,1,0.60962,-0.23535,0.92383,3.595,0.191,1.763,non-ergonomis
2026-06-01 15:21:07.738,2210807194,493738,2,0.94434,-0.27856,0.27002,-0.16,-0.832,0.092,non-ergonomis
2026-06-01 15:21:07.938,2210807394,493938,1,0.59326,-0.23584,0.91211,6.137,2.244,0.947,non-ergonomis
2026-06-01 15:21:07.938,2210807394,493938,2,0.94238,-0.29614,0.25,-2.336,-1.168,1.206,non-ergonomis
2026-06-01 15:21:07.138,2210806594,494138,1,0.60864,-0.23975,0.91431,-0.084,1.107,0.061,non-ergonomis
2026-06-01 15:21:07.138,2210806594,494138,2,0.93848,-0.28223,0.25952,0.557,0.878,1.053,non-ergonomis
2026-06-01 15:21:07.355,2210806811,494355,1,0.61426,-0.23877,0.94287,0.16,0.542,1.481,non-ergonomis
2026-06-01 15:21:07.355,2210806811,494355,2,0.93677,-0.29395,0.25391,-3.718,1.626,2.71,non-ergonomis
2026-06-01 15:21:07.555,2210807011,494555,1,0.60107,-0.24097,0.92749,-1.031,2.206,0.076,non-ergonomis
2026-06-01 15:21:07.555,2210807011,494555,2,0.92871,-0.29297,0.26489,-1.115,-0.282,0.679,non-ergonomis
2026-06-01 15:21:08.755,2210808211,494755,1,0.60303,-0.24072,0.92847,2.244,0.893,0.527,non-ergonomis
2026-06-01 15:21:08.755,2210808211,494755,2,0.94067,-0.28857,0.25513,0.176,0.405,1.45,non-ergonomis
2026-06-01 15:21:08.955,2210808411,494955,1,0.59692,-0.23022,0.92163,-0.42,0.664,-0.908,non-ergonomis
2026-06-01 15:21:08.955,2210808411,494955,2,0.93066,-0.29297,0.2583,1.053,1.374,0.252,non-ergonomis
2026-06-01 15:21:08.155,2210807611,495155,1,0.59326,-0.23706,0.94067,-1.229,2.389,-0.443,non-ergonomis
2026-06-01 15:21:08.155,2210807611,495155,2,0.93481,-0.29858,0.27148,-1.183,1.015,0.344,non-ergonomis
2026-06-01 15:21:08.355,2210807811,495355,1,0.59106,-0.24829,0.93091,0.931,2.84,-0.496,non-ergonomis
2026-06-01 15:21:08.355,2210807811,495355,2,0.93188,-0.28638,0.26831,-1.076,0.565,0.618,non-ergonomis
2026-06-01 15:21:08.555,2210808011,495555,1,0.58716,-0.24316,0.92334,-1.931,0.71,-1.427,non-ergonomis
2026-06-01 15:21:08.555,2210808011,495555,2,0.93408,-0.302,0.25732,-1.214,-0.618,1.061,non-ergonomis
2026-06-01 15:21:09.755,2210809211,495755,1,0.60059,-0.24463,0.93213,1.237,1.947,-0.015,non-ergonomis
2026-06-01 15:21:09.755,2210809211,495755,2,0.93262,-0.29907,0.26489,-2.061,0.618,0.389,non-ergonomis
2026-06-01 15:21:09.955,2210809411,495955,1,0.60229,-0.23926,0.92334,0.588,1.336,-0.534,non-ergonomis
2026-06-01 15:21:09.955,2210809411,495955,2,0.93848,-0.29785,0.26245,-1.489,0.885,0.595,non-ergonomis
2026-06-01 15:21:09.155,2210808611,496155,1,0.58301,-0.25708,0.9209,0.519,1.359,-0.977,non-ergonomis
2026-06-01 15:21:09.155,2210808611,496155,2,0.92847,-0.29443,0.27222,-0.84,-0.229,0.588,non-ergonomis
2026-06-01 15:21:09.355,2210808811,496355,1,0.60132,-0.24072,0.92065,1.153,1.557,-0.359,non-ergonomis
2026-06-01 15:21:09.355,2210808811,496355,2,0.93726,-0.29736,0.2583,-1.435,0.527,0.573,non-ergonomis
2026-06-01 15:21:09.555,2210809011,496555,1,0.59863,-0.24121,0.91504,0.878,1.489,-1.046,non-ergonomis
2026-06-01 15:21:09.555,2210809011,496555,2,0.93066,-0.29492,0.26074,-1.115,0.473,0.42,non-ergonomis
2026-06-01 15:21:10.755,2210810211,496755,1,0.60107,-0.24927,0.91455,0.389,2.092,-0.718,non-ergonomis
2026-06-01 15:21:10.755,2210810211,496755,2,0.92847,-0.29272,0.26831,-1.489,-0.473,0.702,non-ergonomis
2026-06-01 15:21:10.031,2210809487,497031,1,0.5979,-0.23999,0.93066,0.275,1.779,-1.435,non-ergonomis
2026-06-01 15:21:10.031,2210809487,497031,2,0.92896,-0.29858,0.26929,-2.107,-0.359,1.031,non-ergonomis
2026-06-01 15:21:10.231,2210809687,497231,1,0.60693,-0.23682,0.93286,2.092,1.053,0.046,non-ergonomis
2026-06-01 15:21:10.231,2210809687,497231,2,0.92578,-0.2981,0.25903,-0.763,0.74,0.626,non-ergonomis
2026-06-01 15:21:10.431,2210809887,497431,1,0.60693,-0.23071,0.92822,2.336,0.985,-0.084,non-ergonomis
2026-06-01 15:21:10.431,2210809887,497431,2,0.93359,-0.30151,0.25415,-1.244,-0.42,0.969,non-ergonomis
2026-06-01 15:21:11.631,2210811087,497631,1,0.61157,-0.22705,0.91113,0.557,1.229,-1.015,non-ergonomis
2026-06-01 15:21:11.631,2210811087,497631,2,0.93115,-0.30103,0.25708,-1.206,0.893,-0.176,non-ergonomis
2026-06-01 15:21:11.831,2210811287,497831,1,0.60132,-0.21973,0.92114,0.565,0.977,-1.237,non-ergonomis
2026-06-01 15:21:11.831,2210811287,497831,2,0.93066,-0.2937,0.26172,-1.924,0.74,-0.237,non-ergonomis
2026-06-01 15:21:11.031,2210810487,498031,1,0.59766,-0.20825,0.92358,0.496,1.466,-0.71,non-ergonomis
2026-06-01 15:21:11.031,2210810487,498031,2,0.92676,-0.30176,0.27075,-2.099,0.763,0.137,non-ergonomis
2026-06-01 15:21:11.231,2210810687,498231,1,0.604,-0.22363,0.92188,0.351,1.435,-0.847,non-ergonomis
2026-06-01 15:21:11.231,2210810687,498231,2,0.93115,-0.30225,0.26221,-2.435,0.527,0.13,non-ergonomis
2026-06-01 15:21:11.431,2210810887,498431,1,0.61255,-0.21704,0.91895,,1.405,-0.863,non-ergonomis
2026-06-01 15:21:11.431,2210810887,498431,2,0.93164,-0.29126,0.25928,-1.214,0.534,0.466,non-ergonomis
2026-06-01 15:21:12.631,2210812087,498631,1,0.60889,-0.22412,0.91235,-1.756,1.214,-1.069,non-ergonomis
2026-06-01 15:21:12.631,2210812087,498631,2,0.93018,-0.29761,0.26611,-2.313,-0.58,0.504,non-ergonomis
2026-06-01 15:21:12.831,2210812287,498831,1,0.61475,-0.22803,0.92456,-0.718,1.198,-0.763,non-ergonomis
2026-06-01 15:21:12.831,2210812287,498831,2,0.92896,-0.30029,0.26416,-0.893,0.344,0.405,non-ergonomis
2026-06-01 15:21:12.035,2210811491,499034,1,0.61548,-0.22852,0.91797,-0.672,1.374,-0.992,non-ergonomis
2026-06-01 15:21:12.035,2210811491,499034,2,0.92773,-0.30005,0.26147,-1.511,0.534,0.145,non-ergonomis
2026-06-01 15:21:12.234,2210811690,499234,1,0.60474,-0.21973,0.91431,-0.992,1.763,-0.878,non-ergonomis
2026-06-01 15:21:12.234,2210811690,499234,2,0.93286,-0.30078,0.26855,-1.221,0.031,0.832,non-ergonomis
2026-06-01 15:21:12.434,2210811890,499434,1,0.6106,-0.23218,0.90698,0.031,1.565,-0.809,non-ergonomis
2026-06-01 15:21:12.434,2210811890,499434,2,0.9353,-0.30298,0.25708,-1.076,0.099,0.489,non-ergonomis
2026-06-01 15:21:13.634,2210813090,499634,1,0.60938,-0.22314,0.92114,-2.023,2.282,-0.595,non-ergonomis
2026-06-01 15:21:13.634,2210813090,499634,2,0.93213,-0.30615,0.25439,-1.763,-1.183,0.573,non-ergonomis
2026-06-01 15:21:13.834,2210813290,499834,1,0.60303,-0.2334,0.91821,-0.137,1.473,-0.176,non-ergonomis
2026-06-01 15:21:13.834,2210813290,499834,2,0.93628,-0.29858,0.26538,-1.038,-0.244,0.42,non-ergonomis
2026-06-01 15:21:13.034,2210812490,500034,1,0.60205,-0.23315,0.93457,-0.229,1.023,-0.748,non-ergonomis
2026-06-01 15:21:13.034,2210812490,500034,2,0.93433,-0.3042,0.25781,-0.779,0.107,0.435,non-ergonomis
2026-06-01 15:21:13.234,2210812690,500234,1,0.60767,-0.2417,0.92749,-0.824,0.954,-1.16,non-ergonomis
2026-06-01 15:21:13.234,2210812690,500234,2,0.93091,-0.29492,0.2561,0.626,0.42,0.229,non-ergonomis
2026-06-01 15:21:13.434,2210812890,500434,1,0.60962,-0.23657,0.93042,0.076,1.305,-0.473,non-ergonomis
2026-06-01 15:21:13.434,2210812890,500434,2,0.93774,-0.29932,0.25586,-0.702,0.252,0.481,non-ergonomis
2026-06-01 15:21:14.634,2210814090,500634,1,0.60303,-0.23633,0.91528,-0.206,2.275,-0.061,non-ergonomis
2026-06-01 15:21:14.634,2210814090,500634,2,0.93188,-0.2915,0.25928,-1.366,0.649,0.229,non-ergonomis
2026-06-01 15:21:14.834,2210814290,500834,1,0.60791,-0.2395,0.91577,-0.069,2.359,-0.466,non-ergonomis
2026-06-01 15:21:14.834,2210814290,500834,2,0.93359,-0.30005,0.25098,-1.229,0.221,0.397,non-ergonomis
2026-06-01 15:21:14.034,2210813490,501034,1,0.60767,-0.24097,0.91016,0.061,2.534,-1.069,non-ergonomis
2026-06-01 15:21:14.034,2210813490,501034,2,0.94214,-0.29346,0.26318,-1.779,1.099,-0.198,non-ergonomis
2026-06-01 15:21:14.234,2210813690,501234,1,0.60254,-0.23267,0.92383,0.336,1.481,-0.58,non-ergonomis
2026-06-01 15:21:14.234,2210813690,501234,2,0.93823,-0.29663,0.24829,-1.023,0.42,0.366,non-ergonomis
2026-06-01 15:21:14.434,2210813890,501434,1,0.60254,-0.23828,0.91992,0.321,1.824,-0.55,non-ergonomis
2026-06-01 15:21:14.434,2210813890,501434,2,0.94165,-0.29517,0.25708,-1.0,0.672,0.412,non-ergonomis
2026-06-01 15:21:15.634,2210815090,501634,1,0.61133,-0.24634,0.92041,-0.076,1.626,-0.466,non-ergonomis
2026-06-01 15:21:15.634,2210815090,501634,2,0.93628,-0.28589,0.25854,-0.412,0.29,0.855,non-ergonomis
2026-06-01 15:21:15.834,2210815290,501834,1,0.59375,-0.25171,0.93018,-0.748,2.252,-0.573,non-ergonomis
2026-06-01 15:21:15.834,2210815290,501834,2,0.9397,-0.29932,0.24854,-1.466,0.282,0.366,non-ergonomis
2026-06-01 15:21:15.034,2210814490,502034,1,0.60767,-0.24829,0.9165,-0.115,0.725,-0.847,non-ergonomis
2026-06-01 15:21:15.034,2210814490,502034,2,0.9375,-0.29517,0.25684,-0.237,0.382,0.344,non-ergonomis
2026-06-01 15:21:15.234,2210814690,502234,1,0.6123,-0.25244,0.92163,-0.206,1.107,-0.519,non-ergonomis
2026-06-01 15:21:15.234,2210814690,502234,2,0.92969,-0.29077,0.27295,-1.756,0.87,0.336,non-ergonomis
2026-06-01 15:21:15.434,2210814890,502434,1,0.61255,-0.23511,0.91748,0.206,1.893,-0.26,non-ergonomis
2026-06-01 15:21:15.434,2210814890,502434,2,0.93433,-0.30078,0.26465,-1.664,0.481,0.458,non-ergonomis
2026-06-01 15:21:16.634,2210816090,502634,1,0.60449,-0.2478,0.91772,0.023,1.924,-0.84,non-ergonomis
2026-06-01 15:21:16.634,2210816090,502634,2,0.93799,-0.28833,0.2561,-1.206,0.702,0.489,non-ergonomis
2026-06-01 15:21:16.834,2210816290,502834,1,0.60303,-0.25903,0.92163,-0.008,1.595,-1.008,non-ergonomis
2026-06-01 15:21:16.834,2210816290,502834,2,0.9292,-0.28979,0.26123,-1.328,0.832,0.443,non-ergonomis
2026-06-01 15:21:16.034,2210815490,503034,1,0.60962,-0.2417,0.92017,0.382,2.076,-0.145,non-ergonomis
2026-06-01 15:21:16.034,2210815490,503034,2,0.93677,-0.29297,0.26733,-1.42,0.336,0.603,non-ergonomis
2026-06-01 15:21:16.234,2210815690,503234,1,0.61768,-0.24878,0.90283,0.672,2.16,-0.481,non-ergonomis
2026-06-01 15:21:16.234,2210815690,503234,2,0.93115,-0.28564,0.26465,-1.382,0.519,0.427,non-ergonomis
2026-06-01 15:21:16.434,2210815890,503434,1,0.60742,-0.24536,0.92847,-0.321,0.534,-1.183,non-ergonomis
2026-06-01 15:21:16.434,2210815890,503434,2,0.93506,-0.28735,0.25317,-0.328,0.015,0.557,non-ergonomis
2026-06-01 15:21:17.634,2210817090,503634,1,0.60815,-0.25195,0.9126,-0.588,2.13,-0.557,non-ergonomis
2026-06-01 15:21:17.634,2210817090,503634,2,0.93726,-0.2937,0.26123,-0.771,0.099,0.573,non-ergonomis
2026-06-01 15:21:17.834,2210817290,503834,1,0.60132,-0.25244,0.92554,-0.389,1.855,-0.687,non-ergonomis
2026-06-01 15:21:17.834,2210817290,503834,2,0.9353,-0.29224,0.26294,-0.725,0.855,0.374,non-ergonomis
2026-06-01 15:21:17.034,2210816490,504034,1,0.61011,-0.24878,0.92578,0.076,1.275,-0.947,non-ergonomis
2026-06-01 15:21:17.034,2210816490,504034,2,0.93701,-0.28369,0.25928,-0.962,0.214,0.534,non-ergonomis
2026-06-01 15:21:17.234,2210816690,504234,1,0.5979,-0.25293,0.91309,0.252,2.214,-0.443,non-ergonomis
2026-06-01 15:21:17.234,2210816690,504234,2,0.94336,-0.2937,0.25879,-1.779,0.115,0.359,non-ergonomis
2026-06-01 15:21:17.434,2210816890,504434,1,0.61108,-0.24927,0.9165,0.206,1.405,-0.931,non-ergonomis
2026-06-01 15:21:17.434,2210816890,504434,2,0.92944,-0.28711,0.25757,-1.374,0.473,0.534,non-ergonomis
2026-06-01 15:21:18.634,2210818090,504634,1,0.60547,-0.25439,0.92529,1.122,1.908,-0.481,non-ergonomis
2026-06-01 15:21:18.634,2210818090,504634,2,0.93457,-0.29834,0.25977,-1.786,0.237,0.527,non-ergonomis
2026-06-01 15:21:18.834,2210818290,504834,1,0.60669,-0.25366,0.91992,0.351,2.115,-0.504,non-ergonomis
2026-06-01 15:21:18.834,2210818290,504834,2,0.93359,-0.29126,0.26245,-0.916,0.191,0.656,non-ergonomis
2026-06-01 15:21:18.034,2210817490,505034,1,0.60352,-0.24536,0.92358,0.275,1.389,-0.595,non-ergonomis
2026-06-01 15:21:18.034,2210817490,505034,2,0.93628,-0.28564,0.25586,-1.191,0.733,0.481,non-ergonomis
2026-06-01 15:21:18.234,2210817690,505234,1,0.60938,-0.25391,0.9209,-0.252,1.992,-0.405,non-ergonomis
2026-06-01 15:21:18.234,2210817690,505234,2,0.93604,-0.2876,0.26099,-0.786,0.115,0.832,non-ergonomis
2026-06-01 15:21:18.434,2210817890,505434,1,0.59863,-0.25122,0.93384,1.092,1.29,-0.137,non-ergonomis
2026-06-01 15:21:18.434,2210817890,505434,2,0.94092,-0.2854,0.26196,-3.183,0.588,0.389,non-ergonomis
2026-06-01 15:21:19.634,2210819090,505634,1,0.60059,-0.25928,0.92163,3.443,2.183,-0.84,non-ergonomis
2026-06-01 15:21:19.634,2210819090,505634,2,0.9353,-0.29175,0.2688,-4.374,1.084,-0.061,non-ergonomis
2026-06-01 15:21:19.834,2210819290,505834,1,0.60449,-0.24438,0.92017,1.153,2.053,-0.473,non-ergonomis
2026-06-01 15:21:19.834,2210819290,505834,2,0.93481,-0.28955,0.25464,-4.084,0.718,0.053,non-ergonomis
2026-06-01 15:21:19.034,2210818490,506034,1,0.60181,-0.24463,0.9126,0.206,1.374,-0.924,non-ergonomis
2026-06-01 15:21:19.034,2210818490,506034,2,0.93262,-0.29565,0.26221,-2.641,0.588,0.603,non-ergonomis
2026-06-01 15:21:19.234,2210818690,506234,1,0.60449,-0.24585,0.9248,1.183,1.756,-1.015,non-ergonomis
2026-06-01 15:21:19.234,2210818690,506234,2,0.9292,-0.29395,0.25781,-2.053,0.466,-0.107,non-ergonomis
2026-06-01 15:21:19.434,2210818890,506434,1,0.6001,-0.24121,0.91968,1.969,2.878,-1.901,non-ergonomis
2026-06-01 15:21:19.434,2210818890,506434,2,0.93335,-0.2854,0.25269,-0.504,-0.962,-0.908,non-ergonomis
2026-06-01 15:21:20.634,2210820090,506634,1,0.60229,-0.23193,0.9104,-2.626,2.985,-1.855,non-ergonomis
2026-06-01 15:21:20.634,2210820090,506634,2,0.94507,-0.29297,0.2561,-0.55,0.511,-1.168,non-ergonomis
2026-06-01 15:21:20.834,2210820290,506834,1,0.5979,-0.23291,0.94141,-0.702,2.45,-1.656,non-ergonomis
2026-06-01 15:21:20.834,2210820290,506834,2,0.93823,-0.27905,0.24609,-3.267,1.458,-1.069,non-ergonomis
2026-06-01 15:21:20.034,2210819490,507034,1,0.60986,-0.22021,0.91675,-0.13,2.344,1.008,non-ergonomis
2026-06-01 15:21:20.034,2210819490,507034,2,0.94067,-0.2666,0.24146,-0.252,0.405,1.595,non-ergonomis
2026-06-01 15:21:20.234,2210819690,507234,1,0.61401,-0.2395,0.9248,-2.832,2.153,1.618,non-ergonomis
2026-06-01 15:21:20.234,2210819690,507234,2,0.93384,-0.28418,0.24927,-0.389,0.985,2.374,non-ergonomis
2026-06-01 15:21:20.448,2210819904,507448,1,0.59741,-0.25122,0.9126,-0.878,2.046,-0.053,non-ergonomis
2026-06-01 15:21:20.448,2210819904,507448,2,0.94312,-0.2915,0.2627,-2.298,0.641,0.74,non-ergonomis
2026-06-01 15:21:21.648,2210821104,507648,1,0.60425,-0.25732,0.92261,-0.672,2.26,-0.313,non-ergonomis
2026-06-01 15:21:21.648,2210821104,507648,2,0.93604,-0.29077,0.26416,-1.45,1.206,-0.008,non-ergonomis
2026-06-01 15:21:21.848,2210821304,507848,1,0.604,-0.25684,0.91479,0.221,2.267,-0.71,non-ergonomis
2026-06-01 15:21:21.848,2210821304,507848,2,0.94434,-0.28833,0.26001,-1.221,0.038,0.58,non-ergonomis
2026-06-01 15:21:21.084,2210820540,508084,1,0.59717,-0.26294,0.91821,-2.489,1.779,-1.076,non-ergonomis
2026-06-01 15:21:21.084,2210820540,508084,2,0.93384,-0.28418,0.26489,-1.748,0.534,0.824,non-ergonomis
2026-06-01 15:21:21.284,2210820740,508284,1,0.60669,-0.26001,0.92041,0.069,1.244,-1.069,non-ergonomis
2026-06-01 15:21:21.284,2210820740,508284,2,0.94531,-0.28271,0.26025,0.008,-0.13,0.534,non-ergonomis
2026-06-01 15:21:21.484,2210820940,508484,1,0.59692,-0.2561,0.9126,-0.832,1.092,-1.565,non-ergonomis
2026-06-01 15:21:21.484,2210820940,508484,2,0.93823,-0.28198,0.25806,-1.038,-0.023,0.389,non-ergonomis
2026-06-01 15:21:22.760,2210822216,508760,1,0.60059,-0.26123,0.90796,0.084,1.275,-0.519,non-ergonomis
2026-06-01 15:21:22.760,2210822216,508760,2,0.93286,-0.28174,0.26221,-0.298,0.412,0.527,non-ergonomis
2026-06-01 15:21:22.960,2210822416,508960,1,0.59912,-0.27441,0.91211,-0.176,2.382,-0.641,non-ergonomis
2026-06-01 15:21:22.960,2210822416,508960,2,0.9436,-0.27905,0.25659,-1.496,1.458,0.13,non-ergonomis
2026-06-01 15:21:22.160,2210821616,509160,1,0.58374,-0.26245,0.93066,-0.015,1.847,-0.733,non-ergonomis
2026-06-01 15:21:22.160,2210821616,509160,2,0.9436,-0.28735,0.25952,-0.649,0.405,0.374,non-ergonomis
2026-06-01 15:21:22.360,2210821816,509360,1,0.60278,-0.25977,0.91919,0.496,1.412,-0.557,non-ergonomis
2026-06-01 15:21:22.360,2210821816,509360,2,0.94214,-0.28809,0.25073,-0.718,0.198,0.74,non-ergonomis
2026-06-01 15:21:22.574,2210822030,509574,1,0.60645,-0.27173,0.91821,-0.473,1.458,-0.832,non-ergonomis
2026-06-01 15:21:22.574,2210822030,509574,2,0.93066,-0.2771,0.26099,-0.878,0.336,0.695,non-ergonomis
2026-06-01 15:21:23.774,2210823230,509774,1,0.59351,-0.2644,0.92188,1.74,2.382,-0.756,non-ergonomis
2026-06-01 15:21:23.774,2210823230,509774,2,0.93945,-0.28296,0.26343,-1.137,0.237,0.504,non-ergonomis
2026-06-01 15:21:23.974,2210823430,509974,1,0.60278,-0.25879,0.91895,1.473,2.015,-0.496,non-ergonomis
2026-06-01 15:21:23.974,2210823430,509974,2,0.94556,-0.28613,0.26099,-1.084,0.473,0.405,non-ergonomis
2026-06-01 15:21:23.174,2210822630,510174,1,0.60107,-0.26294,0.91797,-0.099,2.046,-0.725,non-ergonomis
2026-06-01 15:21:23.174,2210822630,510174,2,0.9375,-0.28394,0.25732,-1.359,0.565,0.534,non-ergonomis
2026-06-01 15:21:23.374,2210822830,510374,1,0.59277,-0.26904,0.92236,-0.427,2.458,-0.168,non-ergonomis
2026-06-01 15:21:23.374,2210822830,510374,2,0.93457,-0.28442,0.2627,-1.733,-0.26,0.649,non-ergonomis
2026-06-01 15:21:23.574,2210823030,510574,1,0.59839,-0.27124,0.92505,1.015,2.023,-0.26,non-ergonomis
2026-06-01 15:21:23.574,2210823030,510574,2,0.94116,-0.28564,0.25757,-0.824,0.489,0.595,non-ergonomis
2026-06-01 15:21:24.774,2210824230,510774,1,0.60254,-0.26245,0.92627,-0.328,1.573,-0.382,non-ergonomis
2026-06-01 15:21:24.774,2210824230,510774,2,0.94214,-0.28662,0.26001,-2.183,0.718,0.031,non-ergonomis
2026-06-01 15:21:24.974,2210824430,510974,1,0.59424,-0.25903,0.91675,0.527,1.863,-0.168,non-ergonomis
2026-06-01 15:21:24.974,2210824430,510974,2,0.94189,-0.27295,0.26318,-3.969,0.42,0.282,non-ergonomis
2026-06-01 15:21:24.174,2210823630,511174,1,0.59937,-0.25537,0.91992,0.878,0.542,-0.458,non-ergonomis
2026-06-01 15:21:24.174,2210823630,511174,2,0.93164,-0.28906,0.26099,-0.634,0.176,0.405,non-ergonomis
2026-06-01 15:21:24.374,2210823830,511374,1,0.604,-0.25293,0.91626,-1.252,1.275,-1.244,non-ergonomis
2026-06-01 15:21:24.374,2210823830,511374,2,0.93896,-0.28711,0.26172,-1.198,0.191,0.389,non-ergonomis
2026-06-01 15:21:24.574,2210824030,511574,1,0.60205,-0.25146,0.92847,0.466,1.55,-0.756,non-ergonomis
2026-06-01 15:21:24.574,2210824030,511574,2,0.93579,-0.29028,0.26025,-1.672,0.893,0.168,non-ergonomis
2026-06-01 15:21:25.774,2210825230,511774,1,0.60156,-0.25537,0.91626,-0.229,2.023,-0.466,non-ergonomis
2026-06-01 15:21:25.774,2210825230,511774,2,0.94141,-0.28052,0.26343,-1.29,0.26,0.565,non-ergonomis
2026-06-01 15:21:25.974,2210825430,511974,1,0.59351,-0.25,0.9231,-0.053,1.534,-0.725,non-ergonomis
2026-06-01 15:21:25.974,2210825430,511974,2,0.93652,-0.28394,0.24634,-1.237,0.168,0.534,non-ergonomis
2026-06-01 15:21:25.174,2210824630,512174,1,0.5957,-0.25854,0.91748,-0.45,2.107,-0.489,non-ergonomis
2026-06-01 15:21:25.174,2210824630,512174,2,0.93701,-0.28491,0.2688,-1.496,0.672,0.214,non-ergonomis
2026-06-01 15:21:25.374,2210824830,512374,1,0.60449,-0.25635,0.90308,1.023,2.298,-0.42,non-ergonomis
2026-06-01 15:21:25.374,2210824830,512374,2,0.93506,-0.28223,0.25464,-1.58,0.366,0.725,non-ergonomis
2026-06-01 15:21:25.574,2210825030,512574,1,0.60425,-0.25562,0.91699,0.443,2.053,-0.565,non-ergonomis
2026-06-01 15:21:25.574,2210825030,512574,2,0.93628,-0.28491,0.26855,-1.321,0.466,0.489,non-ergonomis
2026-06-01 15:21:26.798,2210826254,512798,1,0.60205,-0.25806,0.91846,-0.29,1.924,-1.031,non-ergonomis
2026-06-01 15:21:26.798,2210826254,512798,2,0.94238,-0.27759,0.26221,-0.687,0.031,0.595,non-ergonomis
2026-06-01 15:21:26.998,2210826454,512998,1,0.60327,-0.26221,0.91919,0.58,1.786,-0.496,non-ergonomis
2026-06-01 15:21:26.998,2210826454,512998,2,0.9436,-0.28613,0.2644,-0.962,0.145,0.336,non-ergonomis
2026-06-01 15:21:26.198,2210825654,513198,1,0.60352,-0.25269,0.91602,0.794,1.679,-0.466,non-ergonomis
2026-06-01 15:21:26.198,2210825654,513198,2,0.94189,-0.28687,0.25464,-0.779,0.16,0.603,non-ergonomis
2026-06-01 15:21:26.398,2210825854,513398,1,0.59961,-0.25342,0.91699,-0.534,2.275,-0.725,non-ergonomis
2026-06-01 15:21:26.398,2210825854,513398,2,0.93506,-0.28638,0.26001,-0.893,0.321,0.382,non-ergonomis
2026-06-01 15:21:26.598,2210826054,513598,1,0.60693,-0.25708,0.90942,0.397,2.382,-0.672,non-ergonomis
2026-06-01 15:21:26.598,2210826054,513598,2,0.93896,-0.27539,0.25879,-0.954,0.305,0.489,non-ergonomis
2026-06-01 15:21:27.798,2210827254,513798,1,0.59937,-0.26196,0.92749,1.13,2.053,-0.267,non-ergonomis
2026-06-01 15:21:27.798,2210827254,513798,2,0.93335,-0.28052,0.25439,-1.756,0.351,0.565,non-ergonomis
2026-06-01 15:21:27.998,2210827454,513998,1,0.59204,-0.26099,0.9209,-0.718,2.397,-0.305,non-ergonomis
2026-06-01 15:21:27.998,2210827454,513998,2,0.93262,-0.28174,0.26001,-1.176,0.618,0.664,non-ergonomis
2026-06-01 15:21:27.202,2210826658,514202,1,0.59814,-0.26709,0.92114,0.519,0.282,-1.374,non-ergonomis
2026-06-01 15:21:27.202,2210826658,514202,2,0.93994,-0.28516,0.25244,-1.947,0.084,0.282,non-ergonomis
2026-06-01 15:21:27.402,2210826858,514402,1,0.60205,-0.2605,0.91846,1.382,2.176,-0.542,non-ergonomis
2026-06-01 15:21:27.402,2210826858,514402,2,0.93628,-0.28223,0.25708,-2.901,0.649,-0.176,non-ergonomis
2026-06-01 15:21:27.602,2210827058,514602,1,0.60767,-0.24585,0.9209,2.321,2.389,-0.847,non-ergonomis
2026-06-01 15:21:27.602,2210827058,514602,2,0.93774,-0.28442,0.25439,-3.771,0.557,0.069,non-ergonomis
2026-06-01 15:21:28.802,2210828258,514802,1,0.59863,-0.25366,0.91797,0.382,1.511,-0.504,non-ergonomis
2026-06-01 15:21:28.802,2210828258,514802,2,0.94019,-0.28027,0.25269,1.145,-0.061,0.84,non-ergonomis
2026-06-01 15:21:28.002,2210827458,515002,1,0.60815,-0.25781,0.91626,-0.42,1.901,-0.237,non-ergonomis
2026-06-01 15:21:28.002,2210827458,515002,2,0.93262,-0.28784,0.25488,-0.885,-0.107,1.0,non-ergonomis
2026-06-01 15:21:28.202,2210827658,515202,1,0.60815,-0.25757,0.91797,0.076,1.84,0.076,non-ergonomis
2026-06-01 15:21:28.202,2210827658,515202,2,0.93872,-0.28174,0.25171,-1.389,0.328,0.809,non-ergonomis
2026-06-01 15:21:28.402,2210827858,515402,1,0.60498,-0.26147,0.92676,1.237,2.947,0.366,non-ergonomis
2026-06-01 15:21:28.402,2210827858,515402,2,0.93042,-0.28271,0.25244,-1.328,0.679,0.412,non-ergonomis
2026-06-01 15:21:29.617,2210829073,515617,1,0.6001,-0.25269,0.91357,0.298,2.366,-0.603,non-ergonomis
2026-06-01 15:21:29.617,2210829073,515617,2,0.9375,-0.28979,0.25415,-0.298,0.183,0.443,non-ergonomis
2026-06-01 15:21:29.817,2210829273,515817,1,0.58984,-0.25024,0.92822,0.076,1.954,-0.618,non-ergonomis
2026-06-01 15:21:29.817,2210829273,515817,2,0.94092,-0.28638,0.25195,-1.076,0.313,0.282,non-ergonomis
2026-06-01 15:21:29.017,2210828473,516017,1,0.59839,-0.26245,0.92432,1.252,2.176,-0.26,non-ergonomis
2026-06-01 15:21:29.017,2210828473,516017,2,0.93579,-0.28174,0.24341,-1.137,0.626,0.412,non-ergonomis
2026-06-01 15:21:29.217,2210828673,516217,1,0.60205,-0.24902,0.91797,0.252,2.145,-0.511,non-ergonomis
2026-06-01 15:21:29.217,2210828673,516217,2,0.93872,-0.28589,0.25659,-0.824,0.374,0.305,non-ergonomis
2026-06-01 15:21:29.417,2210828873,516417,1,0.60254,-0.25488,0.91797,0.473,1.847,-0.573,non-ergonomis
2026-06-01 15:21:29.417,2210828873,516417,2,0.93896,-0.2832,0.2583,-1.084,0.573,0.427,non-ergonomis
2026-06-01 15:21:30.617,2210830073,516617,1,0.60547,-0.2561,0.91162,1.313,2.863,0.008,non-ergonomis
2026-06-01 15:21:30.617,2210830073,516617,2,0.93726,-0.28442,0.25513,-1.786,0.611,0.626,non-ergonomis
2026-06-01 15:21:30.825,2210830281,516825,1,0.60449,-0.25757,0.91821,0.221,1.855,-0.695,non-ergonomis
2026-06-01 15:21:30.825,2210830281,516825,2,0.93408,-0.28833,0.25806,-1.969,0.389,0.366,non-ergonomis
2026-06-01 15:21:30.025,2210829481,517025,1,0.60376,-0.26489,0.9231,0.305,1.679,-0.557,non-ergonomis
2026-06-01 15:21:30.025,2210829481,517025,2,0.9375,-0.28223,0.26074,-1.42,0.16,0.672,non-ergonomis
2026-06-01 15:21:30.225,2210829681,517225,1,0.59863,-0.27026,0.92163,2.183,2.603,-0.069,non-ergonomis
2026-06-01 15:21:30.225,2210829681,517225,2,0.93652,-0.2876,0.25195,-1.214,-0.389,0.771,non-ergonomis
2026-06-01 15:21:30.425,2210829881,517425,1,0.60474,-0.25195,0.92139,0.931,2.076,-0.595,non-ergonomis
2026-06-01 15:21:30.425,2210829881,517425,2,0.94019,-0.27856,0.25317,-1.603,0.252,0.351,non-ergonomis
2026-06-01 15:21:31.625,2210831081,517625,1,0.59619,-0.25122,0.92432,0.641,1.832,-0.45,non-ergonomis
2026-06-01 15:21:31.625,2210831081,517625,2,0.93726,-0.28345,0.25732,-2.985,0.794,,non-ergonomis
2026-06-01 15:21:31.825,2210831281,517825,1,0.59741,-0.25781,0.91992,1.725,2.046,-0.802,non-ergonomis
2026-06-01 15:21:31.825,2210831281,517825,2,0.93799,-0.28491,0.25488,-2.053,0.42,0.076,non-ergonomis
2026-06-01 15:21:31.025,2210830481,518025,1,0.59595,-0.25171,0.93359,-0.45,2.145,-0.695,non-ergonomis
2026-06-01 15:21:31.025,2210830481,518025,2,0.94141,-0.28564,0.24829,-0.405,-0.84,0.954,non-ergonomis
2026-06-01 15:21:31.225,2210830681,518225,1,0.60376,-0.25854,0.9209,-0.038,1.969,-0.557,non-ergonomis
2026-06-01 15:21:31.225,2210830681,518225,2,0.93604,-0.28491,0.25171,-0.885,,0.832,non-ergonomis
2026-06-01 15:21:31.425,2210830881,518425,1,0.59448,-0.26343,0.92065,1.122,2.176,-0.336,non-ergonomis
2026-06-01 15:21:31.425,2210830881,518425,2,0.93848,-0.2771,0.25488,-0.26,0.137,0.504,non-ergonomis
2026-06-01 15:21:32.625,2210832081,518625,1,0.59375,-0.25317,0.92969,-0.137,2.229,-0.527,non-ergonomis
2026-06-01 15:21:32.625,2210832081,518625,2,0.94556,-0.27881,0.25732,-0.863,0.382,0.573,non-ergonomis
2026-06-01 15:21:32.825,2210832281,518825,1,0.60669,-0.2605,0.91699,-0.237,2.282,-0.328,non-ergonomis
2026-06-01 15:21:32.825,2210832281,518825,2,0.94263,-0.28735,0.24414,-1.13,0.366,0.275,non-ergonomis
2026-06-01 15:21:32.025,2210831481,519025,1,0.59912,-0.26563,0.9165,1.168,2.489,-0.153,non-ergonomis
2026-06-01 15:21:32.025,2210831481,519025,2,0.93872,-0.27832,0.24805,-0.786,-0.13,0.611,non-ergonomis
2026-06-01 15:21:32.225,2210831681,519225,1,0.60449,-0.26025,0.92578,0.206,2.214,-0.481,non-ergonomis
2026-06-01 15:21:32.225,2210831681,519225,2,0.94165,-0.27954,0.26392,-0.901,0.588,0.443,non-ergonomis
2026-06-01 15:21:32.425,2210831881,519425,1,0.59326,-0.25781,0.91895,0.519,2.183,-0.687,non-ergonomis
2026-06-01 15:21:32.425,2210831881,519425,2,0.92969,-0.27954,0.24902,-1.046,0.611,0.267,non-ergonomis
2026-06-01 15:21:33.625,2210833081,519625,1,0.60815,-0.25171,0.93872,1.267,2.679,0.015,non-ergonomis
2026-06-01 15:21:33.625,2210833081,519625,2,0.94385,-0.28052,0.24731,-0.969,-0.534,0.802,non-ergonomis
2026-06-01 15:21:33.825,2210833281,519825,1,0.60596,-0.25342,0.90063,-0.252,1.443,-0.695,non-ergonomis
2026-06-01 15:21:33.825,2210833281,519825,2,0.93945,-0.28613,0.24805,-0.55,0.038,0.45,non-ergonomis
2026-06-01 15:21:33.025,2210832481,520025,1,0.5896,-0.25903,0.91846,-0.374,1.679,-0.511,non-ergonomis
2026-06-01 15:21:33.025,2210832481,520025,2,0.93652,-0.27808,0.25317,-1.046,0.237,0.664,non-ergonomis
2026-06-01 15:21:33.225,2210832681,520225,1,0.5957,-0.2627,0.92505,-0.397,1.557,-0.58,non-ergonomis
2026-06-01 15:21:33.225,2210832681,520225,2,0.93774,-0.2749,0.25366,-0.519,-0.542,0.84,non-ergonomis
2026-06-01 15:21:33.425,2210832881,520425,1,0.59277,-0.26587,0.92407,0.473,2.069,-0.664,non-ergonomis
2026-06-01 15:21:33.425,2210832881,520425,2,0.94043,-0.28711,0.25732,-1.13,0.084,0.412,non-ergonomis
2026-06-01 15:21:34.647,2210834103,520647,1,0.60815,-0.2627,0.91602,-0.282,1.313,-0.733,non-ergonomis
2026-06-01 15:21:34.647,2210834103,520647,2,0.93628,-0.27954,0.2605,-0.603,0.298,0.122,non-ergonomis
2026-06-01 15:21:34.847,2210834303,520847,1,0.59912,-0.25415,0.927,-0.176,2.42,-1.229,non-ergonomis
2026-06-01 15:21:34.847,2210834303,520847,2,0.93872,-0.28027,0.25659,-3.206,1.763,0.214,non-ergonomis
2026-06-01 15:21:34.047,2210833503,521047,1,0.60132,-0.26392,0.91699,2.053,2.267,-1.061,non-ergonomis
2026-06-01 15:21:34.047,2210833503,521047,2,0.93457,-0.28662,0.2605,-2.954,1.328,0.023,non-ergonomis
2026-06-01 15:21:34.247,2210833703,521247,1,0.59692,-0.24243,0.91357,3.649,1.321,-2.542,non-ergonomis
2026-06-01 15:21:34.247,2210833703,521247,2,0.94165,-0.28711,0.25537,-2.374,0.176,0.023,non-ergonomis
2026-06-01 15:21:34.447,2210833903,521447,1,0.60864,-0.22339,0.9187,1.412,1.366,-1.847,non-ergonomis
2026-06-01 15:21:34.447,2210833903,521447,2,0.9436,-0.2876,0.26001,-0.16,-1.153,0.13,non-ergonomis
2026-06-01 15:21:35.647,2210835103,521647,1,0.60156,-0.2373,0.92676,0.527,2.893,-2.321,non-ergonomis
2026-06-01 15:21:35.647,2210835103,521647,2,0.94238,-0.28125,0.24609,-3.634,0.679,-1.214,non-ergonomis
2026-06-01 15:21:35.847,2210835303,521847,1,0.60034,-0.23169,0.93286,-0.756,2.221,-2.145,non-ergonomis
2026-06-01 15:21:35.847,2210835303,521847,2,0.94556,-0.27319,0.25732,-0.153,0.137,-0.588,non-ergonomis
2026-06-01 15:21:35.047,2210834503,522047,1,0.59595,-0.23389,0.9375,-3.557,1.183,-3.397,non-ergonomis
2026-06-01 15:21:35.047,2210834503,522047,2,0.93994,-0.26807,0.24658,-1.489,0.931,-0.427,non-ergonomis
2026-06-01 15:21:35.247,2210834703,522247,1,0.59009,-0.23511,0.93359,-0.183,1.656,-0.534,non-ergonomis
2026-06-01 15:21:35.247,2210834703,522247,2,0.93701,-0.26685,0.25879,-0.336,0.901,0.29,non-ergonomis
2026-06-01 15:21:35.447,2210834903,522447,1,0.5957,-0.24194,0.92163,1.733,3.26,0.916,non-ergonomis
2026-06-01 15:21:35.447,2210834903,522447,2,0.93677,-0.26587,0.26489,-1.359,0.733,0.878,non-ergonomis
2026-06-01 15:21:36.647,2210836103,522647,1,0.60547,-0.2395,0.92188,1.053,2.336,0.092,non-ergonomis
2026-06-01 15:21:36.647,2210836103,522647,2,0.94019,-0.26709,0.26074,-0.954,0.489,0.573,non-ergonomis
2026-06-01 15:21:36.847,2210836303,522847,1,0.60791,-0.24146,0.92139,0.756,2.611,-0.74,non-ergonomis
2026-06-01 15:21:36.847,2210836303,522847,2,0.94263,-0.26758,0.25391,-1.282,0.137,0.336,non-ergonomis
2026-06-01 15:21:36.047,2210835503,523047,1,0.60229,-0.24805,0.92749,-0.076,1.267,-0.87,non-ergonomis
2026-06-01 15:21:36.047,2210835503,523047,2,0.94507,-0.26367,0.25366,-0.809,0.321,0.397,non-ergonomis
2026-06-01 15:21:36.247,2210835703,523247,1,0.5918,-0.24512,0.9187,0.282,1.893,-0.603,non-ergonomis
2026-06-01 15:21:36.247,2210835703,523247,2,0.93848,-0.2605,0.25928,-0.779,0.649,0.527,non-ergonomis
2026-06-01 15:21:36.447,2210835903,523447,1,0.59009,-0.24146,0.92407,-0.634,0.962,-0.641,non-ergonomis
2026-06-01 15:21:36.447,2210835903,523447,2,0.93921,-0.25903,0.25928,-0.145,0.099,0.847,non-ergonomis
2026-06-01 15:21:37.647,2210837103,523647,1,0.59375,-0.24487,0.93799,0.756,0.832,-0.718,non-ergonomis
2026-06-01 15:21:37.647,2210837103,523647,2,0.94385,-0.2666,0.2627,-1.053,0.115,0.649,non-ergonomis
2026-06-01 15:21:37.851,2210837307,523851,1,0.59448,-0.23975,0.92676,0.496,2.191,-0.389,non-ergonomis
2026-06-01 15:21:37.851,2210837307,523851,2,0.94067,-0.27002,0.26489,-1.885,0.725,0.389,non-ergonomis
2026-06-01 15:21:37.062,2210836518,524062,1,0.59546,-0.25,0.91968,0.473,2.16,-0.366,non-ergonomis
2026-06-01 15:21:37.062,2210836518,524062,2,0.94214,-0.26733,0.24634,0.344,-0.427,1.069,non-ergonomis
2026-06-01 15:21:37.262,2210836718,524262,1,0.60059,-0.23755,0.92139,-0.115,1.931,-0.191,non-ergonomis
2026-06-01 15:21:37.262,2210836718,524262,2,0.94434,-0.26245,0.26001,-1.26,0.756,0.412,non-ergonomis
2026-06-01 15:21:37.462,2210836918,524462,1,0.60791,-0.25342,0.91943,-0.374,1.702,-0.458,non-ergonomis
2026-06-01 15:21:37.462,2210836918,524462,2,0.94116,-0.27173,0.26099,-1.595,0.405,0.695,non-ergonomis
2026-06-01 15:21:38.662,2210838118,524662,1,0.60254,-0.2395,0.92285,-1.038,1.824,-0.962,non-ergonomis
2026-06-01 15:21:38.662,2210838118,524662,2,0.9375,-0.25732,0.26611,-1.092,0.206,0.351,non-ergonomis
2026-06-01 15:21:38.862,2210838318,524862,1,0.59644,-0.25415,0.92871,-0.748,2.191,-1.763,non-ergonomis
2026-06-01 15:21:38.862,2210838318,524862,2,0.93896,-0.27148,0.2627,-0.954,1.183,-0.137,non-ergonomis
2026-06-01 15:21:38.062,2210837518,525062,1,0.58838,-0.26953,0.92798,0.359,1.84,0.038,non-ergonomis
2026-06-01 15:21:38.062,2210837518,525062,2,0.94458,-0.25659,0.26318,-0.901,-1.031,-0.061,non-ergonomis
2026-06-01 15:21:38.262,2210837718,525262,1,0.604,-0.2561,0.93311,-5.779,2.779,-3.565,non-ergonomis
2026-06-01 15:21:38.262,2210837718,525262,2,0.94067,-0.25732,0.25879,-2.672,0.893,-1.786,non-ergonomis
2026-06-01 15:21:38.502,2210837958,525502,1,0.58691,-0.25854,0.91724,0.557,2.0,-1.626,non-ergonomis
2026-06-01 15:21:38.502,2210837958,525502,2,0.94946,-0.24609,0.26221,-2.321,1.588,-0.557,non-ergonomis
2026-06-01 15:21:39.724,2210839180,525724,1,0.59277,-0.25024,0.92725,1.489,1.412,-1.634,non-ergonomis
2026-06-01 15:21:39.724,2210839180,525724,2,0.94287,-0.24829,0.26172,-1.603,0.863,0.397,non-ergonomis
2026-06-01 15:21:39.924,2210839380,525924,1,0.59619,-0.24829,0.92773,3.885,1.435,-1.061,non-ergonomis
2026-06-01 15:21:39.924,2210839380,525924,2,0.9397,-0.25391,0.25415,-2.0,0.321,0.023,non-ergonomis
2026-06-01 15:21:39.124,2210838580,526124,1,0.59814,-0.23438,0.9231,2.687,2.313,-0.786,non-ergonomis
2026-06-01 15:21:39.124,2210838580,526124,2,0.95288,-0.25098,0.24951,-1.603,-0.099,0.313,non-ergonomis
2026-06-01 15:21:39.324,2210838780,526324,1,0.60425,-0.23193,0.92017,1.557,1.405,-1.0,non-ergonomis
2026-06-01 15:21:39.324,2210838780,526324,2,0.94629,-0.2561,0.26001,-1.16,0.336,0.458,non-ergonomis
2026-06-01 15:21:39.524,2210838980,526524,1,0.60278,-0.2334,0.93823,0.397,1.542,-0.947,non-ergonomis
2026-06-01 15:21:39.524,2210838980,526524,2,0.95435,-0.25122,0.25464,-2.481,0.855,0.366,non-ergonomis
2026-06-01 15:21:40.724,2210840180,526724,1,0.60815,-0.23096,0.91675,0.656,1.626,-1.58,non-ergonomis
2026-06-01 15:21:40.724,2210840180,526724,2,0.94727,-0.25195,0.24536,-3.519,0.504,-0.069,non-ergonomis
2026-06-01 15:21:40.924,2210840380,526924,1,0.60498,-0.22095,0.92456,0.115,1.427,-1.076,non-ergonomis
2026-06-01 15:21:40.924,2210840380,526924,2,0.93335,-0.25513,0.2666,0.282,0.511,1.313,non-ergonomis
2026-06-01 15:21:40.124,2210839580,527124,1,0.59521,-0.23828,0.92456,-0.725,1.611,-1.359,non-ergonomis
2026-06-01 15:21:40.124,2210839580,527124,2,0.93823,-0.25806,0.25757,,0.824,1.099,non-ergonomis
2026-06-01 15:21:40.324,2210839780,527324,1,0.59668,-0.22998,0.92188,-0.519,1.74,-0.794,non-ergonomis
2026-06-01 15:21:40.324,2210839780,527324,2,0.94629,-0.25562,0.26367,-1.13,0.038,1.0,non-ergonomis
2026-06-01 15:21:40.524,2210839980,527524,1,0.59399,-0.21777,0.92969,0.458,1.42,0.183,non-ergonomis
2026-06-01 15:21:40.524,2210839980,527524,2,0.9563,-0.25586,0.25781,-1.916,0.824,1.977,non-ergonomis
2026-06-01 15:21:41.724,2210841180,527724,1,0.61304,-0.24072,0.91968,-0.176,1.695,0.603,non-ergonomis
2026-06-01 15:21:41.724,2210841180,527724,2,0.93945,-0.26025,0.26831,-0.168,1.0,1.221,non-ergonomis
2026-06-01 15:21:41.924,2210841380,527924,1,0.60522,-0.22729,0.92529,-0.405,1.672,-0.275,non-ergonomis
2026-06-01 15:21:41.924,2210841380,527924,2,0.94434,-0.27197,0.26367,-0.275,0.336,0.695,non-ergonomis
2026-06-01 15:21:41.124,2210840580,528124,1,0.60327,-0.23706,0.92188,-0.122,2.076,-0.405,non-ergonomis
2026-06-01 15:21:41.124,2210840580,528124,2,0.94165,-0.26636,0.25659,-1.458,0.466,0.443,non-ergonomis
2026-06-01 15:21:41.324,2210840780,528324,1,0.59082,-0.22974,0.93726,0.893,1.908,-1.206,non-ergonomis
2026-06-01 15:21:41.324,2210840780,528324,2,0.94067,-0.27368,0.25293,-2.176,0.031,0.45,non-ergonomis
2026-06-01 15:21:41.524,2210840980,528524,1,0.61792,-0.22144,0.89648,-4.336,2.573,0.511,non-ergonomis
2026-06-01 15:21:41.524,2210840980,528524,2,0.95044,-0.271,0.26538,-2.16,0.542,-0.168,non-ergonomis
2026-06-01 15:21:42.724,2210842180,528724,1,0.5957,-0.23804,0.9248,-0.634,2.519,-0.366,non-ergonomis
2026-06-01 15:21:42.724,2210842180,528724,2,0.94434,-0.26172,0.26611,-0.855,-0.275,0.489,non-ergonomis
2026-06-01 15:21:42.924,2210842380,528924,1,0.59473,-0.23511,0.92944,-1.252,0.611,-1.351,non-ergonomis
2026-06-01 15:21:42.924,2210842380,528924,2,0.94702,-0.26245,0.27417,0.527,-0.076,0.542,non-ergonomis
2026-06-01 15:21:42.124,2210841580,529124,1,0.60181,-0.2395,0.91553,0.015,2.29,-0.458,non-ergonomis
2026-06-01 15:21:42.124,2210841580,529124,2,0.94531,-0.24805,0.25903,-0.076,0.153,0.053,non-ergonomis
2026-06-01 15:21:43.649,2210843105,529648,1,0.59888,-0.24536,0.91968,1.855,2.55,-0.328,non-ergonomis
2026-06-01 15:21:43.649,2210843105,529648,2,0.95044,-0.25244,0.25854,-1.824,-0.153,0.183,non-ergonomis
2026-06-01 15:21:43.970,2210843426,529970,1,0.5979,-0.23926,0.93726,-0.008,1.573,-0.718,non-ergonomis
2026-06-01 15:21:43.970,2210843426,529970,2,0.93872,-0.25269,0.26807,-0.527,-0.183,0.763,non-ergonomis
2026-06-01 15:21:43.170,2210842626,530170,1,0.60254,-0.24805,0.92017,1.74,3.038,0.282,non-ergonomis
2026-06-01 15:21:43.170,2210842626,530170,2,0.94727,-0.24731,0.2561,-0.527,0.153,0.794,non-ergonomis
2026-06-01 15:21:43.370,2210842826,530370,1,0.604,-0.2522,0.92114,-0.496,1.847,-0.244,non-ergonomis
2026-06-01 15:21:43.370,2210842826,530370,2,0.94189,-0.24707,0.25562,-1.214,0.58,0.405,non-ergonomis
2026-06-01 15:21:43.570,2210843026,530570,1,0.59912,-0.2395,0.93286,0.122,1.313,-1.008,non-ergonomis
2026-06-01 15:21:43.570,2210843026,530570,2,0.94507,-0.24536,0.26221,-1.252,1.023,0.481,non-ergonomis
2026-06-01 15:21:44.779,2210844235,530779,1,0.60791,-0.25,0.92114,1.534,3.031,0.084,non-ergonomis
2026-06-01 15:21:44.779,2210844235,530779,2,0.93726,-0.25244,0.26025,-1.176,0.038,0.42,non-ergonomis
2026-06-01 15:21:44.979,2210844435,530979,1,0.59033,-0.25293,0.91699,-0.076,2.137,-1.122,non-ergonomis
2026-06-01 15:21:44.979,2210844435,530979,2,0.94922,-0.24683,0.2583,-0.527,-0.229,0.656,non-ergonomis
2026-06-01 15:21:44.189,2210843645,531189,1,0.59814,-0.24756,0.92554,0.947,1.534,-1.443,non-ergonomis
2026-06-01 15:21:44.189,2210843645,531189,2,0.9519,-0.24243,0.26978,-1.351,0.687,0.466,non-ergonomis
2026-06-01 15:21:44.389,2210843845,531389,1,0.60156,-0.24146,0.92578,1.595,2.832,0.374,non-ergonomis
2026-06-01 15:21:44.389,2210843845,531389,2,0.94946,-0.25757,0.26587,-1.496,0.313,0.794,non-ergonomis
2026-06-01 15:21:44.589,2210844045,531589,1,0.60107,-0.23584,0.92944,0.45,2.061,-0.618,non-ergonomis
2026-06-01 15:21:44.589,2210844045,531589,2,0.95166,-0.24927,0.26392,-1.214,0.061,0.718,non-ergonomis
2026-06-01 15:21:45.789,2210845245,531789,1,0.59937,-0.24268,0.9353,-1.389,1.252,-1.397,non-ergonomis
2026-06-01 15:21:45.789,2210845245,531789,2,0.94434,-0.25049,0.2644,-1.603,0.954,0.099,non-ergonomis
2026-06-01 15:21:45.989,2210845445,531989,1,0.60303,-0.24707,0.92676,-0.107,2.359,-0.664,non-ergonomis
2026-06-01 15:21:45.989,2210845445,531989,2,0.94775,-0.24292,0.26685,-0.802,0.87,0.382,non-ergonomis
2026-06-01 15:21:45.251,2210844707,532251,1,0.60034,-0.24194,0.92017,-0.061,0.916,-1.092,non-ergonomis
2026-06-01 15:21:45.251,2210844707,532251,2,0.94995,-0.2583,0.2749,-4.076,1.229,0.237,non-ergonomis
2026-06-01 15:21:45.482,2210844938,532481,1,0.61279,-0.24902,0.91016,5.046,3.305,-0.504,non-ergonomis
2026-06-01 15:21:45.482,2210844938,532481,2,0.93823,-0.24683,0.27148,-2.542,0.473,0.092,non-ergonomis
2026-06-01 15:21:46.681,2210846137,532681,1,0.60596,-0.22144,0.9104,2.122,1.435,-1.656,non-ergonomis
2026-06-01 15:21:46.681,2210846137,532681,2,0.94629,-0.25439,0.26196,-3.145,0.481,0.786,non-ergonomis
2026-06-01 15:21:46.881,2210846337,532881,1,0.60303,-0.22217,0.91724,-0.603,1.221,-1.466,non-ergonomis
2026-06-01 15:21:46.881,2210846337,532881,2,0.94824,-0.24878,0.27319,-1.473,0.504,0.832,non-ergonomis
2026-06-01 15:21:46.081,2210845537,533081,1,0.60083,-0.22607,0.93262,0.13,1.71,-0.405,non-ergonomis
2026-06-01 15:21:46.081,2210845537,533081,2,0.94604,-0.24805,0.25806,-0.504,-0.099,0.542,non-ergonomis
2026-06-01 15:21:46.281,2210845737,533281,1,0.59863,-0.22339,0.93018,-0.389,1.786,-1.038,non-ergonomis
2026-06-01 15:21:46.281,2210845737,533281,2,0.93945,-0.25098,0.27051,-1.626,0.489,0.366,non-ergonomis
2026-06-01 15:21:46.481,2210845937,533481,1,0.6001,-0.22632,0.93579,0.321,1.954,-1.008,non-ergonomis
2026-06-01 15:21:46.481,2210845937,533481,2,0.94482,-0.25781,0.27002,-0.107,0.038,0.672,non-ergonomis
2026-06-01 15:21:47.681,2210847137,533681,1,0.61011,-0.23535,0.91162,-0.756,1.939,-0.962,non-ergonomis
2026-06-01 15:21:47.681,2210847137,533681,2,0.94482,-0.25366,0.27026,-1.557,1.176,0.046,non-ergonomis
2026-06-01 15:21:47.881,2210847337,533881,1,0.59229,-0.22778,0.92358,0.397,2.023,-0.405,non-ergonomis
2026-06-01 15:21:47.881,2210847337,533881,2,0.94434,-0.24243,0.26416,-1.664,0.198,0.389,non-ergonomis
2026-06-01 15:21:47.081,2210846537,534081,1,0.60425,-0.23413,0.92944,0.015,1.908,-0.29,non-ergonomis
2026-06-01 15:21:47.081,2210846537,534081,2,0.94922,-0.24878,0.26636,-1.481,0.473,0.519,non-ergonomis
2026-06-01 15:21:47.281,2210846737,534281,1,0.59351,-0.2312,0.93896,0.702,1.252,-0.618,non-ergonomis
2026-06-01 15:21:47.281,2210846737,534281,2,0.94043,-0.25342,0.27637,-1.412,0.115,0.359,non-ergonomis
2026-06-01 15:21:47.481,2210846937,534481,1,0.59961,-0.23438,0.91968,0.618,1.542,-0.626,non-ergonomis
2026-06-01 15:21:47.481,2210846937,534481,2,0.94507,-0.25684,0.26587,-1.565,0.397,0.382,non-ergonomis
2026-06-01 15:21:48.681,2210848137,534681,1,0.60352,-0.23047,0.92114,-0.351,1.55,-0.809,non-ergonomis
2026-06-01 15:21:48.681,2210848137,534681,2,0.9458,-0.24878,0.2644,-0.863,0.511,0.298,non-ergonomis
2026-06-01 15:21:48.881,2210848337,534881,1,0.60547,-0.22339,0.92822,1.008,1.473,-0.542,non-ergonomis
2026-06-01 15:21:48.881,2210848337,534881,2,0.93945,-0.24951,0.26367,-0.206,-0.374,1.008,non-ergonomis
2026-06-01 15:21:48.081,2210847537,535081,1,0.60059,-0.23706,0.92432,0.481,2.42,-0.595,non-ergonomis
2026-06-01 15:21:48.081,2210847537,535081,2,0.94116,-0.25366,0.27075,-1.168,0.504,0.405,non-ergonomis
2026-06-01 15:21:48.281,2210847737,535281,1,0.59424,-0.23926,0.93774,-0.16,2.359,-0.084,non-ergonomis
2026-06-01 15:21:48.281,2210847737,535281,2,0.95044,-0.2478,0.26709,-1.0,0.023,0.672,non-ergonomis
2026-06-01 15:21:48.481,2210847937,535481,1,0.6084,-0.23462,0.92822,1.595,2.771,-0.115,non-ergonomis
2026-06-01 15:21:48.481,2210847937,535481,2,0.94238,-0.25073,0.26953,-0.87,0.237,0.718,non-ergonomis
2026-06-01 15:21:49.681,2210849137,535681,1,0.60376,-0.23657,0.92236,-0.504,2.16,-0.481,non-ergonomis
2026-06-01 15:21:49.681,2210849137,535681,2,0.93994,-0.24976,0.26318,-1.16,0.336,0.382,non-ergonomis
2026-06-01 15:21:49.881,2210849337,535881,1,0.6001,-0.24243,0.92529,-0.489,1.466,-0.634,non-ergonomis
2026-06-01 15:21:49.881,2210849337,535881,2,0.93652,-0.24707,0.271,-1.519,0.504,0.45,non-ergonomis
2026-06-01 15:21:49.081,2210848537,536081,1,0.59741,-0.23486,0.92749,1.565,2.374,0.076,non-ergonomis
2026-06-01 15:21:49.081,2210848537,536081,2,0.94824,-0.25537,0.26514,-1.412,0.092,0.489,non-ergonomis
2026-06-01 15:21:49.281,2210848737,536281,1,0.60376,-0.23804,0.91748,0.137,1.878,-0.58,non-ergonomis
2026-06-01 15:21:49.281,2210848737,536281,2,0.94067,-0.25415,0.26099,-1.092,0.573,0.29,non-ergonomis
2026-06-01 15:21:49.481,2210848937,536481,1,0.60327,-0.23413,0.92334,0.58,1.786,-0.977,non-ergonomis
2026-06-01 15:21:49.481,2210848937,536481,2,0.94507,-0.24976,0.27515,-1.702,0.359,0.603,non-ergonomis
2026-06-01 15:21:50.681,2210850137,536681,1,0.60522,-0.23926,0.927,2.26,2.74,0.153,non-ergonomis
2026-06-01 15:21:50.681,2210850137,536681,2,0.94507,-0.25293,0.26733,-2.237,0.756,-0.046,non-ergonomis
2026-06-01 15:21:50.881,2210850337,536881,1,0.59912,-0.22876,0.93701,1.527,1.794,-0.435,non-ergonomis
2026-06-01 15:21:50.881,2210850337,536881,2,0.94336,-0.24683,0.27197,-2.13,0.313,0.527,non-ergonomis
2026-06-01 15:21:50.081,2210849537,537081,1,0.59497,-0.23462,0.93213,1.58,2.427,-0.046,non-ergonomis
2026-06-01 15:21:50.081,2210849537,537081,2,0.94604,-0.25,0.27148,-2.115,0.756,0.359,non-ergonomis
2026-06-01 15:21:50.281,2210849737,537281,1,0.59668,-0.24146,0.92529,3.069,2.412,-0.122,non-ergonomis
2026-06-01 15:21:50.281,2210849737,537281,2,0.94434,-0.26099,0.2583,-2.389,0.405,0.405,non-ergonomis
2026-06-01 15:21:50.481,2210849937,537481,1,0.59863,-0.23071,0.93433,0.802,1.84,-0.756,non-ergonomis
2026-06-01 15:21:50.481,2210849937,537481,2,0.94336,-0.24927,0.26343,-2.0,0.511,0.473,non-ergonomis
2026-06-01 15:21:51.681,2210851137,537681,1,0.59253,-0.23633,0.92041,0.511,1.954,-0.634,non-ergonomis
2026-06-01 15:21:51.681,2210851137,537681,2,0.94897,-0.25024,0.27466,-2.511,0.344,0.359,non-ergonomis
2026-06-01 15:21:51.881,2210851337,537881,1,0.59644,-0.23877,0.92676,1.71,1.733,-0.221,non-ergonomis
2026-06-01 15:21:51.881,2210851337,537881,2,0.94678,-0.25049,0.27075,0.229,-0.481,0.893,non-ergonomis
2026-06-01 15:21:51.081,2210850537,538081,1,0.59912,-0.23145,0.93433,-1.13,1.565,-0.634,non-ergonomis
2026-06-01 15:21:51.081,2210850537,538081,2,0.94629,-0.25049,0.26611,-1.641,0.489,0.313,non-ergonomis
2026-06-01 15:21:51.281,2210850737,538281,1,0.60449,-0.22412,0.92505,-0.649,2.718,-1.26,non-ergonomis
2026-06-01 15:21:51.281,2210850737,538281,2,0.9502,-0.25415,0.26147,-1.962,0.061,0.389,non-ergonomis
2026-06-01 15:21:51.481,2210850937,538481,1,0.59277,-0.23169,0.92847,-1.145,0.924,-1.122,non-ergonomis
2026-06-01 15:21:51.481,2210850937,538481,2,0.94653,-0.25122,0.26807,-1.252,-0.122,0.466,non-ergonomis
2026-06-01 15:21:52.681,2210852137,538681,1,0.59814,-0.23584,0.92651,-0.191,1.756,-0.458,non-ergonomis
2026-06-01 15:21:52.681,2210852137,538681,2,0.94971,-0.25293,0.25317,-0.802,-0.015,0.519,non-ergonomis
2026-06-01 15:21:52.881,2210852337,538881,1,0.60229,-0.23291,0.92676,0.328,1.763,-0.702,non-ergonomis
2026-06-01 15:21:52.881,2210852337,538881,2,0.94653,-0.24731,0.26343,-1.458,0.786,0.397,non-ergonomis
2026-06-01 15:21:52.081,2210851537,539081,1,0.59863,-0.23901,0.92554,0.733,1.611,-0.58,non-ergonomis
2026-06-01 15:21:52.081,2210851537,539081,2,0.93579,-0.25415,0.25879,-0.809,0.328,0.45,non-ergonomis
2026-06-01 15:21:52.281,2210851737,539281,1,0.59204,-0.229,0.93213,0.626,2.137,-0.115,non-ergonomis
2026-06-01 15:21:52.281,2210851737,539281,2,0.94385,-0.24951,0.26245,-1.328,0.473,0.626,non-ergonomis
2026-06-01 15:21:52.481,2210851937,539481,1,0.60156,-0.23633,0.92163,0.176,1.893,-0.504,non-ergonomis
2026-06-01 15:21:52.481,2210851937,539481,2,0.94482,-0.24902,0.271,-0.977,0.13,0.817,non-ergonomis
2026-06-01 15:21:53.681,2210853137,539681,1,0.58984,-0.23633,0.92847,-0.252,1.336,-0.481,non-ergonomis
2026-06-01 15:21:53.681,2210853137,539681,2,0.94653,-0.25439,0.26392,-1.122,0.443,0.534,non-ergonomis
2026-06-01 15:21:53.881,2210853337,539881,1,0.59863,-0.24316,0.92944,0.015,1.992,-0.389,non-ergonomis
2026-06-01 15:21:53.881,2210853337,539881,2,0.94922,-0.25537,0.25732,-0.443,0.191,0.702,non-ergonomis
2026-06-01 15:21:53.081,2210852537,540081,1,0.60522,-0.23901,0.91895,-0.046,1.603,-0.504,non-ergonomis
2026-06-01 15:21:53.081,2210852537,540081,2,0.95044,-0.25366,0.25928,-1.153,0.282,0.656,non-ergonomis
2026-06-01 15:21:53.281,2210852737,540281,1,0.59302,-0.24341,0.92676,1.275,2.16,-0.344,non-ergonomis
2026-06-01 15:21:53.281,2210852737,540281,2,0.94141,-0.25391,0.26025,-0.702,-0.069,0.496,non-ergonomis
2026-06-01 15:21:53.481,2210852937,540481,1,0.60596,-0.2395,0.92822,-1.008,1.328,-0.725,non-ergonomis
2026-06-01 15:21:53.481,2210852937,540481,2,0.94629,-0.25684,0.26831,-1.084,0.565,0.481,non-ergonomis
2026-06-01 15:21:54.681,2210854137,540681,1,0.59375,-0.23413,0.92041,0.725,1.603,-0.389,non-ergonomis
2026-06-01 15:21:54.681,2210854137,540681,2,0.94116,-0.25732,0.27124,-1.122,0.191,0.588,non-ergonomis
2026-06-01 15:21:54.881,2210854337,540881,1,0.604,-0.22876,0.91187,0.603,2.557,-0.458,non-ergonomis
2026-06-01 15:21:54.881,2210854337,540881,2,0.94165,-0.24805,0.26392,-0.191,-0.412,1.122,non-ergonomis
2026-06-01 15:21:54.081,2210853537,541081,1,0.59937,-0.24121,0.927,-0.924,1.695,-0.885,non-ergonomis
2026-06-01 15:21:54.081,2210853537,541081,2,0.94312,-0.25195,0.26221,-1.481,0.496,0.405,non-ergonomis
2026-06-01 15:21:54.281,2210853737,541281,1,0.60303,-0.24219,0.92627,-0.389,1.794,-0.855,non-ergonomis
2026-06-01 15:21:54.281,2210853737,541281,2,0.94458,-0.24902,0.26855,-2.008,0.725,0.366,non-ergonomis
2026-06-01 15:21:54.481,2210853937,541481,1,0.59277,-0.24683,0.92188,1.954,2.45,-0.45,non-ergonomis
2026-06-01 15:21:54.481,2210853937,541481,2,0.95093,-0.25024,0.25903,-2.931,1.153,0.015,non-ergonomis
2026-06-01 15:21:55.681,2210855137,541681,1,0.59229,-0.22827,0.93506,0.908,2.023,-0.649,non-ergonomis
2026-06-01 15:21:55.681,2210855137,541681,2,0.94312,-0.25684,0.27051,-0.473,0.099,0.496,non-ergonomis
2026-06-01 15:21:55.881,2210855337,541881,1,0.59326,-0.23291,0.93384,-0.26,1.29,-1.008,non-ergonomis
2026-06-01 15:21:55.881,2210855337,541881,2,0.94092,-0.26123,0.28882,-0.16,-0.878,-0.267,non-ergonomis
2026-06-01 15:21:55.081,2210854537,542081,1,0.55054,-0.20898,0.9729,26.214,-4.366,2.832,non-ergonomis
2026-06-01 15:21:55.081,2210854537,542081,2,0.93188,-0.24097,0.24683,-2.084,-15.221,2.229,non-ergonomis
2026-06-01 15:21:55.281,2210854737,542281,1,0.61206,-0.18677,0.90112,13.595,-24.71,-7.458,non-ergonomis
2026-06-01 15:21:55.281,2210854737,542281,2,0.94287,-0.2627,0.16846,-17.427,-23.382,8.481,non-ergonomis
2026-06-01 15:21:55.481,2210854937,542481,1,0.72168,-0.04541,0.77979,14.863,-14.542,-5.557,non-ergonomis
2026-06-01 15:21:55.481,2210854937,542481,2,0.99634,-0.35571,0.0647,-13.076,-8.252,9.489,non-ergonomis
