datetime,epoch_ms,ts_millis,mpu_id,ax,ay,az,gx,gy,gz,label
2026-06-01 15:38:02.140,2211821596,155140,1,1.03223,0.052,0.32129,1.954,2.878,-0.298,ergonomis
2026-06-01 15:38:02.140,2211821596,155140,2,1.02539,-0.03467,0.01611,-4.824,0.519,1.176,ergonomis
2026-06-01 15:38:02.340,2211821796,155340,1,1.04297,0.04028,0.29712,-1.641,0.405,-1.107,ergonomis
2026-06-01 15:38:02.340,2211821796,155340,2,1.02759,-0.02295,0.04224,-0.634,-1.168,0.855,ergonomis
2026-06-01 15:38:02.540,2211821996,155540,1,1.03638,0.04785,0.2915,4.023,2.649,0.061,ergonomis
2026-06-01 15:38:02.540,2211821996,155540,2,1.01904,-0.01855,0.01196,-2.863,0.718,-0.13,ergonomis
2026-06-01 15:38:02.780,2211822236,155780,1,1.03857,0.05396,0.32104,-1.534,1.374,0.061,ergonomis
2026-06-01 15:38:02.780,2211822236,155780,2,1.03442,-0.01318,0.03418,1.611,2.023,0.504,ergonomis
2026-06-01 15:38:03.980,2211823436,155980,1,1.02808,0.04248,0.3147,4.74,3.038,0.183,ergonomis
2026-06-01 15:38:03.980,2211823436,155980,2,1.02344,-0.0249,0.00879,-4.557,1.55,0.099,ergonomis
2026-06-01 15:38:03.180,2211822636,156180,1,1.03882,0.04956,0.29565,-0.405,1.389,-1.366,ergonomis
2026-06-01 15:38:03.180,2211822636,156180,2,1.02856,-0.02612,0.01758,0.26,1.168,0.412,ergonomis
2026-06-01 15:38:03.380,2211822836,156380,1,1.04126,0.05249,0.30908,-0.16,1.611,-0.824,ergonomis
2026-06-01 15:38:03.380,2211822836,156380,2,1.02246,-0.03662,0.02637,-0.817,1.168,0.351,ergonomis
2026-06-01 15:38:03.580,2211823036,156580,1,1.02954,0.04688,0.29907,1.947,1.26,-0.336,ergonomis
2026-06-01 15:38:03.580,2211823036,156580,2,1.02783,-0.01831,0.01831,-5.672,1.0,0.397,ergonomis
2026-06-01 15:38:03.780,2211823236,156780,1,1.03418,0.04419,0.30566,0.954,2.634,0.931,ergonomis
2026-06-01 15:38:03.780,2211823236,156780,2,1.02051,-0.01758,0.01343,1.427,3.771,-2.725,ergonomis
2026-06-01 15:38:04.980,2211824436,156980,1,1.01611,0.03467,0.31592,-14.29,-5.015,-3.45,ergonomis
2026-06-01 15:38:04.980,2211824436,156980,2,1.03809,-0.04517,,-21.779,-1.603,-1.954,ergonomis
2026-06-01 15:38:04.195,2211823651,157194,1,1.04004,0.06592,0.29224,6.931,2.16,-1.878,ergonomis
2026-06-01 15:38:04.195,2211823651,157194,2,1.02808,-0.02661,0.02295,-1.55,0.023,0.298,ergonomis
2026-06-01 15:38:07.211,2211826667,160211,1,1.03809,0.03174,0.2832,-1.695,-0.221,0.206,ergonomis
2026-06-01 15:38:07.211,2211826667,160211,2,1.02905,-0.06763,-0.00024,-0.412,-2.099,2.344,ergonomis
2026-06-01 15:38:07.411,2211826867,160411,1,1.04175,0.03638,0.2854,-7.954,,0.916,ergonomis
2026-06-01 15:38:07.411,2211826867,160411,2,1.02368,-0.06274,-0.01709,-11.053,-6.13,3.183,ergonomis
2026-06-01 15:38:07.611,2211827067,160611,1,1.05835,0.0354,0.25708,-2.412,2.458,0.328,ergonomis
2026-06-01 15:38:07.611,2211827067,160611,2,1.03394,-0.0835,-0.01294,-11.802,-2.45,2.076,ergonomis
2026-06-01 15:38:07.811,2211827267,160811,1,1.03857,0.03613,0.27832,-12.351,1.542,3.084,ergonomis
2026-06-01 15:38:07.811,2211827267,160811,2,1.05762,0.00171,0.07324,-60.74,23.87,-0.145,ergonomis
2026-06-01 15:38:08.011,2211827467,161011,1,1.05273,-0.03882,0.28296,-7.008,3.901,0.588,ergonomis
2026-06-01 15:38:08.011,2211827467,161011,2,1.02515,-0.10474,-0.02271,0.023,-1.176,1.947,ergonomis
2026-06-01 15:38:08.250,2211827706,161250,1,1.03882,-0.05322,0.22437,4.802,1.664,3.13,ergonomis
2026-06-01 15:38:08.250,2211827706,161250,2,1.01782,-0.07715,0.05078,3.046,10.603,-0.786,ergonomis
2026-06-01 15:38:08.608,2211828064,161608,1,1.07275,-0.02295,0.26782,-0.84,1.847,1.45,ergonomis
2026-06-01 15:38:08.608,2211828064,161608,2,1.03271,-0.1377,-0.00977,21.702,8.443,-4.863,ergonomis
2026-06-01 15:38:09.856,2211829312,161856,1,1.03784,0.0188,0.29297,-13.084,-0.061,-1.42,ergonomis
2026-06-01 15:38:09.856,2211829312,161856,2,1.05151,-0.09619,-0.02393,-10.107,-7.55,6.313,ergonomis
2026-06-01 15:38:09.056,2211828512,162056,1,1.03955,-0.01855,0.28247,-7.229,0.107,-0.595,ergonomis
2026-06-01 15:38:09.056,2211828512,162056,2,1.01978,-0.09521,0.02246,-3.328,-1.42,3.794,ergonomis
2026-06-01 15:38:09.292,2211828748,162292,1,1.07104,-0.06152,0.26343,1.069,0.58,-1.519,ergonomis
2026-06-01 15:38:09.292,2211828748,162292,2,1.0166,-0.12012,-0.05103,0.71,-2.26,1.481,ergonomis
2026-06-01 15:38:09.493,2211828949,162492,1,1.08887,-0.04297,0.25537,4.794,1.183,0.42,ergonomis
2026-06-01 15:38:09.493,2211828949,162492,2,1.02734,-0.15356,-0.021,-5.824,-0.87,2.061,ergonomis
2026-06-01 15:38:09.763,2211829219,162763,1,1.03931,-0.02832,0.26489,1.168,3.901,-0.817,ergonomis
2026-06-01 15:38:09.763,2211829219,162763,2,1.02856,-0.13623,-0.03809,-5.221,-0.641,0.412,ergonomis
2026-06-01 15:38:10.090,2211829546,163090,1,1.03711,-0.03662,0.29907,-2.84,2.916,-0.153,ergonomis
2026-06-01 15:38:10.090,2211829546,163090,2,1.03442,-0.12378,-0.01978,-2.885,0.336,0.405,ergonomis
2026-06-01 15:38:10.295,2211829751,163295,1,1.02246,-0.0271,0.27344,5.695,3.298,0.519,ergonomis
2026-06-01 15:38:10.295,2211829751,163295,2,0.9856,-0.10742,-0.08569,-29.458,-5.527,1.954,ergonomis
2026-06-01 15:38:10.558,2211830014,163558,1,1.14014,-0.08521,0.27344,20.55,3.466,-1.198,ergonomis
2026-06-01 15:38:10.558,2211830014,163558,2,1.00195,-0.12646,-0.06543,-4.137,-1.87,0.053,ergonomis
2026-06-01 15:38:10.814,2211830270,163814,1,1.06421,-0.02832,0.27808,17.0,1.672,3.466,ergonomis
2026-06-01 15:38:10.814,2211830270,163814,2,1.07422,-0.14673,0.0647,-16.107,-7.679,0.626,ergonomis
2026-06-01 15:38:11.125,2211830581,164125,1,1.05444,0.02173,0.35327,-6.733,0.214,-10.824,ergonomis
2026-06-01 15:38:11.125,2211830581,164125,2,0.98853,-0.04736,-0.02148,-9.718,0.275,-4.534,ergonomis
2026-06-01 15:38:11.349,2211830805,164349,1,1.06226,0.0332,0.28784,-4.832,1.122,-8.55,ergonomis
2026-06-01 15:38:11.349,2211830805,164349,2,0.98608,-0.02026,-0.09839,11.374,9.611,-7.763,ergonomis
2026-06-01 15:38:11.580,2211831036,164580,1,1.06055,0.03076,0.34375,-7.634,2.511,-6.771,ergonomis
2026-06-01 15:38:11.580,2211831036,164580,2,1.00903,-0.06543,-0.05249,-18.405,-6.687,-1.076,ergonomis
2026-06-01 15:38:11.780,2211831236,164780,1,1.00928,0.08203,0.2749,11.511,2.023,1.038,ergonomis
2026-06-01 15:38:11.780,2211831236,164780,2,1.02979,-0.0564,-0.10132,35.664,0.023,4.481,ergonomis
2026-06-01 15:38:12.984,2211832440,164984,1,1.04126,0.05664,0.25098,2.458,-1.87,-0.221,ergonomis
2026-06-01 15:38:12.984,2211832440,164984,2,1.02124,-0.09448,-0.06885,-5.794,-1.679,4.023,ergonomis
2026-06-01 15:38:12.253,2211831709,165253,1,1.04346,0.03906,0.26807,5.695,2.557,2.092,ergonomis
2026-06-01 15:38:12.253,2211831709,165253,2,1.01831,-0.10767,-0.11206,1.038,2.015,0.603,ergonomis
2026-06-01 15:38:13.873,2211833329,165873,1,0.97998,0.02515,0.24658,-6.634,-0.672,-7.267,ergonomis
2026-06-01 15:38:13.873,2211833329,165873,2,1.02734,-0.11694,0.01221,20.206,9.664,-2.802,ergonomis
2026-06-01 15:38:13.073,2211832529,166073,1,1.08618,0.0498,0.25317,-4.244,1.924,-7.344,ergonomis
2026-06-01 15:38:13.073,2211832529,166073,2,1.00391,-0.08813,-0.07471,15.931,-1.214,-0.771,ergonomis
2026-06-01 15:38:13.273,2211832729,166273,1,1.02368,0.03662,0.24707,-4.015,-1.038,-7.359,ergonomis
2026-06-01 15:38:13.273,2211832729,166273,2,1.00854,-0.12109,-0.06519,-17.969,-2.786,4.031,ergonomis
2026-06-01 15:38:13.479,2211832935,166479,1,1.12061,0.01611,0.2439,4.466,1.015,2.763,ergonomis
2026-06-01 15:38:13.479,2211832935,166479,2,1.00415,-0.07251,-0.10498,0.481,3.13,-1.87,ergonomis
2026-06-01 15:38:13.679,2211833135,166679,1,1.04077,0.01099,0.25781,0.16,3.687,1.382,ergonomis
2026-06-01 15:38:13.679,2211833135,166679,2,1.00879,-0.104,-0.12842,-25.107,1.756,0.542,ergonomis
2026-06-01 15:38:14.898,2211834354,166898,1,1.02295,0.02539,0.25854,8.023,7.626,2.107,ergonomis
2026-06-01 15:38:14.898,2211834354,166898,2,1.03955,-0.10669,-0.04858,-1.298,2.748,-1.069,ergonomis
2026-06-01 15:38:14.107,2211833563,167107,1,1.03442,0.02832,0.24463,-0.832,3.107,-1.588,ergonomis
2026-06-01 15:38:14.107,2211833563,167107,2,1.04053,-0.0979,-0.06958,-4.55,0.809,-0.55,ergonomis
2026-06-01 15:38:14.307,2211833763,167307,1,1.04004,0.04297,0.26147,1.603,1.718,-0.55,ergonomis
2026-06-01 15:38:14.307,2211833763,167307,2,1.02222,-0.08887,-0.06787,-0.16,-1.336,0.649,ergonomis
2026-06-01 15:38:14.561,2211834017,167561,1,1.05298,0.05322,0.2644,-1.733,1.13,-1.511,ergonomis
2026-06-01 15:38:14.561,2211834017,167561,2,1.03296,-0.09619,-0.08276,2.397,-0.366,0.71,ergonomis
2026-06-01 15:38:14.800,2211834256,167800,1,1.05396,0.0354,0.25659,0.656,3.229,-0.389,ergonomis
2026-06-01 15:38:14.800,2211834256,167800,2,1.03687,-0.08276,-0.06567,7.985,2.473,0.878,ergonomis
2026-06-01 15:38:15.000,2211834456,168000,1,1.04175,0.02734,0.25659,1.916,1.092,1.977,ergonomis
2026-06-01 15:38:15.000,2211834456,168000,2,1.03491,-0.09155,-0.06592,-0.977,2.0,0.779,ergonomis
2026-06-01 15:38:15.200,2211834656,168200,1,1.03076,0.03613,0.23877,1.122,3.634,-1.71,ergonomis
2026-06-01 15:38:15.200,2211834656,168200,2,1.02612,-0.09033,-0.04932,-3.641,-0.145,-0.053,ergonomis
2026-06-01 15:38:18.046,2211837502,171045,1,1.04712,0.04004,0.25854,0.344,2.031,-0.672,ergonomis
2026-06-01 15:38:18.046,2211837502,171045,2,1.02515,-0.08057,-0.05786,1.084,0.672,0.847,ergonomis
2026-06-01 15:38:18.245,2211837701,171245,1,1.04321,0.04346,0.26685,-0.702,1.015,-0.824,ergonomis
2026-06-01 15:38:18.245,2211837701,171245,2,1.03394,-0.0791,-0.07471,3.924,2.008,0.122,ergonomis
2026-06-01 15:38:18.445,2211837901,171445,1,1.03638,0.03687,0.2605,2.817,1.55,0.718,ergonomis
2026-06-01 15:38:18.445,2211837901,171445,2,1.03027,-0.07666,-0.05786,-0.374,0.702,0.618,ergonomis
2026-06-01 15:38:18.645,2211838101,171645,1,1.05029,0.03735,0.26123,0.954,1.947,-0.351,ergonomis
2026-06-01 15:38:18.645,2211838101,171645,2,1.01904,-0.07471,-0.03833,-6.992,0.435,-0.107,ergonomis
2026-06-01 15:38:19.845,2211839301,171845,1,1.04614,0.04321,0.2749,0.733,2.275,-0.649,ergonomis
2026-06-01 15:38:19.845,2211839301,171845,2,1.03394,-0.08667,-0.06128,-6.191,-0.985,1.252,ergonomis
2026-06-01 15:38:19.045,2211838501,172045,1,1.05151,0.04102,0.26563,0.122,1.679,-0.832,ergonomis
2026-06-01 15:38:19.045,2211838501,172045,2,1.03638,-0.08081,-0.06982,-3.0,-0.672,1.092,ergonomis
2026-06-01 15:38:19.245,2211838701,172245,1,1.0498,0.04175,0.27441,-0.924,1.344,-0.328,ergonomis
2026-06-01 15:38:19.245,2211838701,172245,2,1.03198,-0.08008,-0.06982,-1.542,0.328,0.405,ergonomis
2026-06-01 15:38:19.457,2211838913,172457,1,1.03833,0.05518,0.27124,0.412,3.664,0.45,ergonomis
2026-06-01 15:38:19.457,2211838913,172457,2,1.03076,-0.06006,-0.07251,0.328,5.443,-1.275,ergonomis
2026-06-01 15:38:19.675,2211839131,172675,1,1.04712,0.03833,0.26978,1.305,2.015,0.008,ergonomis
2026-06-01 15:38:19.675,2211839131,172675,2,1.02271,-0.06885,-0.06128,0.198,0.809,0.511,ergonomis
2026-06-01 15:38:20.875,2211840331,172875,1,1.04932,0.0437,0.27148,2.046,2.962,-0.473,ergonomis
2026-06-01 15:38:20.875,2211840331,172875,2,1.02344,-0.07617,-0.05737,-3.595,0.244,0.443,ergonomis
2026-06-01 15:38:20.075,2211839531,173075,1,1.05225,0.04419,0.25586,-0.458,1.84,-1.313,ergonomis
2026-06-01 15:38:20.075,2211839531,173075,2,1.02295,-0.07251,-0.08398,-3.0,0.931,-0.489,ergonomis
2026-06-01 15:38:20.305,2211839761,173305,1,1.04468,0.03906,0.26563,0.695,2.527,-0.718,ergonomis
2026-06-01 15:38:20.305,2211839761,173305,2,1.04272,-0.07031,-0.05664,-1.229,2.191,-0.191,ergonomis
2026-06-01 15:38:20.509,2211839965,173509,1,1.04028,0.04517,0.27612,-0.847,1.511,-1.382,ergonomis
2026-06-01 15:38:20.509,2211839965,173509,2,1.03345,-0.09155,-0.06104,-8.618,-1.206,1.611,ergonomis
2026-06-01 15:38:20.725,2211840181,173725,1,1.03857,0.04468,0.2771,-0.176,2.198,-0.679,ergonomis
2026-06-01 15:38:20.725,2211840181,173725,2,1.03101,-0.06543,-0.05371,0.076,-1.427,1.427,ergonomis
2026-06-01 15:38:21.925,2211841381,173925,1,1.04712,0.03833,0.27417,0.076,1.397,-0.519,ergonomis
2026-06-01 15:38:21.925,2211841381,173925,2,1.03223,-0.08472,-0.08398,2.985,2.534,-0.061,ergonomis
2026-06-01 15:38:21.133,2211840589,174133,1,1.02466,0.04468,0.30151,2.107,2.679,0.481,ergonomis
2026-06-01 15:38:21.133,2211840589,174133,2,1.01416,-0.07227,-0.04297,-6.351,-3.336,2.076,ergonomis
2026-06-01 15:38:21.333,2211840789,174333,1,1.04517,0.03125,0.25952,-3.588,0.626,0.893,ergonomis
2026-06-01 15:38:21.333,2211840789,174333,2,1.03271,-0.08398,-0.09155,7.664,-1.076,3.015,ergonomis
2026-06-01 15:38:21.533,2211840989,174533,1,1.04077,0.01196,0.29614,1.26,5.244,-1.794,ergonomis
2026-06-01 15:38:21.533,2211840989,174533,2,1.04199,-0.0791,-0.06885,-3.687,1.275,-1.901,ergonomis
2026-06-01 15:38:21.733,2211841189,174733,1,1.04199,0.08032,0.28223,2.473,0.206,-0.122,ergonomis
2026-06-01 15:38:21.733,2211841189,174733,2,1.02612,-0.0957,-0.0271,-2.595,0.733,1.389,ergonomis
2026-06-01 15:38:22.024,2211841480,175024,1,1.0332,0.04712,0.29785,0.359,3.42,,ergonomis
2026-06-01 15:38:22.024,2211841480,175024,2,1.02905,-0.07471,-0.04248,-9.321,0.237,-0.794,ergonomis
2026-06-01 15:38:22.232,2211841688,175232,1,1.05078,0.03125,0.2793,-2.267,-0.176,-3.534,ergonomis
2026-06-01 15:38:22.232,2211841688,175232,2,1.03589,-0.07397,-0.05713,4.901,2.847,-1.267,ergonomis
2026-06-01 15:38:22.487,2211841943,175486,1,1.05225,0.06055,0.30371,1.137,1.908,-2.16,ergonomis
2026-06-01 15:38:22.487,2211841943,175486,2,1.03198,-0.0957,-0.05347,-1.748,1.206,-1.282,ergonomis
2026-06-01 15:38:22.748,2211842204,175748,1,1.04321,0.06543,0.25122,11.809,4.0,-2.664,ergonomis
2026-06-01 15:38:22.748,2211842204,175748,2,1.00415,0.03247,-0.0188,18.084,7.321,0.214,ergonomis
2026-06-01 15:38:23.023,2211842479,176023,1,1.03711,0.07788,0.24756,3.71,3.107,-4.313,ergonomis
2026-06-01 15:38:23.023,2211842479,176023,2,1.03882,-0.0415,-0.01807,-6.809,-0.664,0.679,ergonomis
2026-06-01 15:38:23.276,2211842732,176276,1,1.02002,0.07788,0.30493,-3.885,1.053,-3.809,ergonomis
2026-06-01 15:38:23.276,2211842732,176276,2,1.04175,-0.06006,-0.02856,-5.557,-0.87,-1.298,ergonomis
2026-06-01 15:38:23.478,2211842934,176478,1,1.03052,0.06909,0.29248,-2.504,-2.931,0.542,ergonomis
2026-06-01 15:38:23.478,2211842934,176478,2,1.03247,-0.07153,-0.04272,-11.336,2.374,-0.794,ergonomis
2026-06-01 15:38:23.718,2211843174,176718,1,1.03784,0.05396,0.32373,1.687,3.626,3.511,ergonomis
2026-06-01 15:38:23.718,2211843174,176718,2,1.03418,-0.05859,-0.04858,-1.58,1.382,1.42,ergonomis
2026-06-01 15:38:24.918,2211844374,176918,1,1.03979,0.05273,0.28198,-0.969,1.069,-1.206,ergonomis
2026-06-01 15:38:24.918,2211844374,176918,2,1.0293,-0.06738,-0.07178,-2.924,-0.748,0.198,ergonomis
2026-06-01 15:38:24.118,2211843574,177118,1,1.04199,0.06348,0.28052,0.008,2.122,4.397,ergonomis
2026-06-01 15:38:24.118,2211843574,177118,2,1.03345,-0.04907,-0.07031,7.031,-0.687,5.359,ergonomis
2026-06-01 15:38:24.318,2211843774,177318,1,1.04907,0.0376,0.28052,-6.718,-0.198,-0.298,ergonomis
2026-06-01 15:38:24.318,2211843774,177318,2,1.02222,-0.06592,-0.0293,6.031,5.595,-2.718,ergonomis
2026-06-01 15:38:24.518,2211843974,177518,1,1.04736,0.05249,0.26904,-1.824,0.786,-0.221,ergonomis
2026-06-01 15:38:24.518,2211843974,177518,2,1.02832,-0.07056,-0.04028,-1.756,0.489,1.565,ergonomis
2026-06-01 15:38:24.718,2211844174,177718,1,1.0437,0.05347,0.29077,-0.26,4.542,-0.046,ergonomis
2026-06-01 15:38:24.718,2211844174,177718,2,1.03149,-0.07275,-0.06201,-1.71,0.046,0.855,ergonomis
2026-06-01 15:38:25.918,2211845374,177918,1,1.04321,0.02686,0.25659,-0.985,2.092,-1.084,ergonomis
2026-06-01 15:38:25.918,2211845374,177918,2,1.03369,-0.06445,-0.04712,-6.145,-1.595,1.443,ergonomis
2026-06-01 15:38:25.118,2211844574,178118,1,1.04907,0.05029,0.27734,1.191,2.481,-0.87,ergonomis
2026-06-01 15:38:25.118,2211844574,178118,2,1.02417,-0.06372,-0.06152,-4.374,-0.71,0.092,ergonomis
2026-06-01 15:38:25.318,2211844774,178318,1,1.04492,0.04858,0.26343,0.267,1.672,-1.885,ergonomis
2026-06-01 15:38:25.318,2211844774,178318,2,1.02686,-0.06519,-0.05908,-3.176,-0.763,-0.748,ergonomis
2026-06-01 15:38:25.518,2211844974,178518,1,1.04272,0.05005,0.26343,0.962,1.779,-1.863,ergonomis
2026-06-01 15:38:25.518,2211844974,178518,2,1.04565,-0.06201,-0.04175,-2.924,-0.618,0.626,ergonomis
2026-06-01 15:38:25.718,2211845174,178718,1,1.05786,0.05078,0.25757,-2.664,0.557,-2.611,ergonomis
2026-06-01 15:38:25.718,2211845174,178718,2,1.01733,-0.05688,-0.052,0.374,0.855,-0.389,ergonomis
2026-06-01 15:38:26.931,2211846387,178930,1,1.04175,0.0498,0.26416,3.198,0.962,0.107,ergonomis
2026-06-01 15:38:26.931,2211846387,178930,2,1.02954,-0.06812,-0.0625,-6.214,-0.733,-1.397,ergonomis
2026-06-01 15:38:26.130,2211845586,179130,1,1.05542,0.04321,0.26489,3.328,2.855,-2.802,ergonomis
2026-06-01 15:38:26.130,2211845586,179130,2,1.02563,-0.05542,-0.04077,-8.351,-0.641,-3.198,ergonomis
2026-06-01 15:38:26.330,2211845786,179330,1,1.06592,0.08716,0.28101,2.046,-0.229,-2.252,ergonomis
2026-06-01 15:38:26.330,2211845786,179330,2,1.03442,-0.04517,-0.07593,6.221,-0.588,3.45,ergonomis
2026-06-01 15:38:26.530,2211845986,179530,1,1.03784,0.08545,0.27686,3.504,4.855,2.496,ergonomis
2026-06-01 15:38:26.530,2211845986,179530,2,1.02466,-0.04858,-0.03979,-4.824,-2.137,2.084,ergonomis
2026-06-01 15:38:26.730,2211846186,179730,1,1.04419,0.09155,0.30298,1.84,3.481,-0.061,ergonomis
2026-06-01 15:38:26.730,2211846186,179730,2,1.02612,-0.05615,-0.03613,-1.366,0.45,0.611,ergonomis
2026-06-01 15:38:27.930,2211847386,179930,1,1.05713,0.0625,0.27808,-3.817,0.397,-2.817,ergonomis
2026-06-01 15:38:27.930,2211847386,179930,2,1.02783,-0.05127,-0.04614,5.031,0.672,-1.634,ergonomis
2026-06-01 15:38:27.130,2211846586,180130,1,1.04468,0.05444,0.27222,-3.565,-4.405,0.412,ergonomis
2026-06-01 15:38:27.130,2211846586,180130,2,1.03101,-0.04663,-0.07031,0.916,-2.397,0.038,ergonomis
2026-06-01 15:38:27.330,2211846786,180330,1,1.04028,0.0415,0.28418,-0.519,0.282,1.733,ergonomis
2026-06-01 15:38:27.330,2211846786,180330,2,1.0271,-0.02686,-0.09058,-4.901,-1.092,-1.847,ergonomis
2026-06-01 15:38:27.530,2211846986,180530,1,1.03931,0.07471,0.27026,2.344,1.71,-0.053,ergonomis
2026-06-01 15:38:27.530,2211846986,180530,2,1.02295,-0.05518,-0.09106,2.55,1.29,-0.153,ergonomis
2026-06-01 15:38:27.752,2211847208,180752,1,1.03809,0.1062,0.27002,1.641,2.046,0.977,ergonomis
2026-06-01 15:38:27.752,2211847208,180752,2,1.03394,-0.04663,-0.06836,0.031,0.137,1.718,ergonomis
2026-06-01 15:38:28.952,2211848408,180952,1,1.04419,0.05469,0.25659,-1.214,0.847,-2.321,ergonomis
2026-06-01 15:38:28.952,2211848408,180952,2,1.0188,-0.04907,-0.06567,1.702,1.557,0.443,ergonomis
2026-06-01 15:38:28.152,2211847608,181152,1,1.04272,0.06299,0.27466,0.931,3.45,-0.496,ergonomis
2026-06-01 15:38:28.152,2211847608,181152,2,1.02832,-0.04321,-0.06494,-1.74,0.672,1.069,ergonomis
2026-06-01 15:38:28.352,2211847808,181352,1,1.03931,0.06567,0.25952,1.267,3.168,-0.282,ergonomis
2026-06-01 15:38:28.352,2211847808,181352,2,1.03516,-0.03979,-0.05396,0.924,-0.908,1.527,ergonomis
2026-06-01 15:38:28.593,2211848049,181593,1,1.04712,0.05811,0.2561,2.313,3.275,-0.107,ergonomis
2026-06-01 15:38:28.593,2211848049,181593,2,1.02466,-0.04395,-0.06396,1.557,2.504,-1.023,ergonomis
2026-06-01 15:38:29.890,2211849346,181890,1,1.03784,0.07568,0.29541,3.031,4.046,-0.649,ergonomis
2026-06-01 15:38:29.890,2211849346,181890,2,1.03369,-0.04736,-0.0686,-8.458,0.809,-0.382,ergonomis
2026-06-01 15:38:29.113,2211848569,182113,1,1.03296,0.05884,0.26294,-0.023,-1.16,-0.557,ergonomis
2026-06-01 15:38:29.113,2211848569,182113,2,1.04712,-0.05542,-0.06152,-2.168,1.221,0.473,ergonomis
2026-06-01 15:38:29.460,2211848916,182459,1,1.02881,0.05151,0.28589,1.885,2.809,0.809,ergonomis
2026-06-01 15:38:29.460,2211848916,182459,2,1.02612,-0.02075,-0.05371,1.832,,0.458,ergonomis
2026-06-01 15:38:29.753,2211849209,182752,1,1.03418,0.05835,0.28711,1.939,0.198,-0.191,ergonomis
2026-06-01 15:38:29.753,2211849209,182752,2,1.02368,-0.03247,-0.06201,-6.153,-1.107,-0.13,ergonomis
2026-06-01 15:38:32.686,2211852142,185686,1,1.04053,0.04663,0.25684,1.855,3.252,0.527,ergonomis
2026-06-01 15:38:32.686,2211852142,185686,2,1.02881,-0.02515,-0.05981,-0.389,-1.137,0.733,ergonomis
2026-06-01 15:38:33.031,2211852487,186031,1,1.04688,0.04175,0.25586,1.473,2.718,0.137,ergonomis
2026-06-01 15:38:33.031,2211852487,186031,2,1.02905,-0.03613,-0.12378,4.863,0.733,-0.13,ergonomis
2026-06-01 15:38:33.231,2211852687,186231,1,1.04663,0.03174,0.22754,4.084,2.656,0.305,ergonomis
2026-06-01 15:38:33.231,2211852687,186231,2,1.03369,-0.04639,-0.10278,-8.595,2.687,-0.511,ergonomis
2026-06-01 15:38:33.431,2211852887,186431,1,1.05811,0.03735,0.24268,4.137,5.901,-1.435,ergonomis
2026-06-01 15:38:33.431,2211852887,186431,2,1.02295,-0.01929,-0.07983,4.061,3.229,-0.137,ergonomis
2026-06-01 15:38:33.631,2211853087,186631,1,1.04639,0.04932,0.30444,4.252,5.137,-0.771,ergonomis
2026-06-01 15:38:33.631,2211853087,186631,2,1.04541,-0.02148,-0.0647,-6.069,-0.29,0.817,ergonomis
2026-06-01 15:38:33.831,2211853287,186831,1,1.05664,0.05127,0.28052,0.466,3.29,-2.565,ergonomis
2026-06-01 15:38:33.831,2211853287,186831,2,1.02319,-0.01416,-0.05615,-9.786,-1.061,0.534,ergonomis
2026-06-01 15:38:34.031,2211853487,187031,1,1.04248,0.05835,0.25635,4.519,2.84,-0.26,ergonomis
2026-06-01 15:38:34.031,2211853487,187031,2,1.03442,-0.02271,-0.09009,-3.267,-0.115,1.412,ergonomis
2026-06-01 15:38:34.231,2211853687,187231,1,1.03662,0.05469,0.25293,0.649,1.489,-1.031,ergonomis
2026-06-01 15:38:34.231,2211853687,187231,2,1.02295,-0.03076,-0.08765,-2.695,-0.137,1.023,ergonomis
2026-06-01 15:38:34.431,2211853887,187431,1,1.03345,0.07837,0.27808,0.931,4.015,2.008,ergonomis
2026-06-01 15:38:34.431,2211853887,187431,2,1.03149,-0.021,-0.05688,0.092,-1.023,3.366,ergonomis
2026-06-01 15:38:34.631,2211854087,187631,1,1.0481,0.03833,0.27002,-4.435,-0.626,-3.672,ergonomis
2026-06-01 15:38:34.631,2211854087,187631,2,1.0354,-0.02515,-0.04395,3.634,-0.115,-1.16,ergonomis
2026-06-01 15:38:34.831,2211854287,187831,1,1.04077,0.05322,0.26172,1.282,0.618,-0.733,ergonomis
2026-06-01 15:38:34.831,2211854287,187831,2,1.02539,-0.02075,-0.06836,0.695,1.519,0.344,ergonomis
2026-06-01 15:38:35.031,2211854487,188031,1,1.04443,0.05493,0.26465,-0.351,1.176,-0.412,ergonomis
2026-06-01 15:38:35.031,2211854487,188031,2,1.03076,-0.03516,-0.07007,0.115,1.679,0.679,ergonomis
2026-06-01 15:38:35.231,2211854687,188231,1,1.03613,0.05225,0.25854,-0.702,0.702,-0.931,ergonomis
2026-06-01 15:38:35.231,2211854687,188231,2,1.03882,-0.0271,-0.07007,-0.924,-1.458,2.046,ergonomis
2026-06-01 15:38:35.431,2211854887,188431,1,1.04395,0.05835,0.25684,-2.71,-0.107,-1.038,ergonomis
2026-06-01 15:38:35.431,2211854887,188431,2,1.03296,-0.03394,-0.05542,-0.565,0.405,0.321,ergonomis
2026-06-01 15:38:35.631,2211855087,188631,1,1.04321,0.06421,0.27783,0.267,1.573,-0.061,ergonomis
2026-06-01 15:38:35.631,2211855087,188631,2,1.03223,-0.03833,-0.0564,-2.023,-0.29,0.779,ergonomis
2026-06-01 15:38:35.831,2211855287,188831,1,1.04321,0.05786,0.25903,1.725,3.008,-0.145,ergonomis
2026-06-01 15:38:35.831,2211855287,188831,2,1.02222,-0.04028,-0.05786,-2.893,0.191,-0.16,ergonomis
2026-06-01 15:38:36.031,2211855487,189031,1,1.04199,0.05518,0.25659,1.496,2.794,-0.237,ergonomis
2026-06-01 15:38:36.031,2211855487,189031,2,1.04468,-0.03906,-0.06396,-7.985,-2.473,0.008,ergonomis
2026-06-01 15:38:36.231,2211855687,189231,1,1.02783,0.06787,0.25171,1.328,2.16,-1.267,ergonomis
2026-06-01 15:38:36.231,2211855687,189231,2,1.03687,-0.01465,-0.06982,-8.954,1.305,-3.305,ergonomis
2026-06-01 15:38:36.431,2211855887,189431,1,1.04663,0.06812,0.25171,0.099,1.26,-1.817,ergonomis
2026-06-01 15:38:36.431,2211855887,189431,2,1.02905,-0.01758,-0.09814,3.305,-1.618,2.878,ergonomis
2026-06-01 15:38:36.631,2211856087,189631,1,1.05322,0.05591,0.28271,2.504,3.519,-0.191,ergonomis
2026-06-01 15:38:36.631,2211856087,189631,2,1.02856,-0.01343,-0.05005,-8.962,0.595,-0.641,ergonomis
2026-06-01 15:38:36.831,2211856287,189831,1,1.04834,0.05542,0.25928,1.588,0.649,0.092,ergonomis
2026-06-01 15:38:36.831,2211856287,189831,2,1.03906,-0.02466,-0.07935,5.557,-2.924,4.321,ergonomis
2026-06-01 15:38:37.031,2211856487,190031,1,1.0415,0.05005,0.27271,1.053,3.153,-0.855,ergonomis
2026-06-01 15:38:37.031,2211856487,190031,2,1.03052,-0.0188,-0.07178,-5.145,1.183,-0.641,ergonomis
2026-06-01 15:38:37.231,2211856687,190231,1,1.05371,0.08081,0.2688,-0.092,0.824,-0.786,ergonomis
2026-06-01 15:38:37.231,2211856687,190231,2,1.03711,-0.03735,-0.09937,-8.405,-1.16,1.359,ergonomis
2026-06-01 15:38:37.431,2211856887,190431,1,1.04956,0.06323,0.25513,-0.397,0.885,-1.26,ergonomis
2026-06-01 15:38:37.431,2211856887,190431,2,1.03638,-0.0188,-0.07227,2.664,0.595,0.305,ergonomis
2026-06-01 15:38:37.631,2211857087,190631,1,1.04175,0.06372,0.27026,1.481,1.221,-3.733,ergonomis
2026-06-01 15:38:37.631,2211857087,190631,2,1.03491,-0.03271,-0.08569,6.305,-2.267,3.466,ergonomis
2026-06-01 15:38:37.831,2211857287,190831,1,1.04883,0.08228,0.2688,-0.214,-1.267,-3.817,ergonomis
2026-06-01 15:38:37.831,2211857287,190831,2,1.02808,-0.02466,-0.07349,-4.0,1.267,-2.496,ergonomis
2026-06-01 15:38:38.031,2211857487,191031,1,1.05371,0.0874,0.24951,1.137,-2.954,-8.061,ergonomis
2026-06-01 15:38:38.031,2211857487,191031,2,1.02563,-0.02197,-0.09888,1.061,-2.519,-0.748,ergonomis
2026-06-01 15:38:38.231,2211857687,191231,1,1.0354,0.13452,0.23657,-2.092,-1.115,-7.687,ergonomis
2026-06-01 15:38:38.231,2211857687,191231,2,1.03394,-0.02881,-0.08325,-2.298,-3.534,0.107,ergonomis
2026-06-01 15:38:38.431,2211857887,191431,1,1.02319,0.14331,0.25,-0.626,1.687,-3.511,ergonomis
2026-06-01 15:38:38.431,2211857887,191431,2,1.02173,-0.0249,-0.09277,-3.809,0.794,0.061,ergonomis
2026-06-01 15:38:38.631,2211858087,191631,1,1.02295,0.13232,0.24146,4.466,1.13,-1.214,ergonomis
2026-06-01 15:38:38.631,2211858087,191631,2,1.03491,-0.01099,-0.1145,-1.641,1.298,-2.863,ergonomis
2026-06-01 15:38:38.831,2211858287,191831,1,1.04126,0.14819,0.22461,1.603,2.221,-0.389,ergonomis
2026-06-01 15:38:38.831,2211858287,191831,2,1.02637,-0.00024,-0.12085,-2.237,0.328,0.855,ergonomis
2026-06-01 15:38:39.031,2211858487,192031,1,1.03027,0.14526,0.23804,0.71,2.855,0.435,ergonomis
2026-06-01 15:38:39.031,2211858487,192031,2,1.03638,-0.0061,-0.09326,2.641,0.916,1.305,ergonomis
2026-06-01 15:38:39.231,2211858687,192231,1,1.04102,0.16504,0.25415,-1.954,3.0,2.183,ergonomis
2026-06-01 15:38:39.231,2211858687,192231,2,1.03345,-0.01782,-0.09692,-1.878,2.794,1.351,ergonomis
2026-06-01 15:38:39.431,2211858887,192431,1,1.04199,0.14819,0.26392,7.038,11.16,0.641,ergonomis
2026-06-01 15:38:39.431,2211858887,192431,2,1.04883,0.01099,-0.10571,7.115,1.061,-1.298,ergonomis
2026-06-01 15:38:39.631,2211859087,192631,1,1.02759,0.11987,0.26685,-1.382,0.282,1.45,ergonomis
2026-06-01 15:38:39.631,2211859087,192631,2,1.03931,-0.02417,-0.104,1.939,0.855,2.405,ergonomis
2026-06-01 15:38:39.831,2211859287,192831,1,1.0354,0.11621,0.28491,-5.588,3.748,2.802,ergonomis
2026-06-01 15:38:39.831,2211859287,192831,2,1.0459,0.00879,-0.06177,-0.908,5.756,-1.481,ergonomis
2026-06-01 15:38:40.031,2211859487,193031,1,1.03198,0.11084,0.27808,-3.809,1.618,1.061,ergonomis
2026-06-01 15:38:40.031,2211859487,193031,2,1.03394,-0.01636,-0.08984,-1.382,2.122,-0.008,ergonomis
2026-06-01 15:38:40.231,2211859687,193231,1,1.02856,0.11279,0.29712,0.008,1.038,1.031,ergonomis
2026-06-01 15:38:40.231,2211859687,193231,2,1.03809,-0.02563,-0.10791,-1.542,-0.901,2.405,ergonomis
2026-06-01 15:38:40.431,2211859887,193431,1,1.04126,0.10498,0.23975,1.252,1.718,-0.885,ergonomis
2026-06-01 15:38:40.431,2211859887,193431,2,1.03442,-0.02173,-0.08545,1.588,-1.191,0.42,ergonomis
2026-06-01 15:38:40.631,2211860087,193631,1,1.04736,0.10034,0.25366,1.573,1.786,0.725,ergonomis
2026-06-01 15:38:40.631,2211860087,193631,2,1.03564,-0.0249,-0.11597,-2.71,0.076,-0.321,ergonomis
2026-06-01 15:38:40.831,2211860287,193831,1,1.03931,0.10205,0.27026,1.496,3.573,0.084,ergonomis
2026-06-01 15:38:40.831,2211860287,193831,2,1.03052,-0.02295,-0.07617,0.947,-1.053,1.908,ergonomis
2026-06-01 15:38:41.031,2211860487,194031,1,1.03979,0.10547,0.26929,0.046,0.809,-0.435,ergonomis
2026-06-01 15:38:41.031,2211860487,194031,2,1.02686,-0.03125,-0.08569,1.969,0.756,1.282,ergonomis
2026-06-01 15:38:41.231,2211860687,194231,1,1.04199,0.09888,0.23657,-0.947,0.206,-0.718,ergonomis
2026-06-01 15:38:41.231,2211860687,194231,2,1.0376,-0.02148,-0.11182,-4.412,-2.618,2.298,ergonomis
2026-06-01 15:38:41.431,2211860887,194431,1,1.03174,0.10596,0.2915,2.015,-1.069,-0.71,ergonomis
2026-06-01 15:38:41.431,2211860887,194431,2,1.02148,-0.03101,-0.08154,-7.099,-1.809,0.214,ergonomis
2026-06-01 15:38:41.631,2211861087,194631,1,1.04517,0.0979,0.23291,1.015,0.969,1.992,ergonomis
2026-06-01 15:38:41.631,2211861087,194631,2,1.0415,-0.03809,-0.11914,-2.115,-2.588,1.29,ergonomis
2026-06-01 15:38:41.831,2211861287,194831,1,1.03369,0.08618,0.2666,4.496,0.26,0.26,ergonomis
2026-06-01 15:38:41.831,2211861287,194831,2,1.01709,-0.02319,-0.07666,3.802,1.84,-0.718,ergonomis
2026-06-01 15:38:42.031,2211861487,195031,1,1.04565,0.09375,0.25269,-1.153,1.878,-1.702,ergonomis
2026-06-01 15:38:42.031,2211861487,195031,2,1.02173,-0.01978,-0.10815,-2.603,2.626,-2.412,ergonomis
2026-06-01 15:38:42.231,2211861687,195231,1,1.04443,0.09253,0.24292,3.198,3.649,-0.481,ergonomis
2026-06-01 15:38:42.231,2211861687,195231,2,1.03369,-0.0166,-0.09863,-3.527,0.534,0.786,ergonomis
2026-06-01 15:38:42.431,2211861887,195431,1,1.03369,0.09058,0.25928,4.756,4.748,0.534,ergonomis
2026-06-01 15:38:42.431,2211861887,195431,2,1.02856,-0.00977,-0.10522,2.771,2.817,-0.84,ergonomis
2026-06-01 15:38:42.631,2211862087,195631,1,1.06665,0.07178,0.29443,-2.29,-0.031,0.573,ergonomis
2026-06-01 15:38:42.631,2211862087,195631,2,1.03613,-0.02563,-0.07568,4.618,-1.733,0.985,ergonomis
2026-06-01 15:38:42.831,2211862287,195831,1,1.03979,0.07983,0.26807,1.176,2.664,0.206,ergonomis
2026-06-01 15:38:42.831,2211862287,195831,2,1.03296,-0.01685,-0.06982,-1.092,0.565,0.725,ergonomis
2026-06-01 15:38:43.031,2211862487,196031,1,1.04028,0.10449,0.2583,0.115,2.87,-0.42,ergonomis
2026-06-01 15:38:43.031,2211862487,196031,2,1.04004,-0.02686,-0.10181,-3.626,0.183,0.931,ergonomis
2026-06-01 15:38:43.231,2211862687,196231,1,1.04419,0.08472,0.24878,0.656,0.45,-0.618,ergonomis
2026-06-01 15:38:43.231,2211862687,196231,2,1.03711,-0.02417,-0.09106,2.366,-0.473,1.053,ergonomis
2026-06-01 15:38:43.431,2211862887,196431,1,1.04346,0.0835,0.23926,-0.405,0.519,-0.16,ergonomis
2026-06-01 15:38:43.431,2211862887,196431,2,1.03223,-0.0188,-0.09912,2.924,0.939,0.145,ergonomis
2026-06-01 15:38:43.631,2211863087,196631,1,1.04614,0.09692,0.28271,-2.931,-1.26,0.74,ergonomis
2026-06-01 15:38:43.631,2211863087,196631,2,1.03003,-0.02759,-0.05908,3.015,0.015,2.527,ergonomis
2026-06-01 15:38:43.831,2211863287,196831,1,1.05005,0.07178,0.23657,2.29,2.305,1.763,ergonomis
2026-06-01 15:38:43.831,2211863287,196831,2,1.03027,-0.02246,-0.08984,1.695,1.901,0.496,ergonomis
2026-06-01 15:38:44.031,2211863487,197031,1,1.05884,0.07593,0.24878,1.588,4.107,0.916,ergonomis
2026-06-01 15:38:44.031,2211863487,197031,2,1.01465,-0.03955,-0.1167,2.863,-5.29,1.695,ergonomis
2026-06-01 15:38:44.231,2211863687,197231,1,1.0415,0.07202,0.24097,3.916,5.16,-1.58,ergonomis
2026-06-01 15:38:44.231,2211863687,197231,2,1.02441,-0.02612,-0.06543,-2.542,-0.046,0.069,ergonomis
2026-06-01 15:38:44.431,2211863887,197431,1,1.05859,0.06787,0.24561,3.038,2.183,0.664,ergonomis
2026-06-01 15:38:44.431,2211863887,197431,2,1.01733,-0.0293,-0.09424,-9.244,0.672,0.031,ergonomis
2026-06-01 15:38:44.631,2211864087,197631,1,1.03833,0.06152,0.23975,1.74,2.099,-0.901,ergonomis
2026-06-01 15:38:44.631,2211864087,197631,2,1.03882,-0.01782,-0.11304,-4.985,-0.412,-0.588,ergonomis
2026-06-01 15:38:44.831,2211864287,197831,1,1.03613,0.06323,0.26099,1.924,0.405,-0.45,ergonomis
2026-06-01 15:38:44.831,2211864287,197831,2,1.03809,-0.01904,-0.04321,-1.695,0.58,-0.198,ergonomis
2026-06-01 15:38:45.031,2211864487,198031,1,1.05103,0.06543,0.25146,-0.603,2.466,-1.603,ergonomis
2026-06-01 15:38:45.031,2211864487,198031,2,1.03979,-0.01465,-0.04468,-6.359,-0.534,0.305,ergonomis
2026-06-01 15:38:45.231,2211864687,198231,1,1.05664,0.07251,0.24292,1.672,2.099,-0.802,ergonomis
2026-06-01 15:38:45.231,2211864687,198231,2,1.03027,-0.02075,-0.08398,-4.771,-0.084,0.603,ergonomis
2026-06-01 15:38:45.431,2211864887,198431,1,1.0415,0.09033,0.24438,5.252,8.16,-2.038,ergonomis
2026-06-01 15:38:45.431,2211864887,198431,2,1.02344,-0.01343,-0.08057,-17.107,-3.351,-1.13,ergonomis
2026-06-01 15:38:45.631,2211865087,198631,1,1.04077,0.0769,0.2583,0.672,2.45,-1.885,ergonomis
2026-06-01 15:38:45.631,2211865087,198631,2,1.04663,-0.02466,-0.07422,-9.206,-0.099,0.298,ergonomis
2026-06-01 15:38:45.831,2211865287,198831,1,1.04541,0.09131,0.26416,-2.107,0.672,-1.763,ergonomis
2026-06-01 15:38:45.831,2211865287,198831,2,1.03735,-0.01123,-0.07495,1.481,0.13,0.496,ergonomis
2026-06-01 15:38:46.031,2211865487,199031,1,1.03857,0.08813,0.28809,0.87,-0.305,-0.481,ergonomis
2026-06-01 15:38:46.031,2211865487,199031,2,1.03931,-0.02295,-0.08447,-5.038,-1.534,1.969,ergonomis
2026-06-01 15:38:46.231,2211865687,199231,1,1.05176,0.07935,0.25684,-1.038,-1.924,-0.344,ergonomis
2026-06-01 15:38:46.231,2211865687,199231,2,1.03711,-0.01294,-0.06372,1.863,-0.74,0.435,ergonomis
2026-06-01 15:38:46.431,2211865887,199431,1,1.04468,0.07666,0.26318,-1.756,1.298,-1.534,ergonomis
2026-06-01 15:38:46.431,2211865887,199431,2,1.02979,-0.01465,-0.08716,-1.718,-0.099,0.58,ergonomis
2026-06-01 15:38:46.631,2211866087,199631,1,1.04419,0.08398,0.25415,1.908,1.763,0.122,ergonomis
2026-06-01 15:38:46.631,2211866087,199631,2,1.021,-0.02222,-0.10205,-0.16,-0.313,1.115,ergonomis
2026-06-01 15:38:46.831,2211866287,199831,1,1.04419,0.07959,0.28125,1.038,0.947,0.305,ergonomis
2026-06-01 15:38:46.831,2211866287,199831,2,1.02637,-0.03003,-0.09277,4.42,-1.618,0.504,ergonomis
2026-06-01 15:38:47.031,2211866487,200031,1,1.04639,0.0813,0.27051,0.084,-0.168,-2.634,ergonomis
2026-06-01 15:38:47.031,2211866487,200031,2,1.01685,-0.02515,-0.08057,-1.603,-1.519,-1.702,ergonomis
2026-06-01 15:38:47.231,2211866687,200231,1,1.052,0.09106,0.24121,5.504,-1.0,-3.641,ergonomis
2026-06-01 15:38:47.231,2211866687,200231,2,1.03027,0.00732,-0.11523,-6.046,-5.0,-1.763,ergonomis
2026-06-01 15:38:47.431,2211866887,200431,1,1.04102,0.14185,0.22192,0.947,0.511,-1.817,ergonomis
2026-06-01 15:38:47.431,2211866887,200431,2,1.03809,0.00439,-0.15771,-8.382,-0.695,-0.702,ergonomis
2026-06-01 15:38:47.631,2211867087,200631,1,1.04468,0.11646,0.24536,4.863,4.389,-5.092,ergonomis
2026-06-01 15:38:47.631,2211867087,200631,2,1.03638,0.00977,-0.13208,-6.221,0.336,-1.221,ergonomis
2026-06-01 15:38:47.831,2211867287,200831,1,1.06665,0.13232,0.24707,4.969,-2.214,2.817,ergonomis
2026-06-01 15:38:47.831,2211867287,200831,2,1.02466,0.01343,-0.12134,1.656,0.595,0.489,ergonomis
2026-06-01 15:38:48.031,2211867487,201031,1,1.04004,0.12549,0.24927,-2.802,1.321,-1.214,ergonomis
2026-06-01 15:38:48.031,2211867487,201031,2,1.03833,0.00635,-0.11963,0.427,-0.29,1.046,ergonomis
2026-06-01 15:38:48.231,2211867687,201231,1,1.04321,0.11353,0.24927,2.55,1.954,0.87,ergonomis
2026-06-01 15:38:48.231,2211867687,201231,2,1.02466,0.00928,-0.12231,-0.244,1.931,0.527,ergonomis
2026-06-01 15:38:48.431,2211867887,201431,1,1.04956,0.12451,0.22852,0.252,2.221,0.901,ergonomis
2026-06-01 15:38:48.431,2211867887,201431,2,1.03174,-0.00024,-0.10107,-1.038,1.534,0.908,ergonomis
2026-06-01 15:38:48.631,2211868087,201631,1,1.03931,0.1228,0.24121,0.191,1.359,0.237,ergonomis
2026-06-01 15:38:48.631,2211868087,201631,2,1.03247,0.00586,-0.12573,-0.534,0.756,1.84,ergonomis
2026-06-01 15:38:48.831,2211868287,201831,1,1.04419,0.09961,0.229,-1.382,0.031,-0.595,ergonomis
2026-06-01 15:38:48.831,2211868287,201831,2,1.03271,0.00073,-0.10815,2.053,1.504,0.366,ergonomis
2026-06-01 15:38:49.031,2211868487,202031,1,1.04541,0.11328,0.24219,-0.313,1.878,,ergonomis
2026-06-01 15:38:49.031,2211868487,202031,2,1.02832,0.00391,-0.11206,-1.328,0.71,0.298,ergonomis
2026-06-01 15:38:49.231,2211868687,202231,1,1.04126,0.10938,0.24219,0.863,2.244,-0.214,ergonomis
2026-06-01 15:38:49.231,2211868687,202231,2,1.02954,,-0.1272,-1.679,0.053,0.771,ergonomis
2026-06-01 15:38:49.431,2211868887,202431,1,1.05078,0.125,0.25928,-2.527,1.397,-0.84,ergonomis
2026-06-01 15:38:49.431,2211868887,202431,2,1.03394,-0.00073,-0.12158,0.847,0.954,-0.008,ergonomis
2026-06-01 15:38:49.631,2211869087,202631,1,1.04614,0.10742,0.26294,-0.626,1.389,-1.603,ergonomis
2026-06-01 15:38:49.631,2211869087,202631,2,1.03174,-0.00513,-0.10376,0.29,-0.015,0.031,ergonomis
2026-06-01 15:38:49.831,2211869287,202831,1,1.0415,0.10498,0.26001,-0.427,0.756,-0.87,ergonomis
2026-06-01 15:38:49.831,2211869287,202831,2,1.03516,-0.00342,-0.10352,0.122,0.733,0.305,ergonomis
2026-06-01 15:38:50.031,2211869487,203031,1,1.03564,0.11133,0.24854,-0.145,1.557,-0.565,ergonomis
2026-06-01 15:38:50.031,2211869487,203031,2,1.03564,0.00317,-0.10083,-2.435,-0.237,0.725,ergonomis
2026-06-01 15:38:50.231,2211869687,203231,1,1.03174,0.10962,0.25098,2.038,2.412,0.71,ergonomis
2026-06-01 15:38:50.231,2211869687,203231,2,1.02954,-0.00146,-0.1228,-1.061,1.237,0.756,ergonomis
2026-06-01 15:38:50.431,2211869887,203431,1,1.03906,0.11328,0.23999,0.794,1.74,-0.969,ergonomis
2026-06-01 15:38:50.431,2211869887,203431,2,1.02246,-0.0022,-0.11304,0.313,0.282,1.565,ergonomis
2026-06-01 15:38:50.631,2211870087,203631,1,1.04468,0.10083,0.24805,0.519,0.275,-0.763,ergonomis
2026-06-01 15:38:50.631,2211870087,203631,2,1.03003,0.00024,-0.12158,1.863,0.802,0.687,ergonomis
2026-06-01 15:38:50.831,2211870287,203831,1,1.05078,0.10498,0.23389,1.466,2.603,-0.275,ergonomis
2026-06-01 15:38:50.831,2211870287,203831,2,1.0293,-0.01001,-0.10498,-3.389,-0.74,0.733,ergonomis
2026-06-01 15:38:51.031,2211870487,204031,1,1.03711,0.10718,0.23901,-1.305,-2.252,1.046,ergonomis
2026-06-01 15:38:51.031,2211870487,204031,2,1.02734,-0.00659,-0.12085,-4.573,-1.878,1.656,ergonomis
2026-06-01 15:38:51.231,2211870687,204231,1,1.03857,0.10034,0.23657,0.718,-0.916,-0.679,ergonomis
2026-06-01 15:38:51.231,2211870687,204231,2,1.03101,-0.02393,-0.14551,-10.557,-3.206,0.916,ergonomis
2026-06-01 15:38:51.431,2211870887,204431,1,1.04614,0.10474,0.22974,0.076,0.405,-2.511,ergonomis
2026-06-01 15:38:51.431,2211870887,204431,2,1.03906,-0.02344,-0.1167,-12.023,-5.305,-1.573,ergonomis
2026-06-01 15:38:51.631,2211871087,204631,1,1.03125,0.1084,0.18457,0.344,-1.214,-2.634,ergonomis
2026-06-01 15:38:51.631,2211871087,204631,2,1.0376,-0.01025,-0.1665,-5.206,-0.565,-0.336,ergonomis
2026-06-01 15:38:51.831,2211871287,204831,1,1.05933,0.1145,0.18677,11.328,2.58,-1.313,ergonomis
2026-06-01 15:38:51.831,2211871287,204831,2,1.00366,0.00342,-0.21436,-3.496,0.733,-6.702,ergonomis
2026-06-01 15:38:52.031,2211871487,205031,1,1.04541,0.12207,0.16626,9.573,8.824,-1.466,ergonomis
2026-06-01 15:38:52.031,2211871487,205031,2,1.05249,0.06519,-0.21484,6.809,-1.992,-1.046,ergonomis
2026-06-01 15:38:52.231,2211871687,205231,1,1.02588,0.12402,0.22998,-0.107,4.328,-0.328,ergonomis
2026-06-01 15:38:52.231,2211871687,205231,2,1.01733,0.0061,-0.20508,-1.122,0.664,1.107,ergonomis
2026-06-01 15:38:52.431,2211871887,205431,1,1.03589,0.13086,0.2395,3.718,1.557,-4.214,ergonomis
2026-06-01 15:38:52.431,2211871887,205431,2,1.0105,0.03442,-0.18823,7.87,2.634,-0.221,ergonomis
2026-06-01 15:38:52.631,2211872087,205631,1,1.03052,0.1272,0.20459,1.496,-0.473,-2.092,ergonomis
2026-06-01 15:38:52.631,2211872087,205631,2,1.0166,0.02686,-0.16577,11.672,6.153,-0.878,ergonomis
2026-06-01 15:38:52.831,2211872287,205831,1,1.03979,0.125,0.23584,0.084,0.344,1.58,ergonomis
2026-06-01 15:38:52.831,2211872287,205831,2,1.01074,0.04419,-0.16553,0.817,3.496,-4.511,ergonomis
2026-06-01 15:38:53.031,2211872487,206031,1,1.00757,0.17041,0.24219,9.115,4.924,2.58,ergonomis
2026-06-01 15:38:53.031,2211872487,206031,2,1.03003,0.05127,-0.16968,-6.611,-5.153,3.511,ergonomis
2026-06-01 15:38:53.231,2211872687,206231,1,1.05957,0.10522,0.18481,-2.527,-2.13,-0.237,ergonomis
2026-06-01 15:38:53.231,2211872687,206231,2,1.03027,0.01318,-0.18945,-6.107,-2.58,1.076,ergonomis
2026-06-01 15:38:53.431,2211872887,206431,1,1.0437,0.11865,0.21313,1.015,0.901,-0.962,ergonomis
2026-06-01 15:38:53.431,2211872887,206431,2,1.02075,0.01855,-0.19043,2.405,0.031,-1.427,ergonomis
2026-06-01 15:38:53.631,2211873087,206631,1,1.04663,0.15552,0.17383,4.855,5.939,1.534,ergonomis
2026-06-01 15:38:53.631,2211873087,206631,2,1.01758,0.04688,-0.16357,8.84,2.115,3.916,ergonomis
2026-06-01 15:38:53.831,2211873287,206831,1,1.04712,0.13574,0.22217,1.534,7.153,4.924,ergonomis
2026-06-01 15:38:53.831,2211873287,206831,2,1.02173,0.01416,-0.17334,-2.863,2.855,4.664,ergonomis
2026-06-01 15:38:54.031,2211873487,207031,1,1.04297,0.13452,0.20361,-1.557,5.351,3.809,ergonomis
2026-06-01 15:38:54.031,2211873487,207031,2,1.03345,0.02002,-0.17944,1.656,0.359,4.366,ergonomis
2026-06-01 15:38:54.231,2211873687,207231,1,1.02954,0.09253,0.22217,1.137,2.771,0.344,ergonomis
2026-06-01 15:38:54.231,2211873687,207231,2,1.03418,-0.00024,-0.16016,2.565,1.786,0.908,ergonomis
2026-06-01 15:38:54.431,2211873887,207431,1,1.06201,0.10596,0.23584,8.031,2.252,1.916,ergonomis
2026-06-01 15:38:54.431,2211873887,207431,2,1.02295,0.01147,-0.17578,6.053,-1.832,3.168,ergonomis
2026-06-01 15:38:54.631,2211874087,207631,1,1.04053,0.12573,0.23315,-2.679,3.16,6.221,ergonomis
2026-06-01 15:38:54.631,2211874087,207631,2,1.01538,-0.0144,-0.16138,-8.137,-0.282,6.282,ergonomis
2026-06-01 15:38:54.831,2211874287,207831,1,1.05298,0.09424,0.20776,2.145,1.092,0.702,ergonomis
2026-06-01 15:38:54.831,2211874287,207831,2,1.01904,-0.00439,-0.13379,-5.267,-0.267,0.954,ergonomis
2026-06-01 15:38:55.031,2211874487,208031,1,1.05273,0.09814,0.20679,1.412,0.107,-2.397,ergonomis
2026-06-01 15:38:55.031,2211874487,208031,2,1.02075,-0.00513,-0.15649,-0.13,0.076,-0.985,ergonomis
2026-06-01 15:38:55.231,2211874687,208231,1,1.04932,0.09277,0.21753,3.321,3.145,0.748,ergonomis
2026-06-01 15:38:55.231,2211874687,208231,2,1.03076,-0.00391,-0.16138,-8.038,0.145,-0.794,ergonomis
2026-06-01 15:38:55.431,2211874887,208431,1,1.05249,0.09546,0.2041,-0.427,2.038,-1.565,ergonomis
2026-06-01 15:38:55.431,2211874887,208431,2,1.0249,0.00171,-0.15381,-3.366,1.137,-0.969,ergonomis
2026-06-01 15:38:55.631,2211875087,208631,1,1.05322,0.09692,0.21362,-2.168,1.053,-1.534,ergonomis
2026-06-01 15:38:55.631,2211875087,208631,2,1.03003,-0.00757,-0.15796,-4.084,-0.298,0.863,ergonomis
2026-06-01 15:38:55.831,2211875287,208831,1,1.05176,0.10156,0.21753,1.863,3.74,0.87,ergonomis
2026-06-01 15:38:55.831,2211875287,208831,2,1.02759,0.00659,-0.16919,-2.42,0.611,0.427,ergonomis
2026-06-01 15:38:56.031,2211875487,209031,1,1.04761,0.10596,0.21655,-4.176,2.015,-1.122,ergonomis
2026-06-01 15:38:56.031,2211875487,209031,2,1.02441,-0.00928,-0.14917,-3.0,-1.069,1.618,ergonomis
2026-06-01 15:38:56.231,2211875687,209231,1,1.04565,0.09741,0.22437,6.863,4.931,1.252,ergonomis
2026-06-01 15:38:56.231,2211875687,209231,2,1.0249,0.01416,-0.16089,-0.328,-0.031,0.771,ergonomis
2026-06-01 15:38:56.431,2211875887,209431,1,1.05371,0.09546,0.23267,-2.695,-0.809,-4.405,ergonomis
2026-06-01 15:38:56.431,2211875887,209431,2,1.02246,0.00366,-0.15503,1.214,-1.305,0.832,ergonomis
2026-06-01 15:38:56.631,2211876087,209631,1,1.04956,0.09985,0.21313,-1.053,-0.084,-3.611,ergonomis
2026-06-01 15:38:56.631,2211876087,209631,2,1.03296,-0.00171,-0.18335,1.305,-1.198,0.641,ergonomis
2026-06-01 15:38:56.831,2211876287,209831,1,1.03442,0.1333,0.2063,2.023,2.229,-0.137,ergonomis
2026-06-01 15:38:56.831,2211876287,209831,2,1.02905,-0.00854,-0.18506,-3.076,0.191,1.511,ergonomis
2026-06-01 15:38:57.031,2211876487,210031,1,1.04565,0.10425,0.21606,0.565,0.298,0.649,ergonomis
2026-06-01 15:38:57.031,2211876487,210031,2,1.02051,0.00854,-0.16821,7.031,3.809,-0.885,ergonomis
2026-06-01 15:38:57.231,2211876687,210231,1,1.05005,0.11963,0.21387,2.26,2.969,1.328,ergonomis
2026-06-01 15:38:57.231,2211876687,210231,2,1.02466,-0.00171,-0.17407,-0.382,0.939,0.863,ergonomis
2026-06-01 15:38:57.431,2211876887,210431,1,1.05103,0.11353,0.20972,0.748,2.038,-0.748,ergonomis
2026-06-01 15:38:57.431,2211876887,210431,2,1.02295,-0.00366,-0.16504,-4.328,1.748,0.107,ergonomis
2026-06-01 15:38:57.631,2211877087,210631,1,1.04736,0.12573,0.21826,-1.443,1.313,0.115,ergonomis
2026-06-01 15:38:57.631,2211877087,210631,2,1.02832,-0.0188,-0.16406,-9.137,-1.321,1.046,ergonomis
2026-06-01 15:38:57.831,2211877287,210831,1,1.03369,0.11084,0.20898,-2.374,1.885,-3.168,ergonomis
2026-06-01 15:38:57.831,2211877287,210831,2,1.03735,-0.00342,-0.14453,-1.481,0.901,-1.969,ergonomis
2026-06-01 15:38:58.031,2211877487,211031,1,1.04126,0.13867,0.19702,-0.802,2.466,-0.672,ergonomis
2026-06-01 15:38:58.031,2211877487,211031,2,1.02734,-0.00024,-0.15869,-3.168,-1.885,2.221,ergonomis
2026-06-01 15:38:58.231,2211877687,211231,1,1.03589,0.14136,0.20264,-9.611,4.763,6.733,ergonomis
2026-06-01 15:38:58.231,2211877687,211231,2,1.03003,-0.02148,-0.18188,9.29,4.969,8.992,ergonomis
2026-06-01 15:38:58.431,2211877887,211431,1,1.03467,0.06592,0.2207,2.718,4.45,3.221,ergonomis
2026-06-01 15:38:58.431,2211877887,211431,2,1.02832,-0.03174,-0.15112,5.313,2.542,2.626,ergonomis
2026-06-01 15:38:58.631,2211878087,211631,1,1.04224,0.08789,0.22607,8.351,3.435,0.145,ergonomis
2026-06-01 15:38:58.631,2211878087,211631,2,1.04468,0.07495,-0.20825,-20.718,10.366,-3.557,ergonomis
2026-06-01 15:38:58.831,2211878287,211831,1,1.04663,0.0874,0.22729,8.191,7.901,2.45,ergonomis
2026-06-01 15:38:58.831,2211878287,211831,2,1.02344,-0.01343,-0.15356,12.588,2.969,0.481,ergonomis
2026-06-01 15:38:59.031,2211878487,212031,1,1.03931,0.052,0.23877,5.626,6.71,2.183,ergonomis
2026-06-01 15:38:59.031,2211878487,212031,2,1.03101,-0.03198,-0.12061,-8.42,0.893,-0.282,ergonomis
2026-06-01 15:38:59.231,2211878687,212231,1,1.05225,0.10034,0.22754,-0.893,4.74,1.137,ergonomis
2026-06-01 15:38:59.231,2211878687,212231,2,1.02905,-0.04395,-0.12866,-1.832,0.137,1.26,ergonomis
2026-06-01 15:38:59.431,2211878887,212431,1,1.04175,0.11914,0.23608,0.634,0.672,-1.489,ergonomis
2026-06-01 15:38:59.431,2211878887,212431,2,1.03125,-0.00366,-0.11426,-2.313,-0.389,2.382,ergonomis
2026-06-01 15:38:59.631,2211879087,212631,1,1.04517,0.07861,0.25098,0.557,0.748,-0.053,ergonomis
2026-06-01 15:38:59.631,2211879087,212631,2,1.03418,-0.01099,-0.13013,-12.557,-4.206,0.313,ergonomis
2026-06-01 15:39:00.845,2211880301,212845,1,1.05444,0.09839,0.21777,0.618,1.038,-1.55,ergonomis
2026-06-01 15:39:00.845,2211880301,212845,2,1.02612,-0.0144,-0.14624,-4.977,-1.557,0.702,ergonomis
2026-06-01 15:39:00.045,2211879501,213045,1,1.05005,0.09375,0.2207,1.427,1.168,-0.817,ergonomis
2026-06-01 15:39:00.045,2211879501,213045,2,1.02441,-0.01929,-0.13013,-2.26,0.176,0.756,ergonomis
2026-06-01 15:39:00.245,2211879701,213245,1,1.04736,0.09229,0.21826,0.26,1.198,-0.458,ergonomis
2026-06-01 15:39:00.245,2211879701,213245,2,1.02295,-0.01855,-0.13745,-5.076,-0.061,1.313,ergonomis
2026-06-01 15:39:00.445,2211879901,213445,1,1.0437,0.09106,0.22021,0.13,1.214,-0.847,ergonomis
2026-06-01 15:39:00.445,2211879901,213445,2,1.02808,-0.00586,-0.13159,2.237,-0.748,0.481,ergonomis
2026-06-01 15:39:00.645,2211880101,213645,1,1.05518,0.09497,0.24634,-2.847,-0.107,0.42,ergonomis
2026-06-01 15:39:00.645,2211880101,213645,2,1.02881,-0.02515,-0.12964,4.473,1.046,0.855,ergonomis
2026-06-01 15:39:01.845,2211881301,213845,1,1.04932,0.07959,0.23193,-1.992,0.473,0.115,ergonomis
2026-06-01 15:39:01.845,2211881301,213845,2,1.02954,-0.01221,-0.11523,3.099,0.511,-0.298,ergonomis
2026-06-01 15:39:01.045,2211880501,214045,1,1.04932,0.0791,0.22461,2.748,1.252,1.053,ergonomis
2026-06-01 15:39:01.045,2211880501,214045,2,1.02271,-0.02271,-0.16016,-5.168,0.298,0.237,ergonomis
2026-06-01 15:39:01.245,2211880701,214245,1,1.04639,0.08545,0.21362,-0.069,1.458,-1.504,ergonomis
2026-06-01 15:39:01.245,2211880701,214245,2,1.02441,-0.01563,-0.14014,-2.275,0.038,0.679,ergonomis
2026-06-01 15:39:01.445,2211880901,214445,1,1.0415,0.08887,0.20703,-0.809,2.145,-1.802,ergonomis
2026-06-01 15:39:01.445,2211880901,214445,2,1.02808,-0.01904,-0.13232,-2.412,1.466,-0.382,ergonomis
2026-06-01 15:39:01.645,2211881101,214645,1,1.04297,0.09082,0.21802,-2.74,-0.229,-0.992,ergonomis
2026-06-01 15:39:01.645,2211881101,214645,2,1.02441,-0.01953,-0.08765,-3.55,-0.275,0.305,ergonomis
2026-06-01 15:39:02.845,2211882301,214845,1,1.04736,0.0957,0.21606,1.504,2.565,0.344,ergonomis
2026-06-01 15:39:02.845,2211882301,214845,2,1.03687,-0.01758,-0.14038,-4.389,-0.519,1.427,ergonomis
2026-06-01 15:39:02.045,2211881501,215045,1,1.04517,0.08911,0.2124,0.695,2.603,0.076,ergonomis
2026-06-01 15:39:02.045,2211881501,215045,2,1.03296,-0.02051,-0.13159,0.351,-0.198,0.779,ergonomis
2026-06-01 15:39:02.245,2211881701,215245,1,1.04761,0.0874,0.198,4.763,3.794,1.122,ergonomis
2026-06-01 15:39:02.245,2211881701,215245,2,1.03662,-0.01221,-0.17188,5.321,2.489,-0.344,ergonomis
2026-06-01 15:39:02.445,2211881901,215445,1,1.04834,0.09375,0.22046,1.244,1.733,-1.107,ergonomis
2026-06-01 15:39:02.445,2211881901,215445,2,1.01929,-0.0105,-0.14478,-6.191,0.359,-0.427,ergonomis
2026-06-01 15:39:02.645,2211882101,215645,1,1.04956,0.09277,0.23975,-0.405,3.763,-1.42,ergonomis
2026-06-01 15:39:02.645,2211882101,215645,2,1.03906,-0.00732,-0.13306,-4.565,-1.954,1.672,ergonomis
2026-06-01 15:39:03.845,2211883301,215845,1,1.05029,0.07886,0.2522,-1.458,1.527,-3.649,ergonomis
2026-06-01 15:39:03.845,2211883301,215845,2,1.021,0.0105,-0.10962,2.504,2.176,-3.13,ergonomis
2026-06-01 15:39:03.045,2211882501,216045,1,1.04395,0.08618,0.23584,-0.786,1.267,-1.603,ergonomis
2026-06-01 15:39:03.045,2211882501,216045,2,1.03198,-0.00903,-0.12988,-2.588,1.275,-0.313,ergonomis
2026-06-01 15:39:03.245,2211882701,216245,1,1.05029,0.10449,0.22876,-0.931,1.595,-1.015,ergonomis
2026-06-01 15:39:03.245,2211882701,216245,2,1.03271,-0.00903,-0.11401,0.519,-0.634,1.748,ergonomis
2026-06-01 15:39:03.445,2211882901,216445,1,1.04224,0.09692,0.22388,-0.634,1.504,-0.443,ergonomis
2026-06-01 15:39:03.445,2211882901,216445,2,1.02612,-0.0083,-0.13232,-3.29,-0.061,1.13,ergonomis
2026-06-01 15:39:03.645,2211883101,216645,1,1.03711,0.08838,0.23145,-2.489,1.58,0.336,ergonomis
2026-06-01 15:39:03.645,2211883101,216645,2,1.03516,-0.01147,-0.11523,2.137,0.985,-0.168,ergonomis
2026-06-01 15:39:04.845,2211884301,216845,1,1.03735,0.09082,0.20142,-1.588,0.534,-1.038,ergonomis
2026-06-01 15:39:04.845,2211884301,216845,2,1.03271,0.00244,-0.1311,1.985,0.954,0.359,ergonomis
2026-06-01 15:39:04.045,2211883501,217045,1,1.04321,0.09448,0.22412,-0.092,0.985,-0.092,ergonomis
2026-06-01 15:39:04.045,2211883501,217045,2,1.02686,-0.01636,-0.13403,-0.916,0.855,0.305,ergonomis
2026-06-01 15:39:04.245,2211883701,217245,1,1.0498,0.0835,0.24268,-1.176,0.031,-0.168,ergonomis
2026-06-01 15:39:04.245,2211883701,217245,2,1.02563,-0.01733,-0.15234,-4.008,1.481,0.206,ergonomis
2026-06-01 15:39:04.445,2211883901,217445,1,1.05469,0.08325,0.22705,1.489,2.496,-0.527,ergonomis
2026-06-01 15:39:04.445,2211883901,217445,2,1.02588,-0.01563,-0.14063,-3.565,-0.031,-0.145,ergonomis
2026-06-01 15:39:04.645,2211884101,217645,1,1.05811,0.09985,0.20825,-0.931,1.611,-0.076,ergonomis
2026-06-01 15:39:04.645,2211884101,217645,2,1.02954,-0.00049,-0.12793,-7.374,-1.847,-0.122,ergonomis
2026-06-01 15:39:05.845,2211885301,217845,1,1.0437,0.07666,0.23657,0.695,2.275,2.763,ergonomis
2026-06-01 15:39:05.845,2211885301,217845,2,1.04297,-0.02173,-0.1521,0.725,-1.405,1.42,ergonomis
2026-06-01 15:39:05.045,2211884501,218045,1,1.04639,0.05762,0.21509,-0.382,0.656,-0.122,ergonomis
2026-06-01 15:39:05.045,2211884501,218045,2,1.04028,-0.02319,-0.13354,6.954,4.611,-2.13,ergonomis
2026-06-01 15:39:05.245,2211884701,218245,1,1.0498,0.07886,0.20557,-0.588,1.397,-1.328,ergonomis
2026-06-01 15:39:05.245,2211884701,218245,2,0.99561,-0.09473,-0.07568,-0.511,-2.519,2.893,ergonomis
2026-06-01 15:39:05.445,2211884901,218445,1,1.00342,0.10742,0.19556,-8.969,-7.107,-3.466,ergonomis
2026-06-01 15:39:05.445,2211884901,218445,2,1.02856,0.05566,-0.08545,-37.183,24.695,-2.122,ergonomis
2026-06-01 15:39:05.704,2211885160,218704,1,1.05713,0.08081,0.21753,-5.931,-4.267,0.16,ergonomis
2026-06-01 15:39:05.704,2211885160,218704,2,1.03442,-0.02026,-0.05786,-3.634,0.626,-1.496,ergonomis
2026-06-01 15:39:06.904,2211886360,218904,1,1.05103,0.11792,0.22388,-0.466,3.992,-1.855,ergonomis
2026-06-01 15:39:06.904,2211886360,218904,2,1.0293,-0.00781,-0.07446,-1.542,-0.458,1.565,ergonomis
2026-06-01 15:39:06.104,2211885560,219104,1,1.05786,0.08936,0.20972,-0.878,1.84,-0.893,ergonomis
2026-06-01 15:39:06.104,2211885560,219104,2,1.02856,-0.01465,-0.08838,-2.466,-0.328,1.366,ergonomis
2026-06-01 15:39:06.304,2211885760,219304,1,1.04419,0.09888,0.20313,-0.962,2.252,-1.16,ergonomis
2026-06-01 15:39:06.304,2211885760,219304,2,1.03174,-0.02612,-0.09082,0.863,1.603,2.603,ergonomis
2026-06-01 15:39:06.504,2211885960,219504,1,1.03442,0.08081,0.20679,3.504,6.198,-3.099,ergonomis
2026-06-01 15:39:06.504,2211885960,219504,2,1.03955,-0.00879,-0.104,-7.42,1.74,-3.229,ergonomis
2026-06-01 15:39:06.704,2211886160,219704,1,1.04468,0.11572,0.25122,3.153,5.649,-1.786,ergonomis
2026-06-01 15:39:06.704,2211886160,219704,2,1.02856,-0.0105,-0.08789,-7.71,0.618,0.718,ergonomis
2026-06-01 15:39:07.904,2211887360,219904,1,1.04761,0.12256,0.24536,3.366,5.092,-0.198,ergonomis
2026-06-01 15:39:07.904,2211887360,219904,2,1.03516,-0.01514,-0.11572,-6.55,1.176,-0.206,ergonomis
2026-06-01 15:39:07.104,2211886560,220104,1,1.04834,0.11792,0.229,7.565,-0.87,2.656,ergonomis
2026-06-01 15:39:07.104,2211886560,220104,2,1.01953,-0.00781,-0.09155,-0.809,1.481,0.893,ergonomis
2026-06-01 15:39:07.304,2211886760,220304,1,1.02051,0.11792,0.29541,-0.405,2.649,-1.756,ergonomis
2026-06-01 15:39:07.304,2211886760,220304,2,1.02393,-0.01025,-0.10571,-3.908,1.206,-1.321,ergonomis
2026-06-01 15:39:07.504,2211886960,220504,1,1.0481,0.12085,0.21875,1.962,1.443,-0.221,ergonomis
2026-06-01 15:39:07.504,2211886960,220504,2,1.03174,0.01611,-0.10645,1.458,1.015,0.794,ergonomis
2026-06-01 15:39:07.704,2211887160,220704,1,1.03711,0.11719,0.25757,0.794,2.611,-0.107,ergonomis
2026-06-01 15:39:07.704,2211887160,220704,2,1.03442,-0.01807,-0.11719,-5.519,0.122,0.672,ergonomis
2026-06-01 15:39:08.904,2211888360,220904,1,1.05396,0.12866,0.26782,-4.573,0.458,-2.191,ergonomis
2026-06-01 15:39:08.904,2211888360,220904,2,1.02759,-0.0188,-0.08813,5.069,-0.58,1.176,ergonomis
2026-06-01 15:39:08.104,2211887560,221104,1,1.04419,0.12085,0.27124,1.176,-0.664,-0.015,ergonomis
2026-06-01 15:39:08.104,2211887560,221104,2,1.02661,-0.01782,-0.09717,3.275,0.351,0.603,ergonomis
2026-06-01 15:39:08.304,2211887760,221304,1,1.04517,0.11597,0.2666,1.702,1.427,1.084,ergonomis
2026-06-01 15:39:08.304,2211887760,221304,2,1.021,-0.02051,-0.11963,-5.985,-0.557,0.107,ergonomis
2026-06-01 15:39:08.504,2211887960,221504,1,1.03296,0.12964,0.23413,1.542,-0.145,-0.939,ergonomis
2026-06-01 15:39:08.504,2211887960,221504,2,1.03369,-0.01172,-0.13379,1.863,-3.26,1.458,ergonomis
2026-06-01 15:39:08.704,2211888160,221704,1,1.04761,0.11353,0.24609,-0.718,-2.519,-3.954,ergonomis
2026-06-01 15:39:08.704,2211888160,221704,2,1.02075,-0.02344,-0.16357,-12.412,-7.031,-2.756,ergonomis
2026-06-01 15:39:09.904,2211889360,221904,1,1.03735,0.12231,0.21802,0.672,-2.618,-3.55,ergonomis
2026-06-01 15:39:09.904,2211889360,221904,2,1.03247,0.08765,-0.17505,-19.267,1.282,-4.55,ergonomis
2026-06-01 15:39:09.104,2211888560,222104,1,1.03687,0.13062,0.21729,1.42,4.092,-1.908,ergonomis
2026-06-01 15:39:09.104,2211888560,222104,2,1.07568,0.03516,-0.19312,16.053,-15.756,1.435,ergonomis
2026-06-01 15:39:09.304,2211888760,222304,1,1.04395,0.12573,0.23389,1.038,2.672,1.214,ergonomis
2026-06-01 15:39:09.304,2211888760,222304,2,1.02319,0.00439,-0.18286,0.458,-0.267,-1.733,ergonomis
2026-06-01 15:39:09.504,2211888960,222504,1,1.0498,0.12451,0.22803,4.817,6.237,1.344,ergonomis
2026-06-01 15:39:09.504,2211888960,222504,2,1.01147,0.0083,-0.19092,1.26,0.786,0.74,ergonomis
2026-06-01 15:39:09.704,2211889160,222704,1,1.03662,0.13672,0.20532,-2.069,-2.221,1.786,ergonomis
2026-06-01 15:39:09.704,2211889160,222704,2,1.02393,-0.00195,-0.19434,-5.405,-2.0,1.29,ergonomis
2026-06-01 15:39:10.904,2211890360,222904,1,1.04956,0.12695,0.2168,1.153,2.45,-0.183,ergonomis
2026-06-01 15:39:10.904,2211890360,222904,2,1.01611,0.01147,-0.18506,-3.191,0.779,0.321,ergonomis
2026-06-01 15:39:10.104,2211889560,223104,1,1.04956,0.11768,0.22046,0.855,1.885,0.122,ergonomis
2026-06-01 15:39:10.104,2211889560,223104,2,1.02856,-0.00952,-0.20923,-10.069,-2.832,2.282,ergonomis
2026-06-01 15:39:10.304,2211889760,223304,1,1.04907,0.12158,0.21606,-0.687,1.489,-1.084,ergonomis
2026-06-01 15:39:10.304,2211889760,223304,2,1.0271,-0.00098,-0.18994,-4.115,0.237,0.42,ergonomis
2026-06-01 15:39:10.504,2211889960,223504,1,1.0437,0.11914,0.21802,-0.489,0.267,-1.481,ergonomis
2026-06-01 15:39:10.504,2211889960,223504,2,1.02588,0.00366,-0.20728,-1.901,0.679,-0.489,ergonomis
2026-06-01 15:39:10.704,2211890160,223704,1,1.05103,0.12622,0.22559,0.55,2.473,0.16,ergonomis
2026-06-01 15:39:10.704,2211890160,223704,2,1.02588,-0.00391,-0.17725,-5.763,-3.267,1.511,ergonomis
2026-06-01 15:39:11.904,2211891360,223904,1,1.03931,0.12354,0.20923,2.145,2.176,1.885,ergonomis
2026-06-01 15:39:11.904,2211891360,223904,2,1.02026,-0.00928,-0.21021,6.244,-0.229,2.786,ergonomis
2026-06-01 15:39:11.104,2211890560,224104,1,1.04517,0.11694,0.20825,-0.115,1.908,1.878,ergonomis
2026-06-01 15:39:11.104,2211890560,224104,2,1.03076,-0.00928,-0.20532,0.748,1.542,1.924,ergonomis
2026-06-01 15:39:11.304,2211890760,224304,1,1.04346,0.09888,0.22778,0.351,1.725,0.26,ergonomis
2026-06-01 15:39:11.304,2211890760,224304,2,1.02783,-0.0083,-0.16431,1.359,0.985,0.13,ergonomis
2026-06-01 15:39:11.504,2211890960,224504,1,1.05176,0.10327,0.21851,0.008,2.55,-0.107,ergonomis
2026-06-01 15:39:11.504,2211890960,224504,2,1.01416,-0.02661,-0.15991,-0.58,3.924,0.962,ergonomis
2026-06-01 15:39:11.704,2211891160,224704,1,1.04517,0.09497,0.21313,0.611,1.809,-0.366,ergonomis
2026-06-01 15:39:11.704,2211891160,224704,2,1.02905,-0.00806,-0.19458,-4.023,-0.74,1.122,ergonomis
2026-06-01 15:39:12.904,2211892360,224904,1,1.04712,0.10693,0.21899,0.565,2.122,-1.305,ergonomis
2026-06-01 15:39:12.904,2211892360,224904,2,1.02075,-0.01074,-0.17603,-4.863,0.939,-0.092,ergonomis
2026-06-01 15:39:12.104,2211891560,225104,1,1.05566,0.10205,0.21753,0.565,1.794,-1.115,ergonomis
2026-06-01 15:39:12.104,2211891560,225104,2,1.02563,-0.01538,-0.20093,0.977,1.473,-0.336,ergonomis
2026-06-01 15:39:12.304,2211891760,225304,1,1.05005,0.10449,0.20996,-0.015,3.221,-0.878,ergonomis
2026-06-01 15:39:12.304,2211891760,225304,2,1.02783,-0.00342,-0.19385,-1.58,-0.214,0.557,ergonomis
2026-06-01 15:39:12.504,2211891960,225504,1,1.05249,0.10327,0.22266,0.977,2.779,-0.786,ergonomis
2026-06-01 15:39:12.504,2211891960,225504,2,1.01782,-0.00171,-0.18799,-0.557,-0.466,0.649,ergonomis
2026-06-01 15:39:12.704,2211892160,225704,1,1.03979,0.09814,0.21753,-1.031,0.885,-1.282,ergonomis
2026-06-01 15:39:12.704,2211892160,225704,2,1.0293,-0.01831,-0.19116,-4.183,-1.122,1.344,ergonomis
2026-06-01 15:39:13.904,2211893360,225904,1,1.04541,0.11035,0.22217,-1.305,1.664,-1.344,ergonomis
2026-06-01 15:39:13.904,2211893360,225904,2,1.03052,0.00684,-0.18726,2.588,0.504,-0.206,ergonomis
2026-06-01 15:39:13.104,2211892560,226104,1,1.04443,0.1123,0.20728,-0.321,0.687,-1.634,ergonomis
2026-06-01 15:39:13.104,2211892560,226104,2,1.01636,0.00171,-0.20044,-1.359,0.458,0.221,ergonomis
2026-06-01 15:39:13.304,2211892760,226304,1,1.04761,0.1145,0.23096,0.947,2.313,1.076,ergonomis
2026-06-01 15:39:13.304,2211892760,226304,2,1.02197,-0.00317,-0.18921,2.176,0.397,0.817,ergonomis
2026-06-01 15:39:13.504,2211892960,226504,1,1.04321,0.10376,0.21436,-0.565,1.405,-0.71,ergonomis
2026-06-01 15:39:13.504,2211892960,226504,2,1.02612,-0.01025,-0.18457,-2.115,-0.527,0.557,ergonomis
2026-06-01 15:39:13.704,2211893160,226704,1,1.04468,0.10498,0.21533,-1.053,0.427,-0.382,ergonomis
2026-06-01 15:39:13.704,2211893160,226704,2,1.03125,-0.0061,-0.17334,2.412,1.076,0.527,ergonomis
2026-06-01 15:39:14.904,2211894360,226904,1,1.04907,0.10742,0.21191,1.344,1.534,-1.885,ergonomis
2026-06-01 15:39:14.904,2211894360,226904,2,1.02637,-0.0083,-0.18286,-1.725,1.519,-0.992,ergonomis
2026-06-01 15:39:14.104,2211893560,227104,1,1.04346,0.12036,0.21094,0.321,1.695,-2.618,ergonomis
2026-06-01 15:39:14.104,2211893560,227104,2,1.02026,-0.00171,-0.18091,-8.443,1.84,-2.603,ergonomis
2026-06-01 15:39:14.304,2211893760,227304,1,1.05225,0.11401,0.21362,0.969,2.122,-4.008,ergonomis
2026-06-01 15:39:14.304,2211893760,227304,2,1.02515,-0.00269,-0.17871,0.374,5.443,-7.351,ergonomis
2026-06-01 15:39:14.504,2211893960,227504,1,1.03564,0.146,0.22095,1.527,2.71,-3.397,ergonomis
2026-06-01 15:39:14.504,2211893960,227504,2,1.02856,0.04199,-0.18677,1.183,-0.382,0.985,ergonomis
2026-06-01 15:39:14.704,2211894160,227704,1,1.02173,0.13525,0.20313,-2.382,-4.832,-0.229,ergonomis
2026-06-01 15:39:14.704,2211894160,227704,2,1.0249,0.02563,-0.17627,-6.55,-1.374,-0.443,ergonomis
2026-06-01 15:39:15.904,2211895360,227904,1,1.04297,0.1311,0.21387,0.496,2.504,-1.061,ergonomis
2026-06-01 15:39:15.904,2211895360,227904,2,1.05884,0.06787,-0.22607,6.595,-9.366,-0.061,ergonomis
2026-06-01 15:39:15.104,2211894560,228104,1,1.04053,0.13013,0.21313,0.527,2.076,-0.321,ergonomis
2026-06-01 15:39:15.104,2211894560,228104,2,1.0271,0.021,-0.18286,1.397,0.87,1.542,ergonomis
2026-06-01 15:39:15.304,2211894760,228304,1,1.03687,0.13013,0.21411,-1.611,0.847,-1.397,ergonomis
2026-06-01 15:39:15.304,2211894760,228304,2,1.02979,0.01709,-0.18335,1.145,2.718,0.191,ergonomis
2026-06-01 15:39:15.504,2211894960,228504,1,1.05371,0.11621,0.20508,0.527,1.458,2.42,ergonomis
2026-06-01 15:39:15.504,2211894960,228504,2,1.02661,0.01294,-0.18921,-0.809,2.824,1.176,ergonomis
2026-06-01 15:39:15.704,2211895160,228704,1,1.05322,0.1189,0.22827,-4.702,1.176,1.542,ergonomis
2026-06-01 15:39:15.704,2211895160,228704,2,1.01245,-0.01807,-0.14966,6.16,0.122,2.473,ergonomis
2026-06-01 15:39:16.904,2211896360,228904,1,1.04736,0.11768,0.23145,2.618,3.267,-0.099,ergonomis
2026-06-01 15:39:16.904,2211896360,228904,2,1.01904,0.01025,-0.18457,-4.786,-1.26,1.557,ergonomis
2026-06-01 15:39:16.104,2211895560,229104,1,1.0459,0.11914,0.23828,2.229,2.824,-0.489,ergonomis
2026-06-01 15:39:16.104,2211895560,229104,2,1.01733,0.02441,-0.19995,-0.893,-0.023,1.176,ergonomis
2026-06-01 15:39:16.304,2211895760,229304,1,1.04199,0.11572,0.229,2.076,1.885,-0.557,ergonomis
2026-06-01 15:39:16.304,2211895760,229304,2,1.03003,0.01294,-0.1748,-4.183,1.26,0.656,ergonomis
2026-06-01 15:39:16.504,2211895960,229504,1,1.04541,0.12207,0.22852,-1.595,0.321,-1.534,ergonomis
2026-06-01 15:39:16.504,2211895960,229504,2,1.02856,0.01074,-0.19409,1.954,1.45,0.29,ergonomis
2026-06-01 15:39:16.704,2211896160,229704,1,1.04004,0.12305,0.22412,-1.916,0.29,-1.58,ergonomis
2026-06-01 15:39:16.704,2211896160,229704,2,1.02319,0.00928,-0.18555,-1.557,1.122,-0.611,ergonomis
2026-06-01 15:39:17.904,2211897360,229904,1,1.02881,0.12036,0.21777,1.092,1.496,-1.0,ergonomis
2026-06-01 15:39:17.904,2211897360,229904,2,1.02344,0.01709,-0.14624,-1.573,-0.45,1.847,ergonomis
2026-06-01 15:39:17.104,2211896560,230104,1,1.04346,0.11719,0.22949,0.344,1.618,0.351,ergonomis
2026-06-01 15:39:17.104,2211896560,230104,2,1.03027,0.01489,-0.15869,1.817,-0.45,1.969,ergonomis
2026-06-01 15:39:17.304,2211896760,230304,1,1.03516,0.1189,0.22217,1.183,1.947,-0.153,ergonomis
2026-06-01 15:39:17.304,2211896760,230304,2,1.02881,0.00659,-0.18115,-0.908,-0.183,0.939,ergonomis
2026-06-01 15:39:17.504,2211896960,230504,1,1.04126,0.12915,0.21899,0.649,3.351,0.55,ergonomis
2026-06-01 15:39:17.504,2211896960,230504,2,1.02368,0.01147,-0.19409,-7.023,-0.237,1.038,ergonomis
2026-06-01 15:39:17.704,2211897160,230704,1,1.04688,0.1167,0.22144,0.618,0.847,-1.344,ergonomis
2026-06-01 15:39:17.704,2211897160,230704,2,1.02539,0.00464,-0.19873,-4.305,-0.756,0.122,ergonomis
2026-06-01 15:39:18.904,2211898360,230904,1,1.04492,0.11963,0.20093,-0.588,0.649,-2.115,ergonomis
2026-06-01 15:39:18.904,2211898360,230904,2,1.01904,0.0144,-0.19653,-3.947,1.061,-0.771,ergonomis
2026-06-01 15:39:18.104,2211897560,231104,1,1.05151,0.12402,0.20313,2.351,3.382,-0.328,ergonomis
2026-06-01 15:39:18.104,2211897560,231104,2,1.02075,0.02002,-0.19604,4.046,-0.565,1.366,ergonomis
2026-06-01 15:39:18.304,2211897760,231304,1,1.0459,0.11938,0.19897,2.542,1.328,-0.458,ergonomis
2026-06-01 15:39:18.304,2211897760,231304,2,1.01733,0.01465,-0.19873,-7.191,0.366,-0.053,ergonomis
2026-06-01 15:39:18.504,2211897960,231504,1,1.05908,0.13428,0.22363,1.695,3.046,-1.427,ergonomis
2026-06-01 15:39:18.504,2211897960,231504,2,1.02661,0.01074,-0.19995,-5.496,-0.298,-0.252,ergonomis
2026-06-01 15:39:18.704,2211898160,231704,1,1.03613,0.1228,0.21558,1.008,3.405,-1.733,ergonomis
2026-06-01 15:39:18.704,2211898160,231704,2,1.02417,0.00513,-0.19849,-2.29,-1.817,1.008,ergonomis
2026-06-01 15:39:19.904,2211899360,231904,1,1.03467,0.11963,0.2356,0.985,3.763,-1.076,ergonomis
2026-06-01 15:39:19.904,2211899360,231904,2,1.02686,0.02026,-0.19873,-3.466,-0.122,-1.26,ergonomis
2026-06-01 15:39:19.104,2211898560,232104,1,1.03906,0.12939,0.25024,3.565,2.359,0.229,ergonomis
2026-06-01 15:39:19.104,2211898560,232104,2,1.02368,0.03979,-0.19702,-1.267,-0.893,-1.908,ergonomis
2026-06-01 15:39:19.304,2211898760,232304,1,1.02441,0.11719,0.20557,0.733,1.931,5.305,ergonomis
2026-06-01 15:39:19.304,2211898760,232304,2,1.02197,0.02075,-0.20923,5.435,-1.13,5.176,ergonomis
2026-06-01 15:39:19.504,2211898960,232504,1,1.05371,0.08325,0.21655,2.046,2.756,1.466,ergonomis
2026-06-01 15:39:19.504,2211898960,232504,2,1.0127,0.01294,-0.21143,4.061,3.115,0.16,ergonomis
2026-06-01 15:39:19.704,2211899160,232704,1,1.02759,0.09692,0.22681,2.023,1.527,-1.084,ergonomis
2026-06-01 15:39:19.704,2211899160,232704,2,1.02417,0.00781,-0.21021,2.84,0.374,0.863,ergonomis
2026-06-01 15:39:20.904,2211900360,232904,1,1.0498,0.09839,0.22705,-1.084,-1.718,-1.771,ergonomis
2026-06-01 15:39:20.904,2211900360,232904,2,1.02148,0.01782,-0.22632,0.405,-0.252,-1.0,ergonomis
2026-06-01 15:39:20.104,2211899560,233104,1,1.052,0.11279,0.20093,-4.16,-1.519,-2.313,ergonomis
2026-06-01 15:39:20.104,2211899560,233104,2,1.01563,-0.00293,-0.2168,1.924,0.198,1.504,ergonomis
2026-06-01 15:39:20.304,2211899760,233304,1,1.04419,0.12329,0.21484,0.641,1.992,-1.099,ergonomis
2026-06-01 15:39:20.304,2211899760,233304,2,1.01807,0.00903,-0.22876,-8.206,0.298,-0.252,ergonomis
2026-06-01 15:39:20.520,2211899976,233520,1,1.03491,0.11377,0.22217,0.313,3.603,0.053,ergonomis
2026-06-01 15:39:20.520,2211899976,233520,2,1.01904,0.01172,-0.20752,-11.351,-1.206,-0.443,ergonomis
2026-06-01 15:39:20.720,2211900176,233720,1,1.03711,0.11841,0.19629,-1.084,-1.527,-2.641,ergonomis
2026-06-01 15:39:20.720,2211900176,233720,2,1.01978,0.00244,-0.21265,2.405,2.992,-2.252,ergonomis
2026-06-01 15:39:21.920,2211901376,233920,1,1.04443,0.13159,0.21948,0.756,1.305,-1.519,ergonomis
2026-06-01 15:39:21.920,2211901376,233920,2,1.01758,0.02319,-0.21826,-2.878,-1.198,0.588,ergonomis
2026-06-01 15:39:21.120,2211900576,234120,1,1.05029,0.13184,0.20532,2.183,1.985,-1.053,ergonomis
2026-06-01 15:39:21.120,2211900576,234120,2,1.01538,0.02319,-0.21436,-2.405,-1.206,0.954,ergonomis
2026-06-01 15:39:21.320,2211900776,234320,1,1.05371,0.11401,0.2229,2.832,2.618,-0.473,ergonomis
2026-06-01 15:39:21.320,2211900776,234320,2,1.02124,0.02466,-0.229,5.634,2.962,-0.557,ergonomis
2026-06-01 15:39:21.520,2211900976,234520,1,1.04614,0.13354,0.21533,0.595,1.191,-0.977,ergonomis
2026-06-01 15:39:21.520,2211900976,234520,2,1.01514,0.02246,-0.23242,-6.214,-0.374,0.176,ergonomis
2026-06-01 15:39:21.720,2211901176,234720,1,1.04736,0.13037,0.19702,1.863,1.863,-0.031,ergonomis
2026-06-01 15:39:21.720,2211901176,234720,2,1.01367,0.02759,-0.23022,3.542,0.42,1.748,ergonomis
2026-06-01 15:39:22.920,2211902376,234920,1,1.04834,0.13403,0.19434,1.992,3.672,1.13,ergonomis
2026-06-01 15:39:22.920,2211902376,234920,2,1.01099,0.0105,-0.26782,-2.023,0.45,0.977,ergonomis
2026-06-01 15:39:22.120,2211901576,235120,1,1.04565,0.12305,0.19092,0.275,1.206,-0.885,ergonomis
2026-06-01 15:39:22.120,2211901576,235120,2,1.01343,0.01929,-0.22363,-1.13,1.725,-0.588,ergonomis
2026-06-01 15:39:22.320,2211901776,235320,1,1.0376,0.12451,0.19897,1.817,3.16,-0.695,ergonomis
2026-06-01 15:39:22.320,2211901776,235320,2,1.02588,0.00464,-0.22974,-1.069,0.985,1.412,ergonomis
2026-06-01 15:39:22.520,2211901976,235520,1,1.04272,0.14331,0.19849,-0.099,3.321,0.565,ergonomis
2026-06-01 15:39:22.520,2211901976,235520,2,1.021,-0.00342,-0.22583,-4.885,-0.13,0.985,ergonomis
2026-06-01 15:39:22.720,2211902176,235720,1,1.04199,0.11157,0.19385,-1.198,1.053,-0.435,ergonomis
2026-06-01 15:39:22.720,2211902176,235720,2,1.021,0.01196,-0.20605,1.305,1.244,0.214,ergonomis
2026-06-01 15:39:23.920,2211903376,235920,1,1.0481,0.11792,0.20117,0.794,2.527,-0.008,ergonomis
2026-06-01 15:39:23.920,2211903376,235920,2,1.01343,0.00781,-0.21753,-2.641,1.115,0.344,ergonomis
2026-06-01 15:39:23.120,2211902576,236120,1,1.04639,0.12231,0.18677,0.382,2.397,0.649,ergonomis
2026-06-01 15:39:23.120,2211902576,236120,2,1.01465,0.01392,-0.20801,-0.664,0.595,1.588,ergonomis
2026-06-01 15:39:23.320,2211902776,236320,1,1.05298,0.12085,0.21777,-0.122,2.855,-0.214,ergonomis
2026-06-01 15:39:23.320,2211902776,236320,2,1.01855,0.00024,-0.21191,-0.061,1.55,0.626,ergonomis
2026-06-01 15:39:23.520,2211902976,236520,1,1.03931,0.11719,0.21338,0.603,2.565,-0.473,ergonomis
2026-06-01 15:39:23.520,2211902976,236520,2,1.02197,0.00854,-0.2168,-1.237,0.244,0.008,ergonomis
2026-06-01 15:39:23.720,2211903176,236720,1,1.04883,0.11865,0.2124,0.115,1.786,-0.145,ergonomis
2026-06-01 15:39:23.720,2211903176,236720,2,1.01855,-0.00513,-0.2085,-4.603,-0.183,0.458,ergonomis
2026-06-01 15:39:24.920,2211904376,236920,1,1.0459,0.11646,0.21045,3.939,2.847,0.924,ergonomis
2026-06-01 15:39:24.920,2211904376,236920,2,1.01978,-0.00146,-0.24292,-4.359,1.855,0.214,ergonomis
2026-06-01 15:39:24.120,2211903576,237120,1,1.052,0.12354,0.21875,0.634,2.664,-0.496,ergonomis
2026-06-01 15:39:24.120,2211903576,237120,2,1.01685,0.00391,-0.21924,-2.534,-0.985,2.137,ergonomis
2026-06-01 15:39:24.320,2211903776,237320,1,1.05103,0.10669,0.21265,-0.802,1.008,-1.511,ergonomis
2026-06-01 15:39:24.320,2211903776,237320,2,1.03052,-0.00293,-0.21216,-3.427,-0.366,0.313,ergonomis
2026-06-01 15:39:24.520,2211903976,237520,1,1.05127,0.11328,0.21313,2.229,2.244,0.137,ergonomis
2026-06-01 15:39:24.520,2211903976,237520,2,1.0144,0.01074,-0.21289,1.344,-1.275,0.626,ergonomis
2026-06-01 15:39:24.720,2211904176,237720,1,1.04297,0.125,0.20215,1.351,1.893,0.221,ergonomis
2026-06-01 15:39:24.720,2211904176,237720,2,1.02417,-0.0022,-0.23047,-0.855,1.656,0.229,ergonomis
2026-06-01 15:39:25.920,2211905376,237920,1,1.04492,0.11792,0.20874,0.458,1.565,-0.634,ergonomis
2026-06-01 15:39:25.920,2211905376,237920,2,1.01367,0.00195,-0.23291,-0.863,1.122,0.519,ergonomis
2026-06-01 15:39:25.120,2211904576,238120,1,1.05469,0.11377,0.17993,2.0,2.435,0.527,ergonomis
2026-06-01 15:39:25.120,2211904576,238120,2,1.00977,0.00513,-0.23267,-3.756,1.565,-0.237,ergonomis
2026-06-01 15:39:25.320,2211904776,238320,1,1.05078,0.12183,0.20947,-0.16,1.786,-0.359,ergonomis
2026-06-01 15:39:25.320,2211904776,238320,2,1.02319,0.00342,-0.22388,-1.489,-0.679,0.595,ergonomis
2026-06-01 15:39:25.520,2211904976,238520,1,1.03955,0.1167,0.20215,0.679,2.076,-0.16,ergonomis
2026-06-01 15:39:25.520,2211904976,238520,2,1.03076,0.00171,-0.21387,-3.198,1.115,-0.977,ergonomis
2026-06-01 15:39:25.720,2211905176,238720,1,1.04956,0.1167,0.19946,0.794,3.427,-0.206,ergonomis
2026-06-01 15:39:25.720,2211905176,238720,2,1.02173,-0.0022,-0.21802,-1.58,-1.695,2.237,ergonomis
2026-06-01 15:39:26.920,2211906376,238920,1,1.04468,0.11865,0.19922,2.153,3.42,-0.863,ergonomis
2026-06-01 15:39:26.920,2211906376,238920,2,1.03198,-0.00098,-0.20972,-6.061,0.908,-0.672,ergonomis
2026-06-01 15:39:26.120,2211905576,239120,1,1.04126,0.11938,0.2124,-0.725,1.321,-0.992,ergonomis
2026-06-01 15:39:26.120,2211905576,239120,2,1.02661,0.00024,-0.21069,0.855,0.55,0.282,ergonomis
2026-06-01 15:39:26.320,2211905776,239320,1,1.04346,0.11719,0.20996,-1.198,1.603,-0.626,ergonomis
2026-06-01 15:39:26.320,2211905776,239320,2,1.02002,-0.00073,-0.19116,-2.458,0.168,0.26,ergonomis
2026-06-01 15:39:26.520,2211905976,239520,1,1.04614,0.12622,0.21436,1.832,2.282,0.603,ergonomis
2026-06-01 15:39:26.520,2211905976,239520,2,1.01953,0.00366,-0.20337,-3.58,-1.969,1.679,ergonomis
2026-06-01 15:39:26.720,2211906176,239720,1,1.04761,0.11621,0.2168,0.565,1.84,0.992,ergonomis
2026-06-01 15:39:26.720,2211906176,239720,2,1.02905,-0.00073,-0.20605,-1.351,-2.221,0.893,ergonomis
2026-06-01 15:39:27.920,2211907376,239920,1,1.06348,0.10986,0.18774,-2.527,-1.565,-1.275,ergonomis
2026-06-01 15:39:27.920,2211907376,239920,2,1.01782,0.0083,-0.22852,2.107,0.794,-0.626,ergonomis
2026-06-01 15:39:27.120,2211906576,240120,1,1.04517,0.12695,0.21436,2.382,1.832,1.336,ergonomis
2026-06-01 15:39:27.120,2211906576,240120,2,1.02734,0.00684,-0.23364,-2.649,0.565,0.649,ergonomis
2026-06-01 15:39:27.320,2211906776,240320,1,1.04663,0.11206,0.20898,-1.092,0.802,-0.397,ergonomis
2026-06-01 15:39:27.320,2211906776,240320,2,1.02197,0.00586,-0.21094,2.115,0.015,0.519,ergonomis
2026-06-01 15:39:27.520,2211906976,240520,1,1.05029,0.10596,0.19775,-0.908,0.534,-0.267,ergonomis
2026-06-01 15:39:27.520,2211906976,240520,2,1.01611,-0.00562,-0.22461,-0.176,-0.817,0.626,ergonomis
2026-06-01 15:39:27.720,2211907176,240720,1,1.04932,0.10156,0.19849,-0.031,2.015,-1.511,ergonomis
2026-06-01 15:39:27.720,2211907176,240720,2,1.02417,0.00513,-0.23999,-1.122,-1.42,0.855,ergonomis
2026-06-01 15:39:28.920,2211908376,240920,1,1.04199,0.1167,0.19604,0.611,2.084,-0.298,ergonomis
2026-06-01 15:39:28.920,2211908376,240920,2,1.02637,0.00317,-0.20654,3.069,1.794,-0.191,ergonomis
2026-06-01 15:39:28.145,2211907601,241145,1,1.0498,0.10986,0.19629,-0.855,1.069,-0.771,ergonomis
2026-06-01 15:39:28.145,2211907601,241145,2,1.02124,0.00146,-0.22656,-3.229,0.656,1.107,ergonomis
2026-06-01 15:39:28.345,2211907801,241345,1,1.04517,0.10547,0.198,0.527,2.695,-0.092,ergonomis
2026-06-01 15:39:28.345,2211907801,241345,2,1.01611,0.01318,-0.21021,-0.947,0.107,1.954,ergonomis
2026-06-01 15:39:28.545,2211908001,241545,1,1.04321,0.1062,0.2251,1.321,2.351,1.0,ergonomis
2026-06-01 15:39:28.545,2211908001,241545,2,1.021,0.00586,-0.21289,-1.115,0.794,-0.252,ergonomis
2026-06-01 15:39:28.775,2211908231,241775,1,1.04346,0.09961,0.19434,-0.466,2.076,-0.489,ergonomis
2026-06-01 15:39:28.775,2211908231,241775,2,1.02246,0.00244,-0.20947,1.046,2.901,-0.466,ergonomis
2026-06-01 15:39:29.002,2211908458,242002,1,1.03467,0.10498,0.20923,-1.153,2.527,-0.237,ergonomis
2026-06-01 15:39:29.002,2211908458,242002,2,1.01538,-0.0144,-0.21509,-8.122,0.748,2.008,ergonomis
2026-06-01 15:39:29.202,2211908658,242202,1,1.0498,0.08081,0.17627,4.542,6.511,4.893,ergonomis
2026-06-01 15:39:29.202,2211908658,242202,2,1.02612,0.01099,-0.2146,-1.046,7.29,-1.107,ergonomis
2026-06-01 15:39:29.402,2211908858,242402,1,1.04834,0.0708,0.24707,9.008,5.359,0.718,ergonomis
2026-06-01 15:39:29.402,2211908858,242402,2,1.01929,0.01636,-0.19312,-7.763,0.916,-1.351,ergonomis
2026-06-01 15:39:29.602,2211909058,242602,1,1.06958,0.07715,0.23877,-0.504,-1.611,-4.107,ergonomis
2026-06-01 15:39:29.602,2211909058,242602,2,1.03955,0.00366,-0.18042,8.931,-0.832,-1.389,ergonomis
2026-06-01 15:39:29.802,2211909258,242802,1,1.06006,0.09131,0.20923,-10.962,-3.748,-4.382,ergonomis
2026-06-01 15:39:29.802,2211909258,242802,2,1.03442,-0.0166,-0.18042,3.565,0.053,0.267,ergonomis
2026-06-01 15:39:30.002,2211909458,243002,1,1.04565,0.09546,0.21558,-3.443,0.252,-2.382,ergonomis
2026-06-01 15:39:30.002,2211909458,243002,2,1.02612,0.00171,-0.17969,4.481,2.107,2.176,ergonomis
2026-06-01 15:39:30.202,2211909658,243202,1,1.0459,0.0957,0.23608,1.595,4.13,1.603,ergonomis
2026-06-01 15:39:30.202,2211909658,243202,2,1.0271,0.00464,-0.17383,2.252,1.519,2.405,ergonomis
2026-06-01 15:39:30.402,2211909858,243402,1,1.04248,0.08057,0.2312,-0.489,2.748,0.351,ergonomis
2026-06-01 15:39:30.402,2211909858,243402,2,1.0188,0.00781,-0.15259,-2.176,3.595,-1.901,ergonomis
2026-06-01 15:39:30.602,2211910058,243602,1,1.05273,0.09546,0.21436,3.443,4.221,-0.244,ergonomis
2026-06-01 15:39:30.602,2211910058,243602,2,1.02173,0.00317,-0.17407,1.847,2.084,1.122,ergonomis
2026-06-01 15:39:30.802,2211910258,243802,1,1.03784,0.07153,0.23364,-12.031,3.023,6.16,ergonomis
2026-06-01 15:39:30.802,2211910258,243802,2,1.03369,0.01221,-0.15869,18.985,6.855,5.931,ergonomis
2026-06-01 15:39:31.002,2211910458,244002,1,1.01343,0.02075,0.32422,-0.855,12.344,11.603,ergonomis
2026-06-01 15:39:31.002,2211910458,244002,2,1.04565,-0.03613,-0.10522,0.038,-0.267,3.435,ergonomis
2026-06-01 15:39:31.219,2211910675,244219,1,1.06152,0.00952,0.24561,-5.824,1.397,-0.16,ergonomis
2026-06-01 15:39:31.219,2211910675,244219,2,1.02563,-0.08618,-0.10693,-8.221,-2.565,2.725,ergonomis
2026-06-01 15:39:31.419,2211910875,244419,1,1.05005,0.0354,0.25439,5.336,1.802,-3.45,ergonomis
2026-06-01 15:39:31.419,2211910875,244419,2,1.04102,-0.03687,-0.04565,-7.023,-0.053,-3.534,ergonomis
2026-06-01 15:39:31.619,2211911075,244619,1,1.05322,0.08374,0.24878,-2.496,0.924,-3.153,ergonomis
2026-06-01 15:39:31.619,2211911075,244619,2,1.0166,-0.0293,-0.12988,-6.504,0.649,-0.511,ergonomis
2026-06-01 15:39:31.819,2211911275,244819,1,1.03589,0.04712,0.25366,0.71,3.954,-0.328,ergonomis
2026-06-01 15:39:31.819,2211911275,244819,2,1.03247,-0.03271,-0.0957,7.328,-0.145,2.038,ergonomis
2026-06-01 15:39:32.019,2211911475,245019,1,1.04761,0.05908,0.26563,-2.458,0.855,-1.046,ergonomis
2026-06-01 15:39:32.019,2211911475,245019,2,1.0376,-0.04761,-0.09814,1.603,0.748,-0.267,ergonomis
2026-06-01 15:39:32.219,2211911675,245219,1,1.04517,0.04272,0.24561,3.351,6.076,-0.26,ergonomis
2026-06-01 15:39:32.219,2211911675,245219,2,1.0271,-0.02051,-0.11328,-4.565,4.908,-5.145,ergonomis
2026-06-01 15:39:32.419,2211911875,245419,1,1.02905,0.06812,0.2959,-7.817,-0.519,-1.176,ergonomis
2026-06-01 15:39:32.419,2211911875,245419,2,1.03027,-0.0437,-0.08545,0.298,0.802,2.573,ergonomis
2026-06-01 15:39:32.619,2211912075,245619,1,1.03931,0.06274,0.25586,4.45,2.168,-0.893,ergonomis
2026-06-01 15:39:32.619,2211912075,245619,2,1.04297,-0.04346,-0.09155,-3.267,1.366,1.008,ergonomis
2026-06-01 15:39:32.819,2211912275,245819,1,1.04272,0.06152,0.27515,-3.55,0.298,-2.664,ergonomis
2026-06-01 15:39:32.819,2211912275,245819,2,1.03101,-0.05591,-0.09766,-1.733,0.137,0.313,ergonomis
2026-06-01 15:39:33.019,2211912475,246019,1,1.03296,0.05005,0.26953,-0.618,0.649,-0.496,ergonomis
2026-06-01 15:39:33.019,2211912475,246019,2,1.02783,-0.02686,-0.08228,-2.992,-0.351,0.794,ergonomis
2026-06-01 15:39:33.240,2211912696,246240,1,1.03711,0.05835,0.25,-0.321,0.405,-1.0,ergonomis
2026-06-01 15:39:33.240,2211912696,246240,2,1.0354,-0.03955,-0.09155,0.351,-0.412,1.779,ergonomis
2026-06-01 15:39:33.440,2211912896,246440,1,1.04907,0.05518,0.26294,1.092,2.26,-0.198,ergonomis
2026-06-01 15:39:33.440,2211912896,246440,2,1.02954,-0.02393,-0.1106,-2.145,1.931,-0.679,ergonomis
2026-06-01 15:39:33.640,2211913096,246640,1,1.0481,0.05371,0.26221,1.046,2.344,0.679,ergonomis
2026-06-01 15:39:33.640,2211913096,246640,2,1.02832,-0.03857,-0.10791,-3.084,-0.672,1.198,ergonomis
2026-06-01 15:39:33.840,2211913296,246840,1,1.05127,0.05566,0.24927,-0.351,1.55,-0.229,ergonomis
2026-06-01 15:39:33.840,2211913296,246840,2,1.03296,-0.03564,-0.11353,-1.305,0.435,0.481,ergonomis
2026-06-01 15:39:34.040,2211913496,247040,1,1.04004,0.05225,0.27637,0.817,2.374,-0.718,ergonomis
2026-06-01 15:39:34.040,2211913496,247040,2,1.0354,-0.04639,-0.09668,-2.435,-0.275,0.992,ergonomis
2026-06-01 15:39:34.240,2211913696,247240,1,1.04565,0.05493,0.26733,-0.115,0.794,-0.275,ergonomis
2026-06-01 15:39:34.240,2211913696,247240,2,1.02441,-0.03833,-0.0835,1.122,-0.908,1.107,ergonomis
2026-06-01 15:39:34.440,2211913896,247440,1,1.04492,0.05762,0.25879,-0.183,1.557,0.023,ergonomis
2026-06-01 15:39:34.440,2211913896,247440,2,1.04004,-0.03491,-0.09863,2.832,0.435,0.878,ergonomis
2026-06-01 15:39:34.640,2211914096,247640,1,1.04419,0.04663,0.2627,0.145,1.84,-0.305,ergonomis
2026-06-01 15:39:34.640,2211914096,247640,2,1.03052,-0.03809,-0.09521,-2.473,0.046,0.237,ergonomis
2026-06-01 15:39:34.840,2211914296,247840,1,1.04468,0.04175,0.24951,1.992,3.733,-0.817,ergonomis
2026-06-01 15:39:34.840,2211914296,247840,2,1.02783,-0.02979,-0.10449,-4.153,-0.458,1.046,ergonomis
2026-06-01 15:39:35.060,2211914516,248060,1,1.05322,0.07007,0.25879,0.053,2.359,1.16,ergonomis
2026-06-01 15:39:35.060,2211914516,248060,2,1.02783,-0.0332,-0.09351,-1.809,-0.405,2.0,ergonomis
2026-06-01 15:39:35.301,2211914757,248301,1,1.06274,0.05908,0.26929,0.656,1.916,0.878,ergonomis
2026-06-01 15:39:35.301,2211914757,248301,2,1.03271,-0.03296,-0.10913,-2.344,1.664,0.015,ergonomis
2026-06-01 15:39:35.506,2211914962,248506,1,1.05322,0.05054,0.25879,0.992,2.55,-0.038,ergonomis
2026-06-01 15:39:35.506,2211914962,248506,2,1.02612,-0.0332,-0.08862,-1.832,-0.344,0.206,ergonomis
2026-06-01 15:39:35.819,2211915275,248819,1,1.04419,0.05371,0.23022,2.794,3.099,-1.107,ergonomis
2026-06-01 15:39:35.819,2211915275,248819,2,1.03662,-0.02563,-0.13257,-1.42,0.542,0.809,ergonomis
2026-06-01 15:39:36.019,2211915475,249019,1,1.02783,0.05029,0.25781,0.008,2.168,0.473,ergonomis
2026-06-01 15:39:36.019,2211915475,249019,2,1.02515,-0.0481,-0.11084,0.305,1.191,-0.145,ergonomis
2026-06-01 15:39:36.219,2211915675,249219,1,1.04614,0.05249,0.26025,1.656,2.313,0.107,ergonomis
2026-06-01 15:39:36.219,2211915675,249219,2,1.03101,-0.03931,-0.10498,-0.443,-0.328,1.634,ergonomis
2026-06-01 15:39:36.420,2211915876,249420,1,1.0498,0.06201,0.24902,0.573,2.466,-0.412,ergonomis
2026-06-01 15:39:36.420,2211915876,249420,2,1.03491,-0.03931,-0.10693,-1.244,1.84,-0.466,ergonomis
2026-06-01 15:39:36.672,2211916128,249672,1,1.0564,0.06201,0.28125,0.153,1.626,0.58,ergonomis
2026-06-01 15:39:36.672,2211916128,249672,2,1.02441,-0.03516,-0.10327,0.244,1.0,0.466,ergonomis
2026-06-01 15:39:37.872,2211917328,249872,1,1.03589,0.04321,0.23096,3.0,3.336,-0.733,ergonomis
2026-06-01 15:39:37.872,2211917328,249872,2,1.03076,-0.03296,-0.09058,1.252,0.496,0.832,ergonomis
2026-06-01 15:39:37.072,2211916528,250072,1,1.04468,0.05542,0.23169,1.45,3.344,-0.153,ergonomis
2026-06-01 15:39:37.072,2211916528,250072,2,1.02832,-0.04321,-0.08716,-0.626,-0.069,0.443,ergonomis
2026-06-01 15:39:37.272,2211916728,250272,1,1.03369,0.05615,0.27271,-2.931,0.534,-1.198,ergonomis
2026-06-01 15:39:37.272,2211916728,250272,2,1.03613,-0.0376,-0.10767,0.107,-0.29,0.817,ergonomis
2026-06-01 15:39:37.472,2211916928,250472,1,1.04346,0.05762,0.23682,1.275,3.282,-0.626,ergonomis
2026-06-01 15:39:37.472,2211916928,250472,2,1.03271,-0.0354,-0.11597,-3.344,0.374,0.763,ergonomis
2026-06-01 15:39:37.672,2211917128,250672,1,1.04956,0.0542,0.25977,-1.802,-0.084,-0.878,ergonomis
2026-06-01 15:39:37.672,2211917128,250672,2,1.02832,-0.03735,-0.10815,-4.458,0.473,0.542,ergonomis
2026-06-01 15:39:38.872,2211918328,250872,1,1.04932,0.05737,0.24536,1.962,2.237,-0.473,ergonomis
2026-06-01 15:39:38.872,2211918328,250872,2,1.0293,-0.0376,-0.10767,-4.084,0.84,0.366,ergonomis
2026-06-01 15:39:38.072,2211917528,251072,1,1.04858,0.0459,0.26709,5.511,2.817,-2.969,ergonomis
2026-06-01 15:39:38.072,2211917528,251072,2,1.02881,-0.02881,-0.10449,-0.176,0.336,0.771,ergonomis
2026-06-01 15:39:38.272,2211917728,251272,1,1.04736,0.0752,0.25537,2.206,3.122,0.359,ergonomis
2026-06-01 15:39:38.272,2211917728,251272,2,1.03833,-0.04541,-0.12061,-4.084,0.542,0.649,ergonomis
2026-06-01 15:39:38.472,2211917928,251472,1,1.04736,0.05566,0.26196,-2.412,-0.084,-1.29,ergonomis
2026-06-01 15:39:38.472,2211917928,251472,2,1.03784,-0.05151,-0.10107,0.45,-0.397,0.351,ergonomis
2026-06-01 15:39:38.672,2211918128,251672,1,1.04858,0.0459,0.24731,-1.969,0.863,-0.786,ergonomis
2026-06-01 15:39:38.672,2211918128,251672,2,1.0332,-0.04102,-0.09058,1.389,1.008,-0.191,ergonomis
2026-06-01 15:39:39.872,2211919328,251872,1,1.04321,0.0376,0.24731,0.206,2.366,0.092,ergonomis
2026-06-01 15:39:39.872,2211919328,251872,2,1.02539,-0.04956,-0.08838,-0.275,-0.901,1.847,ergonomis
2026-06-01 15:39:39.072,2211918528,252072,1,1.0459,0.04834,0.26953,-0.107,1.863,-1.015,ergonomis
2026-06-01 15:39:39.072,2211918528,252072,2,1.0376,-0.03149,-0.08032,-1.183,-1.0,0.702,ergonomis
2026-06-01 15:39:39.272,2211918728,252272,1,1.0415,0.04541,0.26074,0.863,2.221,-1.29,ergonomis
2026-06-01 15:39:39.272,2211918728,252272,2,1.03052,-0.02979,-0.09058,-2.237,-0.389,0.893,ergonomis
2026-06-01 15:39:39.472,2211918928,252472,1,1.04492,0.04834,0.26416,1.427,2.924,-0.153,ergonomis
2026-06-01 15:39:39.472,2211918928,252472,2,1.0376,-0.02661,-0.08789,-5.214,3.221,-1.206,ergonomis
2026-06-01 15:39:39.672,2211919128,252672,1,1.04468,0.05078,0.2583,-0.641,1.809,-1.275,ergonomis
2026-06-01 15:39:39.672,2211919128,252672,2,1.02954,-0.03564,-0.0769,-3.366,1.649,-0.901,ergonomis
2026-06-01 15:39:40.872,2211920328,252872,1,1.0481,0.052,0.25903,0.878,1.656,-0.687,ergonomis
2026-06-01 15:39:40.872,2211920328,252872,2,1.02539,-0.03223,-0.08325,-0.71,-0.534,0.611,ergonomis
2026-06-01 15:39:40.072,2211919528,253072,1,1.04663,0.05933,0.25684,-0.206,1.855,-1.145,ergonomis
2026-06-01 15:39:40.072,2211919528,253072,2,1.03223,-0.01978,-0.08789,-2.924,1.176,-0.55,ergonomis
2026-06-01 15:39:40.272,2211919728,253272,1,1.03979,0.05298,0.2583,2.74,2.099,-0.595,ergonomis
2026-06-01 15:39:40.272,2211919728,253272,2,1.03003,-0.02612,-0.07129,-1.427,-0.16,1.008,ergonomis
2026-06-01 15:39:40.472,2211919928,253472,1,1.04126,0.06055,0.24438,-0.023,1.26,-1.695,ergonomis
2026-06-01 15:39:40.472,2211919928,253472,2,1.03003,-0.03125,-0.10669,-2.366,1.656,0.115,ergonomis
2026-06-01 15:39:40.672,2211920128,253672,1,1.04492,0.05835,0.26001,-1.924,0.748,-0.817,ergonomis
2026-06-01 15:39:40.672,2211920128,253672,2,1.02563,-0.04712,-0.10669,-1.611,0.878,0.466,ergonomis
2026-06-01 15:39:41.872,2211921328,253872,1,1.04224,0.04272,0.26099,0.679,2.13,0.779,ergonomis
2026-06-01 15:39:41.872,2211921328,253872,2,1.02563,-0.03882,-0.12305,-0.565,1.137,-0.634,ergonomis
2026-06-01 15:39:41.072,2211920528,254072,1,1.03564,0.08716,0.27417,6.687,5.206,4.023,ergonomis
2026-06-01 15:39:41.072,2211920528,254072,2,1.03174,-0.03223,-0.10547,-5.13,-1.412,4.321,ergonomis
2026-06-01 15:39:41.272,2211920728,254272,1,1.04932,0.01782,0.24707,3.0,2.405,0.191,ergonomis
2026-06-01 15:39:41.272,2211920728,254272,2,1.03174,-0.01733,-0.08936,2.84,2.015,-2.29,ergonomis
2026-06-01 15:39:41.472,2211920928,254472,1,1.03687,0.04736,0.27173,5.42,5.153,1.618,ergonomis
2026-06-01 15:39:41.472,2211920928,254472,2,1.03198,-0.02417,-0.09912,-6.947,1.267,-1.824,ergonomis
2026-06-01 15:39:41.672,2211921128,254672,1,1.05127,0.03955,0.25806,3.55,2.511,-1.786,ergonomis
2026-06-01 15:39:41.672,2211921128,254672,2,1.03711,-0.02295,-0.05371,2.107,2.26,-1.328,ergonomis
2026-06-01 15:39:42.872,2211922328,254872,1,1.04468,0.07227,0.30273,2.092,3.962,-1.336,ergonomis
2026-06-01 15:39:42.872,2211922328,254872,2,1.01855,-0.0144,-0.08496,-1.282,2.534,0.504,ergonomis
2026-06-01 15:39:42.072,2211921528,255072,1,1.03369,0.08691,0.26001,2.13,0.397,-2.504,ergonomis
2026-06-01 15:39:42.072,2211921528,255072,2,1.02734,0.0061,-0.06982,2.374,2.053,-0.916,ergonomis
2026-06-01 15:39:42.272,2211921728,255272,1,1.03857,0.04761,0.29199,-6.542,-0.176,0.527,ergonomis
2026-06-01 15:39:42.272,2211921728,255272,2,1.0376,-0.02612,-0.0769,-1.847,0.351,1.847,ergonomis
2026-06-01 15:39:42.472,2211921928,255472,1,1.04492,0.06567,0.2627,1.542,1.176,-0.595,ergonomis
2026-06-01 15:39:42.472,2211921928,255472,2,1.03271,-0.01025,-0.08569,-2.344,0.336,-0.405,ergonomis
2026-06-01 15:39:42.672,2211922128,255672,1,1.04712,0.06201,0.26318,-1.435,-0.992,-1.038,ergonomis
2026-06-01 15:39:42.672,2211922128,255672,2,1.03516,-0.03076,-0.10425,-2.466,0.244,1.206,ergonomis
2026-06-01 15:39:43.872,2211923328,255872,1,1.04736,0.0459,0.26782,-0.58,0.702,0.458,ergonomis
2026-06-01 15:39:43.872,2211923328,255872,2,1.02905,-0.01587,-0.08862,1.252,0.802,0.137,ergonomis
2026-06-01 15:39:43.072,2211922528,256072,1,1.05103,0.04175,0.26392,-2.786,-0.382,-1.183,ergonomis
2026-06-01 15:39:43.072,2211922528,256072,2,1.03027,-0.02856,-0.09912,2.198,1.382,0.779,ergonomis
2026-06-01 15:39:43.272,2211922728,256272,1,1.03931,0.04736,0.26318,0.092,1.382,-2.359,ergonomis
2026-06-01 15:39:43.272,2211922728,256272,2,1.03442,-0.0022,-0.09058,-2.672,0.481,-0.885,ergonomis
2026-06-01 15:39:43.472,2211922928,256472,1,1.04468,0.05005,0.27417,1.481,2.008,-0.74,ergonomis
2026-06-01 15:39:43.472,2211922928,256472,2,1.03076,-0.01685,-0.09619,-5.214,1.405,-0.962,ergonomis
2026-06-01 15:39:43.672,2211923128,256672,1,1.03613,0.04395,0.25635,1.779,0.786,-0.794,ergonomis
2026-06-01 15:39:43.672,2211923128,256672,2,1.03735,-0.01855,-0.08423,-3.557,0.496,0.137,ergonomis
2026-06-01 15:39:44.872,2211924328,256872,1,1.04541,0.04321,0.26904,-1.679,0.71,-1.817,ergonomis
2026-06-01 15:39:44.872,2211924328,256872,2,1.02344,-0.01758,-0.08228,-1.931,1.359,-0.489,ergonomis
2026-06-01 15:39:44.072,2211923528,257072,1,1.03857,0.05273,0.25562,0.71,2.282,-1.557,ergonomis
2026-06-01 15:39:44.072,2211923528,257072,2,1.03394,-0.00586,-0.07422,0.221,1.42,0.168,ergonomis
2026-06-01 15:39:44.272,2211923728,257272,1,1.0437,0.04688,0.27563,0.573,2.351,-0.847,ergonomis
2026-06-01 15:39:44.272,2211923728,257272,2,1.03857,-0.01416,-0.06885,-1.267,0.748,-0.008,ergonomis
2026-06-01 15:39:44.472,2211923928,257472,1,1.04028,0.05054,0.27515,-1.244,0.374,-1.603,ergonomis
2026-06-01 15:39:44.472,2211923928,257472,2,1.03174,-0.01416,-0.08154,2.718,1.412,-0.374,ergonomis
2026-06-01 15:39:44.672,2211924128,257672,1,1.0376,0.04956,0.27881,0.969,1.954,-0.298,ergonomis
2026-06-01 15:39:44.672,2211924128,257672,2,1.0376,-0.01636,-0.07568,-1.084,0.473,0.427,ergonomis
2026-06-01 15:39:45.872,2211925328,257872,1,1.04639,0.0625,0.26953,1.351,3.427,0.458,ergonomis
2026-06-01 15:39:45.872,2211925328,257872,2,1.03638,-0.01831,-0.07251,0.13,0.733,0.321,ergonomis
2026-06-01 15:39:45.072,2211924528,258072,1,1.04785,0.05127,0.27368,-1.679,1.527,-1.359,ergonomis
2026-06-01 15:39:45.072,2211924528,258072,2,1.03467,-0.01685,-0.06372,0.832,-0.786,0.969,ergonomis
2026-06-01 15:39:45.272,2211924728,258272,1,1.04761,0.04883,0.28271,0.031,1.443,-0.313,ergonomis
2026-06-01 15:39:45.272,2211924728,258272,2,1.03613,-0.01025,-0.07129,-1.031,-0.023,0.344,ergonomis
2026-06-01 15:39:45.472,2211924928,258472,1,1.03735,0.06274,0.27002,0.221,1.611,-0.725,ergonomis
2026-06-01 15:39:45.472,2211924928,258472,2,1.03394,-0.0166,-0.06201,-1.992,0.794,0.809,ergonomis
2026-06-01 15:39:45.672,2211925128,258672,1,1.05054,0.05103,0.27246,-2.252,1.466,-1.542,ergonomis
2026-06-01 15:39:45.672,2211925128,258672,2,1.03296,-0.01709,-0.06494,-0.427,-1.015,0.824,ergonomis
2026-06-01 15:39:46.872,2211926328,258872,1,1.03979,0.05273,0.27148,0.489,2.237,-0.382,ergonomis
2026-06-01 15:39:46.872,2211926328,258872,2,1.02979,-0.01416,-0.06299,-1.008,0.038,0.221,ergonomis
2026-06-01 15:39:46.072,2211925528,259072,1,1.0376,0.06396,0.271,-0.947,1.412,0.198,ergonomis
2026-06-01 15:39:46.072,2211925528,259072,2,1.03076,-0.02124,-0.05957,3.076,-0.466,2.244,ergonomis
2026-06-01 15:39:46.272,2211925728,259272,1,1.04712,0.05444,0.28174,1.122,2.237,0.557,ergonomis
2026-06-01 15:39:46.272,2211925728,259272,2,1.02783,-0.01685,-0.07666,1.603,0.351,1.145,ergonomis
2026-06-01 15:39:46.472,2211925928,259472,1,1.04126,0.05566,0.27246,1.122,2.427,-0.931,ergonomis
2026-06-01 15:39:46.472,2211925928,259472,2,1.03271,-0.02295,-0.07935,0.069,0.137,0.458,ergonomis
2026-06-01 15:39:46.672,2211926128,259672,1,1.05273,0.05933,0.27734,-0.122,1.198,-0.282,ergonomis
2026-06-01 15:39:46.672,2211926128,259672,2,1.02466,-0.02124,-0.07788,2.649,-0.244,1.473,ergonomis
2026-06-01 15:39:47.872,2211927328,259872,1,1.05371,0.05078,0.26465,0.55,2.489,-0.183,ergonomis
2026-06-01 15:39:47.872,2211927328,259872,2,1.03516,-0.02515,-0.07666,-2.0,0.038,0.443,ergonomis
2026-06-01 15:39:47.072,2211926528,260072,1,1.04614,0.05566,0.26929,-0.634,0.893,-0.916,ergonomis
2026-06-01 15:39:47.072,2211926528,260072,2,1.03516,-0.02588,-0.06201,-2.771,-0.756,0.588,ergonomis
2026-06-01 15:39:47.272,2211926728,260272,1,1.04346,0.05762,0.2644,1.565,2.992,1.168,ergonomis
2026-06-01 15:39:47.272,2211926728,260272,2,1.03052,-0.01855,-0.09521,-1.191,0.519,1.336,ergonomis
2026-06-01 15:39:47.472,2211926928,260472,1,1.04077,0.05127,0.27222,3.198,2.855,-0.42,ergonomis
2026-06-01 15:39:47.472,2211926928,260472,2,1.03198,-0.01001,-0.07104,-1.802,0.748,-0.282,ergonomis
2026-06-01 15:39:47.672,2211927128,260672,1,1.05029,0.05884,0.28394,0.221,1.84,-0.847,ergonomis
2026-06-01 15:39:47.672,2211927128,260672,2,1.03003,-0.01099,-0.07202,0.122,0.557,0.893,ergonomis
2026-06-01 15:39:48.872,2211928328,260872,1,1.03784,0.05518,0.27539,0.626,2.481,-0.069,ergonomis
2026-06-01 15:39:48.872,2211928328,260872,2,1.02954,-0.01978,-0.07178,-4.679,-0.481,0.863,ergonomis
2026-06-01 15:39:48.072,2211927528,261072,1,1.03687,0.05591,0.28784,0.817,2.573,-0.443,ergonomis
2026-06-01 15:39:48.072,2211927528,261072,2,1.02856,-0.01709,-0.06641,2.16,-0.084,1.412,ergonomis
2026-06-01 15:39:48.272,2211927728,261272,1,1.04468,0.05957,0.26563,0.198,2.489,-0.275,ergonomis
2026-06-01 15:39:48.272,2211927728,261272,2,1.0332,-0.00781,-0.06958,1.0,-1.649,2.725,ergonomis
2026-06-01 15:39:48.472,2211927928,261472,1,1.04517,0.08081,0.26538,9.656,3.977,1.534,ergonomis
2026-06-01 15:39:48.472,2211927928,261472,2,1.03101,0.01367,-0.0625,5.443,-0.847,1.748,ergonomis
2026-06-01 15:39:48.672,2211928128,261672,1,1.05566,0.02026,0.26465,-0.702,0.855,-2.71,ergonomis
2026-06-01 15:39:48.672,2211928128,261672,2,1.02905,-0.00439,-0.07617,-3.878,0.855,-1.405,ergonomis
2026-06-01 15:39:49.890,2211929346,261890,1,1.03394,0.05713,0.25562,0.198,-0.664,-3.618,ergonomis
2026-06-01 15:39:49.890,2211929346,261890,2,1.03174,0.00781,-0.08105,3.557,0.344,-0.908,ergonomis
2026-06-01 15:39:49.090,2211928546,262090,1,1.04565,0.05054,0.24707,1.824,2.374,-1.634,ergonomis
2026-06-01 15:39:49.090,2211928546,262090,2,1.04053,-0.00439,-0.08301,-2.046,-1.412,1.595,ergonomis
2026-06-01 15:39:49.290,2211928746,262290,1,1.04004,0.06226,0.24854,1.55,1.443,-2.153,ergonomis
2026-06-01 15:39:49.290,2211928746,262290,2,1.04517,-0.01685,-0.07568,-9.061,-0.489,-0.794,ergonomis
2026-06-01 15:39:49.490,2211928946,262490,1,1.04053,0.05811,0.26538,-1.29,1.305,-2.634,ergonomis
2026-06-01 15:39:49.490,2211928946,262490,2,1.03564,-0.01807,-0.07422,-0.489,2.45,-1.252,ergonomis
2026-06-01 15:39:49.690,2211929146,262690,1,1.04907,0.06519,0.25757,-3.595,-0.649,-2.382,ergonomis
2026-06-01 15:39:49.690,2211929146,262690,2,1.04932,-0.04077,-0.07617,-1.473,2.466,-0.267,ergonomis
2026-06-01 15:39:50.890,2211930346,262890,1,1.0564,0.06665,0.28247,2.618,1.359,-0.053,ergonomis
2026-06-01 15:39:50.890,2211930346,262890,2,1.01978,-0.00439,-0.05835,1.794,-0.191,1.427,ergonomis
2026-06-01 15:39:50.090,2211929546,263090,1,1.04346,0.06812,0.2417,9.885,5.985,0.786,ergonomis
2026-06-01 15:39:50.090,2211929546,263090,2,1.02612,-0.02515,-0.04224,-8.595,0.336,2.099,ergonomis
2026-06-01 15:39:50.290,2211929746,263290,1,1.03638,0.08032,0.30518,-8.336,-1.344,-2.298,ergonomis
2026-06-01 15:39:50.290,2211929746,263290,2,1.04053,-0.03369,-0.04175,-14.618,-1.328,-1.634,ergonomis
2026-06-01 15:39:50.490,2211929946,263490,1,1.05273,0.06885,0.27295,-8.42,-2.16,-2.519,ergonomis
2026-06-01 15:39:50.490,2211929946,263490,2,1.03784,-0.01245,-0.07935,4.656,1.168,-1.466,ergonomis
2026-06-01 15:39:50.690,2211930146,263690,1,1.04761,0.04272,0.24268,0.359,2.145,0.206,ergonomis
2026-06-01 15:39:50.690,2211930146,263690,2,1.02539,0.00195,-0.0957,4.687,1.71,-1.756,ergonomis
2026-06-01 15:39:51.890,2211931346,263890,1,1.03149,0.02686,0.25073,4.656,2.015,0.473,ergonomis
2026-06-01 15:39:51.890,2211931346,263890,2,1.03271,0.01807,-0.06299,2.198,-1.015,1.405,ergonomis
2026-06-01 15:39:51.090,2211930546,264090,1,1.01953,0.04688,0.27661,4.031,4.122,4.565,ergonomis
2026-06-01 15:39:51.090,2211930546,264090,2,1.03735,-0.02612,-0.0542,11.031,3.817,-1.115,ergonomis
2026-06-01 15:39:51.290,2211930746,264290,1,1.03125,0.07031,0.28638,-3.893,2.656,-1.466,ergonomis
2026-06-01 15:39:51.290,2211930746,264290,2,1.02563,0.00293,-0.05054,-5.412,-0.885,-1.023,ergonomis
2026-06-01 15:39:51.490,2211930946,264490,1,1.05078,0.06909,0.32202,-2.069,0.763,-2.443,ergonomis
2026-06-01 15:39:51.490,2211930946,264490,2,1.03564,-0.04224,-0.08252,-4.58,0.443,0.16,ergonomis
2026-06-01 15:39:51.690,2211931146,264690,1,1.05957,0.1001,0.23389,7.008,-0.908,0.962,ergonomis
2026-06-01 15:39:51.690,2211931146,264690,2,1.03271,-0.01245,-0.12183,12.992,5.42,1.466,ergonomis
2026-06-01 15:39:52.890,2211932346,264890,1,1.00269,0.11011,0.30151,6.527,7.992,0.221,ergonomis
2026-06-01 15:39:52.890,2211932346,264890,2,1.03149,-0.01172,-0.06738,-4.71,-1.649,2.336,ergonomis
2026-06-01 15:39:52.090,2211931546,265090,1,1.0481,0.05933,0.25513,6.641,4.893,-0.863,ergonomis
2026-06-01 15:39:52.090,2211931546,265090,2,1.03687,-0.00439,-0.08423,-7.046,-3.198,3.626,ergonomis
2026-06-01 15:39:52.290,2211931746,265290,1,1.04932,0.06934,0.28027,0.656,2.115,0.542,ergonomis
2026-06-01 15:39:52.290,2211931746,265290,2,1.03711,-0.02295,-0.06201,-3.321,-0.053,0.076,ergonomis
2026-06-01 15:39:52.490,2211931946,265490,1,1.04028,0.07129,0.28027,-0.008,1.847,-1.389,ergonomis
2026-06-01 15:39:52.490,2211931946,265490,2,1.04102,-0.01123,-0.04663,0.55,1.466,-0.122,ergonomis
2026-06-01 15:39:52.690,2211932146,265690,1,1.04492,0.06592,0.28711,-0.756,1.42,-0.756,ergonomis
2026-06-01 15:39:52.690,2211932146,265690,2,1.0376,-0.03174,-0.06665,-3.878,-0.344,0.641,ergonomis
2026-06-01 15:39:53.890,2211933346,265890,1,1.04248,0.07715,0.30249,-5.924,-1.992,1.168,ergonomis
2026-06-01 15:39:53.890,2211933346,265890,2,1.01807,-0.01123,-0.08643,-4.214,-2.672,0.901,ergonomis
2026-06-01 15:39:53.090,2211932546,266090,1,1.04175,0.04175,0.28198,-4.336,0.092,-0.489,ergonomis
2026-06-01 15:39:53.090,2211932546,266090,2,1.03784,-0.00903,-0.07007,-2.977,-1.313,-0.023,ergonomis
2026-06-01 15:39:53.290,2211932746,266290,1,1.0415,0.05127,0.26587,-0.947,1.656,-0.084,ergonomis
2026-06-01 15:39:53.290,2211932746,266290,2,1.02515,-0.01294,-0.09448,-3.053,1.405,-0.053,ergonomis
2026-06-01 15:39:53.490,2211932946,266490,1,1.03467,0.04883,0.28662,-3.229,0.786,-1.168,ergonomis
2026-06-01 15:39:53.490,2211932946,266490,2,1.02441,-0.0481,-0.07007,-2.466,2.786,0.237,ergonomis
2026-06-01 15:39:53.690,2211933146,266690,1,1.05469,0.0769,0.24219,-0.74,3.397,0.885,ergonomis
2026-06-01 15:39:53.690,2211933146,266690,2,1.03979,-0.01392,-0.06665,-0.901,-1.374,4.191,ergonomis
2026-06-01 15:39:54.890,2211934346,266890,1,1.04834,0.06177,0.27661,2.573,4.122,-0.244,ergonomis
2026-06-01 15:39:54.890,2211934346,266890,2,1.02881,-0.01099,-0.07324,-6.412,0.244,-1.168,ergonomis
2026-06-01 15:39:54.090,2211933546,267090,1,1.03979,0.06543,0.29321,3.382,2.214,-0.489,ergonomis
2026-06-01 15:39:54.090,2211933546,267090,2,1.02661,0.00024,-0.05957,1.031,-1.496,2.458,ergonomis
2026-06-01 15:39:54.290,2211933746,267290,1,1.03711,0.05322,0.30664,-1.267,0.16,-0.374,ergonomis
2026-06-01 15:39:54.290,2211933746,267290,2,1.03198,-0.01831,-0.05664,0.031,,0.878,ergonomis
2026-06-01 15:39:54.490,2211933946,267490,1,1.03613,0.04517,0.28687,-2.595,-0.779,-0.313,ergonomis
2026-06-01 15:39:54.490,2211933946,267490,2,1.03052,-0.02417,-0.10376,-1.252,1.046,0.046,ergonomis
2026-06-01 15:39:54.690,2211934146,267690,1,1.04224,0.0498,0.28882,0.489,1.885,0.252,ergonomis
2026-06-01 15:39:54.690,2211934146,267690,2,1.02905,-0.01367,-0.05615,1.679,-1.588,1.695,ergonomis
2026-06-01 15:39:55.890,2211935346,267890,1,1.0415,0.04858,0.27832,0.092,1.656,0.084,ergonomis
2026-06-01 15:39:55.890,2211935346,267890,2,1.02686,-0.02783,-0.07324,-1.145,-0.817,0.977,ergonomis
2026-06-01 15:39:55.090,2211934546,268090,1,1.04248,0.04395,0.28931,1.099,1.298,-0.336,ergonomis
2026-06-01 15:39:55.090,2211934546,268090,2,1.0293,-0.01563,-0.0459,-1.115,-1.916,1.435,ergonomis
2026-06-01 15:39:55.290,2211934746,268290,1,1.04565,0.04907,0.2876,1.412,2.725,-0.58,ergonomis
2026-06-01 15:39:55.290,2211934746,268290,2,1.02417,-0.01172,-0.06396,-3.847,0.344,0.687,ergonomis
2026-06-01 15:39:55.490,2211934946,268490,1,1.04614,0.04761,0.27319,2.611,2.229,-2.198,ergonomis
2026-06-01 15:39:55.490,2211934946,268490,2,1.02441,-0.02344,-0.05713,3.397,2.053,-0.42,ergonomis
2026-06-01 15:39:56.856,2211936312,268855,1,1.03491,0.07568,0.27832,-0.145,1.336,-3.672,ergonomis
2026-06-01 15:39:56.856,2211936312,268855,2,1.01904,-0.01807,-0.08423,1.397,0.282,0.954,ergonomis
2026-06-01 15:39:56.108,2211935564,269108,1,1.04346,0.07886,0.28687,2.763,1.908,0.695,ergonomis
2026-06-01 15:39:56.108,2211935564,269108,2,1.03516,-0.03296,-0.0896,-3.275,1.336,0.824,ergonomis
2026-06-01 15:39:56.308,2211935764,269308,1,1.03174,0.09399,0.28906,3.397,4.687,1.466,ergonomis
2026-06-01 15:39:56.308,2211935764,269308,2,1.02612,-0.02148,-0.06567,1.763,0.901,2.084,ergonomis
2026-06-01 15:39:56.508,2211935964,269508,1,1.04932,0.0481,0.27612,4.069,4.107,0.237,ergonomis
2026-06-01 15:39:56.508,2211935964,269508,2,1.02588,-0.02197,-0.0835,0.237,1.74,-1.313,ergonomis
2026-06-01 15:39:56.708,2211936164,269708,1,1.04272,0.07422,0.28345,0.618,2.916,-0.779,ergonomis
2026-06-01 15:39:56.708,2211936164,269708,2,1.02661,-0.00244,-0.04297,1.076,3.107,-1.878,ergonomis
2026-06-01 15:39:57.917,2211937373,269917,1,1.03882,0.05469,0.28198,1.275,3.252,-1.069,ergonomis
2026-06-01 15:39:57.917,2211937373,269917,2,1.03564,-0.01343,-0.03955,-0.794,0.084,-0.015,ergonomis
2026-06-01 15:39:57.117,2211936573,270117,1,1.03296,0.07935,0.30957,3.015,5.267,0.008,ergonomis
2026-06-01 15:39:57.117,2211936573,270117,2,1.05005,-0.02026,-0.05811,-12.359,0.313,-1.282,ergonomis
2026-06-01 15:39:57.317,2211936773,270317,1,1.03369,0.08325,0.30054,-6.374,-0.519,-3.244,ergonomis
2026-06-01 15:39:57.317,2211936773,270317,2,1.03467,-0.00391,-0.02832,1.618,-0.458,0.458,ergonomis
2026-06-01 15:39:57.517,2211936973,270517,1,1.02979,0.06836,0.32104,-0.16,2.977,-1.229,ergonomis
2026-06-01 15:39:57.517,2211936973,270517,2,1.02124,0.00317,-0.02637,-4.695,0.534,0.29,ergonomis
2026-06-01 15:39:57.742,2211937198,270742,1,1.04248,0.08838,0.26318,5.252,3.473,2.527,ergonomis
2026-06-01 15:39:57.742,2211937198,270742,2,1.03711,0.00635,-0.07764,7.885,-0.718,3.26,ergonomis
2026-06-01 15:39:58.942,2211938398,270942,1,1.01611,0.06323,0.33252,0.046,1.214,-2.725,ergonomis
2026-06-01 15:39:58.942,2211938398,270942,2,1.03247,-0.0188,-0.05933,-7.985,0.435,-2.786,ergonomis
2026-06-01 15:39:58.142,2211937598,271142,1,1.0542,0.05322,0.30396,-8.595,-2.504,3.641,ergonomis
2026-06-01 15:39:58.142,2211937598,271142,2,1.03003,-0.04297,-0.04468,5.489,0.366,3.809,ergonomis
2026-06-01 15:39:58.343,2211937799,271343,1,1.04736,0.0459,0.28418,6.099,3.45,1.511,ergonomis
2026-06-01 15:39:58.343,2211937799,271343,2,1.03076,-0.0105,-0.05151,-5.26,-1.809,0.145,ergonomis
2026-06-01 15:39:58.543,2211937999,271543,1,1.03687,0.06909,0.30103,-0.725,1.137,-2.55,ergonomis
2026-06-01 15:39:58.543,2211937999,271543,2,1.03101,-0.00171,-0.05664,3.695,0.26,-0.008,ergonomis
2026-06-01 15:39:58.743,2211938199,271743,1,1.03906,0.07129,0.28931,-0.443,2.504,-0.145,ergonomis
2026-06-01 15:39:58.743,2211938199,271743,2,1.02808,-0.00562,-0.07422,1.267,0.183,1.252,ergonomis
2026-06-01 15:39:59.943,2211939399,271943,1,1.04541,0.0603,0.3064,0.641,1.87,0.473,ergonomis
2026-06-01 15:39:59.943,2211939399,271943,2,1.03931,-0.01831,-0.04224,-3.74,-0.519,1.137,ergonomis
2026-06-01 15:39:59.143,2211938599,272143,1,1.04395,0.06372,0.27661,0.443,1.45,-0.878,ergonomis
2026-06-01 15:39:59.143,2211938599,272143,2,1.03687,-0.00464,-0.05469,-10.26,0.435,-0.779,ergonomis
2026-06-01 15:39:59.386,2211938842,272385,1,1.04419,0.06763,0.29565,1.74,2.611,-0.313,ergonomis
2026-06-01 15:39:59.386,2211938842,272385,2,1.03247,-0.01001,-0.08301,-2.656,-0.176,0.031,ergonomis
2026-06-01 15:39:59.585,2211939041,272585,1,1.04077,0.06836,0.28662,0.84,2.756,-0.122,ergonomis
2026-06-01 15:39:59.585,2211939041,272585,2,1.03003,-0.0127,-0.0752,-4.237,0.359,0.542,ergonomis
2026-06-01 15:39:59.785,2211939241,272785,1,1.04175,0.06909,0.28784,-1.053,1.618,-1.985,ergonomis
2026-06-01 15:39:59.785,2211939241,272785,2,1.04907,0.00464,-0.01294,-1.176,0.664,0.786,ergonomis
2026-06-01 15:40:00.985,2211940441,272985,1,1.03857,0.06665,0.26978,2.122,1.969,-0.092,ergonomis
2026-06-01 15:40:00.985,2211940441,272985,2,1.03491,-0.00171,-0.03491,-3.71,0.687,0.504,ergonomis
2026-06-01 15:40:00.185,2211939641,273185,1,1.04199,0.06665,0.2937,1.031,1.321,-1.267,ergonomis
2026-06-01 15:40:00.185,2211939641,273185,2,1.03467,0.00073,-0.02783,-0.046,-0.389,0.87,ergonomis
2026-06-01 15:40:00.385,2211939841,273385,1,1.0376,0.06421,0.29541,0.336,1.916,-1.198,ergonomis
2026-06-01 15:40:00.385,2211939841,273385,2,1.04077,-0.0127,-0.0564,-3.221,-1.626,2.076,ergonomis
2026-06-01 15:40:00.585,2211940041,273585,1,1.0332,0.07544,0.29321,-2.473,0.557,-0.573,ergonomis
2026-06-01 15:40:00.585,2211940041,273585,2,1.02539,-0.00854,-0.04688,1.015,0.221,1.069,ergonomis
2026-06-01 15:40:00.785,2211940241,273785,1,1.03345,0.06519,0.27783,0.351,2.061,-0.542,ergonomis
2026-06-01 15:40:00.785,2211940241,273785,2,1.03467,-0.00903,-0.06128,2.336,-0.412,1.336,ergonomis
2026-06-01 15:40:01.985,2211941441,273985,1,1.0437,0.06445,0.28247,0.466,2.901,0.321,ergonomis
2026-06-01 15:40:01.985,2211941441,273985,2,1.03394,-0.00439,-0.0542,-3.458,1.298,-0.176,ergonomis
2026-06-01 15:40:01.185,2211940641,274185,1,1.03857,0.06201,0.28418,0.672,0.382,0.328,ergonomis
2026-06-01 15:40:01.185,2211940641,274185,2,1.03125,-0.00757,-0.03931,-3.687,-1.282,1.29,ergonomis
2026-06-01 15:40:01.385,2211940841,274385,1,1.04639,0.03613,0.24463,1.595,3.16,-5.237,ergonomis
2026-06-01 15:40:01.385,2211940841,274385,2,1.02856,0.00244,-0.03857,-0.519,1.153,-0.985,ergonomis
2026-06-01 15:40:01.585,2211941041,274585,1,1.0293,0.07715,0.29834,8.137,5.603,-0.237,ergonomis
2026-06-01 15:40:01.585,2211941041,274585,2,1.02344,-0.00269,-0.01196,2.809,2.557,0.206,ergonomis
2026-06-01 15:40:01.785,2211941241,274785,1,1.04492,0.07422,0.27905,-3.931,0.901,-1.824,ergonomis
2026-06-01 15:40:01.785,2211941241,274785,2,1.02612,-0.0061,-0.05151,3.282,-0.779,1.481,ergonomis
2026-06-01 15:40:02.985,2211942441,274985,1,1.02124,0.07056,0.31592,-1.901,0.298,-1.313,ergonomis
2026-06-01 15:40:02.985,2211942441,274985,2,1.04297,0.00244,-0.01489,-12.183,-0.687,-0.718,ergonomis
2026-06-01 15:40:02.185,2211941641,275185,1,1.04907,0.06641,0.2915,-8.58,-2.099,-0.023,ergonomis
2026-06-01 15:40:02.185,2211941641,275185,2,1.03442,-0.00293,-0.03979,7.176,-1.244,2.573,ergonomis
2026-06-01 15:40:02.385,2211941841,275385,1,1.05005,0.03027,0.28003,2.092,1.878,-0.069,ergonomis
2026-06-01 15:40:02.385,2211941841,275385,2,1.03076,-0.01587,-0.06885,-3.695,1.168,-0.107,ergonomis
2026-06-01 15:40:02.585,2211942041,275585,1,1.04175,0.07129,0.30322,2.046,1.664,0.214,ergonomis
2026-06-01 15:40:02.585,2211942041,275585,2,1.03564,-0.0083,-0.02197,-3.008,-0.634,1.198,ergonomis
2026-06-01 15:40:02.785,2211942241,275785,1,1.04248,0.06274,0.2854,0.496,1.962,-1.328,ergonomis
2026-06-01 15:40:02.785,2211942241,275785,2,1.02759,0.00342,-0.05981,1.87,-0.168,0.511,ergonomis
2026-06-01 15:40:03.985,2211943441,275985,1,1.04419,0.06372,0.27954,1.397,2.702,0.298,ergonomis
2026-06-01 15:40:03.985,2211943441,275985,2,1.02466,-0.01318,-0.08203,-0.122,0.282,0.183,ergonomis
2026-06-01 15:40:03.185,2211942641,276185,1,1.0293,0.06714,0.27734,1.779,3.969,-0.336,ergonomis
2026-06-01 15:40:03.185,2211942641,276185,2,1.02759,-0.01685,-0.06079,2.878,0.733,0.916,ergonomis
2026-06-01 15:40:03.385,2211942841,276385,1,1.04565,0.05518,0.31348,0.031,-0.221,0.26,ergonomis
2026-06-01 15:40:03.385,2211942841,276385,2,1.0437,-0.0022,-0.09399,-12.947,0.298,0.26,ergonomis
2026-06-01 15:40:03.585,2211943041,276585,1,1.01929,0.04346,0.23877,-1.985,-1.985,-2.29,ergonomis
2026-06-01 15:40:03.585,2211943041,276585,2,1.03345,-0.01489,-0.08813,-3.74,1.305,-0.626,ergonomis
2026-06-01 15:40:03.785,2211943241,276785,1,1.04077,0.07593,0.27173,3.221,5.405,-1.527,ergonomis
2026-06-01 15:40:03.785,2211943241,276785,2,1.02515,0.00146,0.02148,-0.687,5.626,-2.962,ergonomis
2026-06-01 15:40:04.985,2211944441,276985,1,1.12866,0.07446,0.27686,10.031,13.229,-10.145,non-ergonomis
2026-06-01 15:40:04.985,2211944441,276985,2,0.98413,-0.01733,-0.28052,25.473,8.74,-8.511,non-ergonomis
2026-06-01 15:40:04.185,2211943641,277185,1,1.03833,0.10571,0.41333,34.038,27.137,-8.885,non-ergonomis
2026-06-01 15:40:04.185,2211943641,277185,2,0.90991,-0.01978,-0.42188,-14.496,-0.916,3.947,non-ergonomis
2026-06-01 15:40:04.385,2211943841,277385,1,0.9978,0.11914,0.35962,-13.427,15.405,-5.366,non-ergonomis
2026-06-01 15:40:04.385,2211943841,277385,2,0.87158,-0.08594,0.04248,-86.374,35.901,-12.137,non-ergonomis
2026-06-01 15:40:04.585,2211944041,277585,1,0.85522,0.15649,0.57764,2.977,16.847,3.55,non-ergonomis
2026-06-01 15:40:04.585,2211944041,277585,2,1.01904,0.04126,0.11816,0.733,3.504,-5.641,non-ergonomis
2026-06-01 15:40:04.785,2211944241,277785,1,0.98145,0.17114,0.54712,2.092,1.756,-1.435,non-ergonomis
2026-06-01 15:40:04.785,2211944241,277785,2,0.99341,0.05371,0.08423,-24.023,6.901,8.802,non-ergonomis
2026-06-01 15:40:05.985,2211945441,277985,1,0.96509,0.16333,0.48022,-15.87,10.405,8.84,non-ergonomis
2026-06-01 15:40:05.985,2211945441,277985,2,1.02148,0.00415,0.07617,7.847,3.359,1.534,non-ergonomis
2026-06-01 15:40:05.185,2211944641,278185,1,0.89404,0.09131,0.60864,-5.954,22.29,1.443,non-ergonomis
2026-06-01 15:40:05.185,2211944641,278185,2,1.00464,-0.0332,0.12378,17.221,11.015,-10.092,non-ergonomis
2026-06-01 15:40:05.396,2211944852,278396,1,1.01587,0.15576,0.81274,29.435,-23.771,4.267,non-ergonomis
2026-06-01 15:40:05.396,2211944852,278396,2,0.99121,0.08496,0.05005,6.412,8.687,5.046,non-ergonomis
2026-06-01 15:40:05.596,2211945052,278596,1,0.87085,0.11987,0.61499,-6.542,10.641,-1.679,non-ergonomis
2026-06-01 15:40:05.596,2211945052,278596,2,0.98242,0.03223,0.04956,-6.954,0.458,-6.931,non-ergonomis
2026-06-01 15:40:05.796,2211945252,278796,1,0.94751,0.0293,0.65039,-19.0,-9.305,4.84,non-ergonomis
2026-06-01 15:40:05.796,2211945252,278796,2,0.98926,0.00781,0.10303,1.481,2.42,-1.74,non-ergonomis
2026-06-01 15:40:06.996,2211946452,278996,1,0.90186,0.08496,0.57788,19.267,-1.099,2.351,non-ergonomis
2026-06-01 15:40:06.996,2211946452,278996,2,1.01074,0.08228,0.12866,-11.397,3.267,-2.458,non-ergonomis
2026-06-01 15:40:06.196,2211945652,279196,1,0.91577,0.04419,0.59717,-8.145,2.382,1.427,non-ergonomis
2026-06-01 15:40:06.196,2211945652,279196,2,1.00537,0.0874,0.12744,-5.443,4.023,-5.496,non-ergonomis
2026-06-01 15:40:06.396,2211945852,279396,1,0.85303,0.04053,0.67969,1.626,-0.908,6.298,non-ergonomis
2026-06-01 15:40:06.396,2211945852,279396,2,1.0083,0.0791,0.12866,2.397,1.397,2.13,non-ergonomis
2026-06-01 15:40:06.648,2211946104,279648,1,0.88208,0.03149,0.58496,-3.863,7.511,5.053,non-ergonomis
2026-06-01 15:40:06.648,2211946104,279648,2,1.02563,0.0835,0.07275,-2.87,3.115,-1.626,non-ergonomis
2026-06-01 15:40:07.860,2211947316,279860,1,0.90015,-0.01489,0.66235,-5.519,1.664,2.916,non-ergonomis
2026-06-01 15:40:07.860,2211947316,279860,2,1.0166,0.09424,0.11499,-1.267,1.802,5.573,non-ergonomis
2026-06-01 15:40:07.060,2211946516,280060,1,0.90039,-0.01636,0.69849,5.336,3.84,-0.16,non-ergonomis
2026-06-01 15:40:07.060,2211946516,280060,2,1.01294,0.08911,0.11108,-2.595,1.824,-0.496,non-ergonomis
2026-06-01 15:40:07.260,2211946716,280260,1,0.87842,-0.01123,0.68921,1.366,-3.962,-5.916,non-ergonomis
2026-06-01 15:40:07.260,2211946716,280260,2,1.00049,0.06421,0.12915,-4.389,5.557,-0.649,non-ergonomis
2026-06-01 15:40:07.460,2211946916,280460,1,0.87158,0.04102,0.65552,2.069,-5.649,-7.42,non-ergonomis
2026-06-01 15:40:07.460,2211946916,280460,2,1.01172,0.06519,0.15063,-7.573,4.084,-8.328,non-ergonomis
2026-06-01 15:40:07.660,2211947116,280660,1,0.91284,0.05811,0.69971,9.137,10.374,2.847,non-ergonomis
2026-06-01 15:40:07.660,2211947116,280660,2,1.01392,0.17358,0.10083,0.29,-3.908,-0.603,non-ergonomis
2026-06-01 15:40:08.860,2211948316,280860,1,0.91016,0.0686,0.65112,2.74,-3.382,-0.969,non-ergonomis
2026-06-01 15:40:08.860,2211948316,280860,2,1.01025,0.09106,0.09497,1.756,-1.038,2.374,non-ergonomis
2026-06-01 15:40:08.060,2211947516,281060,1,0.90015,0.07959,0.63672,-1.366,0.947,-1.374,non-ergonomis
2026-06-01 15:40:08.060,2211947516,281060,2,1.01025,0.10352,0.10303,0.405,-0.588,3.099,non-ergonomis
2026-06-01 15:40:08.292,2211947748,281292,1,0.91064,0.06177,0.6189,-0.565,-1.046,-1.924,non-ergonomis
2026-06-01 15:40:08.292,2211947748,281292,2,1.02026,0.08838,0.11621,4.237,-1.924,3.908,non-ergonomis
2026-06-01 15:40:08.492,2211947948,281492,1,0.92041,0.03198,0.61548,-4.328,-3.511,-3.42,non-ergonomis
2026-06-01 15:40:08.492,2211947948,281492,2,1.01416,0.0791,0.09912,5.038,0.916,5.344,non-ergonomis
2026-06-01 15:40:08.692,2211948148,281692,1,0.90063,0.09399,0.60645,-0.595,-1.023,-6.176,non-ergonomis
2026-06-01 15:40:08.692,2211948148,281692,2,1.00903,0.04834,0.09912,3.092,2.389,6.496,non-ergonomis
2026-06-01 15:40:09.892,2211949348,281892,1,0.93579,0.07397,0.61963,-0.405,1.351,-4.626,non-ergonomis
2026-06-01 15:40:09.892,2211949348,281892,2,1.01831,0.04004,0.10571,-4.092,2.863,0.359,non-ergonomis
2026-06-01 15:40:09.092,2211948548,282092,1,0.92188,0.11963,0.62231,2.046,4.115,-2.42,non-ergonomis
2026-06-01 15:40:09.092,2211948548,282092,2,1.02515,0.04346,0.10156,-2.328,-0.282,-0.771,non-ergonomis
2026-06-01 15:40:09.292,2211948748,282292,1,0.91553,0.0979,0.62329,0.183,0.878,0.053,non-ergonomis
2026-06-01 15:40:09.292,2211948748,282292,2,1.00854,0.0437,0.11816,-1.618,0.16,-0.817,non-ergonomis
2026-06-01 15:40:09.492,2211948948,282492,1,0.91455,0.09253,0.60352,-0.038,0.092,0.947,non-ergonomis
2026-06-01 15:40:09.492,2211948948,282492,2,1.01318,0.05249,0.09766,-1.015,-0.71,-0.221,non-ergonomis
2026-06-01 15:40:09.692,2211949148,282692,1,0.92676,0.0979,0.60034,-0.321,1.183,0.168,non-ergonomis
2026-06-01 15:40:09.692,2211949148,282692,2,1.01196,0.05542,0.09619,0.153,-0.962,1.206,non-ergonomis
2026-06-01 15:40:10.892,2211950348,282892,1,0.91187,0.08325,0.58521,-0.26,5.366,-2.015,non-ergonomis
2026-06-01 15:40:10.892,2211950348,282892,2,1.00098,0.04541,0.13867,-4.855,-1.847,-3.13,non-ergonomis
2026-06-01 15:40:10.092,2211949548,283092,1,0.91528,0.09326,0.62915,-1.878,5.74,-1.702,non-ergonomis
2026-06-01 15:40:10.092,2211949548,283092,2,1.02173,0.06714,0.09351,-4.634,0.756,2.084,non-ergonomis
2026-06-01 15:40:10.312,2211949768,283312,1,0.89526,0.08252,0.63208,-3.389,7.527,-6.321,non-ergonomis
2026-06-01 15:40:10.312,2211949768,283312,2,1.01733,0.06714,0.10278,-1.969,2.183,1.45,non-ergonomis
2026-06-01 15:40:10.512,2211949968,283512,1,0.88525,0.10034,0.65161,-1.985,3.794,-0.573,non-ergonomis
2026-06-01 15:40:10.512,2211949968,283512,2,1.01221,0.06104,0.10815,-4.725,1.206,-0.649,non-ergonomis
2026-06-01 15:40:10.712,2211950168,283712,1,0.89893,0.11743,0.65259,1.565,0.603,-0.412,non-ergonomis
2026-06-01 15:40:10.712,2211950168,283712,2,1.02368,0.07202,0.09839,0.008,-0.878,2.672,non-ergonomis
2026-06-01 15:40:11.912,2211951368,283912,1,0.89063,0.09644,0.65259,-0.046,2.481,-0.511,non-ergonomis
2026-06-01 15:40:11.912,2211951368,283912,2,1.01172,0.07471,0.09961,-8.412,3.817,-4.191,non-ergonomis
2026-06-01 15:40:11.112,2211950568,284112,1,0.87842,0.09497,0.65137,-3.099,-0.458,-0.534,non-ergonomis
2026-06-01 15:40:11.112,2211950568,284112,2,1.02686,0.05322,0.09521,-4.595,-1.534,-2.008,non-ergonomis
2026-06-01 15:40:11.312,2211950768,284312,1,0.8894,0.09082,0.65381,3.031,-3.321,3.275,non-ergonomis
2026-06-01 15:40:11.312,2211950768,284312,2,1.01221,0.06396,0.08789,3.84,-0.84,-6.901,non-ergonomis
2026-06-01 15:40:11.512,2211950968,284512,1,0.86084,0.1272,0.62109,1.313,-2.557,-1.069,non-ergonomis
2026-06-01 15:40:11.512,2211950968,284512,2,0.99658,0.10718,0.08081,-5.214,-0.221,-3.382,non-ergonomis
2026-06-01 15:40:11.712,2211951168,284712,1,0.9104,0.08154,0.61206,5.046,-0.893,3.359,non-ergonomis
2026-06-01 15:40:11.712,2211951168,284712,2,1.01489,0.08154,0.09448,-0.16,-0.473,1.229,non-ergonomis
2026-06-01 15:40:12.912,2211952368,284912,1,0.90698,0.09106,0.62598,1.061,1.298,,non-ergonomis
2026-06-01 15:40:12.912,2211952368,284912,2,1.01611,0.08496,0.09668,0.321,-1.885,1.939,non-ergonomis
2026-06-01 15:40:12.112,2211951568,285112,1,0.91943,0.07983,0.60669,-2.015,2.145,0.626,non-ergonomis
2026-06-01 15:40:12.112,2211951568,285112,2,1.01978,0.08423,0.08008,0.008,1.595,2.046,non-ergonomis
2026-06-01 15:40:12.312,2211951768,285312,1,0.90259,0.09521,0.62085,0.893,1.931,-0.802,non-ergonomis
2026-06-01 15:40:12.312,2211951768,285312,2,1.01733,0.08374,0.10107,-2.069,-0.115,0.756,non-ergonomis
2026-06-01 15:40:12.512,2211951968,285512,1,0.91406,0.07983,0.604,3.046,4.954,0.748,non-ergonomis
2026-06-01 15:40:12.512,2211951968,285512,2,1.01611,0.07715,0.08813,-3.336,2.015,-1.328,non-ergonomis
2026-06-01 15:40:12.745,2211952201,285744,1,0.90405,0.08569,0.61328,-0.725,2.641,-0.878,non-ergonomis
2026-06-01 15:40:12.745,2211952201,285744,2,1.01733,0.07471,0.09082,-1.55,0.779,1.344,non-ergonomis
2026-06-01 15:40:13.944,2211953400,285944,1,0.90527,0.06738,0.64331,2.321,5.824,1.198,non-ergonomis
2026-06-01 15:40:13.944,2211953400,285944,2,1.0127,0.09106,0.09912,-1.595,2.382,0.084,non-ergonomis
2026-06-01 15:40:13.144,2211952600,286144,1,0.90796,0.11328,0.70142,5.275,0.137,-5.603,non-ergonomis
2026-06-01 15:40:13.144,2211952600,286144,2,1.02466,0.06421,0.08179,4.947,0.985,6.344,non-ergonomis
2026-06-01 15:40:13.344,2211952800,286344,1,0.89844,0.07446,0.60669,0.87,-7.527,-6.603,non-ergonomis
2026-06-01 15:40:13.344,2211952800,286344,2,1.00952,0.06201,0.11548,-0.45,0.802,-4.191,non-ergonomis
2026-06-01 15:40:13.544,2211953000,286544,1,0.90942,0.13623,0.57471,-5.412,2.267,-3.099,non-ergonomis
2026-06-01 15:40:13.544,2211953000,286544,2,1.01855,0.05933,0.11475,-3.924,2.336,0.626,non-ergonomis
2026-06-01 15:40:13.744,2211953200,286744,1,0.9231,0.15576,0.62671,17.656,6.763,-7.763,non-ergonomis
2026-06-01 15:40:13.744,2211953200,286744,2,1.01147,0.08423,0.11304,7.824,0.74,8.26,non-ergonomis
2026-06-01 15:40:14.944,2211954400,286944,1,0.88916,0.13013,0.59155,5.168,8.206,9.87,non-ergonomis
2026-06-01 15:40:14.944,2211954400,286944,2,1.01538,0.09814,0.10522,-6.748,-0.298,1.992,non-ergonomis
2026-06-01 15:40:14.144,2211953600,287144,1,0.89526,0.15894,0.64648,11.473,1.87,1.221,non-ergonomis
2026-06-01 15:40:14.144,2211953600,287144,2,1.02246,0.07764,0.10474,-0.061,-1.282,5.191,non-ergonomis
2026-06-01 15:40:14.344,2211953800,287344,1,0.92432,0.08081,0.6123,-8.458,-2.061,0.198,non-ergonomis
2026-06-01 15:40:14.344,2211953800,287344,2,1.00781,0.02197,0.11377,-1.901,-0.076,2.519,non-ergonomis
2026-06-01 15:40:14.544,2211954000,287544,1,0.90698,0.13696,0.70435,12.115,4.664,6.168,non-ergonomis
2026-06-01 15:40:14.544,2211954000,287544,2,1.00439,0.09375,0.12183,0.351,-0.359,1.473,non-ergonomis
2026-06-01 15:40:14.744,2211954200,287744,1,0.90381,0.05103,0.66357,-11.26,-7.74,-6.435,non-ergonomis
2026-06-01 15:40:14.744,2211954200,287744,2,1.03027,0.0354,0.0874,17.504,-0.42,6.305,non-ergonomis
2026-06-01 15:40:15.947,2211955403,287947,1,0.93677,0.05078,0.54297,-34.046,0.672,-1.534,non-ergonomis
2026-06-01 15:40:15.947,2211955403,287947,2,1.02393,0.0127,0.1123,-9.611,-1.481,-1.74,non-ergonomis
2026-06-01 15:40:15.147,2211954603,288147,1,0.9248,0.06128,0.61694,-16.641,-4.84,-14.718,non-ergonomis
2026-06-01 15:40:15.147,2211954603,288147,2,1.03125,-0.04785,0.06909,-3.664,-1.412,-2.275,non-ergonomis
2026-06-01 15:40:15.347,2211954803,288347,1,0.92944,0.02759,0.5896,-6.244,5.626,-0.786,non-ergonomis
2026-06-01 15:40:15.347,2211954803,288347,2,1.02075,0.00635,0.08691,-6.382,1.084,-9.733,non-ergonomis
2026-06-01 15:40:15.547,2211955003,288547,1,0.92285,0.07959,0.63037,11.427,10.076,4.031,non-ergonomis
2026-06-01 15:40:15.547,2211955003,288547,2,1.00171,0.0708,0.07373,-0.641,3.336,-8.305,non-ergonomis
2026-06-01 15:40:15.747,2211955203,288747,1,0.90796,0.07544,0.61938,4.733,-7.038,-1.282,non-ergonomis
2026-06-01 15:40:15.747,2211955203,288747,2,1.00928,0.05859,0.10791,-0.015,-4.076,1.931,non-ergonomis
2026-06-01 15:40:16.947,2211956403,288947,1,0.95142,0.06006,0.59473,2.344,0.405,-2.718,non-ergonomis
2026-06-01 15:40:16.947,2211956403,288947,2,1.02246,0.05664,0.06641,-6.13,-0.802,-2.443,non-ergonomis
2026-06-01 15:40:16.147,2211955603,289147,1,0.91895,0.08813,0.63135,2.542,-1.122,-3.885,non-ergonomis
2026-06-01 15:40:16.147,2211955603,289147,2,1.01685,0.05981,0.08569,-1.908,-1.84,1.328,non-ergonomis
2026-06-01 15:40:16.347,2211955803,289347,1,0.94629,0.09644,0.60327,0.802,3.931,0.71,non-ergonomis
2026-06-01 15:40:16.347,2211955803,289347,2,1.01685,0.08618,0.07251,-3.015,1.473,-1.443,non-ergonomis
2026-06-01 15:40:16.547,2211956003,289547,1,0.92163,0.08984,0.61182,2.748,1.053,-1.71,non-ergonomis
2026-06-01 15:40:16.547,2211956003,289547,2,1.02222,0.04224,0.06714,3.832,2.595,3.473,non-ergonomis
2026-06-01 15:40:16.747,2211956203,289747,1,0.90991,0.0979,0.60449,7.069,5.13,2.534,non-ergonomis
2026-06-01 15:40:16.747,2211956203,289747,2,1.02075,0.09399,0.03418,8.443,4.443,-1.313,non-ergonomis
2026-06-01 15:40:17.947,2211957403,289947,1,0.91846,0.10474,0.64673,0.611,-1.351,2.779,non-ergonomis
2026-06-01 15:40:17.947,2211957403,289947,2,1.01465,0.04639,0.09033,2.45,3.794,6.763,non-ergonomis
2026-06-01 15:40:17.161,2211956617,290161,1,0.92432,0.12061,0.58789,12.145,0.588,1.115,non-ergonomis
2026-06-01 15:40:17.161,2211956617,290161,2,1.02368,0.02417,0.10864,-2.634,3.634,-1.878,non-ergonomis
2026-06-01 15:40:17.542,2211956998,290542,1,0.90625,0.14771,0.56616,-3.634,4.221,8.557,non-ergonomis
2026-06-01 15:40:17.542,2211956998,290542,2,1.0144,0.00293,0.11328,-3.962,1.649,5.718,non-ergonomis
2026-06-01 15:40:17.742,2211957198,290742,1,0.93628,0.0752,0.55078,9.649,2.74,1.076,non-ergonomis
2026-06-01 15:40:17.742,2211957198,290742,2,1.01367,0.02783,0.11792,-2.908,1.794,1.229,non-ergonomis
2026-06-01 15:40:18.942,2211958398,290942,1,0.94434,0.05078,0.604,-3.969,1.092,-0.115,non-ergonomis
2026-06-01 15:40:18.942,2211958398,290942,2,1.01538,0.02246,0.11694,2.0,1.809,-1.954,non-ergonomis
2026-06-01 15:40:18.142,2211957598,291142,1,0.92529,0.0791,0.59741,0.924,2.595,-0.031,non-ergonomis
2026-06-01 15:40:18.142,2211957598,291142,2,1.01392,0.01416,0.11401,0.267,-0.115,3.573,non-ergonomis
2026-06-01 15:40:18.342,2211957798,291342,1,0.91675,0.07227,0.5957,2.137,1.702,0.313,non-ergonomis
2026-06-01 15:40:18.342,2211957798,291342,2,1.01392,0.02856,0.11768,-1.672,0.611,0.427,non-ergonomis
2026-06-01 15:40:18.542,2211957998,291542,1,0.9187,0.07568,0.61719,0.382,2.397,-0.725,non-ergonomis
2026-06-01 15:40:18.542,2211957998,291542,2,1.01343,0.02686,0.1106,-1.954,0.092,0.885,non-ergonomis
2026-06-01 15:40:18.742,2211958198,291742,1,0.92163,0.08496,0.6123,-1.282,1.908,-1.267,non-ergonomis
2026-06-01 15:40:18.742,2211958198,291742,2,1.01392,0.02271,0.11621,-1.695,0.206,0.779,non-ergonomis
2026-06-01 15:40:19.942,2211959398,291942,1,0.94824,0.09253,0.61401,-3.443,-3.053,1.351,non-ergonomis
2026-06-01 15:40:19.942,2211959398,291942,2,1.00464,0.02563,0.12744,2.656,0.672,1.458,non-ergonomis
2026-06-01 15:40:19.142,2211958598,292142,1,0.9397,0.08862,0.62524,9.015,6.405,-3.359,non-ergonomis
2026-06-01 15:40:19.142,2211958598,292142,2,1.00513,0.03467,0.1311,0.71,-0.237,-0.427,non-ergonomis
2026-06-01 15:40:19.342,2211958798,292342,1,0.91577,0.08081,0.62036,-3.351,3.443,-2.84,non-ergonomis
2026-06-01 15:40:19.342,2211958798,292342,2,1.02197,0.03174,0.11011,-3.71,-1.542,-5.206,non-ergonomis
2026-06-01 15:40:19.542,2211958998,292542,1,0.93506,0.08984,0.61353,-0.359,1.756,-4.389,non-ergonomis
2026-06-01 15:40:19.542,2211958998,292542,2,1.02393,0.01611,0.1123,0.481,-1.099,1.374,non-ergonomis
2026-06-01 15:40:19.742,2211959198,292742,1,0.91187,0.15088,0.58057,1.908,6.595,4.214,non-ergonomis
2026-06-01 15:40:19.742,2211959198,292742,2,1.02124,0.03882,0.10815,6.229,-1.542,4.962,non-ergonomis
2026-06-01 15:40:20.942,2211960398,292942,1,0.90576,0.08887,0.59595,-6.908,5.038,2.817,non-ergonomis
2026-06-01 15:40:20.942,2211960398,292942,2,1.02417,0.02686,0.09204,2.145,1.092,5.519,non-ergonomis
2026-06-01 15:40:20.142,2211959598,293142,1,0.90625,0.05835,0.6333,-3.977,1.435,-0.656,non-ergonomis
2026-06-01 15:40:20.142,2211959598,293142,2,1.01733,0.00684,0.15283,-0.267,1.45,-2.687,non-ergonomis
2026-06-01 15:40:20.342,2211959798,293342,1,0.89331,0.08911,0.61255,-4.954,-0.962,-0.74,non-ergonomis
2026-06-01 15:40:20.342,2211959798,293342,2,1.00977,0.01392,0.12866,-14.969,1.939,-7.977,non-ergonomis
2026-06-01 15:40:20.542,2211959998,293542,1,0.89844,0.0813,0.625,16.328,5.092,-5.656,non-ergonomis
2026-06-01 15:40:20.542,2211959998,293542,2,1.0144,0.09839,0.11719,-2.405,-0.328,-8.061,non-ergonomis
2026-06-01 15:40:20.742,2211960198,293742,1,0.89551,0.08789,0.62842,-12.13,2.328,-3.519,non-ergonomis
2026-06-01 15:40:20.742,2211960198,293742,2,1.00757,0.05835,0.10986,-2.42,2.328,0.16,non-ergonomis
2026-06-01 15:40:21.942,2211961398,293942,1,0.92236,0.08984,0.61938,1.832,4.939,2.366,non-ergonomis
2026-06-01 15:40:21.942,2211961398,293942,2,1.01221,0.07129,0.10107,4.885,-1.13,2.725,non-ergonomis
2026-06-01 15:40:21.142,2211960598,294142,1,0.91138,0.07227,0.61865,-14.412,-3.71,2.176,non-ergonomis
2026-06-01 15:40:21.142,2211960598,294142,2,1.00537,0.05615,0.09717,-1.656,0.031,0.534,non-ergonomis
2026-06-01 15:40:21.342,2211960798,294342,1,0.91748,0.0813,0.64258,-5.298,-0.153,-0.725,non-ergonomis
2026-06-01 15:40:21.342,2211960798,294342,2,1.00269,0.08179,0.09766,0.397,-1.0,2.626,non-ergonomis
2026-06-01 15:40:21.542,2211960998,294542,1,0.92407,0.05762,0.6228,1.603,8.282,-0.901,non-ergonomis
2026-06-01 15:40:21.542,2211960998,294542,2,1.01538,0.04883,0.10303,-9.198,-0.847,-0.046,non-ergonomis
2026-06-01 15:40:21.774,2211961230,294774,1,0.90625,0.06787,0.62305,-2.214,1.504,-4.298,non-ergonomis
2026-06-01 15:40:21.774,2211961230,294774,2,1.01416,0.0459,0.0957,-0.55,-1.076,-0.115,non-ergonomis
2026-06-01 15:40:22.974,2211962430,294974,1,0.89453,0.06665,0.64111,2.641,-0.511,-1.916,non-ergonomis
2026-06-01 15:40:22.974,2211962430,294974,2,1.01196,0.05029,0.09863,-2.107,0.916,-0.237,non-ergonomis
2026-06-01 15:40:22.174,2211961630,295174,1,0.90063,0.07715,0.63379,0.824,3.168,-0.611,non-ergonomis
2026-06-01 15:40:22.174,2211961630,295174,2,1.0127,0.06519,0.09692,2.328,0.496,0.336,non-ergonomis
2026-06-01 15:40:22.374,2211961830,295374,1,0.90063,0.0752,0.63843,-1.519,-0.855,-2.374,non-ergonomis
2026-06-01 15:40:22.374,2211961830,295374,2,1.02002,0.04468,0.1062,0.267,-0.061,1.489,non-ergonomis
2026-06-01 15:40:22.574,2211962030,295574,1,0.89917,0.12183,0.64551,0.389,2.534,-2.466,non-ergonomis
2026-06-01 15:40:22.574,2211962030,295574,2,1.00122,0.06689,0.11768,-4.168,2.229,-0.427,non-ergonomis
2026-06-01 15:40:22.774,2211962230,295774,1,0.8999,0.09546,0.63086,0.802,6.008,-1.916,non-ergonomis
2026-06-01 15:40:22.774,2211962230,295774,2,1.01099,0.05957,0.09521,-4.206,-0.931,1.008,non-ergonomis
2026-06-01 15:40:23.974,2211963430,295974,1,0.90552,0.10815,0.64209,4.641,0.618,1.939,non-ergonomis
2026-06-01 15:40:23.974,2211963430,295974,2,1.01489,0.06519,0.10767,-0.321,-0.771,0.954,non-ergonomis
2026-06-01 15:40:23.174,2211962630,296174,1,0.91016,0.08374,0.64087,0.992,3.137,-0.489,non-ergonomis
2026-06-01 15:40:23.174,2211962630,296174,2,1.01343,0.03687,0.0957,1.0,-0.008,1.679,non-ergonomis
2026-06-01 15:40:23.374,2211962830,296374,1,0.89526,0.08496,0.63452,0.275,3.069,1.015,non-ergonomis
2026-06-01 15:40:23.374,2211962830,296374,2,1.01831,0.04712,0.09033,-1.84,,-0.015,non-ergonomis
2026-06-01 15:40:23.608,2211963064,296608,1,0.89966,0.08325,0.63525,0.878,1.458,-1.092,non-ergonomis
2026-06-01 15:40:23.608,2211963064,296608,2,1.01465,0.05298,0.09668,-0.504,0.947,0.206,non-ergonomis
2026-06-01 15:40:24.912,2211964368,296912,1,0.91675,0.0752,0.63379,-2.588,1.527,-0.107,non-ergonomis
2026-06-01 15:40:24.912,2211964368,296912,2,1.00952,0.06958,0.0918,-2.321,-0.153,0.962,non-ergonomis
2026-06-01 15:40:24.128,2211963584,297128,1,0.91528,0.08789,0.62964,0.71,1.298,-0.214,non-ergonomis
2026-06-01 15:40:24.128,2211963584,297128,2,1.02051,0.04224,0.10352,-1.076,0.58,0.397,non-ergonomis
2026-06-01 15:40:24.328,2211963784,297328,1,0.89648,0.0813,0.63257,-0.527,1.87,-1.794,non-ergonomis
2026-06-01 15:40:24.328,2211963784,297328,2,1.01465,0.0481,0.0957,-2.359,3.42,-2.832,non-ergonomis
2026-06-01 15:40:24.528,2211963984,297528,1,0.89185,0.09668,0.63916,-0.29,-3.588,0.076,non-ergonomis
2026-06-01 15:40:24.528,2211963984,297528,2,1.00977,0.06348,0.1189,-4.29,-2.267,0.771,non-ergonomis
2026-06-01 15:40:24.728,2211964184,297728,1,0.92236,0.0874,0.61401,-0.626,2.702,-3.924,non-ergonomis
2026-06-01 15:40:24.728,2211964184,297728,2,1.02051,0.04053,0.07666,-3.786,1.412,-0.588,non-ergonomis
2026-06-01 15:40:25.928,2211965384,297928,1,0.90527,0.10547,0.62793,2.786,3.832,-1.74,non-ergonomis
2026-06-01 15:40:25.928,2211965384,297928,2,1.01538,0.05884,0.10547,-4.947,0.107,-0.435,non-ergonomis
2026-06-01 15:40:25.128,2211964584,298128,1,0.92847,0.08228,0.62354,-3.008,0.863,-1.756,non-ergonomis
2026-06-01 15:40:25.128,2211964584,298128,2,1.01318,0.05054,0.08594,-0.282,-0.122,0.015,non-ergonomis
2026-06-01 15:40:25.328,2211964784,298328,1,0.90649,0.0918,0.62524,2.099,-0.206,2.924,non-ergonomis
2026-06-01 15:40:25.328,2211964784,298328,2,1.01416,0.06104,0.07861,-5.443,-2.786,-0.267,non-ergonomis
2026-06-01 15:40:25.528,2211964984,298528,1,0.91382,0.09448,0.60962,-0.42,2.718,-0.237,non-ergonomis
2026-06-01 15:40:25.528,2211964984,298528,2,1.0166,0.05713,0.06689,-0.244,2.489,0.71,non-ergonomis
2026-06-01 15:40:25.728,2211965184,298728,1,0.92407,0.12427,0.64087,2.13,3.42,0.107,non-ergonomis
2026-06-01 15:40:25.728,2211965184,298728,2,1.01367,0.06372,0.07495,-0.275,1.611,0.626,non-ergonomis
2026-06-01 15:40:26.928,2211966384,298928,1,0.89917,0.09741,0.62378,2.092,1.489,0.466,non-ergonomis
2026-06-01 15:40:26.928,2211966384,298928,2,1.01587,0.06006,0.08325,-0.702,0.611,0.779,non-ergonomis
2026-06-01 15:40:26.128,2211965584,299128,1,0.90991,0.09448,0.61841,0.634,1.527,-0.137,non-ergonomis
2026-06-01 15:40:26.128,2211965584,299128,2,1.01196,0.06348,0.0769,-1.206,1.573,0.298,non-ergonomis
2026-06-01 15:40:26.328,2211965784,299328,1,0.92432,0.09033,0.61133,0.802,-0.664,-0.061,non-ergonomis
2026-06-01 15:40:26.328,2211965784,299328,2,1.0166,0.06787,0.07642,3.565,0.733,1.42,non-ergonomis
2026-06-01 15:40:26.528,2211965984,299528,1,0.91138,0.09375,0.60132,-0.206,1.275,-0.206,non-ergonomis
2026-06-01 15:40:26.528,2211965984,299528,2,1.01318,0.0647,0.07373,-1.855,0.237,1.153,non-ergonomis
2026-06-01 15:40:26.748,2211966204,299748,1,0.92578,0.10425,0.61133,1.107,2.282,-0.992,non-ergonomis
2026-06-01 15:40:26.748,2211966204,299748,2,1.01782,0.06299,0.0896,-2.26,0.817,-0.267,non-ergonomis
2026-06-01 15:40:27.948,2211967404,299948,1,0.91528,0.09839,0.62427,-0.496,2.275,-1.046,non-ergonomis
2026-06-01 15:40:27.948,2211967404,299948,2,1.00952,0.06396,0.0918,-1.397,0.267,0.573,non-ergonomis
2026-06-01 15:40:27.148,2211966604,300148,1,0.91187,0.09399,0.60132,1.992,1.55,0.321,non-ergonomis
2026-06-01 15:40:27.148,2211966604,300148,2,1.01953,0.07227,0.07983,0.779,0.656,0.153,non-ergonomis
2026-06-01 15:40:27.348,2211966804,300348,1,0.9187,0.08911,0.60889,-0.802,0.229,-1.649,non-ergonomis
2026-06-01 15:40:27.348,2211966804,300348,2,1.01563,0.06738,0.09375,-1.908,0.962,-0.038,non-ergonomis
2026-06-01 15:40:27.548,2211967004,300548,1,0.92114,0.0979,0.60645,-1.718,2.595,-1.282,non-ergonomis
2026-06-01 15:40:27.548,2211967004,300548,2,1.02661,0.07031,0.09375,-0.779,-0.092,0.29,non-ergonomis
2026-06-01 15:40:27.748,2211967204,300748,1,0.91309,0.12573,0.62061,0.977,4.145,-0.344,non-ergonomis
2026-06-01 15:40:27.748,2211967204,300748,2,1.01978,0.06372,0.08936,-1.0,0.443,0.458,non-ergonomis
2026-06-01 15:40:28.948,2211968404,300948,1,0.91846,0.08789,0.60376,0.176,2.481,0.137,non-ergonomis
2026-06-01 15:40:28.948,2211968404,300948,2,1.01807,0.0625,0.09326,-1.351,0.466,0.321,non-ergonomis
2026-06-01 15:40:28.148,2211967604,301148,1,0.9187,0.09326,0.60278,0.542,2.084,-0.695,non-ergonomis
2026-06-01 15:40:28.148,2211967604,301148,2,1.01025,0.06812,0.09766,-2.824,0.557,0.374,non-ergonomis
2026-06-01 15:40:28.348,2211967804,301348,1,0.91943,0.10132,0.59985,1.885,2.924,-0.458,non-ergonomis
2026-06-01 15:40:28.348,2211967804,301348,2,1.01904,0.07178,0.10034,-1.718,0.198,0.344,non-ergonomis
2026-06-01 15:40:28.548,2211968004,301548,1,0.927,0.08862,0.60083,-1.206,2.069,-1.168,non-ergonomis
2026-06-01 15:40:28.548,2211968004,301548,2,1.01245,0.0647,0.09058,-1.832,0.366,0.794,non-ergonomis
2026-06-01 15:40:28.748,2211968204,301748,1,0.91309,0.0957,0.61475,0.313,1.969,-0.527,non-ergonomis
2026-06-01 15:40:28.748,2211968204,301748,2,1.01685,0.05786,0.09399,2.168,0.832,0.649,non-ergonomis
2026-06-01 15:40:29.948,2211969404,301948,1,0.94043,0.08374,0.61377,-1.634,-7.13,-3.359,non-ergonomis
2026-06-01 15:40:29.948,2211969404,301948,2,0.99731,0.07349,0.13159,-3.275,1.153,0.588,non-ergonomis
2026-06-01 15:40:29.148,2211968604,302148,1,0.9209,0.0647,0.60059,-1.931,2.573,-1.977,non-ergonomis
2026-06-01 15:40:29.148,2211968604,302148,2,1.02393,0.04907,0.08447,-0.962,-3.718,0.87,non-ergonomis
2026-06-01 15:40:29.348,2211968804,302348,1,0.9231,0.07568,0.58203,-1.809,1.496,-2.611,non-ergonomis
2026-06-01 15:40:29.348,2211968804,302348,2,1.02002,0.06787,0.08545,-7.099,-0.053,-2.947,non-ergonomis
2026-06-01 15:40:29.548,2211969004,302548,1,0.92334,0.11816,0.61133,-0.351,2.672,-1.397,non-ergonomis
2026-06-01 15:40:29.548,2211969004,302548,2,1.01855,0.06567,0.07837,-2.573,-1.466,1.229,non-ergonomis
2026-06-01 15:40:29.748,2211969204,302748,1,0.9248,0.09326,0.60107,1.557,1.053,-0.405,non-ergonomis
2026-06-01 15:40:29.748,2211969204,302748,2,1.01855,0.05908,0.07104,-3.443,-3.275,0.824,non-ergonomis
2026-06-01 15:40:30.948,2211970404,302948,1,0.91309,0.1377,0.59937,6.458,2.573,2.603,non-ergonomis
2026-06-01 15:40:30.948,2211970404,302948,2,1.02246,0.06201,0.04443,-4.74,-4.275,-0.595,non-ergonomis
2026-06-01 15:40:30.198,2211969654,303198,1,0.91968,0.10571,0.58838,1.901,1.084,1.053,non-ergonomis
2026-06-01 15:40:30.198,2211969654,303198,2,1.04102,0.0481,0.07373,2.374,4.817,0.092,non-ergonomis
2026-06-01 15:40:30.448,2211969904,303448,1,0.90015,0.09497,0.59253,-6.908,-0.214,1.252,non-ergonomis
2026-06-01 15:40:30.448,2211969904,303448,2,1.00781,0.09961,0.07959,-16.435,-5.214,-9.145,non-ergonomis
2026-06-01 15:40:30.648,2211970104,303648,1,0.92505,0.0647,0.5686,20.435,6.382,5.206,non-ergonomis
2026-06-01 15:40:30.648,2211970104,303648,2,1.00122,0.09814,0.04272,-29.893,-12.718,-23.55,non-ergonomis
2026-06-01 15:40:31.848,2211971304,303848,1,0.94043,0.06201,0.61304,-2.366,9.893,5.115,non-ergonomis
2026-06-01 15:40:31.848,2211971304,303848,2,1.00073,0.16992,0.02905,-0.412,3.313,-0.038,non-ergonomis
2026-06-01 15:40:31.048,2211970504,304048,1,0.9375,0.09546,0.56738,2.847,3.427,-3.267,non-ergonomis
2026-06-01 15:40:31.048,2211970504,304048,2,1.00635,0.14502,0.03418,7.962,12.947,7.534,non-ergonomis
2026-06-01 15:40:31.248,2211970704,304248,1,0.90552,0.1084,0.63306,-4.038,-9.725,-8.244,non-ergonomis
2026-06-01 15:40:31.248,2211970704,304248,2,1.06201,0.11035,0.0752,26.679,7.664,6.511,non-ergonomis
2026-06-01 15:40:31.448,2211970904,304448,1,0.86621,0.09546,0.58203,-8.321,6.977,3.366,non-ergonomis
2026-06-01 15:40:31.448,2211970904,304448,2,1.03906,0.06909,0.04517,6.382,-6.069,22.924,non-ergonomis
2026-06-01 15:40:31.648,2211971104,304648,1,0.93384,-0.01416,0.61597,-21.069,-3.305,-0.321,non-ergonomis
2026-06-01 15:40:31.648,2211971104,304648,2,1.03003,0.01196,0.00708,-3.985,-5.328,0.198,non-ergonomis
2026-06-01 15:40:32.848,2211972304,304848,1,0.9585,-0.02222,0.56104,26.229,2.885,6.313,non-ergonomis
2026-06-01 15:40:32.848,2211972304,304848,2,1.02026,0.01318,0.01294,21.58,8.069,15.473,non-ergonomis
2026-06-01 15:40:32.048,2211971504,305048,1,0.92041,-0.01807,0.59302,-30.038,2.641,0.74,non-ergonomis
2026-06-01 15:40:32.048,2211971504,305048,2,1.03271,-0.03906,0.06909,-11.916,-1.29,-0.176,non-ergonomis
2026-06-01 15:40:32.248,2211971704,305248,1,0.93872,-0.02686,0.53882,-6.237,0.053,-6.252,non-ergonomis
2026-06-01 15:40:32.248,2211971704,305248,2,1.03052,-0.04346,0.03442,2.382,2.466,1.611,non-ergonomis
2026-06-01 15:40:32.448,2211971904,305448,1,0.93823,-0.04541,0.60962,4.679,-0.206,-5.412,non-ergonomis
2026-06-01 15:40:32.448,2211971904,305448,2,1.0271,-0.00439,0.05933,-0.336,-0.542,-0.573,non-ergonomis
2026-06-01 15:40:32.648,2211972104,305648,1,0.94629,-0.00562,0.57886,-13.588,-0.16,-5.0,non-ergonomis
2026-06-01 15:40:32.648,2211972104,305648,2,1.02441,-0.03052,0.05029,-0.641,0.802,-2.366,non-ergonomis
2026-06-01 15:40:33.848,2211973304,305848,1,0.94458,-0.00415,0.58887,20.038,3.885,-1.756,non-ergonomis
2026-06-01 15:40:33.848,2211973304,305848,2,1.02271,0.00781,0.04956,4.183,0.313,3.168,non-ergonomis
2026-06-01 15:40:33.048,2211972504,306048,1,0.92603,0.01758,0.58252,2.939,1.198,-0.878,non-ergonomis
2026-06-01 15:40:33.048,2211972504,306048,2,1.02246,-0.02466,0.04297,0.55,2.588,4.183,non-ergonomis
2026-06-01 15:40:33.248,2211972704,306248,1,0.96533,0.02368,0.54956,-2.756,1.634,-1.542,non-ergonomis
2026-06-01 15:40:33.248,2211972704,306248,2,1.01709,-0.03101,0.07422,-4.626,2.321,-2.557,non-ergonomis
2026-06-01 15:40:33.448,2211972904,306448,1,0.94263,0.03296,0.58789,15.359,1.786,-0.718,non-ergonomis
2026-06-01 15:40:33.448,2211972904,306448,2,1.01978,-0.00171,0.06152,-4.718,-1.099,2.855,non-ergonomis
2026-06-01 15:40:33.648,2211973104,306648,1,0.95239,0.04712,0.56958,-3.573,-4.397,-0.397,non-ergonomis
2026-06-01 15:40:33.648,2211973104,306648,2,1.02881,-0.05176,0.03247,-4.221,0.718,-2.053,non-ergonomis
2026-06-01 15:40:34.848,2211974304,306848,1,0.93799,0.07422,0.58789,4.84,0.969,-2.023,non-ergonomis
2026-06-01 15:40:34.848,2211974304,306848,2,1.02881,-0.02856,0.0459,1.137,0.908,0.725,non-ergonomis
2026-06-01 15:40:34.048,2211973504,307048,1,0.93481,0.10303,0.58301,-2.489,2.763,-2.229,non-ergonomis
2026-06-01 15:40:34.048,2211973504,307048,2,1.0061,0.00342,0.12695,-52.496,-17.237,9.176,non-ergonomis
2026-06-01 15:40:34.248,2211973704,307248,1,0.95605,0.021,0.57129,20.137,15.511,4.321,non-ergonomis
2026-06-01 15:40:34.248,2211973704,307248,2,1.02783,,0.03027,-6.107,4.611,-8.786,non-ergonomis
2026-06-01 15:40:34.448,2211973904,307448,1,0.92651,0.05444,0.58643,-2.008,4.992,2.542,non-ergonomis
2026-06-01 15:40:34.448,2211973904,307448,2,1.03076,0.00659,0.073,-1.557,-1.069,-2.809,non-ergonomis
2026-06-01 15:40:34.648,2211974104,307648,1,0.91162,0.05444,0.61353,-6.702,-0.023,1.267,non-ergonomis
2026-06-01 15:40:34.648,2211974104,307648,2,1.0293,0.00366,0.06592,-2.29,-1.336,0.473,non-ergonomis
2026-06-01 15:40:35.848,2211975304,307848,1,0.91748,0.04004,0.59717,-3.313,-0.466,-1.977,non-ergonomis
2026-06-01 15:40:35.848,2211975304,307848,2,1.02417,-0.021,0.06323,-1.229,0.679,0.954,non-ergonomis
2026-06-01 15:40:35.048,2211974504,308048,1,0.93066,0.02417,0.62451,-8.382,1.687,-2.198,non-ergonomis
2026-06-01 15:40:35.048,2211974504,308048,2,1.02661,-0.00317,0.06226,-1.58,-1.038,0.168,non-ergonomis
2026-06-01 15:40:35.248,2211974704,308248,1,0.91357,0.05615,0.64111,13.275,1.008,-0.183,non-ergonomis
2026-06-01 15:40:35.248,2211974704,308248,2,1.01636,0.0249,0.06104,-4.634,-6.489,-2.84,non-ergonomis
2026-06-01 15:40:35.448,2211974904,308448,1,0.96411,0.03467,0.573,-5.992,0.13,-3.122,non-ergonomis
2026-06-01 15:40:35.448,2211974904,308448,2,1.02686,-0.01294,0.04395,6.519,2.847,4.626,non-ergonomis
2026-06-01 15:40:35.648,2211975104,308648,1,0.90894,0.05371,0.62744,-2.351,2.099,0.672,non-ergonomis
2026-06-01 15:40:35.648,2211975104,308648,2,1.02734,0.01196,0.04395,-5.756,-1.718,-2.435,non-ergonomis
2026-06-01 15:40:36.870,2211976326,308870,1,0.92529,0.06519,0.58911,2.557,0.13,-0.237,non-ergonomis
2026-06-01 15:40:36.870,2211976326,308870,2,1.02271,,0.02075,0.153,-0.305,1.305,non-ergonomis
2026-06-01 15:40:36.070,2211975526,309070,1,0.94751,0.04883,0.60205,1.511,0.053,-0.473,non-ergonomis
2026-06-01 15:40:36.070,2211975526,309070,2,1.02832,0.00854,0.02979,-0.58,0.664,0.046,non-ergonomis
2026-06-01 15:40:36.270,2211975726,309270,1,0.92383,0.04346,0.59521,0.29,1.496,-1.282,non-ergonomis
2026-06-01 15:40:36.270,2211975726,309270,2,1.02515,0.01636,0.05225,-6.031,-0.885,-0.565,non-ergonomis
2026-06-01 15:40:36.470,2211975926,309470,1,0.93018,0.05786,0.59473,-0.305,0.55,-0.893,non-ergonomis
2026-06-01 15:40:36.470,2211975926,309470,2,1.02393,0.00708,0.03345,-1.947,-1.221,-0.603,non-ergonomis
2026-06-01 15:40:36.780,2211976236,309779,1,0.94263,0.05176,0.58838,0.252,1.687,-0.321,non-ergonomis
2026-06-01 15:40:36.780,2211976236,309779,2,1.02466,-0.0022,0.03296,-1.244,0.061,0.672,non-ergonomis
2026-06-01 15:40:37.979,2211977435,309979,1,0.92847,0.05396,0.62183,-0.786,4.55,-0.214,non-ergonomis
2026-06-01 15:40:37.979,2211977435,309979,2,1.02588,0.0022,0.02197,0.328,0.626,0.412,non-ergonomis
2026-06-01 15:40:37.179,2211976635,310179,1,0.92114,0.04492,0.62036,3.198,2.947,0.824,non-ergonomis
2026-06-01 15:40:37.179,2211976635,310179,2,1.02856,0.0105,0.0127,-3.42,-2.954,-0.817,non-ergonomis
2026-06-01 15:40:37.379,2211976835,310379,1,0.92529,0.04541,0.60352,-0.13,1.565,0.405,non-ergonomis
2026-06-01 15:40:37.379,2211976835,310379,2,1.02832,0.00977,0.03687,-2.351,0.58,0.305,non-ergonomis
2026-06-01 15:40:37.579,2211977035,310579,1,0.9314,0.02563,0.58398,-7.13,-0.672,-2.527,non-ergonomis
2026-06-01 15:40:37.579,2211977035,310579,2,1.02612,0.01245,0.04248,-2.702,-0.725,0.321,non-ergonomis
2026-06-01 15:40:37.779,2211977235,310779,1,0.94531,0.04761,0.5769,-1.0,0.809,-1.053,non-ergonomis
2026-06-01 15:40:37.779,2211977235,310779,2,1.02124,0.00806,0.04614,-3.176,0.13,-1.298,non-ergonomis
2026-06-01 15:40:38.979,2211978435,310979,1,0.92944,0.05103,0.59595,1.489,1.954,1.718,non-ergonomis
2026-06-01 15:40:38.979,2211978435,310979,2,1.02759,0.02173,0.03467,-6.679,-5.489,1.481,non-ergonomis
2026-06-01 15:40:38.179,2211977635,311179,1,0.90576,0.07251,0.61035,8.305,11.008,9.885,non-ergonomis
2026-06-01 15:40:38.179,2211977635,311179,2,1.03418,0.03564,-0.08325,-4.244,-1.229,-3.137,non-ergonomis
2026-06-01 15:40:38.379,2211977835,311379,1,0.91919,0.04883,0.64063,-5.595,2.504,-1.344,non-ergonomis
2026-06-01 15:40:38.379,2211977835,311379,2,1.02661,0.01172,-0.0144,11.832,10.634,3.947,non-ergonomis
2026-06-01 15:40:38.579,2211978035,311579,1,0.927,0.0625,0.59863,17.313,3.702,3.313,non-ergonomis
2026-06-01 15:40:38.579,2211978035,311579,2,1.02661,0.03296,-0.00415,0.313,-2.412,4.832,non-ergonomis
2026-06-01 15:40:38.779,2211978235,311779,1,0.92212,0.02905,0.60986,-12.939,-0.168,-6.504,non-ergonomis
2026-06-01 15:40:38.779,2211978235,311779,2,1.0332,0.01074,-0.02197,-9.634,1.542,-5.466,non-ergonomis
2026-06-01 15:40:39.979,2211979435,311979,1,0.94873,0.08154,0.59473,-4.221,-2.092,-8.679,non-ergonomis
2026-06-01 15:40:39.979,2211979435,311979,2,1.0293,0.03198,-0.04395,16.389,-1.664,11.634,non-ergonomis
2026-06-01 15:40:39.179,2211978635,312179,1,0.95288,0.0835,0.59253,-2.275,-8.824,-7.519,non-ergonomis
2026-06-01 15:40:39.179,2211978635,312179,2,1.01196,-0.01514,0.02295,28.275,9.992,25.397,non-ergonomis
2026-06-01 15:40:39.379,2211978835,312379,1,0.96484,0.07568,0.55054,9.649,5.588,-4.718,non-ergonomis
2026-06-01 15:40:39.379,2211978835,312379,2,1.03613,-0.05859,-0.02661,-15.443,-10.298,-6.45,non-ergonomis
2026-06-01 15:40:39.579,2211979035,312579,1,0.95508,0.1145,0.53516,-3.626,-1.053,-5.153,non-ergonomis
2026-06-01 15:40:39.579,2211979035,312579,2,1.02686,-0.03369,-0.01978,-6.344,-2.084,-1.802,non-ergonomis
2026-06-01 15:40:39.779,2211979235,312779,1,0.93896,0.12354,0.55078,5.718,12.29,9.122,non-ergonomis
2026-06-01 15:40:39.779,2211979235,312779,2,1.02222,-0.02197,0.00195,-13.649,0.847,-8.901,non-ergonomis
2026-06-01 15:40:40.979,2211980435,312979,1,0.94189,0.10083,0.58081,-12.618,-3.046,-0.351,non-ergonomis
2026-06-01 15:40:40.979,2211980435,312979,2,1.03491,-0.05249,-0.0127,16.237,2.16,19.466,non-ergonomis
2026-06-01 15:40:40.179,2211979635,313179,1,0.93677,0.03467,0.57617,1.359,1.771,5.374,non-ergonomis
2026-06-01 15:40:40.179,2211979635,313179,2,1.03564,-0.05591,-0.00586,-7.282,-1.397,-2.733,non-ergonomis
2026-06-01 15:40:40.379,2211979835,313379,1,0.95679,0.08057,0.55029,4.443,0.893,-3.618,non-ergonomis
2026-06-01 15:40:40.379,2211979835,313379,2,1.03711,-0.04297,-0.05542,-7.824,14.412,0.511,non-ergonomis
2026-06-01 15:40:40.579,2211980035,313579,1,0.92896,0.07422,0.55811,7.305,3.74,3.374,non-ergonomis
2026-06-01 15:40:40.579,2211980035,313579,2,1.02344,-0.06812,0.03149,-4.221,-1.466,5.473,non-ergonomis
2026-06-01 15:40:40.779,2211980235,313779,1,1.0061,0.11743,0.5249,6.015,-6.916,3.107,non-ergonomis
2026-06-01 15:40:40.779,2211980235,313779,2,1.00854,-0.03027,0.03027,-27.359,-6.893,-24.916,non-ergonomis
2026-06-01 15:40:41.015,2211980471,314015,1,0.95898,0.18652,0.44995,11.45,1.573,-7.916,non-ergonomis
2026-06-01 15:40:41.015,2211980471,314015,2,1.07739,0.01855,-0.03271,6.924,7.916,-1.305,non-ergonomis
2026-06-01 15:40:41.215,2211980671,314215,1,0.94263,0.15845,0.50659,0.985,4.924,8.366,non-ergonomis
2026-06-01 15:40:41.215,2211980671,314215,2,1.01514,0.02197,0.01001,-9.939,1.542,-3.16,non-ergonomis
2026-06-01 15:40:41.415,2211980871,314415,1,1.00708,0.10205,0.50513,-5.611,-2.603,2.305,non-ergonomis
2026-06-01 15:40:41.415,2211980871,314415,2,1.04443,0.021,0.01782,-2.634,7.756,1.183,non-ergonomis
2026-06-01 15:40:41.615,2211981071,314615,1,0.95605,0.11597,0.51611,7.611,12.145,2.71,non-ergonomis
2026-06-01 15:40:41.615,2211981071,314615,2,1.03564,-0.00562,0.04077,-0.336,3.847,-3.137,non-ergonomis
2026-06-01 15:40:41.815,2211981271,314815,1,0.95313,0.10425,0.56226,-7.13,3.954,1.771,non-ergonomis
2026-06-01 15:40:41.815,2211981271,314815,2,1.00269,0.02734,0.04834,1.305,5.656,-3.931,non-ergonomis
2026-06-01 15:40:42.015,2211981471,315015,1,0.94629,0.0459,0.60205,-8.779,8.618,-6.206,non-ergonomis
2026-06-01 15:40:42.015,2211981471,315015,2,1.05615,0.01465,0.05103,0.977,1.336,-4.954,non-ergonomis
2026-06-01 15:40:42.215,2211981671,315215,1,0.89575,0.11133,0.55493,0.634,4.519,-2.809,non-ergonomis
2026-06-01 15:40:42.215,2211981671,315215,2,0.98438,0.05322,0.08154,-7.351,-1.153,-4.13,non-ergonomis
2026-06-01 15:40:42.415,2211981871,315415,1,0.97437,0.11133,0.58398,-0.924,4.885,0.565,non-ergonomis
2026-06-01 15:40:42.415,2211981871,315415,2,1.03076,0.06665,0.04419,9.802,-1.198,6.122,non-ergonomis
2026-06-01 15:40:42.615,2211982071,315615,1,0.90381,0.07886,0.60132,-2.405,9.366,-1.511,non-ergonomis
2026-06-01 15:40:42.615,2211982071,315615,2,1.01953,0.05054,0.0249,-4.244,-1.641,-1.649,non-ergonomis
2026-06-01 15:40:42.815,2211982271,315815,1,0.93896,0.11865,0.63257,0.725,2.328,-1.969,non-ergonomis
2026-06-01 15:40:42.815,2211982271,315815,2,1.00098,0.07324,0.10156,-1.145,1.015,2.802,non-ergonomis
2026-06-01 15:40:43.015,2211982471,316015,1,0.95117,0.09497,0.56763,3.008,5.015,-4.221,non-ergonomis
2026-06-01 15:40:43.015,2211982471,316015,2,1.03564,0.05347,0.06348,4.618,1.45,0.779,non-ergonomis
2026-06-01 15:40:43.215,2211982671,316215,1,0.88745,0.10449,0.59399,2.504,4.115,2.015,non-ergonomis
2026-06-01 15:40:43.215,2211982671,316215,2,1.02588,0.06128,0.05591,-4.031,-3.214,-1.115,non-ergonomis
2026-06-01 15:40:43.415,2211982871,316415,1,0.91113,0.11011,0.61108,-1.336,2.939,-0.519,non-ergonomis
2026-06-01 15:40:43.415,2211982871,316415,2,1.01318,0.0603,0.08862,-3.802,2.29,-1.496,non-ergonomis
2026-06-01 15:40:43.615,2211983071,316615,1,0.92603,0.09277,0.59912,1.527,3.275,-1.122,non-ergonomis
2026-06-01 15:40:43.615,2211983071,316615,2,1.03589,0.05518,0.06348,0.382,1.687,1.046,non-ergonomis
2026-06-01 15:40:43.815,2211983271,316815,1,0.91992,0.10669,0.60767,-0.679,-0.863,3.603,non-ergonomis
2026-06-01 15:40:43.815,2211983271,316815,2,1.01538,0.06934,0.06177,-0.588,-0.71,3.237,non-ergonomis
2026-06-01 15:40:44.015,2211983471,317015,1,0.93018,0.09912,0.61963,-1.573,0.427,-0.45,non-ergonomis
2026-06-01 15:40:44.015,2211983471,317015,2,1.01123,0.0625,0.09717,0.588,-0.282,2.718,non-ergonomis
2026-06-01 15:40:44.215,2211983671,317215,1,0.94263,0.05176,0.57642,0.832,2.466,-2.954,non-ergonomis
2026-06-01 15:40:44.215,2211983671,317215,2,1.0354,0.05029,0.03247,-2.763,0.328,-0.641,non-ergonomis
2026-06-01 15:40:44.415,2211983871,317415,1,0.90674,0.08374,0.59229,-1.359,0.672,-1.641,non-ergonomis
2026-06-01 15:40:44.415,2211983871,317415,2,1.02612,0.05884,0.05811,-9.076,-6.824,-0.695,non-ergonomis
2026-06-01 15:40:44.615,2211984071,317615,1,0.92603,0.10767,0.59814,3.603,3.794,1.725,non-ergonomis
2026-06-01 15:40:44.615,2211984071,317615,2,1.02539,0.05981,0.02783,2.092,4.618,-1.244,non-ergonomis
2026-06-01 15:40:44.815,2211984271,317815,1,0.91211,0.11157,0.62622,-3.046,-0.962,-0.634,non-ergonomis
2026-06-01 15:40:44.815,2211984271,317815,2,1.01318,0.05884,0.06299,-3.443,-5.603,4.321,non-ergonomis
2026-06-01 15:40:45.015,2211984471,318015,1,0.9248,0.08618,0.58081,-1.885,1.244,-1.71,non-ergonomis
2026-06-01 15:40:45.015,2211984471,318015,2,1.02734,0.04492,0.04932,1.878,3.435,1.71,non-ergonomis
2026-06-01 15:40:45.215,2211984671,318215,1,0.93042,0.07837,0.59082,4.321,9.29,0.191,non-ergonomis
2026-06-01 15:40:45.215,2211984671,318215,2,1.01709,0.06567,0.04614,-2.931,1.626,0.061,non-ergonomis
2026-06-01 15:40:45.415,2211984871,318415,1,0.93579,0.09912,0.6062,-5.672,2.412,-3.573,non-ergonomis
2026-06-01 15:40:45.415,2211984871,318415,2,1.02393,0.03369,0.07202,15.527,7.282,12.168,non-ergonomis
2026-06-01 15:40:45.615,2211985071,318615,1,0.90747,0.05908,0.62134,-13.351,-7.0,-5.557,non-ergonomis
2026-06-01 15:40:45.615,2211985071,318615,2,1.03076,-0.04077,0.03809,-2.802,-11.298,9.435,non-ergonomis
2026-06-01 15:40:45.815,2211985271,318815,1,0.94067,0.02808,0.59351,11.42,5.534,0.588,non-ergonomis
2026-06-01 15:40:45.815,2211985271,318815,2,1.02954,-0.00708,0.01636,-6.916,12.16,-15.153,non-ergonomis
2026-06-01 15:40:46.015,2211985471,319015,1,0.90112,0.13623,0.56299,-2.29,0.992,-0.817,non-ergonomis
2026-06-01 15:40:46.015,2211985471,319015,2,1.03784,0.01831,0.06372,12.489,7.855,0.573,non-ergonomis
2026-06-01 15:40:46.215,2211985671,319215,1,0.8623,0.10449,0.66553,-5.336,-8.031,4.084,non-ergonomis
2026-06-01 15:40:46.215,2211985671,319215,2,1.00195,0.01123,0.10571,-0.611,-5.313,3.534,non-ergonomis
2026-06-01 15:40:46.415,2211985871,319415,1,0.96655,0.11938,0.6062,18.008,1.252,0.366,non-ergonomis
2026-06-01 15:40:46.415,2211985871,319415,2,1.01953,0.0083,0.06714,1.473,0.137,9.244,non-ergonomis
2026-06-01 15:40:46.615,2211986071,319615,1,0.92896,0.08691,0.63745,1.069,2.496,0.359,non-ergonomis
2026-06-01 15:40:46.615,2211986071,319615,2,1.01685,0.00732,0.09375,-7.244,-1.702,1.115,non-ergonomis
2026-06-01 15:40:46.815,2211986271,319815,1,0.90918,0.14136,0.58228,22.206,8.977,10.641,non-ergonomis
2026-06-01 15:40:46.815,2211986271,319815,2,1.01343,0.05884,0.07104,4.359,-2.244,15.153,non-ergonomis
2026-06-01 15:40:47.015,2211986471,320015,1,0.94287,0.13477,0.56348,18.084,4.725,-0.641,non-ergonomis
2026-06-01 15:40:47.015,2211986471,320015,2,1.01367,0.02808,0.06934,0.748,2.794,-4.504,non-ergonomis
2026-06-01 15:40:47.215,2211986671,320215,1,0.9165,0.03345,0.60864,-10.779,-0.023,-1.618,non-ergonomis
2026-06-01 15:40:47.215,2211986671,320215,2,1.03101,-0.01221,0.06885,-2.603,2.344,2.229,non-ergonomis
2026-06-01 15:40:47.528,2211986984,320528,1,0.88599,0.07666,0.59204,9.786,6.0,-3.0,non-ergonomis
2026-06-01 15:40:47.528,2211986984,320528,2,1.00464,0.07251,0.06372,-4.305,5.344,-7.031,non-ergonomis
2026-06-01 15:40:47.728,2211987184,320728,1,0.91455,0.19629,0.59253,-3.565,11.275,-2.802,non-ergonomis
2026-06-01 15:40:47.728,2211987184,320728,2,1.03027,-0.00781,0.05347,0.366,-3.504,8.58,non-ergonomis
2026-06-01 15:40:48.928,2211988384,320928,1,0.92212,0.10132,0.55347,11.763,6.924,6.611,non-ergonomis
2026-06-01 15:40:48.928,2211988384,320928,2,1.03223,-0.04077,0.06616,1.458,-0.702,3.702,non-ergonomis
2026-06-01 15:40:48.128,2211987584,321128,1,0.93457,0.07202,0.59888,-26.069,-8.336,-8.634,non-ergonomis
2026-06-01 15:40:48.128,2211987584,321128,2,1.02344,-0.02441,0.06812,-1.634,-0.901,-2.748,non-ergonomis
2026-06-01 15:40:48.328,2211987784,321328,1,0.92725,0.07153,0.59546,0.061,1.84,-1.748,non-ergonomis
2026-06-01 15:40:48.328,2211987784,321328,2,1.01953,-0.01489,0.06836,-4.954,-1.313,-1.29,non-ergonomis
2026-06-01 15:40:48.528,2211987984,321528,1,0.93628,0.08594,0.58911,-2.748,0.695,-0.405,non-ergonomis
2026-06-01 15:40:48.528,2211987984,321528,2,1.0293,-0.02808,0.04614,-6.679,-3.092,-0.931,non-ergonomis
2026-06-01 15:40:48.728,2211988184,321728,1,0.91992,0.10083,0.59766,-1.214,5.29,4.756,non-ergonomis
2026-06-01 15:40:48.728,2211988184,321728,2,1.02808,-0.00977,0.03882,-3.344,-2.901,0.947,non-ergonomis
2026-06-01 15:40:49.928,2211989384,321928,1,0.9248,0.08398,0.58228,0.802,0.542,-0.74,non-ergonomis
2026-06-01 15:40:49.928,2211989384,321928,2,1.02734,-0.01807,0.0332,-1.809,-1.038,0.954,non-ergonomis
2026-06-01 15:40:49.128,2211988584,322128,1,0.92847,0.09155,0.60718,1.656,0.466,0.855,non-ergonomis
2026-06-01 15:40:49.128,2211988584,322128,2,1.03076,-0.01733,0.02148,-4.458,-4.718,1.718,non-ergonomis
2026-06-01 15:40:49.328,2211988784,322328,1,0.92163,0.08472,0.57568,1.443,3.198,0.817,non-ergonomis
2026-06-01 15:40:49.328,2211988784,322328,2,1.03491,-0.02075,-0.01807,-1.565,-0.588,-0.153,non-ergonomis
2026-06-01 15:40:49.528,2211988984,322528,1,0.92944,0.0835,0.59473,0.588,1.176,0.542,non-ergonomis
2026-06-01 15:40:49.528,2211988984,322528,2,1.02856,-0.01807,0.0022,-2.344,-1.412,0.992,non-ergonomis
2026-06-01 15:40:49.762,2211989218,322762,1,0.92725,0.08301,0.60938,0.824,1.702,0.206,non-ergonomis
2026-06-01 15:40:49.762,2211989218,322762,2,1.02612,-0.0127,-0.01196,-1.496,-0.061,-0.382,non-ergonomis
2026-06-01 15:40:50.962,2211990418,322962,1,0.91187,0.10645,0.58398,5.427,0.87,-2.321,non-ergonomis
2026-06-01 15:40:50.962,2211990418,322962,2,1.02515,0.00415,-0.00415,2.885,0.099,2.466,non-ergonomis
2026-06-01 15:40:50.184,2211989640,323184,1,0.92603,0.07568,0.58105,-1.145,0.588,-2.901,non-ergonomis
2026-06-01 15:40:50.184,2211989640,323184,2,1.03516,-0.00708,-0.01099,12.023,10.443,-3.71,non-ergonomis
2026-06-01 15:40:50.384,2211989840,323384,1,0.91748,0.0542,0.57104,-14.206,-7.824,0.122,non-ergonomis
2026-06-01 15:40:50.384,2211989840,323384,2,0.9834,-0.01221,0.11426,-0.718,4.0,3.962,non-ergonomis
2026-06-01 15:40:50.584,2211990040,323584,1,0.93726,0.03516,0.5752,9.282,5.794,5.038,non-ergonomis
2026-06-01 15:40:50.584,2211990040,323584,2,1.04663,-0.00952,0.01099,-8.0,-7.672,-0.733,non-ergonomis
2026-06-01 15:40:50.784,2211990240,323784,1,0.95239,0.0791,0.59814,-2.664,-1.649,-4.252,non-ergonomis
2026-06-01 15:40:50.784,2211990240,323784,2,1.00635,0.02759,0.07202,-3.565,-0.412,-0.328,non-ergonomis
2026-06-01 15:40:51.984,2211991440,323984,1,0.93823,0.06519,0.5896,-0.573,3.183,-1.908,non-ergonomis
2026-06-01 15:40:51.984,2211991440,323984,2,1.04224,-0.01343,-0.00757,-3.893,-3.122,-1.435,non-ergonomis
2026-06-01 15:40:51.184,2211990640,324184,1,0.89258,0.07471,0.57397,-1.328,3.496,-0.45,non-ergonomis
2026-06-01 15:40:51.184,2211990640,324184,2,1.02051,0.0188,0.03076,-6.26,-3.809,2.008,non-ergonomis
2026-06-01 15:40:51.384,2211990840,324384,1,0.95752,0.08301,0.59766,4.664,3.237,-0.412,non-ergonomis
2026-06-01 15:40:51.384,2211990840,324384,2,1.02466,0.00952,0.02588,-1.748,1.71,-0.366,non-ergonomis
2026-06-01 15:40:51.591,2211991047,324591,1,0.92456,0.07422,0.60107,2.779,4.695,0.015,non-ergonomis
2026-06-01 15:40:51.591,2211991047,324591,2,1.02148,0.0293,0.01416,-6.893,-2.191,-8.115,non-ergonomis
2026-06-01 15:40:52.982,2211992438,324982,1,0.93652,0.09399,0.57251,1.099,2.519,0.359,non-ergonomis
2026-06-01 15:40:52.982,2211992438,324982,2,1.02661,0.0459,-0.01611,-1.504,0.473,-0.191,non-ergonomis
2026-06-01 15:40:52.182,2211991638,325182,1,0.91992,0.08203,0.59863,7.534,3.397,-0.855,non-ergonomis
2026-06-01 15:40:52.182,2211991638,325182,2,1.02954,0.05981,0.00439,-4.42,0.985,-5.855,non-ergonomis
2026-06-01 15:40:52.382,2211991838,325382,1,0.91138,0.12109,0.60791,5.672,4.038,0.023,non-ergonomis
2026-06-01 15:40:52.382,2211991838,325382,2,1.02368,0.06982,-0.01465,-2.389,-0.939,-1.237,non-ergonomis
2026-06-01 15:40:52.582,2211992038,325582,1,0.92236,0.09375,0.604,1.733,2.382,-0.916,non-ergonomis
2026-06-01 15:40:52.582,2211992038,325582,2,1.0293,0.07202,0.0105,-1.092,0.641,0.237,non-ergonomis
2026-06-01 15:40:52.782,2211992238,325782,1,0.92285,0.11401,0.58789,-1.046,1.13,-0.893,non-ergonomis
2026-06-01 15:40:52.782,2211992238,325782,2,1.01929,0.06055,0.00366,-1.198,0.588,0.511,non-ergonomis
2026-06-01 15:40:53.982,2211993438,325982,1,0.92236,0.11475,0.60864,-0.458,1.359,-0.573,non-ergonomis
2026-06-01 15:40:53.982,2211993438,325982,2,1.03003,0.06494,0.00391,1.046,0.603,1.763,non-ergonomis
2026-06-01 15:40:53.182,2211992638,326182,1,0.91553,0.11304,0.59204,0.504,1.58,-0.382,non-ergonomis
2026-06-01 15:40:53.182,2211992638,326182,2,1.02686,0.06104,0.01123,0.344,0.473,0.931,non-ergonomis
2026-06-01 15:40:53.382,2211992838,326382,1,0.9314,0.18994,0.56348,-24.351,-6.55,-0.29,non-ergonomis
2026-06-01 15:40:53.382,2211992838,326382,2,1.04272,0.06763,0.01147,9.473,4.099,12.985,non-ergonomis
2026-06-01 15:40:53.582,2211993038,326582,1,0.91919,0.10449,0.56567,9.443,-4.427,9.435,non-ergonomis
2026-06-01 15:40:53.582,2211993038,326582,2,1.01733,0.03076,0.02979,22.145,1.954,23.519,non-ergonomis
2026-06-01 15:40:53.782,2211993238,326782,1,0.92798,0.07202,0.61963,-3.969,-5.412,-3.405,non-ergonomis
2026-06-01 15:40:53.782,2211993238,326782,2,1.02466,-0.08301,0.01587,-1.794,-3.115,6.26,non-ergonomis
2026-06-01 15:40:54.982,2211994438,326982,1,0.96436,0.03198,0.51807,-6.382,-5.145,-11.076,non-ergonomis
2026-06-01 15:40:54.982,2211994438,326982,2,1.03076,-0.10034,0.00122,-2.962,-5.031,3.748,non-ergonomis
2026-06-01 15:40:54.182,2211993638,327182,1,0.97607,0.09985,0.53931,5.214,2.374,-9.618,non-ergonomis
2026-06-01 15:40:54.182,2211993638,327182,2,1.02173,-0.06714,0.02759,-0.168,1.832,-2.198,non-ergonomis
2026-06-01 15:40:54.382,2211993838,327382,1,0.94629,0.09937,0.5437,2.634,5.954,3.252,non-ergonomis
2026-06-01 15:40:54.382,2211993838,327382,2,1.02075,-0.05908,0.01563,-0.649,6.466,-4.168,non-ergonomis
2026-06-01 15:40:54.582,2211994038,327582,1,0.94043,0.13257,0.56445,-4.084,-0.267,-0.702,non-ergonomis
2026-06-01 15:40:54.582,2211994038,327582,2,1.01465,-0.06104,0.04614,6.221,-0.298,8.794,non-ergonomis
2026-06-01 15:40:54.782,2211994238,327782,1,0.9729,0.03662,0.51904,0.061,3.824,2.985,non-ergonomis
2026-06-01 15:40:54.782,2211994238,327782,2,1.02246,-0.10059,0.02051,-7.084,1.939,-5.527,non-ergonomis
2026-06-01 15:40:55.982,2211995438,327982,1,0.93359,0.104,0.54395,6.412,5.26,-2.321,non-ergonomis
2026-06-01 15:40:55.982,2211995438,327982,2,1.03296,-0.0896,0.02173,-1.336,1.313,0.405,non-ergonomis
2026-06-01 15:40:55.182,2211994638,328182,1,0.95532,0.05322,0.56445,-2.672,-1.229,-0.618,non-ergonomis
2026-06-01 15:40:55.182,2211994638,328182,2,1.0249,-0.08276,0.03271,-3.679,1.252,-2.328,non-ergonomis
2026-06-01 15:40:55.382,2211994838,328382,1,0.93091,0.10498,0.55127,2.634,2.511,-5.107,non-ergonomis
2026-06-01 15:40:55.382,2211994838,328382,2,1.021,-0.07324,0.03662,-3.863,-1.84,-1.435,non-ergonomis
2026-06-01 15:40:55.582,2211995038,328582,1,0.96289,0.11206,0.54443,0.099,-0.748,0.573,non-ergonomis
2026-06-01 15:40:55.582,2211995038,328582,2,1.02686,-0.07129,0.01611,-1.405,-0.122,2.649,non-ergonomis
2026-06-01 15:40:55.782,2211995238,328782,1,0.93042,0.12939,0.57324,4.305,3.985,-0.038,non-ergonomis
2026-06-01 15:40:55.782,2211995238,328782,2,1.01831,-0.06909,0.01001,-1.382,-0.183,0.397,non-ergonomis
2026-06-01 15:40:56.982,2211996438,328982,1,0.94995,0.09863,0.55371,-5.237,3.122,0.939,non-ergonomis
2026-06-01 15:40:56.982,2211996438,328982,2,1.0249,-0.06445,-0.00586,-3.496,-2.573,-1.573,non-ergonomis
2026-06-01 15:40:56.182,2211995638,329182,1,0.92603,0.1062,0.5769,4.679,5.321,-0.588,non-ergonomis
2026-06-01 15:40:56.182,2211995638,329182,2,1.03931,-0.09204,0.0022,-1.702,6.557,-10.42,non-ergonomis
2026-06-01 15:40:56.411,2211995867,329411,1,0.89697,0.11206,0.56714,4.878,1.947,3.794,non-ergonomis
2026-06-01 15:40:56.411,2211995867,329411,2,1.02246,-0.02734,-0.00098,-5.0,-0.542,-3.107,non-ergonomis
2026-06-01 15:40:56.634,2211996090,329634,1,0.91772,0.0708,0.59448,-5.412,0.305,-0.069,non-ergonomis
2026-06-01 15:40:56.634,2211996090,329634,2,1.03467,-0.01733,0.01343,-1.695,1.282,-2.382,non-ergonomis
2026-06-01 15:40:56.834,2211996290,329834,1,0.92578,0.11841,0.55908,14.099,7.084,4.595,non-ergonomis
2026-06-01 15:40:56.834,2211996290,329834,2,1.04077,-0.02124,0.01465,10.092,0.824,2.985,non-ergonomis
2026-06-01 15:40:57.034,2211996490,330034,1,0.93652,0.1228,0.54688,2.382,1.656,-5.023,non-ergonomis
2026-06-01 15:40:57.034,2211996490,330034,2,1.03589,-0.02173,0.0376,8.015,2.008,-2.076,non-ergonomis
2026-06-01 15:40:57.286,2211996742,330286,1,0.93896,0.13892,0.62451,-1.656,-1.115,-0.649,non-ergonomis
2026-06-01 15:40:57.286,2211996742,330286,2,1.0083,-0.00171,0.07031,-10.649,-5.023,-2.931,non-ergonomis
2026-06-01 15:40:57.486,2211996942,330486,1,0.97437,0.11841,0.58447,16.344,6.969,6.405,non-ergonomis
2026-06-01 15:40:57.486,2211996942,330486,2,1.02563,0.01025,-0.03174,4.885,0.885,1.954,non-ergonomis
2026-06-01 15:40:57.686,2211997142,330686,1,0.96045,0.14478,0.57788,-0.443,0.13,6.183,non-ergonomis
2026-06-01 15:40:57.686,2211997142,330686,2,1.01196,-0.02783,0.01392,-5.252,1.42,6.809,non-ergonomis
2026-06-01 15:40:58.886,2211998342,330886,1,0.91968,0.09839,0.56934,-20.198,-10.519,3.107,non-ergonomis
2026-06-01 15:40:58.886,2211998342,330886,2,1.02661,-0.07764,0.04565,-2.336,-1.511,1.748,non-ergonomis
2026-06-01 15:40:58.175,2211997631,331175,1,0.93945,0.02661,0.54761,7.702,1.611,-0.382,non-ergonomis
2026-06-01 15:40:58.175,2211997631,331175,2,1.02612,-0.04834,0.0144,-9.962,-8.015,-2.588,non-ergonomis
2026-06-01 15:40:58.380,2211997836,331380,1,0.95898,0.06616,0.54956,8.832,11.641,0.313,non-ergonomis
2026-06-01 15:40:58.380,2211997836,331380,2,1.03711,-0.00635,-0.02002,-13.267,-1.374,-20.679,non-ergonomis
2026-06-01 15:40:58.580,2211998036,331580,1,0.92334,0.10889,0.57813,3.145,1.534,-3.649,non-ergonomis
2026-06-01 15:40:58.580,2211998036,331580,2,1.02905,0.03809,-0.01074,-2.679,-6.008,-1.611,non-ergonomis
2026-06-01 15:40:58.803,2211998259,331803,1,0.94336,0.07617,0.58643,-7.481,-2.206,-6.115,non-ergonomis
2026-06-01 15:40:58.803,2211998259,331803,2,1.02808,0.07056,-0.06689,-5.069,-9.748,-2.496,non-ergonomis
2026-06-01 15:40:59.045,2211998501,332045,1,0.94971,0.10278,0.56006,0.771,0.71,-1.55,non-ergonomis
2026-06-01 15:40:59.045,2211998501,332045,2,1.0354,0.04004,-0.07178,-1.443,-1.435,-0.015,non-ergonomis
2026-06-01 15:40:59.399,2211998855,332399,1,0.948,0.13989,0.54858,-0.038,4.763,-1.794,non-ergonomis
2026-06-01 15:40:59.399,2211998855,332399,2,1.02686,0.06641,-0.0647,4.916,0.794,2.664,non-ergonomis
2026-06-01 15:40:59.599,2211999055,332599,1,0.93848,0.10864,0.57251,-0.496,1.389,0.519,non-ergonomis
2026-06-01 15:40:59.599,2211999055,332599,2,1.03101,0.05151,-0.07275,-1.542,2.313,-0.336,non-ergonomis
2026-06-01 15:40:59.827,2211999283,332827,1,0.92432,0.09448,0.50659,3.191,-4.053,-3.466,non-ergonomis
2026-06-01 15:40:59.827,2211999283,332827,2,1.04224,0.04395,-0.05371,0.672,5.771,-1.947,non-ergonomis
2026-06-01 15:41:00.027,2211999483,333027,1,0.92407,0.13013,0.57764,9.16,6.664,-1.389,non-ergonomis
2026-06-01 15:41:00.027,2211999483,333027,2,1.01904,0.0603,-0.02759,0.725,0.137,1.977,non-ergonomis
2026-06-01 15:41:00.227,2211999683,333227,1,0.93628,0.14575,0.57056,-5.588,0.962,-3.687,non-ergonomis
2026-06-01 15:41:00.227,2211999683,333227,2,1.02661,0.04224,-0.01367,-4.527,-1.863,1.672,non-ergonomis
2026-06-01 15:41:00.518,2211999974,333518,1,0.91846,0.1438,0.55933,4.42,-0.336,-3.489,non-ergonomis
2026-06-01 15:41:00.518,2211999974,333518,2,1.02783,0.05444,-0.04297,4.237,2.824,1.649,non-ergonomis
2026-06-01 15:41:00.719,2212000175,333719,1,0.9165,0.15161,0.5769,1.573,1.382,0.069,non-ergonomis
2026-06-01 15:41:00.719,2212000175,333719,2,1.02637,0.05786,-0.04956,0.206,-1.893,1.534,non-ergonomis
2026-06-01 15:41:01.919,2212001375,333919,1,0.92432,0.16113,0.58057,-4.733,-1.366,-2.405,non-ergonomis
2026-06-01 15:41:01.919,2212001375,333919,2,1.02808,0.0437,-0.04834,1.588,0.13,2.351,non-ergonomis
2026-06-01 15:41:01.141,2212000597,334140,1,0.93799,0.15479,0.56348,4.374,3.313,0.084,non-ergonomis
2026-06-01 15:41:01.141,2212000597,334140,2,1.03418,0.0376,-0.06299,0.672,0.244,0.84,non-ergonomis
2026-06-01 15:41:01.391,2212000847,334391,1,0.94116,0.14795,0.55859,2.145,1.015,-0.282,non-ergonomis
2026-06-01 15:41:01.391,2212000847,334391,2,1.02954,0.04346,-0.0481,0.855,-2.55,1.824,non-ergonomis
2026-06-01 15:41:01.647,2212001103,334647,1,0.93457,0.15503,0.55859,-3.328,-0.504,0.473,non-ergonomis
2026-06-01 15:41:01.647,2212001103,334647,2,1.03101,0.02954,-0.07446,0.221,-4.359,2.107,non-ergonomis
2026-06-01 15:41:02.847,2212002303,334847,1,0.94849,0.15747,0.54419,1.557,1.0,1.771,non-ergonomis
2026-06-01 15:41:02.847,2212002303,334847,2,1.02588,0.03027,-0.08472,-2.878,-4.298,0.977,non-ergonomis
2026-06-01 15:41:02.047,2212001503,335047,1,0.95215,0.15527,0.52539,1.115,-0.863,-0.122,non-ergonomis
2026-06-01 15:41:02.047,2212001503,335047,2,1.02905,0.03296,-0.09888,-0.771,0.924,1.443,non-ergonomis
2026-06-01 15:41:02.279,2212001735,335279,1,0.94531,0.1355,0.52759,1.237,3.962,-1.634,non-ergonomis
2026-06-01 15:41:02.279,2212001735,335279,2,1.03735,0.03979,-0.1001,-8.344,4.069,-5.702,non-ergonomis
2026-06-01 15:41:02.633,2212002089,335633,1,0.9436,0.17773,0.56909,5.969,5.58,-1.008,non-ergonomis
2026-06-01 15:41:02.633,2212002089,335633,2,1.02734,0.06201,-0.06567,-0.771,2.55,0.198,non-ergonomis
2026-06-01 15:41:03.023,2212002479,336023,1,0.94336,0.16284,0.56982,-9.321,7.275,-1.55,non-ergonomis
2026-06-01 15:41:03.023,2212002479,336023,2,1.03345,0.03125,0.00024,5.015,14.237,11.489,non-ergonomis
2026-06-01 15:41:03.232,2212002688,336232,1,0.90137,0.14038,0.60791,-13.191,4.145,7.153,non-ergonomis
2026-06-01 15:41:03.232,2212002688,336232,2,1.01343,0.01538,0.02246,14.221,-1.519,22.809,non-ergonomis
2026-06-01 15:41:03.449,2212002905,336449,1,0.96899,0.07397,0.5564,-14.687,-7.725,0.26,non-ergonomis
2026-06-01 15:41:03.449,2212002905,336449,2,1.0249,-0.14087,0.00122,14.023,4.565,17.267,non-ergonomis
2026-06-01 15:41:03.678,2212003134,336678,1,0.96973,0.02417,0.55078,-10.176,-1.153,-2.977,non-ergonomis
2026-06-01 15:41:03.678,2212003134,336678,2,1.02515,-0.1311,0.01611,-26.611,0.534,-25.725,non-ergonomis
2026-06-01 15:41:04.931,2212004387,336931,1,0.92285,0.11499,0.56787,23.435,9.023,-3.863,non-ergonomis
2026-06-01 15:41:04.931,2212004387,336931,2,1.01978,-0.06177,0.03564,-10.74,3.588,-14.359,non-ergonomis
2026-06-01 15:41:04.131,2212003587,337131,1,0.92529,0.20874,0.60376,6.061,-4.969,0.031,non-ergonomis
2026-06-01 15:41:04.131,2212003587,337131,2,1.01807,-0.02686,0.06201,1.0,-4.252,9.878,non-ergonomis
2026-06-01 15:41:04.354,2212003810,337354,1,0.9353,0.15381,0.60474,4.649,4.763,0.649,non-ergonomis
2026-06-01 15:41:04.354,2212003810,337354,2,1.0249,-0.04614,0.021,2.649,-1.656,3.145,non-ergonomis
2026-06-01 15:41:04.554,2212004010,337554,1,0.92407,0.12109,0.57666,4.321,4.145,5.031,non-ergonomis
2026-06-01 15:41:04.554,2212004010,337554,2,1.02637,-0.01807,0.00854,-6.26,-0.153,-6.198,non-ergonomis
2026-06-01 15:41:04.754,2212004210,337754,1,0.92041,0.15088,0.57227,1.679,1.557,-0.679,non-ergonomis
2026-06-01 15:41:04.754,2212004210,337754,2,1.02637,-0.04224,0.0188,0.794,1.191,2.855,non-ergonomis
2026-06-01 15:41:05.954,2212005410,337954,1,0.92993,0.12183,0.58691,-1.656,2.092,-0.321,non-ergonomis
2026-06-01 15:41:05.954,2212005410,337954,2,1.02393,-0.04077,0.02368,-0.863,0.87,0.099,non-ergonomis
2026-06-01 15:41:05.154,2212004610,338154,1,0.92114,0.14819,0.59253,-0.107,3.053,-2.176,non-ergonomis
2026-06-01 15:41:05.154,2212004610,338154,2,1.03491,-0.03955,0.02002,-1.679,1.656,-0.756,non-ergonomis
2026-06-01 15:41:05.354,2212004810,338354,1,0.91724,0.14771,0.5979,0.321,3.351,-0.221,non-ergonomis
2026-06-01 15:41:05.354,2212004810,338354,2,1.0332,-0.02344,0.00635,-0.489,0.634,-0.099,non-ergonomis
2026-06-01 15:41:05.554,2212005010,338554,1,0.92334,0.12646,0.58374,-2.191,-0.183,-1.229,non-ergonomis
2026-06-01 15:41:05.554,2212005010,338554,2,1.02441,-0.03369,0.0332,-0.275,-0.282,0.817,non-ergonomis
2026-06-01 15:41:05.754,2212005210,338754,1,0.9231,0.12402,0.58008,0.534,1.977,0.237,non-ergonomis
2026-06-01 15:41:05.754,2212005210,338754,2,1.01978,-0.02368,0.02075,0.45,1.947,0.122,non-ergonomis
2026-06-01 15:41:06.954,2212006410,338954,1,0.927,0.1311,0.58521,2.763,2.534,-0.115,non-ergonomis
2026-06-01 15:41:06.954,2212006410,338954,2,1.03101,-0.02979,0.02759,-3.58,0.16,-0.42,non-ergonomis
2026-06-01 15:41:06.154,2212005610,339154,1,0.92236,0.14526,0.59253,0.26,1.763,-0.382,non-ergonomis
2026-06-01 15:41:06.154,2212005610,339154,2,1.02441,-0.0271,0.03564,-0.214,0.786,1.176,non-ergonomis
2026-06-01 15:41:06.354,2212005810,339354,1,0.92139,0.12817,0.58276,-0.176,2.466,-0.321,non-ergonomis
2026-06-01 15:41:06.354,2212005810,339354,2,1.03369,-0.02783,0.03149,-1.412,0.763,0.321,non-ergonomis
2026-06-01 15:41:06.554,2212006010,339554,1,0.92896,0.12695,0.57544,1.71,1.992,-0.183,non-ergonomis
2026-06-01 15:41:06.554,2212006010,339554,2,1.02783,-0.03101,0.03198,-1.221,0.756,0.137,non-ergonomis
2026-06-01 15:41:06.754,2212006210,339754,1,0.93237,0.12964,0.58569,1.542,2.618,-0.229,non-ergonomis
2026-06-01 15:41:06.754,2212006210,339754,2,1.02515,-0.02197,0.03369,0.71,1.771,0.489,non-ergonomis
2026-06-01 15:41:07.954,2212007410,339954,1,0.9209,0.13647,0.59644,3.168,3.26,0.504,non-ergonomis
2026-06-01 15:41:07.954,2212007410,339954,2,1.02759,-0.02637,0.02734,-0.588,0.855,1.038,non-ergonomis
2026-06-01 15:41:07.154,2212006610,340154,1,0.91504,0.14844,0.60425,0.214,1.962,-1.336,non-ergonomis
2026-06-01 15:41:07.154,2212006610,340154,2,1.02588,-0.03198,0.02661,0.267,0.466,1.542,non-ergonomis
2026-06-01 15:41:07.354,2212006810,340354,1,0.91309,0.13599,0.59814,1.069,2.443,-0.443,non-ergonomis
2026-06-01 15:41:07.354,2212006810,340354,2,1.03296,-0.03394,0.03003,-1.656,-0.015,0.618,non-ergonomis
2026-06-01 15:41:07.554,2212007010,340554,1,0.91504,0.13184,0.59521,-0.221,0.771,-0.664,non-ergonomis
2026-06-01 15:41:07.554,2212007010,340554,2,1.02246,-0.02881,0.03564,-0.779,0.748,0.557,non-ergonomis
2026-06-01 15:41:07.754,2212007210,340754,1,0.92358,0.14038,0.59448,0.412,2.405,-0.725,non-ergonomis
2026-06-01 15:41:07.754,2212007210,340754,2,1.02197,-0.02466,0.04224,-0.687,0.252,0.786,non-ergonomis
2026-06-01 15:41:08.954,2212008410,340954,1,0.9248,0.13818,0.59277,0.817,1.16,-0.427,non-ergonomis
2026-06-01 15:41:08.954,2212008410,340954,2,1.02808,-0.03101,0.0459,-2.115,0.573,0.198,non-ergonomis
2026-06-01 15:41:08.154,2212007610,341154,1,0.92578,0.13403,0.59619,0.069,1.702,-0.427,non-ergonomis
2026-06-01 15:41:08.154,2212007610,341154,2,1.02197,-0.02393,0.04028,-0.389,0.771,0.733,non-ergonomis
2026-06-01 15:41:08.354,2212007810,341354,1,0.92139,0.13745,0.58643,0.832,2.214,-0.557,non-ergonomis
2026-06-01 15:41:08.354,2212007810,341354,2,1.02612,-0.03516,0.03857,-2.473,-0.298,0.374,non-ergonomis
2026-06-01 15:41:08.554,2212008010,341554,1,0.92993,0.13184,0.58716,1.733,1.71,-0.031,non-ergonomis
2026-06-01 15:41:08.554,2212008010,341554,2,1.02637,-0.03052,0.04395,0.427,1.206,1.153,non-ergonomis
2026-06-01 15:41:08.754,2212008210,341754,1,0.91553,0.14844,0.58813,1.076,2.458,0.046,non-ergonomis
2026-06-01 15:41:08.754,2212008210,341754,2,1.02368,-0.03174,0.0354,-1.115,-0.015,0.626,non-ergonomis
2026-06-01 15:41:09.075,2212008531,342075,1,0.96362,0.16528,0.5874,0.359,-1.969,4.87,non-ergonomis
2026-06-01 15:41:09.075,2212008531,342075,2,1.06128,0.01367,0.03662,4.336,1.069,-1.687,non-ergonomis
2026-06-01 15:41:09.275,2212008731,342275,1,0.92749,0.11621,0.61011,11.198,11.336,-5.824,non-ergonomis
2026-06-01 15:41:09.275,2212008731,342275,2,1.02368,0.00391,0.01953,-8.13,1.13,-1.206,non-ergonomis
2026-06-01 15:41:09.475,2212008931,342475,1,0.94531,0.15503,0.5918,12.695,2.87,1.061,non-ergonomis
2026-06-01 15:41:09.475,2212008931,342475,2,1.00806,-0.02026,0.08374,3.069,4.718,5.641,non-ergonomis
2026-06-01 15:41:09.675,2212009131,342675,1,0.94482,0.12964,0.54785,10.725,2.458,1.916,non-ergonomis
2026-06-01 15:41:09.675,2212009131,342675,2,1.01416,-0.03101,0.06885,-4.786,4.122,-2.733,non-ergonomis
2026-06-01 15:41:10.875,2212010331,342875,1,0.90674,0.17432,0.53564,4.786,1.176,0.084,non-ergonomis
2026-06-01 15:41:10.875,2212010331,342875,2,1.0354,-0.03638,0.06982,-0.252,-0.84,1.557,non-ergonomis
2026-06-01 15:41:10.144,2212009600,343143,1,0.91895,0.14648,0.54517,-0.305,1.779,0.328,non-ergonomis
2026-06-01 15:41:10.144,2212009600,343143,2,1.02124,-0.0376,0.07056,-1.198,0.015,1.221,non-ergonomis
2026-06-01 15:41:10.569,2212010025,343569,1,0.91211,0.1499,0.58105,0.458,4.107,1.092,non-ergonomis
2026-06-01 15:41:10.569,2212010025,343569,2,1.01953,-0.04102,0.07446,-2.695,-1.076,0.641,non-ergonomis
2026-06-01 15:41:10.778,2212010234,343778,1,0.91064,0.13965,0.58325,4.794,5.809,5.725,non-ergonomis
2026-06-01 15:41:10.778,2212010234,343778,2,1.0249,-0.04614,0.06567,-6.206,-1.275,0.008,non-ergonomis
2026-06-01 15:41:11.029,2212010485,344029,1,0.91284,0.12866,0.60449,1.763,1.557,2.763,non-ergonomis
2026-06-01 15:41:11.029,2212010485,344029,2,1.02173,-0.03247,0.04346,-2.336,-0.351,1.725,non-ergonomis
2026-06-01 15:41:11.239,2212010695,344239,1,0.94019,0.11377,0.58057,-0.443,3.328,-0.588,non-ergonomis
2026-06-01 15:41:11.239,2212010695,344239,2,1.02368,-0.04175,0.04443,-0.901,0.542,0.221,non-ergonomis
2026-06-01 15:41:11.548,2212011004,344548,1,0.9248,0.13062,0.58984,-0.023,1.962,0.046,non-ergonomis
2026-06-01 15:41:11.548,2212011004,344548,2,1.03052,-0.03735,0.05493,-2.824,-0.885,0.87,non-ergonomis
2026-06-01 15:41:12.921,2212012377,344921,1,0.91992,0.12305,0.5918,2.496,2.427,0.13,non-ergonomis
2026-06-01 15:41:12.921,2212012377,344921,2,1.02661,-0.04736,0.03809,0.046,1.206,0.573,non-ergonomis
2026-06-01 15:41:12.341,2212011797,345341,1,0.91748,0.12842,0.59277,0.763,0.519,-0.145,non-ergonomis
2026-06-01 15:41:12.341,2212011797,345341,2,1.02148,-0.04468,0.0415,-1.466,0.26,0.359,non-ergonomis
2026-06-01 15:41:12.669,2212012125,345669,1,0.92407,0.11816,0.60718,-1.313,0.092,-0.282,non-ergonomis
2026-06-01 15:41:12.669,2212012125,345669,2,1.02368,-0.04199,0.03857,-1.405,-0.206,0.58,non-ergonomis
2026-06-01 15:41:13.907,2212013363,345907,1,0.92261,0.12207,0.58862,-0.298,0.962,-0.763,non-ergonomis
2026-06-01 15:41:13.907,2212013363,345907,2,1.02881,-0.04102,0.03638,-1.641,-0.313,0.809,non-ergonomis
2026-06-01 15:41:13.107,2212012563,346107,1,0.92749,0.11938,0.59741,0.198,2.634,0.069,non-ergonomis
2026-06-01 15:41:13.107,2212012563,346107,2,1.02881,-0.04102,0.03223,-1.931,0.405,0.344,non-ergonomis
2026-06-01 15:41:13.477,2212012933,346477,1,0.92358,0.1228,0.59326,0.809,1.794,-0.962,non-ergonomis
2026-06-01 15:41:13.477,2212012933,346477,2,1.02295,-0.04004,0.03027,-2.069,-1.924,0.969,non-ergonomis
2026-06-01 15:41:13.677,2212013133,346677,1,0.92041,0.12866,0.60425,0.427,0.656,-0.099,non-ergonomis
2026-06-01 15:41:13.677,2212013133,346677,2,1.02734,-0.04272,0.02637,-1.267,-0.641,0.603,non-ergonomis
2026-06-01 15:41:14.893,2212014349,346893,1,0.91919,0.1228,0.58838,3.374,2.038,0.221,non-ergonomis
2026-06-01 15:41:14.893,2212014349,346893,2,1.02417,-0.04175,0.01343,-2.481,-1.405,0.588,non-ergonomis
2026-06-01 15:41:14.122,2212013578,347122,1,0.92432,0.12231,0.59692,-0.038,1.305,-1.237,non-ergonomis
2026-06-01 15:41:14.122,2212013578,347122,2,1.02515,-0.04736,0.02295,-0.947,0.954,0.458,non-ergonomis
2026-06-01 15:41:14.322,2212013778,347322,1,0.91626,0.13062,0.58813,-0.115,2.55,-0.992,non-ergonomis
2026-06-01 15:41:14.322,2212013778,347322,2,1.03174,-0.05273,0.02759,-0.901,0.634,0.901,non-ergonomis
2026-06-01 15:41:14.522,2212013978,347522,1,0.91675,0.12036,0.59277,2.229,2.74,0.244,non-ergonomis
2026-06-01 15:41:14.522,2212013978,347522,2,1.02515,-0.04688,0.03613,-1.344,0.573,0.153,non-ergonomis
2026-06-01 15:41:14.808,2212014264,347808,1,0.92041,0.12476,0.58008,-1.924,1.389,-1.931,non-ergonomis
2026-06-01 15:41:14.808,2212014264,347808,2,1.01733,-0.03809,0.03198,-1.458,-0.137,0.557,non-ergonomis
2026-06-01 15:41:15.217,2212014673,348217,1,0.92651,0.14331,0.57129,4.924,3.794,0.137,non-ergonomis
2026-06-01 15:41:15.217,2212014673,348217,2,1.02686,-0.03296,0.02905,3.183,2.634,2.405,non-ergonomis
2026-06-01 15:41:15.426,2212014882,348426,1,0.92407,0.0957,0.61743,-4.405,-0.458,-0.145,non-ergonomis
2026-06-01 15:41:15.426,2212014882,348426,2,1.02319,-0.05273,0.02808,-4.389,-0.702,0.458,non-ergonomis
2026-06-01 15:41:15.626,2212015082,348626,1,0.91626,0.11572,0.59204,2.282,1.672,-4.336,non-ergonomis
2026-06-01 15:41:15.626,2212015082,348626,2,1.021,-0.04565,0.03638,-3.0,-1.069,-1.206,non-ergonomis
2026-06-01 15:41:16.855,2212016311,348855,1,0.91626,0.13086,0.6062,-0.573,-0.206,-0.115,non-ergonomis
2026-06-01 15:41:16.855,2212016311,348855,2,1.02734,-0.0481,0.01025,-4.244,-2.809,0.496,non-ergonomis
2026-06-01 15:41:16.055,2212015511,349055,1,0.93384,0.13647,0.59009,1.344,-0.031,-3.198,non-ergonomis
2026-06-01 15:41:16.055,2212015511,349055,2,1.02539,-0.03906,0.00464,-5.504,-0.794,-2.695,non-ergonomis
2026-06-01 15:41:16.273,2212015729,349273,1,0.92651,0.16577,0.55371,-0.718,3.137,1.229,non-ergonomis
2026-06-01 15:41:16.273,2212015729,349273,2,1.02734,-0.03809,0.00854,3.588,0.076,3.55,non-ergonomis
2026-06-01 15:41:16.473,2212015929,349473,1,0.93579,0.12622,0.58179,4.282,1.031,1.527,non-ergonomis
2026-06-01 15:41:16.473,2212015929,349473,2,1.03491,-0.05737,,-5.191,-2.824,-0.664,non-ergonomis
2026-06-01 15:41:16.753,2212016209,349753,1,0.9292,0.11914,0.57715,-0.756,0.023,0.557,non-ergonomis
2026-06-01 15:41:16.753,2212016209,349753,2,1.03394,-0.05908,0.00073,-1.817,-0.573,1.168,non-ergonomis
2026-06-01 15:41:17.077,2212016533,350076,1,0.91919,0.12622,0.56909,2.45,1.855,0.298,non-ergonomis
2026-06-01 15:41:17.077,2212016533,350076,2,1.02319,-0.04517,-0.00635,,0.237,-0.16,non-ergonomis
2026-06-01 15:41:17.276,2212016732,350276,1,0.93872,0.12329,0.56714,0.557,2.427,-0.947,non-ergonomis
2026-06-01 15:41:17.276,2212016732,350276,2,1.02832,-0.03125,-0.01147,0.473,1.916,-0.481,non-ergonomis
2026-06-01 15:41:17.501,2212016957,350501,1,0.93237,0.12573,0.5481,-1.702,4.008,-1.985,non-ergonomis
2026-06-01 15:41:17.501,2212016957,350501,2,1.03247,-0.04883,-0.01074,2.901,5.374,-1.374,non-ergonomis
2026-06-01 15:41:17.701,2212017157,350701,1,0.97241,0.13379,0.60913,-15.55,7.489,-8.206,non-ergonomis
2026-06-01 15:41:17.701,2212017157,350701,2,0.99829,-0.00806,0.10107,-0.168,5.565,-2.595,non-ergonomis
2026-06-01 15:41:18.901,2212018357,350901,1,0.87744,0.13672,0.63184,-2.046,4.595,-3.87,non-ergonomis
2026-06-01 15:41:18.901,2212018357,350901,2,1.03369,-0.02979,0.05298,-2.573,-3.618,1.359,non-ergonomis
2026-06-01 15:41:18.114,2212017570,351114,1,0.91553,0.14209,0.59766,-0.481,0.542,-1.13,non-ergonomis
2026-06-01 15:41:18.114,2212017570,351114,2,1.02026,-0.01611,0.05884,-3.107,-0.29,0.198,non-ergonomis
2026-06-01 15:41:18.345,2212017801,351345,1,0.91284,0.14746,0.60254,1.244,2.611,-1.748,non-ergonomis
2026-06-01 15:41:18.345,2212017801,351345,2,1.02466,-0.02368,0.04272,-1.092,0.71,0.519,non-ergonomis
2026-06-01 15:41:18.556,2212018012,351556,1,0.90625,0.15405,0.59766,1.076,2.023,-0.733,non-ergonomis
2026-06-01 15:41:18.556,2212018012,351556,2,1.02637,-0.02734,0.0459,-1.573,0.176,0.481,non-ergonomis
2026-06-01 15:41:18.756,2212018212,351756,1,0.90723,0.1394,0.59399,-2.099,1.321,-0.595,non-ergonomis
2026-06-01 15:41:18.756,2212018212,351756,2,1.02759,-0.02197,0.04688,-1.511,0.145,0.397,non-ergonomis
2026-06-01 15:41:19.971,2212019427,351971,1,0.91016,0.15161,0.61035,-0.634,1.901,-1.015,non-ergonomis
2026-06-01 15:41:19.971,2212019427,351971,2,1.02466,-0.01514,0.04541,-3.099,0.046,-0.603,non-ergonomis
2026-06-01 15:41:19.348,2212018804,352348,1,0.90649,0.16187,0.61597,2.351,-0.015,-0.336,non-ergonomis
2026-06-01 15:41:19.348,2212018804,352348,2,1.0249,-0.02466,0.0542,-1.305,-2.069,1.794,non-ergonomis
2026-06-01 15:41:19.548,2212019004,352548,1,0.91968,0.146,0.60522,1.626,1.733,1.046,non-ergonomis
2026-06-01 15:41:19.548,2212019004,352548,2,1.02441,-0.03369,0.03809,-2.794,-2.069,0.26,non-ergonomis
2026-06-01 15:41:19.748,2212019204,352748,1,0.91089,0.15479,0.60059,1.832,1.687,0.504,non-ergonomis
2026-06-01 15:41:19.748,2212019204,352748,2,1.03271,-0.03125,0.00415,0.366,-0.649,1.756,non-ergonomis
2026-06-01 15:41:20.003,2212019459,353003,1,0.91162,0.14136,0.60718,-0.191,0.824,-2.092,non-ergonomis
2026-06-01 15:41:20.003,2212019459,353003,2,1.02539,-0.03467,0.0166,-1.802,0.916,-0.298,non-ergonomis
2026-06-01 15:41:20.203,2212019659,353203,1,0.90601,0.1499,0.60889,-1.42,0.763,-1.481,non-ergonomis
2026-06-01 15:41:20.203,2212019659,353203,2,1.02344,-0.02954,0.0271,-1.733,-0.427,-0.298,non-ergonomis
2026-06-01 15:41:20.403,2212019859,353403,1,0.90649,0.14551,0.60742,0.992,1.351,-0.214,non-ergonomis
2026-06-01 15:41:20.403,2212019859,353403,2,1.02246,-0.03149,0.02515,-1.786,-0.076,0.26,non-ergonomis
2026-06-01 15:41:20.603,2212020059,353603,1,0.9104,0.14722,0.59619,-0.702,1.435,0.015,non-ergonomis
2026-06-01 15:41:20.603,2212020059,353603,2,1.02466,-0.03101,0.02271,-2.313,-0.328,0.916,non-ergonomis
2026-06-01 15:41:21.867,2212021323,353866,1,0.91357,0.14038,0.59644,0.58,2.802,-0.786,non-ergonomis
2026-06-01 15:41:21.867,2212021323,353866,2,1.02686,-0.02466,0.01294,-3.916,-0.802,-0.13,non-ergonomis
2026-06-01 15:41:24.151,2212023607,357151,1,0.91602,0.146,0.59863,-0.695,0.74,-0.496,non-ergonomis
2026-06-01 15:41:24.151,2212023607,357151,2,1.03003,-0.03223,-0.00098,-1.275,0.55,1.198,non-ergonomis
2026-06-01 15:41:24.351,2212023807,357351,1,0.90503,0.1543,0.59912,2.359,2.366,0.015,non-ergonomis
2026-06-01 15:41:24.351,2212023807,357351,2,1.03027,-0.02563,0.01245,-3.298,0.29,-0.908,non-ergonomis
2026-06-01 15:41:24.750,2212024206,357750,1,0.91064,0.14185,0.60059,1.038,1.588,-0.176,non-ergonomis
2026-06-01 15:41:24.750,2212024206,357750,2,1.02417,-0.02271,0.00879,-1.397,0.748,0.282,non-ergonomis
2026-06-01 15:41:25.950,2212025406,357950,1,0.92017,0.13672,0.58569,-1.42,0.321,-1.206,non-ergonomis
2026-06-01 15:41:25.950,2212025406,357950,2,1.02539,-0.02124,0.01172,-1.29,1.244,0.534,non-ergonomis
2026-06-01 15:41:25.250,2212024706,358250,1,0.91602,0.146,0.5957,-0.611,2.412,-1.344,non-ergonomis
2026-06-01 15:41:25.250,2212024706,358250,2,1.02808,-0.02197,0.00537,-2.351,1.863,,non-ergonomis
2026-06-01 15:41:25.489,2212024945,358488,1,0.90552,0.15649,0.59839,1.733,1.71,-0.458,non-ergonomis
2026-06-01 15:41:25.489,2212024945,358488,2,1.03174,-0.03223,0.00317,-1.641,0.008,0.901,non-ergonomis
2026-06-01 15:41:25.743,2212025199,358743,1,0.90796,0.15186,0.60034,1.847,1.771,-1.015,non-ergonomis
2026-06-01 15:41:25.743,2212025199,358743,2,1.03052,-0.03101,0.01318,0.092,-0.763,1.924,non-ergonomis
2026-06-01 15:41:26.960,2212026416,358960,1,0.90112,0.13818,0.60864,-0.282,1.511,-1.427,non-ergonomis
2026-06-01 15:41:26.960,2212026416,358960,2,1.03125,-0.02979,0.01001,0.565,-0.137,1.481,non-ergonomis
2026-06-01 15:41:26.276,2212025732,359276,1,0.91064,0.14355,0.61548,2.053,3.542,1.046,non-ergonomis
2026-06-01 15:41:26.276,2212025732,359276,2,1.03027,-0.03198,-0.00049,-0.229,-0.176,0.847,non-ergonomis
2026-06-01 15:41:26.482,2212025938,359482,1,0.91699,0.14673,0.5957,0.557,2.511,-0.26,non-ergonomis
2026-06-01 15:41:26.482,2212025938,359482,2,1.02393,-0.02808,-0.00098,-1.664,-0.74,0.389,non-ergonomis
2026-06-01 15:41:26.705,2212026161,359705,1,0.9165,0.13745,0.59863,0.847,2.504,-0.908,non-ergonomis
2026-06-01 15:41:26.705,2212026161,359705,2,1.03149,-0.02271,0.01782,-1.412,1.008,-0.55,non-ergonomis
2026-06-01 15:41:27.905,2212027361,359905,1,0.90723,0.15405,0.604,0.374,2.565,-1.58,non-ergonomis
2026-06-01 15:41:27.905,2212027361,359905,2,1.0332,-0.0354,0.01245,-1.649,0.771,0.718,non-ergonomis
2026-06-01 15:41:27.117,2212026573,360117,1,0.90259,0.13867,0.59766,-0.176,2.588,-1.282,non-ergonomis
2026-06-01 15:41:27.117,2212026573,360117,2,1.02075,-0.03223,-0.05103,18.855,7.748,-3.763,non-ergonomis
2026-06-01 15:41:27.502,2212026958,360502,1,0.8855,0.11865,0.62378,-7.389,-7.779,-7.908,non-ergonomis
2026-06-01 15:41:27.502,2212026958,360502,2,0.97827,-0.0144,0.19287,-9.374,-0.992,-0.168,non-ergonomis
2026-06-01 15:41:27.702,2212027158,360702,1,0.87134,0.15991,0.57642,33.107,17.779,2.313,non-ergonomis
2026-06-01 15:41:27.702,2212027158,360702,2,1.02417,0.02222,0.02197,19.511,12.405,5.45,non-ergonomis
2026-06-01 15:41:28.927,2212028383,360927,1,0.89917,0.15332,0.68115,-6.58,-3.183,1.664,non-ergonomis
2026-06-01 15:41:28.927,2212028383,360927,2,0.99561,-0.01025,0.11743,-13.16,-0.634,-0.595,non-ergonomis
2026-06-01 15:41:28.131,2212027587,361131,1,0.93701,0.17383,0.62817,14.183,7.168,6.504,non-ergonomis
2026-06-01 15:41:28.131,2212027587,361131,2,1.02319,-0.01343,0.03882,-4.0,-1.038,0.985,non-ergonomis
2026-06-01 15:41:28.436,2212027892,361436,1,0.90845,0.15503,0.5957,-0.74,-0.29,-0.771,non-ergonomis
2026-06-01 15:41:28.436,2212027892,361436,2,1.03271,-0.01929,0.0127,0.214,-3.221,2.496,non-ergonomis
2026-06-01 15:41:28.702,2212028158,361701,1,0.9021,0.14136,0.60205,15.748,-3.321,6.672,non-ergonomis
2026-06-01 15:41:28.702,2212028158,361701,2,1.02881,-0.01733,-0.03687,-8.985,-10.427,-1.885,non-ergonomis
2026-06-01 15:41:29.908,2212029364,361908,1,0.93066,0.13501,0.56787,-1.954,0.595,-1.084,non-ergonomis
2026-06-01 15:41:29.908,2212029364,361908,2,1.02856,-0.01587,-0.02637,-0.359,0.893,0.382,non-ergonomis
2026-06-01 15:41:29.188,2212028644,362188,1,0.92188,0.14233,0.58984,0.695,1.534,-0.137,non-ergonomis
2026-06-01 15:41:29.188,2212028644,362188,2,1.03076,-0.01611,-0.03345,-1.962,0.87,-0.015,non-ergonomis
2026-06-01 15:41:29.477,2212028933,362476,1,0.92847,0.14209,0.58496,-0.275,4.137,-1.405,non-ergonomis
2026-06-01 15:41:29.477,2212028933,362476,2,1.03003,-0.0166,-0.01807,1.092,3.794,0.573,non-ergonomis
2026-06-01 15:41:29.676,2212029132,362676,1,0.9209,0.14746,0.59668,-1.664,2.977,-2.763,non-ergonomis
2026-06-01 15:41:29.676,2212029132,362676,2,1.02441,-0.02246,-0.01294,-0.405,2.328,0.313,non-ergonomis
2026-06-01 15:41:30.030,2212029486,363030,1,0.91504,0.14404,0.59497,0.611,1.252,-0.794,non-ergonomis
2026-06-01 15:41:30.030,2212029486,363030,2,1.02783,-0.01343,-0.01636,-1.588,1.466,-0.221,non-ergonomis
2026-06-01 15:41:30.278,2212029734,363278,1,0.90845,0.15942,0.59692,1.71,2.473,-0.779,non-ergonomis
2026-06-01 15:41:30.278,2212029734,363278,2,1.02637,-0.01196,0.00098,-0.115,1.229,0.725,non-ergonomis
2026-06-01 15:41:30.566,2212030022,363566,1,0.91064,0.15918,0.60132,-1.496,2.595,-0.595,non-ergonomis
2026-06-01 15:41:30.566,2212030022,363566,2,1.03027,-0.0127,0.00732,-1.511,0.916,0.038,non-ergonomis
2026-06-01 15:41:30.766,2212030222,363766,1,0.91479,0.14941,0.60547,0.374,1.137,-0.42,non-ergonomis
2026-06-01 15:41:30.766,2212030222,363766,2,1.03271,-0.00684,0.01123,-1.725,0.718,-0.214,non-ergonomis
2026-06-01 15:41:31.024,2212030480,364024,1,0.90186,0.15479,0.60474,0.718,1.427,-0.198,non-ergonomis
2026-06-01 15:41:31.024,2212030480,364024,2,1.03418,-0.01685,-0.00464,-1.595,-0.267,0.351,non-ergonomis
2026-06-01 15:41:31.224,2212030680,364224,1,0.91309,0.14575,0.60669,-0.939,1.176,-0.74,non-ergonomis
2026-06-01 15:41:31.224,2212030680,364224,2,1.02612,-0.0083,-0.00391,-0.374,0.244,1.046,non-ergonomis
2026-06-01 15:41:31.506,2212030962,364506,1,0.91064,0.14624,0.5918,0.702,1.702,-1.137,non-ergonomis
2026-06-01 15:41:31.506,2212030962,364506,2,1.02832,-0.01709,-0.00122,-0.962,0.855,0.55,non-ergonomis
2026-06-01 15:41:31.834,2212031290,364834,1,0.91333,0.15674,0.60205,0.992,2.137,-0.038,non-ergonomis
2026-06-01 15:41:31.834,2212031290,364834,2,1.02612,-0.01294,0.00732,-0.733,0.771,0.344,non-ergonomis
2026-06-01 15:41:32.109,2212031565,365109,1,0.90601,0.14673,0.60254,0.366,1.901,-1.046,non-ergonomis
2026-06-01 15:41:32.109,2212031565,365109,2,1.02661,-0.01294,0.00781,-1.74,0.26,0.359,non-ergonomis
2026-06-01 15:41:32.420,2212031876,365420,1,0.91235,0.15845,0.59961,0.344,1.992,-0.618,non-ergonomis
2026-06-01 15:41:32.420,2212031876,365420,2,1.03149,-0.01416,0.0061,-0.84,0.382,0.427,non-ergonomis
2026-06-01 15:41:32.753,2212032209,365753,1,0.90698,0.14478,0.60938,0.756,1.962,-0.13,non-ergonomis
2026-06-01 15:41:32.753,2212032209,365753,2,1.02832,-0.01147,0.01172,-0.656,0.282,0.916,non-ergonomis
2026-06-01 15:41:33.953,2212033409,365953,1,0.91162,0.15381,0.59717,-1.374,1.359,-0.244,non-ergonomis
2026-06-01 15:41:33.953,2212033409,365953,2,1.02393,-0.00732,0.0061,-1.565,1.076,-0.145,non-ergonomis
2026-06-01 15:41:33.153,2212032609,366153,1,0.91309,0.16528,0.5918,0.534,2.084,-1.031,non-ergonomis
2026-06-01 15:41:33.153,2212032609,366153,2,1.02637,-0.01611,0.00757,-0.359,0.053,1.313,non-ergonomis
2026-06-01 15:41:33.353,2212032809,366353,1,0.91602,0.15137,0.60815,1.42,2.321,0.748,non-ergonomis
2026-06-01 15:41:33.353,2212032809,366353,2,1.02417,-0.00659,0.01001,-1.634,-0.008,-0.031,non-ergonomis
2026-06-01 15:41:33.571,2212033027,366571,1,0.90942,0.1499,0.60229,-0.809,0.58,-0.504,non-ergonomis
2026-06-01 15:41:33.571,2212033027,366571,2,1.02466,-0.01196,0.00293,-1.817,-1.046,-0.122,non-ergonomis
2026-06-01 15:41:33.771,2212033227,366771,1,0.90356,0.14697,0.60181,1.145,2.206,0.031,non-ergonomis
2026-06-01 15:41:33.771,2212033227,366771,2,1.02905,-0.00513,0.00928,-2.435,-0.145,-0.328,non-ergonomis
2026-06-01 15:41:34.971,2212034427,366971,1,0.91626,0.14551,0.59375,-0.153,1.252,-0.763,non-ergonomis
2026-06-01 15:41:34.971,2212034427,366971,2,1.0332,-0.01636,-0.00073,-1.534,1.313,0.061,non-ergonomis
2026-06-01 15:41:34.171,2212033627,367171,1,0.90991,0.15576,0.59229,-1.023,2.031,-2.122,non-ergonomis
2026-06-01 15:41:34.171,2212033627,367171,2,1.02856,-0.01001,-0.00537,1.107,0.13,1.855,non-ergonomis
2026-06-01 15:41:34.371,2212033827,367371,1,0.91064,0.15332,0.60913,2.282,3.0,0.595,non-ergonomis
2026-06-01 15:41:34.371,2212033827,367371,2,1.02466,-0.00659,0.0061,-2.061,1.252,-1.069,non-ergonomis
2026-06-01 15:41:34.571,2212034027,367571,1,0.9082,0.15869,0.60132,0.87,2.351,-1.107,non-ergonomis
2026-06-01 15:41:34.571,2212034027,367571,2,1.03418,-0.02344,0.00171,-1.901,0.718,0.237,non-ergonomis
2026-06-01 15:41:34.779,2212034235,367779,1,0.9043,0.16846,0.59717,0.015,1.977,-1.221,non-ergonomis
2026-06-01 15:41:34.779,2212034235,367779,2,1.02954,-0.01025,0.00659,2.099,-0.58,2.817,non-ergonomis
2026-06-01 15:41:35.982,2212035438,367982,1,0.90649,0.14526,0.60181,0.481,1.756,1.076,non-ergonomis
2026-06-01 15:41:35.982,2212035438,367982,2,1.02441,-0.01416,0.01196,-4.763,1.069,-2.412,non-ergonomis
2026-06-01 15:41:35.182,2212034638,368182,1,0.90991,0.16309,0.61084,-2.153,0.244,-1.832,non-ergonomis
2026-06-01 15:41:35.182,2212034638,368182,2,1.02661,-0.02393,-0.00464,1.046,0.832,1.786,non-ergonomis
2026-06-01 15:41:35.382,2212034838,368382,1,0.90723,0.16089,0.60449,3.076,3.267,0.656,non-ergonomis
2026-06-01 15:41:35.382,2212034838,368382,2,1.03101,-0.0144,0.0166,1.252,0.427,2.359,non-ergonomis
2026-06-01 15:41:35.582,2212035038,368582,1,0.90503,0.14917,0.60059,1.084,2.878,-0.168,non-ergonomis
2026-06-01 15:41:35.582,2212035038,368582,2,1.02808,-0.0127,0.00659,-1.786,-0.214,0.45,non-ergonomis
2026-06-01 15:41:35.790,2212035246,368790,1,0.91211,0.15674,0.60571,0.901,1.802,0.122,non-ergonomis
2026-06-01 15:41:35.790,2212035246,368790,2,1.03003,-0.01001,0.01563,-1.947,0.038,0.115,non-ergonomis
2026-06-01 15:41:36.005,2212035461,369005,1,0.91113,0.15161,0.61426,-0.573,1.206,0.122,non-ergonomis
2026-06-01 15:41:36.005,2212035461,369005,2,1.02954,-0.0061,0.00659,-2.176,-1.069,0.214,non-ergonomis
2026-06-01 15:41:36.268,2212035724,369268,1,0.91553,0.15161,0.60742,1.198,1.351,0.58,non-ergonomis
2026-06-01 15:41:36.268,2212035724,369268,2,1.02832,-0.01001,0.00317,-0.519,-0.252,1.313,non-ergonomis
2026-06-01 15:41:36.468,2212035924,369468,1,0.91211,0.14502,0.59497,0.29,1.847,0.267,non-ergonomis
2026-06-01 15:41:36.468,2212035924,369468,2,1.03003,-0.02612,-0.00024,-0.603,0.603,1.214,non-ergonomis
2026-06-01 15:41:36.668,2212036124,369668,1,0.90796,0.14404,0.60278,0.351,1.115,-0.427,non-ergonomis
2026-06-01 15:41:36.668,2212036124,369668,2,1.02612,-0.01147,0.00464,-1.679,1.16,-0.137,non-ergonomis
2026-06-01 15:41:37.882,2212037338,369881,1,0.91162,0.15234,0.61255,-0.008,1.74,-0.779,non-ergonomis
2026-06-01 15:41:37.882,2212037338,369881,2,1.02515,-0.01147,-0.00171,-1.153,1.511,-0.023,non-ergonomis
2026-06-01 15:41:37.081,2212036537,370081,1,0.90796,0.14893,0.60986,0.802,2.42,-1.076,non-ergonomis
2026-06-01 15:41:37.081,2212036537,370081,2,1.02588,-0.01099,0.00293,-1.244,1.16,0.298,non-ergonomis
2026-06-01 15:41:37.281,2212036737,370281,1,0.91211,0.15869,0.61621,1.435,2.435,-0.878,non-ergonomis
2026-06-01 15:41:37.281,2212036737,370281,2,1.02686,-0.01489,0.00781,-0.618,0.153,0.748,non-ergonomis
2026-06-01 15:41:37.481,2212036937,370481,1,0.90527,0.15161,0.60425,-0.641,0.183,-0.855,non-ergonomis
2026-06-01 15:41:37.481,2212036937,370481,2,1.02808,-0.01514,0.01172,-1.504,0.588,0.115,non-ergonomis
2026-06-01 15:41:37.681,2212037137,370681,1,0.91455,0.16089,0.60693,0.573,2.359,-0.542,non-ergonomis
2026-06-01 15:41:37.681,2212037137,370681,2,1.02588,-0.01514,0.0105,-1.252,0.504,0.481,non-ergonomis
2026-06-01 15:41:38.881,2212038337,370881,1,0.90723,0.15942,0.6123,0.237,1.931,-0.687,non-ergonomis
2026-06-01 15:41:38.881,2212038337,370881,2,1.02734,-0.0144,0.00391,-1.031,0.336,0.603,non-ergonomis
2026-06-01 15:41:38.081,2212037537,371081,1,0.90186,0.16162,0.6167,0.298,2.458,-0.893,non-ergonomis
2026-06-01 15:41:38.081,2212037537,371081,2,1.02612,-0.01074,,-0.366,0.809,0.534,non-ergonomis
2026-06-01 15:41:38.338,2212037794,371338,1,0.90894,0.15601,0.60205,0.13,1.015,-0.679,non-ergonomis
2026-06-01 15:41:38.338,2212037794,371338,2,1.02759,-0.01392,0.00317,-1.023,0.672,0.366,non-ergonomis
2026-06-01 15:41:38.538,2212037994,371538,1,0.90649,0.1626,0.61108,0.763,2.115,-0.573,non-ergonomis
2026-06-01 15:41:38.538,2212037994,371538,2,1.02612,-0.00439,0.01074,-1.405,0.336,0.275,non-ergonomis
2026-06-01 15:41:38.738,2212038194,371738,1,0.90967,0.15454,0.61523,0.053,1.557,-0.58,non-ergonomis
2026-06-01 15:41:38.738,2212038194,371738,2,1.02808,-0.01221,0.00806,-2.061,-0.351,-0.038,non-ergonomis
2026-06-01 15:41:39.938,2212039394,371938,1,0.91235,0.15601,0.60693,-0.046,0.718,-0.412,non-ergonomis
2026-06-01 15:41:39.938,2212039394,371938,2,1.02905,-0.00732,0.0166,-2.191,0.023,0.168,non-ergonomis
2026-06-01 15:41:39.138,2212038594,372138,1,0.91333,0.15283,0.60522,0.092,1.611,-0.55,non-ergonomis
2026-06-01 15:41:39.138,2212038594,372138,2,1.0293,-0.01221,0.00098,-0.588,1.237,0.458,non-ergonomis
2026-06-01 15:41:39.338,2212038794,372338,1,0.91138,0.15112,0.60376,0.16,2.878,-0.855,non-ergonomis
2026-06-01 15:41:39.338,2212038794,372338,2,1.03027,-0.00903,0.00195,-1.145,0.634,0.176,non-ergonomis
2026-06-01 15:41:39.538,2212038994,372538,1,0.91162,0.15869,0.61963,1.588,2.099,-0.282,non-ergonomis
2026-06-01 15:41:39.538,2212038994,372538,2,1.0293,-0.00781,0.0083,-1.687,0.275,0.214,non-ergonomis
2026-06-01 15:41:39.738,2212039194,372738,1,0.9021,0.15991,0.60791,-0.336,0.962,-0.718,non-ergonomis
2026-06-01 15:41:39.738,2212039194,372738,2,1.03662,-0.01147,0.0061,-2.183,0.206,-0.015,non-ergonomis
2026-06-01 15:41:40.938,2212040394,372938,1,0.91211,0.15942,0.60425,0.427,1.824,-1.038,non-ergonomis
2026-06-01 15:41:40.938,2212040394,372938,2,1.02905,-0.01172,0.01221,-1.145,0.237,0.687,non-ergonomis
2026-06-01 15:41:40.138,2212039594,373138,1,0.90942,0.15698,0.60059,1.679,2.198,-0.031,non-ergonomis
2026-06-01 15:41:40.138,2212039594,373138,2,1.02954,-0.01514,0.00513,-0.466,0.519,0.855,non-ergonomis
2026-06-01 15:41:40.338,2212039794,373338,1,0.90259,0.1499,0.61523,0.557,0.74,-0.756,non-ergonomis
2026-06-01 15:41:40.338,2212039794,373338,2,1.02661,-0.01221,0.00806,-1.695,0.29,0.084,non-ergonomis
2026-06-01 15:41:40.576,2212040032,373576,1,0.90991,0.16479,0.60156,1.901,2.053,0.115,non-ergonomis
2026-06-01 15:41:40.576,2212040032,373576,2,1.03125,-0.01636,0.0083,-2.756,-0.916,-0.176,non-ergonomis
2026-06-01 15:41:40.776,2212040232,373776,1,0.91113,0.16528,0.59741,-1.229,0.985,-0.542,non-ergonomis
2026-06-01 15:41:40.776,2212040232,373776,2,1.02783,-0.00537,0.00098,-1.405,-0.244,0.328,non-ergonomis
2026-06-01 15:41:41.094,2212040550,374094,1,0.91187,0.14868,0.60327,0.664,1.382,-1.931,non-ergonomis
2026-06-01 15:41:41.094,2212040550,374094,2,1.02637,-0.00391,0.0144,-2.511,0.237,,non-ergonomis
2026-06-01 15:41:41.451,2212040907,374451,1,0.91504,0.16382,0.59839,0.672,2.145,-0.969,non-ergonomis
2026-06-01 15:41:41.451,2212040907,374451,2,1.03027,-0.01611,0.01489,-1.359,0.71,0.481,non-ergonomis
2026-06-01 15:41:41.702,2212041158,374702,1,0.91016,0.16846,0.60449,0.939,2.359,-1.061,non-ergonomis
2026-06-01 15:41:41.702,2212041158,374702,2,1.02832,-0.01294,0.0105,-1.084,0.824,0.519,non-ergonomis
2026-06-01 15:41:42.902,2212042358,374902,1,0.91162,0.16602,0.60449,1.107,1.763,-0.053,non-ergonomis
2026-06-01 15:41:42.902,2212042358,374902,2,1.02612,-0.01855,0.0083,-3.313,-1.153,0.053,non-ergonomis
2026-06-01 15:41:42.151,2212041607,375151,1,0.91626,0.17212,0.59937,0.977,2.527,0.214,non-ergonomis
2026-06-01 15:41:42.151,2212041607,375151,2,1.02563,-0.00854,0.00879,-0.847,-0.099,0.611,non-ergonomis
2026-06-01 15:41:42.424,2212041880,375424,1,0.90894,0.16357,0.59253,-0.863,1.405,0.366,non-ergonomis
2026-06-01 15:41:42.424,2212041880,375424,2,1.02783,-0.00903,-0.00098,-2.008,-0.267,0.168,non-ergonomis
2026-06-01 15:41:42.686,2212042142,375686,1,0.91772,0.15063,0.60376,-1.176,0.344,0.344,non-ergonomis
2026-06-01 15:41:42.686,2212042142,375686,2,1.0332,-0.00879,0.00635,-1.794,0.122,0.45,non-ergonomis
2026-06-01 15:41:43.985,2212043441,375985,1,0.91479,0.15234,0.60229,0.626,2.137,-0.771,non-ergonomis
2026-06-01 15:41:43.985,2212043441,375985,2,1.02856,-0.01343,-0.00562,-1.061,0.008,0.664,non-ergonomis
2026-06-01 15:41:43.368,2212042824,376368,1,0.90259,0.16943,0.60474,1.267,3.489,-1.542,non-ergonomis
2026-06-01 15:41:43.368,2212042824,376368,2,1.03003,-0.0144,-0.0083,-0.832,-0.015,0.71,non-ergonomis
2026-06-01 15:41:43.568,2212043024,376568,1,0.90698,0.14697,0.59497,-3.901,-0.603,-0.244,non-ergonomis
2026-06-01 15:41:43.568,2212043024,376568,2,1.03174,-0.01123,-0.0105,-3.824,-3.992,0.382,non-ergonomis
2026-06-01 15:41:43.768,2212043224,376768,1,0.90991,0.14502,0.58325,0.115,3.321,-1.237,non-ergonomis
2026-06-01 15:41:43.768,2212043224,376768,2,1.03125,-0.00977,-0.02026,-1.542,1.802,-0.397,non-ergonomis
2026-06-01 15:41:44.968,2212044424,376968,1,0.90942,0.15308,0.58984,-0.679,2.809,-1.389,non-ergonomis
2026-06-01 15:41:44.968,2212044424,376968,2,1.03369,-0.00903,-0.0144,-1.87,0.595,0.237,non-ergonomis
2026-06-01 15:41:44.168,2212043624,377168,1,0.90869,0.14722,0.604,-1.84,1.176,-0.74,non-ergonomis
2026-06-01 15:41:44.168,2212043624,377168,2,1.03076,-0.01733,-0.01611,-2.122,-0.031,,non-ergonomis
2026-06-01 15:41:44.469,2212043925,377469,1,0.91138,0.15967,0.59204,-0.023,0.244,-0.427,non-ergonomis
2026-06-01 15:41:44.469,2212043925,377469,2,1.03003,-0.01343,-0.01318,-1.763,0.275,0.489,non-ergonomis
2026-06-01 15:41:44.669,2212044125,377669,1,0.91016,0.14941,0.59448,1.046,0.496,0.16,non-ergonomis
2026-06-01 15:41:44.669,2212044125,377669,2,1.03174,-0.01782,-0.01123,-0.763,-0.565,1.122,non-ergonomis
2026-06-01 15:41:45.872,2212045328,377872,1,0.92261,0.13623,0.60132,-1.71,-0.237,-0.107,non-ergonomis
2026-06-01 15:41:45.872,2212045328,377872,2,1.02832,-0.00854,-0.01196,-0.351,0.351,1.069,non-ergonomis
2026-06-01 15:41:45.091,2212044547,378091,1,0.92041,0.14819,0.59399,0.435,2.863,-0.931,non-ergonomis
2026-06-01 15:41:45.091,2212044547,378091,2,1.02637,-0.01074,-0.01807,1.458,1.992,1.275,non-ergonomis
2026-06-01 15:41:45.353,2212044809,378353,1,0.9104,0.14453,0.59839,1.916,3.13,-0.626,non-ergonomis
2026-06-01 15:41:45.353,2212044809,378353,2,1.02808,-0.00439,-0.00293,-1.58,0.885,-0.092,non-ergonomis
2026-06-01 15:41:45.650,2212045106,378650,1,0.91675,0.15234,0.60352,1.824,0.718,-0.496,non-ergonomis
2026-06-01 15:41:45.650,2212045106,378650,2,1.03052,-0.0105,-0.01074,-0.351,0.092,1.168,non-ergonomis
2026-06-01 15:41:46.974,2212046430,378973,1,0.91064,0.15381,0.60718,1.076,2.046,-0.351,non-ergonomis
2026-06-01 15:41:46.974,2212046430,378973,2,1.03271,-0.01685,-0.00513,-1.519,0.153,0.427,non-ergonomis
2026-06-01 15:41:46.210,2212045666,379210,1,0.91016,0.14941,0.59912,1.412,3.374,0.26,non-ergonomis
2026-06-01 15:41:46.210,2212045666,379210,2,1.02588,-0.0083,0.00122,-1.275,-0.374,0.29,non-ergonomis
2026-06-01 15:41:46.437,2212045893,379437,1,0.90869,0.15112,0.60303,-0.855,1.374,-0.649,non-ergonomis
2026-06-01 15:41:46.437,2212045893,379437,2,1.02637,-0.00684,-0.00269,-1.58,-0.137,0.412,non-ergonomis
2026-06-01 15:41:46.637,2212046093,379637,1,0.90991,0.1521,0.59644,1.008,1.344,0.252,non-ergonomis
2026-06-01 15:41:46.637,2212046093,379637,2,1.03516,-0.02051,-0.00952,-0.802,-0.237,1.16,non-ergonomis
2026-06-01 15:41:47.846,2212047302,379846,1,0.91357,0.14209,0.59155,0.802,2.527,-0.55,non-ergonomis
2026-06-01 15:41:47.846,2212047302,379846,2,1.02393,-0.00952,-0.0083,0.435,2.74,0.702,non-ergonomis
2026-06-01 15:41:47.049,2212046505,380049,1,0.9104,0.15967,0.61401,2.718,3.137,-1.298,non-ergonomis
2026-06-01 15:41:47.049,2212046505,380049,2,1.02637,-0.00757,-0.00537,-1.527,0.573,0.611,non-ergonomis
2026-06-01 15:41:47.254,2212046710,380254,1,0.91016,0.15234,0.60327,2.069,3.382,-0.214,non-ergonomis
2026-06-01 15:41:47.254,2212046710,380254,2,1.0354,-0.02148,-0.0083,-0.565,0.786,0.611,non-ergonomis
2026-06-01 15:41:47.459,2212046915,380459,1,0.91211,0.15039,0.60059,0.985,2.084,-0.687,non-ergonomis
2026-06-01 15:41:47.459,2212046915,380459,2,1.0271,-0.01807,0.00366,-0.962,0.595,0.58,non-ergonomis
2026-06-01 15:41:47.661,2212047117,380661,1,0.91724,0.15137,0.59229,0.221,2.031,-0.496,non-ergonomis
2026-06-01 15:41:47.661,2212047117,380661,2,1.0293,-0.01099,0.00269,-1.847,0.061,-0.023,non-ergonomis
2026-06-01 15:41:48.896,2212048352,380896,1,0.90723,0.15503,0.60889,-0.008,0.725,-0.275,non-ergonomis
2026-06-01 15:41:48.896,2212048352,380896,2,1.03345,-0.01172,0.00415,-2.817,-0.412,0.076,non-ergonomis
2026-06-01 15:41:48.098,2212047554,381097,1,0.90894,0.15308,0.61426,-0.137,0.901,0.611,non-ergonomis
2026-06-01 15:41:48.098,2212047554,381097,2,1.03198,-0.00537,0.00293,-3.458,-1.908,-0.939,non-ergonomis
2026-06-01 15:41:48.354,2212047810,381354,1,0.91357,0.15063,0.60693,-0.412,0.771,1.878,non-ergonomis
2026-06-01 15:41:48.354,2212047810,381354,2,1.02832,-0.01172,-0.02197,0.42,0.16,1.641,non-ergonomis
2026-06-01 15:41:48.554,2212048010,381554,1,0.91724,0.13037,0.60181,-1.519,1.87,1.168,non-ergonomis
2026-06-01 15:41:48.554,2212048010,381554,2,1.03223,-0.0166,-0.02173,-1.397,-0.58,0.16,non-ergonomis
2026-06-01 15:41:48.754,2212048210,381754,1,0.91113,0.13135,0.5918,-0.611,1.275,-0.504,non-ergonomis
2026-06-01 15:41:48.754,2212048210,381754,2,1.03369,-0.00391,-0.02075,-2.16,-0.366,-0.13,non-ergonomis
2026-06-01 15:41:49.954,2212049410,381954,1,0.91577,0.13306,0.58643,0.55,-2.221,2.099,non-ergonomis
2026-06-01 15:41:49.954,2212049410,381954,2,1.02368,0.02026,-0.01978,-3.015,-0.244,-1.496,non-ergonomis
2026-06-01 15:41:49.154,2212048610,382154,1,0.92114,0.13892,0.59766,-1.153,0.504,-0.443,non-ergonomis
2026-06-01 15:41:49.154,2212048610,382154,2,1.02563,0.01025,-0.01953,2.84,3.855,1.046,non-ergonomis
2026-06-01 15:41:49.415,2212048871,382415,1,0.91797,0.11914,0.60254,-0.427,-0.275,-1.534,non-ergonomis
2026-06-01 15:41:49.415,2212048871,382415,2,1.021,0.0105,-0.00146,-2.763,0.634,-0.046,non-ergonomis
2026-06-01 15:41:49.615,2212049071,382615,1,0.93018,0.12549,0.5835,-1.672,2.214,-1.969,non-ergonomis
2026-06-01 15:41:49.615,2212049071,382615,2,1.03394,0.00195,-0.01855,-3.389,0.13,-0.168,non-ergonomis
2026-06-01 15:41:49.815,2212049271,382815,1,0.91284,0.11963,0.57153,0.122,4.107,-2.069,non-ergonomis
2026-06-01 15:41:49.815,2212049271,382815,2,1.02246,-0.00024,-0.00293,-5.847,-0.824,-1.0,non-ergonomis
2026-06-01 15:41:50.015,2212049471,383015,1,0.92139,0.12744,0.59277,-2.214,3.069,-1.939,non-ergonomis
2026-06-01 15:41:50.015,2212049471,383015,2,1.02783,0.00342,-0.01855,-0.924,0.687,0.641,non-ergonomis
2026-06-01 15:41:50.215,2212049671,383215,1,0.91797,0.1355,0.61304,-0.832,1.527,-0.557,non-ergonomis
2026-06-01 15:41:50.215,2212049671,383215,2,1.03271,0.0083,-0.01367,-2.473,-0.183,0.733,non-ergonomis
2026-06-01 15:41:50.415,2212049871,383415,1,0.92139,0.13818,0.6001,-0.489,2.534,-0.748,non-ergonomis
2026-06-01 15:41:50.415,2212049871,383415,2,1.02686,-0.00757,-0.01416,-0.344,0.931,1.008,non-ergonomis
2026-06-01 15:41:50.618,2212050074,383618,1,0.92041,0.14746,0.60327,0.649,2.794,-0.58,non-ergonomis
2026-06-01 15:41:50.618,2212050074,383618,2,1.02612,0.00073,-0.00708,-3.16,-0.168,-1.176,non-ergonomis
2026-06-01 15:41:50.828,2212050284,383828,1,0.91748,0.13574,0.6062,0.351,2.817,2.069,non-ergonomis
2026-06-01 15:41:50.828,2212050284,383828,2,1.02393,0.00952,-0.01782,-3.275,-0.29,-1.687,non-ergonomis
2026-06-01 15:41:51.028,2212050484,384028,1,0.90601,0.14551,0.59058,2.672,3.611,0.45,non-ergonomis
2026-06-01 15:41:51.028,2212050484,384028,2,1.03052,0.01782,-0.01465,1.26,2.084,0.557,non-ergonomis
2026-06-01 15:41:51.249,2212050705,384248,1,0.93359,0.13257,0.60938,4.321,-1.099,2.55,non-ergonomis
2026-06-01 15:41:51.249,2212050705,384248,2,1.02783,0.00977,-0.01318,4.649,4.901,0.237,non-ergonomis
2026-06-01 15:41:51.448,2212050904,384448,1,0.91748,0.13525,0.59375,0.038,1.038,-1.084,non-ergonomis
2026-06-01 15:41:51.448,2212050904,384448,2,1.02246,0.01807,-0.00391,-1.466,-0.634,-0.328,non-ergonomis
2026-06-01 15:41:51.648,2212051104,384648,1,0.92847,0.12476,0.58105,-1.84,-0.031,-0.74,non-ergonomis
2026-06-01 15:41:51.648,2212051104,384648,2,1.03296,0.021,-0.00537,-1.45,-0.015,0.336,non-ergonomis
2026-06-01 15:41:52.897,2212052353,384897,1,0.92236,0.12671,0.59448,-0.962,1.565,-1.015,non-ergonomis
2026-06-01 15:41:52.897,2212052353,384897,2,1.03345,0.01831,-0.00366,-0.084,0.664,1.137,non-ergonomis
2026-06-01 15:41:52.105,2212051561,385104,1,0.91064,0.13062,0.59692,2.023,2.267,-0.763,non-ergonomis
2026-06-01 15:41:52.105,2212051561,385104,2,1.02539,0.02026,-0.01196,-3.389,0.405,-0.58,non-ergonomis
2026-06-01 15:41:52.304,2212051760,385304,1,0.93286,0.1167,0.58984,-4.534,-1.443,0.679,non-ergonomis
2026-06-01 15:41:52.304,2212051760,385304,2,1.03027,-0.01025,-0.01538,2.351,0.198,3.885,non-ergonomis
2026-06-01 15:41:52.504,2212051960,385504,1,0.92017,0.12231,0.59546,-2.397,0.305,-3.382,non-ergonomis
2026-06-01 15:41:52.504,2212051960,385504,2,1.02979,0.00513,-0.00342,-4.427,-2.282,-0.137,non-ergonomis
2026-06-01 15:41:52.704,2212052160,385704,1,0.92041,0.15649,0.58032,0.71,2.038,-2.756,non-ergonomis
2026-06-01 15:41:52.704,2212052160,385704,2,1.02832,0.00659,-0.01001,-6.427,-2.725,3.221,non-ergonomis
2026-06-01 15:41:53.904,2212053360,385904,1,0.93164,0.12549,0.60205,0.344,2.756,-3.641,non-ergonomis
2026-06-01 15:41:53.904,2212053360,385904,2,1.02832,-0.00366,-0.04663,-0.664,0.405,0.008,non-ergonomis
2026-06-01 15:41:53.104,2212052560,386104,1,0.91895,0.15161,0.58228,0.802,0.87,-0.809,non-ergonomis
2026-06-01 15:41:53.104,2212052560,386104,2,1.03345,0.00806,-0.02783,-2.626,0.153,-0.244,non-ergonomis
2026-06-01 15:41:53.322,2212052778,386321,1,0.92603,0.14136,0.59082,0.137,2.748,-0.931,non-ergonomis
2026-06-01 15:41:53.322,2212052778,386321,2,1.03003,0.00146,-0.00854,-2.252,2.885,-0.198,non-ergonomis
2026-06-01 15:41:53.544,2212053000,386544,1,0.91772,0.15112,0.60791,-1.924,3.053,-0.397,non-ergonomis
2026-06-01 15:41:53.544,2212053000,386544,2,1.03101,0.0022,-0.0166,-0.435,1.84,1.015,non-ergonomis
2026-06-01 15:41:53.744,2212053200,386744,1,0.90918,0.12183,0.58423,-2.084,2.366,-0.71,non-ergonomis
2026-06-01 15:41:53.744,2212053200,386744,2,1.03174,0.00732,-0.00879,-0.504,0.649,1.084,non-ergonomis
2026-06-01 15:41:54.944,2212054400,386944,1,0.91064,0.13989,0.60205,2.084,2.962,-0.115,non-ergonomis
2026-06-01 15:41:54.944,2212054400,386944,2,1.03198,-0.00732,-0.00879,-1.244,0.527,0.756,non-ergonomis
2026-06-01 15:41:54.184,2212053640,387184,1,0.91895,0.13745,0.6084,-0.267,2.183,-0.351,non-ergonomis
2026-06-01 15:41:54.184,2212053640,387184,2,1.02637,-0.00195,-0.01416,-1.931,-0.275,0.107,non-ergonomis
2026-06-01 15:41:54.421,2212053877,387421,1,0.92139,0.13428,0.60522,-0.374,0.779,-0.336,non-ergonomis
2026-06-01 15:41:54.421,2212053877,387421,2,1.02954,-0.00586,-0.02173,-1.252,-1.42,1.023,non-ergonomis
2026-06-01 15:41:54.663,2212054119,387662,1,0.91382,0.13623,0.60352,3.046,2.366,-0.115,non-ergonomis
2026-06-01 15:41:54.663,2212054119,387662,2,1.02856,0.00903,-0.01489,-1.931,-0.649,0.71,non-ergonomis
2026-06-01 15:41:55.862,2212055318,387862,1,0.91968,0.13965,0.59668,0.176,0.786,-0.115,non-ergonomis
2026-06-01 15:41:55.862,2212055318,387862,2,1.0271,0.00269,-0.01953,-1.366,-0.893,0.733,non-ergonomis
2026-06-01 15:41:55.062,2212054518,388062,1,0.91919,0.13232,0.59106,0.115,2.137,-0.473,non-ergonomis
2026-06-01 15:41:55.062,2212054518,388062,2,1.03369,-0.00293,-0.03052,-1.534,0.031,0.344,non-ergonomis
2026-06-01 15:41:55.262,2212054718,388262,1,0.9292,0.13818,0.5835,-1.405,1.74,-0.87,non-ergonomis
2026-06-01 15:41:55.262,2212054718,388262,2,1.03442,0.00317,-0.01538,-0.863,1.382,0.443,non-ergonomis
2026-06-01 15:41:55.462,2212054918,388462,1,0.91821,0.14038,0.59033,0.878,4.389,-0.87,non-ergonomis
2026-06-01 15:41:55.462,2212054918,388462,2,1.02783,0.00122,-0.01563,1.802,2.832,2.443,non-ergonomis
2026-06-01 15:41:55.662,2212055118,388662,1,0.9165,0.13867,0.60254,0.389,1.725,-0.954,non-ergonomis
2026-06-01 15:41:55.662,2212055118,388662,2,1.02832,-0.00171,-0.00928,-0.977,1.038,0.855,non-ergonomis
2026-06-01 15:41:56.862,2212056318,388862,1,0.91357,0.13745,0.60278,-0.046,1.885,-0.962,non-ergonomis
2026-06-01 15:41:56.862,2212056318,388862,2,1.02295,-0.00244,-0.00171,-1.366,0.298,0.321,non-ergonomis
2026-06-01 15:41:56.062,2212055518,389062,1,0.91309,0.14307,0.59546,1.611,2.656,-0.244,non-ergonomis
2026-06-01 15:41:56.062,2212055518,389062,2,1.02686,0.00415,-0.00757,-1.84,0.489,-0.13,non-ergonomis
2026-06-01 15:41:56.262,2212055718,389262,1,0.91113,0.14038,0.61108,-0.061,1.664,-1.122,non-ergonomis
2026-06-01 15:41:56.262,2212055718,389262,2,1.0271,-0.00562,-0.01831,-1.26,0.634,0.809,non-ergonomis
2026-06-01 15:41:56.462,2212055918,389462,1,0.91577,0.13696,0.59448,-0.008,3.328,0.641,non-ergonomis
2026-06-01 15:41:56.462,2212055918,389462,2,1.02686,0.00781,-0.00513,-3.817,2.519,-2.412,non-ergonomis
2026-06-01 15:41:56.662,2212056118,389662,1,0.9126,0.13403,0.62183,2.374,2.344,0.321,non-ergonomis
2026-06-01 15:41:56.662,2212056118,389662,2,1.0293,0.00342,-0.01123,-0.725,0.939,0.061,non-ergonomis
2026-06-01 15:41:57.862,2212057318,389862,1,0.91162,0.1311,0.6106,2.099,2.534,1.137,non-ergonomis
2026-06-01 15:41:57.862,2212057318,389862,2,1.02246,0.02319,0.0083,-2.298,-0.168,-0.305,non-ergonomis
2026-06-01 15:41:57.088,2212056544,390088,1,0.9126,0.12769,0.60352,-1.214,0.191,-1.115,non-ergonomis
2026-06-01 15:41:57.088,2212056544,390088,2,1.02783,0.00854,0.00317,-0.511,0.634,0.45,non-ergonomis
2026-06-01 15:41:57.389,2212056845,390389,1,0.92041,0.14478,0.6106,-0.466,2.557,-0.962,non-ergonomis
2026-06-01 15:41:57.389,2212056845,390389,2,1.02148,0.01611,-0.00391,-1.015,0.252,0.779,non-ergonomis
2026-06-01 15:41:57.589,2212057045,390589,1,0.9209,0.13159,0.60791,0.145,4.466,-5.252,non-ergonomis
2026-06-01 15:41:57.589,2212057045,390589,2,1.03394,0.00952,0.01245,1.947,1.87,1.802,non-ergonomis
2026-06-01 15:41:57.789,2212057245,390789,1,0.90039,0.15771,0.62256,0.069,-0.626,-4.389,non-ergonomis
2026-06-01 15:41:57.789,2212057245,390789,2,1.03271,0.0061,-0.00708,-1.405,-3.382,2.435,non-ergonomis
2026-06-01 15:41:58.989,2212058445,390989,1,0.91064,0.16064,0.60547,-1.435,-1.344,-0.885,non-ergonomis
2026-06-01 15:41:58.989,2212058445,390989,2,1.01929,0.00122,-0.0127,1.015,-2.947,4.855,non-ergonomis
2026-06-01 15:41:58.189,2212057645,391189,1,0.91553,0.16357,0.59766,2.389,3.145,-0.702,non-ergonomis
2026-06-01 15:41:58.189,2212057645,391189,2,1.02686,-0.00098,-0.01929,-2.748,0.916,-0.107,non-ergonomis
2026-06-01 15:41:58.389,2212057845,391389,1,0.90723,0.20898,0.59424,0.985,2.763,3.985,non-ergonomis
2026-06-01 15:41:58.389,2212057845,391389,2,1.03198,-0.0144,-0.01733,1.947,-1.26,4.74,non-ergonomis
2026-06-01 15:41:58.720,2212058176,391720,1,0.90601,0.14307,0.60645,1.595,1.916,-1.099,non-ergonomis
2026-06-01 15:41:58.720,2212058176,391720,2,1.03101,-0.01758,-0.00195,-1.527,-0.115,0.786,non-ergonomis
2026-06-01 15:41:59.920,2212059376,391920,1,0.91187,0.14624,0.60742,1.733,1.756,-1.603,non-ergonomis
2026-06-01 15:41:59.920,2212059376,391920,2,1.03271,-0.02612,-0.00537,-1.267,1.176,0.084,non-ergonomis
2026-06-01 15:41:59.120,2212058576,392120,1,0.91333,0.1438,0.60547,0.893,2.351,-0.099,non-ergonomis
2026-06-01 15:41:59.120,2212058576,392120,2,1.02954,-0.02075,-0.02197,-2.55,-0.115,-0.527,non-ergonomis
2026-06-01 15:41:59.320,2212058776,392320,1,0.92871,0.15479,0.59692,1.611,2.824,-0.298,non-ergonomis
2026-06-01 15:41:59.320,2212058776,392320,2,1.021,-0.01147,-0.0144,1.061,0.809,0.053,non-ergonomis
2026-06-01 15:41:59.520,2212058976,392520,1,0.90088,0.16846,0.60449,0.58,3.229,1.336,non-ergonomis
2026-06-01 15:41:59.520,2212058976,392520,2,1.03711,-0.02808,-0.01294,-0.71,0.122,1.229,non-ergonomis
2026-06-01 15:41:59.752,2212059208,392752,1,0.92358,0.13794,0.60132,-2.687,-0.26,0.718,non-ergonomis
2026-06-01 15:41:59.752,2212059208,392752,2,1.04614,0.00269,-0.00439,-9.435,0.695,-8.252,non-ergonomis
2026-06-01 15:42:00.952,2212060408,392952,1,0.90454,0.14673,0.59473,0.969,2.794,-0.061,non-ergonomis
2026-06-01 15:42:00.952,2212060408,392952,2,1.02783,-0.0022,-0.00244,-0.992,-2.557,1.527,non-ergonomis
2026-06-01 15:42:00.152,2212059608,393152,1,0.91309,0.14209,0.60571,4.542,5.229,1.931,non-ergonomis
2026-06-01 15:42:00.152,2212059608,393152,2,1.09326,0.0625,-0.03882,-8.672,-3.374,-3.954,non-ergonomis
2026-06-01 15:42:00.352,2212059808,393352,1,0.90723,0.12573,0.60645,-1.763,1.046,-0.947,non-ergonomis
2026-06-01 15:42:00.352,2212059808,393352,2,1.03296,0.00757,-0.03931,1.427,0.42,1.916,non-ergonomis
2026-06-01 15:42:00.552,2212060008,393552,1,0.91553,0.13013,0.60181,-0.855,1.244,-0.771,non-ergonomis
2026-06-01 15:42:00.552,2212060008,393552,2,1.0332,0.02271,-0.03833,-1.74,0.198,-0.198,non-ergonomis
2026-06-01 15:42:00.752,2212060208,393752,1,0.91895,0.14038,0.59058,-1.969,0.908,-2.153,non-ergonomis
2026-06-01 15:42:00.752,2212060208,393752,2,1.0293,0.01147,-0.02661,0.969,0.458,1.939,non-ergonomis
2026-06-01 15:42:01.952,2212061408,393952,1,0.92334,0.13623,0.61133,-1.237,-0.313,-1.229,non-ergonomis
