datetime,epoch_ms,ts_millis,mpu_id,ax,ay,az,gx,gy,gz,label
2026-06-01 16:00:27.965,2213167421,338965,1,0.87524,0.04224,0.68335,0.176,2.153,0.115,ergonomis
2026-06-01 16:00:27.965,2213167421,338965,2,1.0271,-0.00513,-0.04639,-0.87,0.405,0.588,ergonomis
2026-06-01 16:00:27.165,2213166621,339165,1,0.875,0.04004,0.68896,-0.359,2.26,-0.13,ergonomis
2026-06-01 16:00:27.165,2213166621,339165,2,1.02856,-0.00195,-0.03247,-1.84,0.603,0.313,ergonomis
2026-06-01 16:00:27.365,2213166821,339365,1,0.87451,0.0437,0.69238,-0.176,1.672,-0.611,ergonomis
2026-06-01 16:00:27.365,2213166821,339365,2,1.03711,-0.00391,-0.03027,-1.237,0.504,0.603,ergonomis
2026-06-01 16:00:27.565,2213167021,339565,1,0.87305,0.03711,0.68774,0.122,1.756,-0.779,ergonomis
2026-06-01 16:00:27.565,2213167021,339565,2,1.02539,-0.0061,-0.04468,-2.603,0.359,0.519,ergonomis
2026-06-01 16:00:27.765,2213167221,339765,1,0.87451,0.04102,0.68091,-0.527,0.893,-0.916,ergonomis
2026-06-01 16:00:27.765,2213167221,339765,2,1.03442,0.00024,-0.03589,-3.573,0.321,0.427,ergonomis
2026-06-01 16:00:28.965,2213168421,339965,1,0.87378,0.03662,0.68652,-0.542,1.069,-0.603,ergonomis
2026-06-01 16:00:28.965,2213168421,339965,2,1.02612,-0.00903,-0.03613,-4.847,0.374,0.947,ergonomis
2026-06-01 16:00:28.165,2213167621,340165,1,0.87744,0.02954,0.68164,0.534,2.015,-0.466,ergonomis
2026-06-01 16:00:28.165,2213167621,340165,2,1.02563,-0.00488,-0.03223,0.183,0.611,0.351,ergonomis
2026-06-01 16:00:28.365,2213167821,340365,1,0.87842,0.03467,0.68604,0.573,1.908,-0.321,ergonomis
2026-06-01 16:00:28.365,2213167821,340365,2,1.03247,-0.00439,-0.03418,0.198,0.878,0.45,ergonomis
2026-06-01 16:00:28.565,2213168021,340565,1,0.87646,0.04102,0.69214,-0.267,1.282,-0.611,ergonomis
2026-06-01 16:00:28.565,2213168021,340565,2,1.03979,-0.00195,-0.03906,0.244,0.733,0.748,ergonomis
2026-06-01 16:00:28.765,2213168221,340765,1,0.8584,0.02734,0.70947,-3.183,1.527,-1.176,ergonomis
2026-06-01 16:00:28.765,2213168221,340765,2,1.04126,0.01929,-0.04761,-8.855,-3.153,1.824,ergonomis
2026-06-01 16:00:29.965,2213169421,340965,1,0.87598,0.04541,0.68066,4.069,1.718,0.137,ergonomis
2026-06-01 16:00:29.965,2213169421,340965,2,1.02441,0.00098,-0.02954,-0.962,-0.137,0.847,ergonomis
2026-06-01 16:00:29.165,2213168621,341165,1,0.89258,0.03467,0.67627,-0.229,1.351,-0.649,ergonomis
2026-06-01 16:00:29.165,2213168621,341165,2,1.03735,-0.00684,-0.04761,-0.626,1.046,0.321,ergonomis
2026-06-01 16:00:29.365,2213168821,341365,1,0.87842,0.03076,0.67651,1.29,1.718,-0.16,ergonomis
2026-06-01 16:00:29.365,2213168821,341365,2,1.03125,-0.00635,-0.03784,-1.534,0.191,0.496,ergonomis
2026-06-01 16:00:29.565,2213169021,341565,1,0.87744,0.03223,0.67017,0.534,1.924,-0.756,ergonomis
2026-06-01 16:00:29.565,2213169021,341565,2,1.02637,-0.00439,-0.04541,-0.71,0.656,0.344,ergonomis
2026-06-01 16:00:29.765,2213169221,341765,1,0.87988,0.04517,0.67798,1.176,1.634,-0.137,ergonomis
2026-06-01 16:00:29.765,2213169221,341765,2,1.03394,-0.01392,-0.03882,-1.565,0.298,0.786,ergonomis
2026-06-01 16:00:30.965,2213170421,341965,1,0.86963,0.03589,0.67725,0.534,1.771,-0.733,ergonomis
2026-06-01 16:00:30.965,2213170421,341965,2,1.02783,-0.00879,-0.05493,-0.153,0.534,0.26,ergonomis
2026-06-01 16:00:30.165,2213169621,342165,1,0.8811,0.03784,0.67847,0.718,1.206,0.015,ergonomis
2026-06-01 16:00:30.165,2213169621,342165,2,1.03052,-0.0083,-0.04932,-3.137,0.427,0.908,ergonomis
2026-06-01 16:00:30.365,2213169821,342365,1,0.87939,0.03003,0.67725,0.58,1.13,0.672,ergonomis
2026-06-01 16:00:30.365,2213169821,342365,2,1.03662,-0.01221,-0.03418,-4.702,-0.237,1.061,ergonomis
2026-06-01 16:00:30.565,2213170021,342565,1,0.87329,0.02783,0.67114,0.115,1.824,-0.229,ergonomis
2026-06-01 16:00:30.565,2213170021,342565,2,1.02222,-0.0105,-0.0437,-3.534,0.137,0.573,ergonomis
2026-06-01 16:00:30.765,2213170221,342765,1,0.8811,0.03125,0.67139,0.672,1.695,-0.687,ergonomis
2026-06-01 16:00:30.765,2213170221,342765,2,1.02905,-0.0127,-0.04688,-1.122,0.916,0.344,ergonomis
2026-06-01 16:00:31.965,2213171421,342965,1,0.87769,0.03467,0.68164,0.756,1.511,0.489,ergonomis
2026-06-01 16:00:31.965,2213171421,342965,2,1.03394,-0.00562,-0.05908,1.069,0.366,0.137,ergonomis
2026-06-01 16:00:31.165,2213170621,343165,1,0.87744,0.03125,0.67578,0.527,1.802,-0.237,ergonomis
2026-06-01 16:00:31.165,2213170621,343165,2,1.03491,-0.01221,-0.04102,-0.786,0.168,0.588,ergonomis
2026-06-01 16:00:31.365,2213170821,343365,1,0.88379,0.03638,0.68213,1.084,1.565,-0.275,ergonomis
2026-06-01 16:00:31.365,2213170821,343365,2,1.03687,-0.01147,-0.04053,-0.023,0.198,0.489,ergonomis
2026-06-01 16:00:31.565,2213171021,343565,1,0.88647,0.03149,0.67773,-0.168,2.366,-1.16,ergonomis
2026-06-01 16:00:31.565,2213171021,343565,2,1.02734,-0.01123,-0.04614,-0.885,0.565,0.214,ergonomis
2026-06-01 16:00:31.770,2213171226,343770,1,0.87988,0.03369,0.67944,0.13,2.214,-0.656,ergonomis
2026-06-01 16:00:31.770,2213171226,343770,2,1.03149,-0.00928,-0.03931,-1.275,0.366,0.634,ergonomis
2026-06-01 16:00:32.013,2213171469,344012,1,0.88184,0.03003,0.68164,0.496,1.969,-0.336,ergonomis
2026-06-01 16:00:32.013,2213171469,344012,2,1.03394,-0.00464,-0.04907,-0.634,0.351,0.687,ergonomis
2026-06-01 16:00:32.275,2213171731,344274,1,0.8811,0.02759,0.68579,0.74,1.924,-0.603,ergonomis
2026-06-01 16:00:32.275,2213171731,344274,2,1.03369,-0.0083,-0.05371,-2.244,-0.015,0.771,ergonomis
2026-06-01 16:00:32.474,2213171930,344474,1,0.87549,0.02954,0.68335,0.489,1.687,-0.74,ergonomis
2026-06-01 16:00:32.474,2213171930,344474,2,1.03027,-0.00977,-0.04688,-2.145,0.489,0.641,ergonomis
2026-06-01 16:00:32.674,2213172130,344674,1,0.87622,0.03296,0.68091,0.031,1.931,-0.702,ergonomis
2026-06-01 16:00:32.674,2213172130,344674,2,1.02832,-0.01245,-0.04663,-3.626,0.168,0.763,ergonomis
2026-06-01 16:00:32.874,2213172330,344874,1,0.88623,0.02734,0.67285,0.176,2.008,-0.756,ergonomis
2026-06-01 16:00:32.874,2213172330,344874,2,1.03271,-0.00806,-0.04761,-3.649,0.344,0.748,ergonomis
2026-06-01 16:00:33.074,2213172530,345074,1,0.88379,0.02734,0.67139,0.672,1.649,-0.595,ergonomis
2026-06-01 16:00:33.074,2213172530,345074,2,1.02759,-0.01465,-0.0459,-0.969,0.321,0.618,ergonomis
2026-06-01 16:00:33.274,2213172730,345274,1,0.88062,0.02954,0.68262,0.702,1.901,-0.573,ergonomis
2026-06-01 16:00:33.274,2213172730,345274,2,1.03271,-0.00708,-0.04785,1.366,0.641,0.382,ergonomis
2026-06-01 16:00:33.474,2213172930,345474,1,0.87817,0.02979,0.68066,0.947,2.153,-0.298,ergonomis
2026-06-01 16:00:33.474,2213172930,345474,2,1.02271,-0.01147,-0.04785,-0.321,0.634,0.115,ergonomis
2026-06-01 16:00:33.674,2213173130,345674,1,0.87939,0.03125,0.68921,0.427,2.053,-0.366,ergonomis
2026-06-01 16:00:33.674,2213173130,345674,2,1.02856,-0.00195,-0.04785,-1.359,0.496,0.527,ergonomis
2026-06-01 16:00:33.874,2213173330,345874,1,0.87622,0.03125,0.67212,-0.695,0.893,-0.13,ergonomis
2026-06-01 16:00:33.874,2213173330,345874,2,1.03101,-0.00513,-0.04492,-2.397,-0.351,0.977,ergonomis
2026-06-01 16:00:34.074,2213173530,346074,1,0.88306,0.02979,0.68042,0.053,0.908,-0.374,ergonomis
2026-06-01 16:00:34.074,2213173530,346074,2,1.02783,-0.01196,-0.05347,-2.733,-0.412,0.992,ergonomis
2026-06-01 16:00:34.274,2213173730,346274,1,0.87842,0.02954,0.66333,0.702,1.359,0.198,ergonomis
2026-06-01 16:00:34.274,2213173730,346274,2,1.03735,-0.01172,-0.04956,0.16,0.573,0.489,ergonomis
2026-06-01 16:00:34.474,2213173930,346474,1,0.87988,0.02881,0.67554,0.176,1.794,-1.031,ergonomis
2026-06-01 16:00:34.474,2213173930,346474,2,1.03345,-0.00854,-0.04932,-1.412,0.855,0.366,ergonomis
2026-06-01 16:00:34.674,2213174130,346674,1,0.87866,0.03149,0.67114,0.466,2.321,-0.557,ergonomis
2026-06-01 16:00:34.674,2213174130,346674,2,1.02954,-0.00708,-0.05103,-0.595,0.634,0.198,ergonomis
2026-06-01 16:00:34.874,2213174330,346874,1,0.88428,0.02612,0.66675,0.74,1.931,-0.71,ergonomis
2026-06-01 16:00:34.874,2213174330,346874,2,1.03003,-0.00464,-0.05371,-0.695,0.511,0.725,ergonomis
2026-06-01 16:00:35.074,2213174530,347074,1,0.87988,0.02319,0.67871,1.153,1.969,-0.481,ergonomis
2026-06-01 16:00:35.074,2213174530,347074,2,1.0376,-0.00293,-0.0459,-1.863,0.405,0.725,ergonomis
2026-06-01 16:00:35.274,2213174730,347274,1,0.88232,0.02881,0.68677,-0.802,1.519,-0.672,ergonomis
2026-06-01 16:00:35.274,2213174730,347274,2,1.02661,-0.00659,-0.0437,-5.366,-0.122,0.939,ergonomis
2026-06-01 16:00:35.474,2213174930,347474,1,0.89111,0.02393,0.677,-0.221,1.588,-0.565,ergonomis
2026-06-01 16:00:35.474,2213174930,347474,2,1.03394,-0.01099,-0.05298,-3.947,-0.038,0.832,ergonomis
2026-06-01 16:00:35.674,2213175130,347674,1,0.87598,0.02808,0.6792,0.794,1.725,-0.71,ergonomis
2026-06-01 16:00:35.674,2213175130,347674,2,1.03052,-0.01465,-0.04517,-0.275,0.359,0.237,ergonomis
2026-06-01 16:00:35.874,2213175330,347874,1,0.88672,0.02368,0.67041,1.321,2.687,-0.809,ergonomis
2026-06-01 16:00:35.874,2213175330,347874,2,1.04053,-0.00464,-0.05078,1.321,0.611,0.557,ergonomis
2026-06-01 16:00:36.074,2213175530,348074,1,0.8833,0.03467,0.66528,1.656,2.16,-0.626,ergonomis
2026-06-01 16:00:36.074,2213175530,348074,2,1.02881,-0.00854,-0.04541,0.496,0.595,0.008,ergonomis
2026-06-01 16:00:36.274,2213175730,348274,1,0.88623,0.02563,0.67505,0.664,2.168,-0.626,ergonomis
2026-06-01 16:00:36.274,2213175730,348274,2,1.02417,-0.00781,-0.04907,0.092,0.817,0.298,ergonomis
2026-06-01 16:00:36.474,2213175930,348474,1,0.87988,0.03271,0.6731,0.786,1.924,0.099,ergonomis
2026-06-01 16:00:36.474,2213175930,348474,2,1.03296,-0.00952,-0.05396,-1.466,0.466,0.573,ergonomis
2026-06-01 16:00:36.674,2213176130,348674,1,0.88184,0.02979,0.67163,0.565,1.504,-0.504,ergonomis
2026-06-01 16:00:36.674,2213176130,348674,2,1.02271,-0.01074,-0.05396,-1.748,0.466,0.634,ergonomis
2026-06-01 16:00:36.874,2213176330,348874,1,0.88037,0.03467,0.67773,0.153,2.038,-0.511,ergonomis
2026-06-01 16:00:36.874,2213176330,348874,2,1.03149,-0.01025,-0.05396,-1.023,0.374,0.107,ergonomis
2026-06-01 16:00:37.074,2213176530,349074,1,0.88672,0.03418,0.66748,0.588,1.679,-0.565,ergonomis
2026-06-01 16:00:37.074,2213176530,349074,2,1.02881,-0.0127,-0.0564,-0.954,0.557,0.473,ergonomis
2026-06-01 16:00:37.274,2213176730,349274,1,0.8811,0.03418,0.68164,0.282,1.817,-0.427,ergonomis
2026-06-01 16:00:37.274,2213176730,349274,2,1.03784,-0.00586,-0.04761,-2.115,0.313,0.656,ergonomis
2026-06-01 16:00:37.474,2213176930,349474,1,0.87451,0.02759,0.67896,-0.092,1.55,-1.076,ergonomis
2026-06-01 16:00:37.474,2213176930,349474,2,1.02954,-0.00928,-0.05225,-4.115,0.229,0.763,ergonomis
2026-06-01 16:00:37.674,2213177130,349674,1,0.87891,0.04736,0.67188,-1.046,1.076,-0.565,ergonomis
2026-06-01 16:00:37.674,2213177130,349674,2,1.03467,-0.00903,-0.05029,-8.183,0.076,2.855,ergonomis
2026-06-01 16:00:37.874,2213177330,349874,1,0.8877,0.01733,0.65991,-2.176,0.855,-0.893,ergonomis
2026-06-01 16:00:37.874,2213177330,349874,2,1.03442,-0.02588,-0.0437,-4.313,0.573,2.015,ergonomis
2026-06-01 16:00:38.074,2213177530,350074,1,0.89014,0.00635,0.66528,0.427,1.427,-1.924,ergonomis
2026-06-01 16:00:38.074,2213177530,350074,2,1.02954,-0.02881,-0.0376,1.878,0.71,-1.702,ergonomis
2026-06-01 16:00:38.274,2213177730,350274,1,0.88354,0.04126,0.66748,3.55,4.336,-2.244,ergonomis
2026-06-01 16:00:38.274,2213177730,350274,2,1.03174,-0.00464,-0.04761,2.771,0.427,-2.153,ergonomis
2026-06-01 16:00:38.474,2213177930,350474,1,0.8689,0.04102,0.67603,1.832,3.458,-3.649,ergonomis
2026-06-01 16:00:38.474,2213177930,350474,2,1.03076,0.00781,-0.03564,3.374,0.237,-3.496,ergonomis
2026-06-01 16:00:38.674,2213178130,350674,1,0.88379,0.06396,0.69678,0.725,2.71,-1.794,ergonomis
2026-06-01 16:00:38.674,2213178130,350674,2,1.03442,0.00781,-0.03369,-4.389,-0.267,0.855,ergonomis
2026-06-01 16:00:38.874,2213178330,350874,1,0.87256,0.08032,0.6875,4.832,1.878,2.145,ergonomis
2026-06-01 16:00:38.874,2213178330,350874,2,1.02124,0.01636,-0.05933,1.405,3.145,0.634,ergonomis
2026-06-01 16:00:39.074,2213178530,351074,1,0.88818,0.05469,0.68726,6.038,2.206,1.939,ergonomis
2026-06-01 16:00:39.074,2213178530,351074,2,1.03296,0.01807,-0.04639,1.069,1.092,0.595,ergonomis
2026-06-01 16:00:39.274,2213178730,351274,1,0.86914,0.05859,0.69775,-0.344,3.229,0.885,ergonomis
2026-06-01 16:00:39.274,2213178730,351274,2,1.00977,0.00171,-0.05933,-7.565,-0.656,4.771,ergonomis
2026-06-01 16:00:39.474,2213178930,351474,1,0.89014,0.02686,0.66846,5.183,0.122,3.168,ergonomis
2026-06-01 16:00:39.474,2213178930,351474,2,1.04785,0.00513,-0.03052,9.107,0.45,-0.221,ergonomis
2026-06-01 16:00:39.674,2213179130,351674,1,0.85767,0.0293,0.66382,-6.328,4.931,-2.351,ergonomis
2026-06-01 16:00:39.674,2213179130,351674,2,1.03198,0.00732,-0.04419,-2.214,-0.977,-2.779,ergonomis
2026-06-01 16:00:39.874,2213179330,351874,1,0.88257,0.06958,0.6875,0.702,2.122,-4.076,ergonomis
2026-06-01 16:00:39.874,2213179330,351874,2,1.02368,0.02051,-0.06567,-8.771,-0.863,-0.427,ergonomis
2026-06-01 16:00:40.074,2213179530,352074,1,0.86426,0.05322,0.67749,-2.092,3.115,-5.427,ergonomis
2026-06-01 16:00:40.074,2213179530,352074,2,1.03906,0.02856,-0.03589,-2.176,0.137,-1.748,ergonomis
2026-06-01 16:00:40.274,2213179730,352274,1,0.85986,0.07837,0.68896,3.504,2.809,0.489,ergonomis
2026-06-01 16:00:40.274,2213179730,352274,2,1.03027,0.02612,-0.03662,-2.908,0.084,0.626,ergonomis
2026-06-01 16:00:40.474,2213179930,352474,1,0.86792,0.07935,0.6853,2.84,1.947,1.336,ergonomis
2026-06-01 16:00:40.474,2213179930,352474,2,1.0188,0.02466,-0.04541,-0.115,1.069,1.573,ergonomis
2026-06-01 16:00:40.674,2213180130,352674,1,0.86914,0.06714,0.69043,-0.542,0.809,-0.344,ergonomis
2026-06-01 16:00:40.674,2213180130,352674,2,1.03271,0.01416,-0.02979,0.046,0.687,0.863,ergonomis
2026-06-01 16:00:40.874,2213180330,352874,1,0.8689,0.06616,0.68066,0.679,2.893,-0.115,ergonomis
2026-06-01 16:00:40.874,2213180330,352874,2,1.03711,0.02637,-0.0481,-0.214,1.092,0.763,ergonomis
2026-06-01 16:00:41.074,2213180530,353074,1,0.86938,0.07031,0.69531,0.588,2.748,-1.603,ergonomis
2026-06-01 16:00:41.074,2213180530,353074,2,1.03467,0.02759,-0.03125,2.168,2.366,-0.779,ergonomis
2026-06-01 16:00:41.274,2213180730,353274,1,0.85547,0.07178,0.7019,2.214,4.13,0.328,ergonomis
2026-06-01 16:00:41.274,2213180730,353274,2,1.03052,0.02954,-0.03125,0.84,0.763,-0.008,ergonomis
2026-06-01 16:00:41.474,2213180930,353474,1,0.86182,0.06641,0.69849,-0.122,1.359,-0.351,ergonomis
2026-06-01 16:00:41.474,2213180930,353474,2,1.02515,0.02197,-0.02881,-3.42,0.221,1.229,ergonomis
2026-06-01 16:00:41.674,2213181130,353674,1,0.86279,0.07373,0.69434,-0.214,1.267,0.137,ergonomis
2026-06-01 16:00:41.674,2213181130,353674,2,1.02905,0.0332,-0.03662,-2.359,-0.176,0.504,ergonomis
2026-06-01 16:00:41.874,2213181330,353874,1,0.86157,0.07666,0.71045,1.489,1.405,0.076,ergonomis
2026-06-01 16:00:41.874,2213181330,353874,2,1.02417,0.03906,-0.04175,-0.069,1.168,1.153,ergonomis
2026-06-01 16:00:42.074,2213181530,354074,1,0.86304,0.06006,0.69458,0.496,2.008,0.214,ergonomis
2026-06-01 16:00:42.074,2213181530,354074,2,1.0249,0.03564,-0.02393,-2.786,-0.008,0.534,ergonomis
2026-06-01 16:00:42.274,2213181730,354274,1,0.85767,0.06323,0.70093,-0.954,1.481,-0.046,ergonomis
2026-06-01 16:00:42.274,2213181730,354274,2,1.03784,0.02759,-0.02686,-4.588,0.275,1.534,ergonomis
2026-06-01 16:00:42.474,2213181930,354474,1,0.87207,0.0603,0.69458,-1.206,1.763,0.221,ergonomis
2026-06-01 16:00:42.474,2213181930,354474,2,1.03735,0.02368,-0.03809,-5.153,-0.176,1.344,ergonomis
2026-06-01 16:00:42.674,2213182130,354674,1,0.86719,0.05298,0.6958,-1.229,1.641,-0.237,ergonomis
2026-06-01 16:00:42.674,2213182130,354674,2,1.03369,0.01904,-0.03589,-4.954,-0.664,1.191,ergonomis
2026-06-01 16:00:42.874,2213182330,354874,1,0.8584,0.05396,0.70313,0.427,2.656,0.702,ergonomis
2026-06-01 16:00:42.874,2213182330,354874,2,1.02832,0.01831,-0.03516,-1.26,0.481,0.458,ergonomis
2026-06-01 16:00:43.074,2213182530,355074,1,0.86377,0.05371,0.70239,1.863,2.023,-0.115,ergonomis
2026-06-01 16:00:43.074,2213182530,355074,2,1.03101,0.01001,-0.0459,1.115,0.298,0.733,ergonomis
2026-06-01 16:00:43.274,2213182730,355274,1,0.86694,0.05176,0.70068,0.137,1.954,-0.176,ergonomis
2026-06-01 16:00:43.274,2213182730,355274,2,1.03931,0.01929,-0.0415,-0.74,0.733,0.137,ergonomis
2026-06-01 16:00:43.474,2213182930,355474,1,0.8584,0.05078,0.68579,0.863,1.023,-0.351,ergonomis
2026-06-01 16:00:43.474,2213182930,355474,2,1.03735,0.01563,-0.03027,0.244,0.931,0.397,ergonomis
2026-06-01 16:00:43.674,2213183130,355674,1,0.86597,0.05493,0.68311,1.382,1.809,0.511,ergonomis
2026-06-01 16:00:43.674,2213183130,355674,2,1.02905,0.021,-0.03125,-1.244,0.748,0.641,ergonomis
2026-06-01 16:00:43.874,2213183330,355874,1,0.86816,0.05518,0.69092,0.206,1.847,-0.168,ergonomis
2026-06-01 16:00:43.874,2213183330,355874,2,1.03076,0.01514,-0.04102,-0.183,0.458,0.817,ergonomis
2026-06-01 16:00:44.074,2213183530,356074,1,0.86938,0.05786,0.6936,-0.534,1.252,-0.641,ergonomis
2026-06-01 16:00:44.074,2213183530,356074,2,1.03149,0.01343,-0.02881,0.809,0.969,0.344,ergonomis
2026-06-01 16:00:44.274,2213183730,356274,1,0.86792,0.05737,0.69092,0.061,1.733,-0.336,ergonomis
2026-06-01 16:00:44.274,2213183730,356274,2,1.03198,0.01147,-0.02832,-1.649,-0.122,0.779,ergonomis
2026-06-01 16:00:44.474,2213183930,356474,1,0.86938,0.04736,0.68994,-0.191,1.336,0.153,ergonomis
2026-06-01 16:00:44.474,2213183930,356474,2,1.03223,0.01904,-0.03857,-1.618,0.115,0.55,ergonomis
2026-06-01 16:00:44.674,2213184130,356674,1,0.8645,0.0542,0.69458,0.687,1.84,-0.649,ergonomis
2026-06-01 16:00:44.674,2213184130,356674,2,1.0354,0.02563,-0.03662,-1.74,0.397,0.611,ergonomis
2026-06-01 16:00:44.874,2213184330,356874,1,0.86548,0.04468,0.69604,-0.939,1.794,-0.473,ergonomis
2026-06-01 16:00:44.874,2213184330,356874,2,1.03394,0.01465,-0.03296,-2.924,-0.137,0.42,ergonomis
2026-06-01 16:00:45.074,2213184530,357074,1,0.86743,0.04395,0.68579,-0.672,1.748,-1.252,ergonomis
2026-06-01 16:00:45.074,2213184530,357074,2,1.0332,0.01099,-0.0376,-5.351,-0.267,0.626,ergonomis
2026-06-01 16:00:45.274,2213184730,357274,1,0.87231,0.04224,0.68896,0.053,1.656,-0.824,ergonomis
2026-06-01 16:00:45.274,2213184730,357274,2,1.03003,0.01245,-0.03589,-2.031,0.13,0.176,ergonomis
2026-06-01 16:00:45.474,2213184930,357474,1,0.86304,0.052,0.69775,2.664,2.115,-0.786,ergonomis
2026-06-01 16:00:45.474,2213184930,357474,2,1.03125,0.01367,-0.03564,0.74,0.58,0.092,ergonomis
2026-06-01 16:00:45.674,2213185130,357674,1,0.86646,0.05664,0.69629,0.672,1.817,-0.344,ergonomis
2026-06-01 16:00:45.674,2213185130,357674,2,1.02612,0.02441,-0.04541,0.55,0.634,0.427,ergonomis
2026-06-01 16:00:45.891,2213185347,357891,1,0.86816,0.05835,0.69287,1.168,1.947,-0.206,ergonomis
2026-06-01 16:00:45.891,2213185347,357891,2,1.02441,0.01538,-0.02832,-0.817,0.748,0.649,ergonomis
2026-06-01 16:00:46.091,2213185547,358091,1,0.86353,0.05298,0.68994,0.26,1.939,-0.351,ergonomis
2026-06-01 16:00:46.091,2213185547,358091,2,1.03076,0.01611,-0.03662,-0.046,0.42,0.252,ergonomis
2026-06-01 16:00:46.291,2213185747,358291,1,0.86157,0.05957,0.69043,0.656,1.771,-0.42,ergonomis
2026-06-01 16:00:46.291,2213185747,358291,2,1.02954,0.01953,-0.03296,-1.206,0.641,0.282,ergonomis
2026-06-01 16:00:46.491,2213185947,358491,1,0.86328,0.05688,0.69165,0.664,1.832,-0.496,ergonomis
2026-06-01 16:00:46.491,2213185947,358491,2,1.02979,0.02734,-0.04346,-1.427,0.092,0.733,ergonomis
2026-06-01 16:00:46.691,2213186147,358691,1,0.87036,0.05127,0.6936,-0.16,1.962,-0.298,ergonomis
2026-06-01 16:00:46.691,2213186147,358691,2,1.02734,0.01782,-0.03149,-0.794,0.603,0.534,ergonomis
2026-06-01 16:00:46.891,2213186347,358891,1,0.87378,0.05225,0.70264,0.565,1.878,-0.29,ergonomis
2026-06-01 16:00:46.891,2213186347,358891,2,1.03174,0.02783,-0.04028,-1.427,0.405,0.466,ergonomis
2026-06-01 16:00:47.091,2213186547,359091,1,0.86694,0.05493,0.69409,0.137,1.733,-0.641,ergonomis
2026-06-01 16:00:47.091,2213186547,359091,2,1.03149,0.02222,-0.03027,-4.893,0.115,0.771,ergonomis
2026-06-01 16:00:47.291,2213186747,359291,1,0.86841,0.0603,0.69043,0.046,1.603,-0.359,ergonomis
2026-06-01 16:00:47.291,2213186747,359291,2,1.02539,0.02979,-0.03687,-4.969,0.084,1.107,ergonomis
2026-06-01 16:00:47.491,2213186947,359491,1,0.86475,0.05151,0.69189,-0.931,1.824,-0.374,ergonomis
2026-06-01 16:00:47.491,2213186947,359491,2,1.03247,0.02246,-0.03687,-3.992,,0.786,ergonomis
2026-06-01 16:00:47.691,2213187147,359691,1,0.86743,0.04443,0.69824,0.099,1.908,-0.618,ergonomis
2026-06-01 16:00:47.691,2213187147,359691,2,1.03735,0.01855,-0.03076,2.076,0.618,0.183,ergonomis
2026-06-01 16:00:47.891,2213187347,359891,1,0.86279,0.05176,0.69434,1.412,2.015,-0.397,ergonomis
2026-06-01 16:00:47.891,2213187347,359891,2,1.03125,0.01953,-0.02905,0.359,0.496,0.076,ergonomis
2026-06-01 16:00:48.091,2213187547,360091,1,0.86499,0.05664,0.6875,0.687,1.901,-0.649,ergonomis
2026-06-01 16:00:48.091,2213187547,360091,2,1.03125,0.0127,-0.03687,-0.305,0.427,0.397,ergonomis
2026-06-01 16:00:48.291,2213187747,360291,1,0.86841,0.05225,0.69312,0.13,1.504,-0.29,ergonomis
2026-06-01 16:00:48.291,2213187747,360291,2,1.0332,0.02271,-0.03467,-0.626,0.55,0.458,ergonomis
2026-06-01 16:00:48.491,2213187947,360491,1,0.86572,0.05078,0.68921,0.832,1.832,-0.496,ergonomis
2026-06-01 16:00:48.491,2213187947,360491,2,1.03418,0.0188,-0.03882,-0.626,0.427,0.359,ergonomis
2026-06-01 16:00:48.691,2213188147,360691,1,0.86279,0.05249,0.69702,0.267,1.656,-0.664,ergonomis
2026-06-01 16:00:48.691,2213188147,360691,2,1.03809,0.02124,-0.03857,-0.466,0.183,0.198,ergonomis
2026-06-01 16:00:48.891,2213188347,360891,1,0.86646,0.04907,0.69873,-0.16,1.244,-0.863,ergonomis
2026-06-01 16:00:48.891,2213188347,360891,2,1.03101,0.02759,-0.03271,-1.023,0.359,0.473,ergonomis
2026-06-01 16:00:49.091,2213188547,361091,1,0.86499,0.052,0.69043,0.908,1.725,-0.489,ergonomis
2026-06-01 16:00:49.091,2213188547,361091,2,1.02661,0.02124,-0.0271,-2.496,0.153,0.71,ergonomis
2026-06-01 16:00:49.291,2213188747,361291,1,0.86792,0.05151,0.69043,-0.069,1.656,-0.656,ergonomis
2026-06-01 16:00:49.291,2213188747,361291,2,1.03369,0.01685,-0.03442,-2.908,0.107,0.756,ergonomis
2026-06-01 16:00:49.491,2213188947,361491,1,0.8689,0.05176,0.6936,0.198,2.099,-0.664,ergonomis
2026-06-01 16:00:49.491,2213188947,361491,2,1.03467,0.02368,-0.04297,-3.855,-0.092,0.71,ergonomis
2026-06-01 16:00:49.691,2213189147,361691,1,0.86792,0.04639,0.69922,-0.504,0.771,-0.802,ergonomis
2026-06-01 16:00:49.691,2213189147,361691,2,1.03442,0.02222,-0.03809,-4.916,-0.458,1.053,ergonomis
2026-06-01 16:00:49.891,2213189347,361891,1,0.86646,0.04785,0.68823,0.443,1.878,-0.359,ergonomis
2026-06-01 16:00:49.891,2213189347,361891,2,1.02979,0.01831,-0.05005,-0.076,0.473,0.626,ergonomis
2026-06-01 16:00:50.091,2213189547,362091,1,0.86548,0.05518,0.69507,1.244,1.985,-0.427,ergonomis
2026-06-01 16:00:50.091,2213189547,362091,2,1.03369,0.02051,-0.0415,1.282,0.435,0.45,ergonomis
2026-06-01 16:00:50.291,2213189747,362291,1,0.86499,0.05518,0.70703,0.863,2.191,-0.336,ergonomis
2026-06-01 16:00:50.291,2213189747,362291,2,1.03027,0.02271,-0.04883,2.267,0.603,0.374,ergonomis
2026-06-01 16:00:50.491,2213189947,362491,1,0.86963,0.05615,0.69434,1.244,1.672,-0.336,ergonomis
2026-06-01 16:00:50.491,2213189947,362491,2,1.02759,0.01636,-0.04053,-0.718,0.473,0.756,ergonomis
2026-06-01 16:00:50.691,2213190147,362691,1,0.87451,0.04468,0.69482,0.244,2.0,-0.588,ergonomis
2026-06-01 16:00:50.691,2213190147,362691,2,1.02881,0.02539,-0.03906,-0.542,0.618,0.26,ergonomis
2026-06-01 16:00:50.891,2213190347,362891,1,0.8667,0.05591,0.69653,0.634,2.023,-0.504,ergonomis
2026-06-01 16:00:50.891,2213190347,362891,2,1.03418,0.01831,-0.03271,-0.947,0.557,0.626,ergonomis
2026-06-01 16:00:51.091,2213190547,363091,1,0.86865,0.05591,0.6958,0.229,1.939,-0.405,ergonomis
2026-06-01 16:00:51.091,2213190547,363091,2,1.03296,0.01489,-0.03784,-1.053,0.779,0.595,ergonomis
2026-06-01 16:00:51.291,2213190747,363291,1,0.87549,0.05566,0.6958,0.489,1.924,-0.374,ergonomis
2026-06-01 16:00:51.291,2213190747,363291,2,1.03076,0.01318,-0.02954,-2.023,0.176,0.649,ergonomis
2026-06-01 16:00:51.491,2213190947,363491,1,0.87036,0.05664,0.68799,0.145,1.718,-0.542,ergonomis
2026-06-01 16:00:51.491,2213190947,363491,2,1.03467,0.02271,-0.02563,-1.718,0.313,0.366,ergonomis
2026-06-01 16:00:51.691,2213191147,363691,1,0.87524,0.05298,0.70337,-0.366,1.916,-0.511,ergonomis
2026-06-01 16:00:51.691,2213191147,363691,2,1.02832,0.02075,-0.04321,-4.519,0.107,0.794,ergonomis
2026-06-01 16:00:51.891,2213191347,363891,1,0.86938,0.05566,0.68994,0.313,1.565,-0.427,ergonomis
2026-06-01 16:00:51.891,2213191347,363891,2,1.02856,0.02856,-0.03955,-5.405,-0.16,0.802,ergonomis
2026-06-01 16:00:52.091,2213191547,364091,1,0.86694,0.0564,0.68994,-0.618,1.809,-0.458,ergonomis
2026-06-01 16:00:52.091,2213191547,364091,2,1.0354,0.01514,-0.03882,-2.87,0.305,0.435,ergonomis
2026-06-01 16:00:52.291,2213191747,364291,1,0.87354,0.04346,0.69336,0.87,1.962,-0.511,ergonomis
2026-06-01 16:00:52.291,2213191747,364291,2,1.0166,0.02002,-0.04956,2.206,0.504,0.038,ergonomis
2026-06-01 16:00:52.491,2213191947,364491,1,0.86548,0.05078,0.68188,0.878,2.008,-0.664,ergonomis
2026-06-01 16:00:52.491,2213191947,364491,2,1.0376,0.02563,-0.04004,1.092,0.71,0.229,ergonomis
2026-06-01 16:00:52.691,2213192147,364691,1,0.86792,0.05103,0.69849,-0.023,1.145,-0.221,ergonomis
2026-06-01 16:00:52.691,2213192147,364691,2,1.03516,0.01831,-0.02808,-1.412,0.168,0.641,ergonomis
2026-06-01 16:00:52.919,2213192375,364919,1,0.86792,0.05371,0.69678,0.725,1.817,-0.58,ergonomis
2026-06-01 16:00:52.919,2213192375,364919,2,1.02832,0.02124,-0.03979,-1.153,0.618,0.45,ergonomis
2026-06-01 16:00:53.119,2213192575,365119,1,0.8606,0.06152,0.69434,0.58,2.046,-0.656,ergonomis
2026-06-01 16:00:53.119,2213192575,365119,2,1.03296,0.02515,-0.04175,-1.069,0.305,0.221,ergonomis
2026-06-01 16:00:53.319,2213192775,365319,1,0.86572,0.05054,0.69434,0.771,2.198,-0.206,ergonomis
2026-06-01 16:00:53.319,2213192775,365319,2,1.03296,0.01587,-0.04443,-1.008,0.382,0.687,ergonomis
2026-06-01 16:00:53.519,2213192975,365519,1,0.87329,0.05127,0.69946,0.573,1.458,-0.412,ergonomis
2026-06-01 16:00:53.519,2213192975,365519,2,1.02832,0.02026,-0.03857,-1.832,0.397,0.565,ergonomis
2026-06-01 16:00:53.719,2213193175,365719,1,0.8667,0.05542,0.69116,-0.221,1.802,-0.863,ergonomis
2026-06-01 16:00:53.719,2213193175,365719,2,1.0293,0.02319,-0.04224,-2.55,0.122,0.557,ergonomis
2026-06-01 16:00:53.919,2213193375,365919,1,0.87085,0.05737,0.69751,0.42,1.672,-0.618,ergonomis
2026-06-01 16:00:53.919,2213193375,365919,2,1.03516,0.01636,-0.04224,-3.603,,0.679,ergonomis
2026-06-01 16:00:54.119,2213193575,366119,1,0.87256,0.06104,0.69312,0.084,1.466,-0.473,ergonomis
2026-06-01 16:00:54.119,2213193575,366119,2,1.02686,0.02002,-0.03345,-4.718,0.191,0.817,ergonomis
2026-06-01 16:00:54.319,2213193775,366319,1,0.87305,0.04419,0.68359,-0.618,1.733,-0.427,ergonomis
2026-06-01 16:00:54.319,2213193775,366319,2,1.03784,0.00879,-0.03784,-4.435,-0.031,0.603,ergonomis
2026-06-01 16:00:54.519,2213193975,366519,1,0.86768,0.04956,0.69214,0.511,2.015,-0.656,ergonomis
2026-06-01 16:00:54.519,2213193975,366519,2,1.02612,0.01758,-0.04468,0.977,0.901,0.191,ergonomis
2026-06-01 16:00:54.719,2213194175,366719,1,0.8689,0.05664,0.6936,0.969,2.168,-0.214,ergonomis
2026-06-01 16:00:54.719,2213194175,366719,2,1.02759,0.02637,-0.03394,2.534,0.817,0.725,ergonomis
2026-06-01 16:00:54.919,2213194375,366919,1,0.86475,0.0564,0.69434,0.191,1.427,-0.649,ergonomis
2026-06-01 16:00:54.919,2213194375,366919,2,1.03564,0.01758,-0.03345,1.061,0.832,0.55,ergonomis
2026-06-01 16:00:55.119,2213194575,367119,1,0.86987,0.04932,0.68652,0.87,1.931,-0.481,ergonomis
2026-06-01 16:00:55.119,2213194575,367119,2,1.02441,0.01831,-0.03906,-0.74,0.435,0.282,ergonomis
2026-06-01 16:00:55.319,2213194775,367319,1,0.8689,0.05566,0.68652,0.641,1.931,-0.725,ergonomis
2026-06-01 16:00:55.319,2213194775,367319,2,1.02832,0.02002,-0.03613,-0.519,0.275,0.405,ergonomis
2026-06-01 16:00:55.519,2213194975,367519,1,0.87036,0.05713,0.70532,0.458,2.145,-0.206,ergonomis
2026-06-01 16:00:55.519,2213194975,367519,2,1.02466,0.02026,-0.04297,-1.397,0.229,0.679,ergonomis
2026-06-01 16:00:55.719,2213195175,367719,1,0.87256,0.05127,0.68994,1.374,1.634,0.015,ergonomis
2026-06-01 16:00:55.719,2213195175,367719,2,1.03467,0.01685,-0.03906,-2.626,0.351,0.511,ergonomis
2026-06-01 16:00:56.043,2213195499,368043,1,0.86646,0.05542,0.68555,0.015,1.588,-0.557,ergonomis
2026-06-01 16:00:56.043,2213195499,368043,2,1.03735,0.02295,-0.0376,-4.893,-0.206,0.969,ergonomis
2026-06-01 16:00:56.301,2213195757,368301,1,0.86865,0.05029,0.68628,0.275,0.954,-0.366,ergonomis
2026-06-01 16:00:56.301,2213195757,368301,2,1.03198,0.02026,-0.03174,-4.473,0.13,0.992,ergonomis
2026-06-01 16:00:56.501,2213195957,368501,1,0.86938,0.04468,0.6875,-0.237,1.855,-0.42,ergonomis
2026-06-01 16:00:56.501,2213195957,368501,2,1.03589,0.02051,-0.04297,0.588,0.611,0.595,ergonomis
2026-06-01 16:00:56.701,2213196157,368701,1,0.87183,0.04688,0.69849,1.038,1.947,-0.389,ergonomis
2026-06-01 16:00:56.701,2213196157,368701,2,1.03491,0.0166,-0.0354,0.916,0.443,0.427,ergonomis
2026-06-01 16:00:56.901,2213196357,368901,1,0.86621,0.05298,0.69067,0.786,1.992,-0.588,ergonomis
2026-06-01 16:00:56.901,2213196357,368901,2,1.03955,0.02173,-0.03857,1.099,0.626,0.427,ergonomis
2026-06-01 16:00:57.101,2213196557,369101,1,0.86719,0.05029,0.69531,0.321,1.542,-0.756,ergonomis
2026-06-01 16:00:57.101,2213196557,369101,2,1.03149,0.02319,-0.03271,-0.336,0.321,0.481,ergonomis
2026-06-01 16:00:57.301,2213196757,369301,1,0.86694,0.0564,0.68872,0.618,1.71,-0.252,ergonomis
2026-06-01 16:00:57.301,2213196757,369301,2,1.03345,0.02515,-0.0415,-0.969,0.565,0.466,ergonomis
2026-06-01 16:00:57.501,2213196957,369501,1,0.86621,0.05615,0.68994,0.595,1.725,-0.611,ergonomis
2026-06-01 16:00:57.501,2213196957,369501,2,1.02954,0.02295,-0.04004,-1.061,0.382,0.542,ergonomis
2026-06-01 16:00:57.701,2213197157,369701,1,0.86816,0.05029,0.68433,0.71,2.076,-0.458,ergonomis
2026-06-01 16:00:57.701,2213197157,369701,2,1.02515,0.02319,-0.0459,0.031,0.412,0.527,ergonomis
2026-06-01 16:00:57.901,2213197357,369901,1,0.87451,0.05127,0.69604,0.809,1.641,-0.405,ergonomis
2026-06-01 16:00:57.901,2213197357,369901,2,1.03101,0.02393,-0.04468,-1.588,0.214,0.58,ergonomis
2026-06-01 16:00:58.101,2213197557,370101,1,0.8667,0.05151,0.69165,0.198,1.649,-0.656,ergonomis
2026-06-01 16:00:58.101,2213197557,370101,2,1.03149,0.02539,-0.0332,-1.74,0.351,0.542,ergonomis
2026-06-01 16:00:58.301,2213197757,370301,1,0.86597,0.05176,0.70068,0.046,1.626,-0.542,ergonomis
2026-06-01 16:00:58.301,2213197757,370301,2,1.03003,0.01953,-0.0415,-3.954,0.046,0.641,ergonomis
2026-06-01 16:00:58.501,2213197957,370501,1,0.86792,0.05176,0.68091,-0.008,1.992,-0.267,ergonomis
2026-06-01 16:00:58.501,2213197957,370501,2,1.02734,0.01855,-0.04248,-4.84,-0.038,0.702,ergonomis
2026-06-01 16:00:58.701,2213198157,370701,1,0.87866,0.05249,0.69409,0.595,1.397,-0.321,ergonomis
2026-06-01 16:00:58.701,2213198157,370701,2,1.02856,0.01392,-0.05127,-5.015,-0.115,0.756,ergonomis
2026-06-01 16:00:58.901,2213198357,370901,1,0.87402,0.05151,0.68579,0.427,1.855,-0.702,ergonomis
2026-06-01 16:00:58.901,2213198357,370901,2,1.03345,0.01636,-0.04175,1.74,0.939,0.038,ergonomis
2026-06-01 16:00:59.101,2213198557,371101,1,0.86328,0.05249,0.69434,0.809,2.0,-0.611,ergonomis
2026-06-01 16:00:59.101,2213198557,371101,2,1.02905,0.02246,-0.03931,0.366,0.573,0.359,ergonomis
2026-06-01 16:00:59.301,2213198757,371301,1,0.87134,0.05762,0.68115,0.779,1.725,-0.473,ergonomis
2026-06-01 16:00:59.301,2213198757,371301,2,1.02881,0.02759,-0.04199,-0.634,0.519,0.641,ergonomis
2026-06-01 16:00:59.501,2213198957,371501,1,0.87793,0.0542,0.68506,-0.466,2.0,-0.351,ergonomis
2026-06-01 16:00:59.501,2213198957,371501,2,1.03296,0.02075,-0.0437,-0.427,0.71,0.397,ergonomis
2026-06-01 16:00:59.701,2213199157,371701,1,0.86157,0.05591,0.69116,0.244,1.908,-0.397,ergonomis
2026-06-01 16:00:59.701,2213199157,371701,2,1.0293,0.02051,-0.03198,-0.649,0.557,0.481,ergonomis
2026-06-01 16:00:59.901,2213199357,371901,1,0.87207,0.0542,0.69189,0.328,1.779,-0.557,ergonomis
2026-06-01 16:00:59.901,2213199357,371901,2,1.03052,0.01563,-0.04639,-1.328,0.58,0.305,ergonomis
2026-06-01 16:01:00.101,2213199557,372101,1,0.87183,0.05469,0.68018,0.206,1.634,-0.695,ergonomis
2026-06-01 16:01:00.101,2213199557,372101,2,1.0354,0.01514,-0.04126,-0.847,0.496,0.267,ergonomis
2026-06-01 16:01:00.301,2213199757,372301,1,0.8728,0.05884,0.68823,-0.198,1.733,-0.847,ergonomis
2026-06-01 16:01:00.301,2213199757,372301,2,1.03296,0.01929,-0.03369,-3.412,0.092,0.702,ergonomis
2026-06-01 16:01:00.501,2213199957,372501,1,0.86841,0.0498,0.6958,-0.069,1.672,-0.947,ergonomis
2026-06-01 16:01:00.501,2213199957,372501,2,1.03345,0.01709,-0.04468,-4.176,0.008,0.702,ergonomis
2026-06-01 16:01:00.701,2213200157,372701,1,0.875,0.05322,0.69995,-0.366,1.756,-0.397,ergonomis
2026-06-01 16:01:00.701,2213200157,372701,2,1.03687,0.01758,-0.03857,-4.252,-0.221,0.817,ergonomis
2026-06-01 16:01:00.901,2213200357,372901,1,0.87158,0.04907,0.69092,-1.069,1.466,-0.344,ergonomis
2026-06-01 16:01:00.901,2213200357,372901,2,1.03687,0.01587,-0.0354,-2.053,0.42,0.885,ergonomis
2026-06-01 16:01:01.101,2213200557,373101,1,0.87329,0.04858,0.68628,1.305,1.573,-0.313,ergonomis
2026-06-01 16:01:01.101,2213200557,373101,2,1.02686,0.01855,-0.04028,-0.847,0.366,0.55,ergonomis
2026-06-01 16:01:01.301,2213200757,373301,1,0.87524,0.05249,0.69458,0.779,1.885,-0.802,ergonomis
2026-06-01 16:01:01.301,2213200757,373301,2,1.03027,0.01709,-0.03906,1.382,0.122,0.046,ergonomis
2026-06-01 16:01:01.501,2213200957,373501,1,0.87402,0.06055,0.70776,0.099,2.038,-0.863,ergonomis
2026-06-01 16:01:01.501,2213200957,373501,2,1.02881,0.02124,-0.03882,1.489,0.55,0.481,ergonomis
2026-06-01 16:01:01.701,2213201157,373701,1,0.86768,0.0542,0.68848,0.916,1.794,-0.008,ergonomis
2026-06-01 16:01:01.701,2213201157,373701,2,1.02759,0.01953,-0.03076,0.031,0.786,0.74,ergonomis
2026-06-01 16:01:01.901,2213201357,373901,1,0.87354,0.04663,0.6897,0.672,1.664,-0.145,ergonomis
2026-06-01 16:01:01.901,2213201357,373901,2,1.03418,0.01929,-0.0459,-0.359,0.695,0.412,ergonomis
2026-06-01 16:01:02.154,2213201610,374154,1,0.87939,0.05591,0.69312,1.183,2.214,-0.275,ergonomis
2026-06-01 16:01:02.154,2213201610,374154,2,1.03125,0.01563,-0.03491,-1.84,0.947,0.672,ergonomis
2026-06-01 16:01:02.354,2213201810,374354,1,0.86743,0.04736,0.68823,0.16,2.237,-0.908,ergonomis
2026-06-01 16:01:02.354,2213201810,374354,2,1.03149,0.01904,-0.04224,-1.351,0.382,0.206,ergonomis
2026-06-01 16:01:02.554,2213202010,374554,1,0.86548,0.05322,0.69043,-0.908,1.351,-0.176,ergonomis
2026-06-01 16:01:02.554,2213202010,374554,2,1.02734,0.0166,-0.03345,-3.344,0.725,1.214,ergonomis
2026-06-01 16:01:02.754,2213202210,374754,1,0.87085,0.05127,0.68799,-0.145,1.595,0.336,ergonomis
2026-06-01 16:01:02.754,2213202210,374754,2,1.02856,0.01001,-0.03516,-4.809,0.298,1.519,ergonomis
2026-06-01 16:01:03.954,2213203410,374954,1,0.87817,0.04224,0.68213,-0.481,1.084,0.374,ergonomis
2026-06-01 16:01:03.954,2213203410,374954,2,1.03271,0.00952,-0.02734,-4.16,-0.176,0.977,ergonomis
2026-06-01 16:01:03.154,2213202610,375154,1,0.87012,0.04199,0.6814,-0.092,1.305,-0.382,ergonomis
2026-06-01 16:01:03.154,2213202610,375154,2,1.03564,0.00854,-0.03027,-4.504,0.634,0.359,ergonomis
2026-06-01 16:01:03.354,2213202810,375354,1,0.87793,0.03833,0.68188,0.679,2.198,-1.313,ergonomis
2026-06-01 16:01:03.354,2213202810,375354,2,1.02637,0.01245,-0.03784,1.595,0.496,0.008,ergonomis
2026-06-01 16:01:03.554,2213203010,375554,1,0.87451,0.05151,0.69238,1.809,1.763,-1.13,ergonomis
2026-06-01 16:01:03.554,2213203010,375554,2,1.03271,0.00708,-0.04736,0.992,0.397,0.153,ergonomis
2026-06-01 16:01:03.754,2213203210,375754,1,0.87451,0.05029,0.69629,-0.878,2.504,-0.939,ergonomis
2026-06-01 16:01:03.754,2213203210,375754,2,1.02563,0.01855,-0.05078,2.374,0.962,0.26,ergonomis
2026-06-01 16:01:04.954,2213204410,375954,1,0.86816,0.05151,0.68481,2.122,1.16,-0.366,ergonomis
2026-06-01 16:01:04.954,2213204410,375954,2,1.02808,0.01343,-0.04053,-1.71,0.366,0.603,ergonomis
2026-06-01 16:01:04.154,2213203610,376154,1,0.86987,0.04419,0.68311,-0.481,1.435,-0.168,ergonomis
2026-06-01 16:01:04.154,2213203610,376154,2,1.0332,0.01001,-0.03467,-1.466,0.191,0.664,ergonomis
2026-06-01 16:01:04.354,2213203810,376354,1,0.87134,0.04736,0.68335,0.939,1.565,-0.008,ergonomis
2026-06-01 16:01:04.354,2213203810,376354,2,1.03247,0.01074,-0.03809,-1.511,0.908,0.771,ergonomis
2026-06-01 16:01:04.554,2213204010,376554,1,0.86548,0.04346,0.68188,-0.092,0.939,0.855,ergonomis
2026-06-01 16:01:04.554,2213204010,376554,2,1.02417,0.01563,-0.03931,-2.977,0.13,1.45,ergonomis
2026-06-01 16:01:04.754,2213204210,376754,1,0.87549,0.03638,0.68945,0.069,1.611,0.756,ergonomis
2026-06-01 16:01:04.754,2213204210,376754,2,1.02905,0.00195,-0.03906,-2.168,0.443,1.374,ergonomis
2026-06-01 16:01:05.954,2213205410,376954,1,0.87744,0.03052,0.68091,0.87,2.969,0.046,ergonomis
2026-06-01 16:01:05.954,2213205410,376954,2,1.03271,0.00415,-0.04126,-0.885,0.901,0.282,ergonomis
2026-06-01 16:01:05.154,2213204610,377154,1,0.87524,0.02881,0.69141,1.29,2.771,-0.542,ergonomis
2026-06-01 16:01:05.154,2213204610,377154,2,1.03296,0.00342,-0.02954,-0.412,1.046,-0.046,ergonomis
2026-06-01 16:01:05.354,2213204810,377354,1,0.86499,0.03687,0.69116,0.954,1.504,0.069,ergonomis
2026-06-01 16:01:05.354,2213204810,377354,2,1.03516,0.00562,-0.04468,-4.084,0.328,0.847,ergonomis
2026-06-01 16:01:05.554,2213205010,377554,1,0.86841,0.03662,0.69531,1.29,1.176,0.023,ergonomis
2026-06-01 16:01:05.554,2213205010,377554,2,1.03052,0.01245,-0.04199,-1.305,-0.076,0.489,ergonomis
2026-06-01 16:01:05.754,2213205210,377754,1,0.86938,0.04028,0.68579,-0.092,2.099,-0.969,ergonomis
2026-06-01 16:01:05.754,2213205210,377754,2,1.03101,0.00317,-0.03369,-0.649,0.374,0.45,ergonomis
2026-06-01 16:01:06.954,2213206410,377954,1,0.87573,0.03711,0.7041,-0.008,2.473,-0.382,ergonomis
2026-06-01 16:01:06.954,2213206410,377954,2,1.02881,0.00415,-0.03394,-3.901,0.374,0.473,ergonomis
2026-06-01 16:01:06.154,2213205610,378154,1,0.8772,0.04761,0.68359,0.58,0.969,0.71,ergonomis
2026-06-01 16:01:06.154,2213205610,378154,2,1.03394,0.01416,-0.03931,-4.634,-0.183,0.771,ergonomis
2026-06-01 16:01:06.354,2213205810,378354,1,0.8728,0.03296,0.67773,0.023,1.221,-0.641,ergonomis
2026-06-01 16:01:06.354,2213205810,378354,2,1.02856,0.00488,-0.03613,-5.038,-0.206,0.282,ergonomis
2026-06-01 16:01:06.554,2213206010,378554,1,0.87988,0.04199,0.69458,-0.687,1.229,-0.305,ergonomis
2026-06-01 16:01:06.554,2213206010,378554,2,1.02319,0.00684,-0.04126,-5.794,-0.099,0.328,ergonomis
2026-06-01 16:01:06.754,2213206210,378754,1,0.86694,0.03003,0.69287,-0.481,1.473,-0.855,ergonomis
2026-06-01 16:01:06.754,2213206210,378754,2,1.03662,0.00659,-0.04248,-0.962,0.16,0.664,ergonomis
2026-06-01 16:01:07.954,2213207410,378954,1,0.88525,0.02466,0.67969,1.802,1.573,-0.275,ergonomis
2026-06-01 16:01:07.954,2213207410,378954,2,1.03076,0.00708,-0.04224,1.702,0.71,-0.168,ergonomis
2026-06-01 16:01:07.154,2213206610,379154,1,0.87354,0.03198,0.69189,2.008,2.443,-0.435,ergonomis
2026-06-01 16:01:07.154,2213206610,379154,2,1.03271,0.00439,-0.03833,1.023,0.832,0.664,ergonomis
2026-06-01 16:01:07.354,2213206810,379354,1,0.875,0.03296,0.68921,0.366,2.412,-0.664,ergonomis
2026-06-01 16:01:07.354,2213206810,379354,2,1.0271,0.00391,-0.04688,1.191,0.786,0.237,ergonomis
2026-06-01 16:01:07.554,2213207010,379554,1,0.87646,0.0459,0.69263,0.992,1.153,0.313,ergonomis
2026-06-01 16:01:07.554,2213207010,379554,2,1.03296,0.00342,-0.03687,-0.58,0.137,0.756,ergonomis
2026-06-01 16:01:07.754,2213207210,379754,1,0.87207,0.03394,0.68921,-0.305,2.443,-0.832,ergonomis
2026-06-01 16:01:07.754,2213207210,379754,2,1.02856,0.00903,-0.04468,0.237,0.695,0.656,ergonomis
2026-06-01 16:01:08.954,2213208410,379954,1,0.85938,0.03662,0.68359,1.641,2.038,-0.771,ergonomis
2026-06-01 16:01:08.954,2213208410,379954,2,1.03882,0.01074,-0.04492,-1.183,0.42,0.137,ergonomis
2026-06-01 16:01:08.154,2213207610,380154,1,0.86523,0.03662,0.68555,-0.702,1.847,-1.389,ergonomis
2026-06-01 16:01:08.154,2213207610,380154,2,1.04175,0.01367,-0.04102,-1.359,-0.504,0.885,ergonomis
2026-06-01 16:01:08.354,2213207810,380354,1,0.87402,0.04443,0.68555,1.305,2.076,-1.0,ergonomis
2026-06-01 16:01:08.354,2213207810,380354,2,1.02661,0.00708,-0.03638,-1.855,0.397,0.809,ergonomis
2026-06-01 16:01:08.554,2213208010,380554,1,0.87793,0.02979,0.68677,0.641,1.511,0.321,ergonomis
2026-06-01 16:01:08.554,2213208010,380554,2,1.03296,0.01587,-0.04346,-0.626,0.359,0.443,ergonomis
2026-06-01 16:01:08.754,2213208210,380754,1,0.88452,0.04419,0.68433,0.542,1.168,-0.695,ergonomis
2026-06-01 16:01:08.754,2213208210,380754,2,1.03516,0.01685,-0.04663,-3.153,-0.168,1.122,ergonomis
2026-06-01 16:01:09.954,2213209410,380954,1,0.87622,0.03296,0.67944,-0.504,1.023,-0.206,ergonomis
2026-06-01 16:01:09.954,2213209410,380954,2,1.0271,0.01367,-0.04199,-3.832,0.069,0.595,ergonomis
2026-06-01 16:01:09.154,2213208610,381154,1,0.87476,0.03027,0.68652,-0.26,1.878,-0.901,ergonomis
2026-06-01 16:01:09.154,2213208610,381154,2,1.03174,0.00269,-0.04199,-4.771,0.053,0.55,ergonomis
2026-06-01 16:01:09.354,2213208810,381354,1,0.87964,0.03882,0.68066,0.282,1.702,-1.298,ergonomis
2026-06-01 16:01:09.354,2213208810,381354,2,1.03174,0.00366,-0.03662,-1.504,0.076,0.42,ergonomis
2026-06-01 16:01:09.554,2213209010,381554,1,0.87695,0.03784,0.68115,0.237,1.885,-0.748,ergonomis
2026-06-01 16:01:09.554,2213209010,381554,2,1.02246,0.00903,-0.04395,0.229,0.687,0.45,ergonomis
2026-06-01 16:01:09.754,2213209210,381754,1,0.87476,0.03931,0.68433,1.092,1.893,-0.443,ergonomis
2026-06-01 16:01:09.754,2213209210,381754,2,1.03296,0.00415,-0.03589,0.405,0.588,0.481,ergonomis
2026-06-01 16:01:10.954,2213210410,381954,1,0.87402,0.04077,0.6897,0.458,2.0,-0.55,ergonomis
2026-06-01 16:01:10.954,2213210410,381954,2,1.02954,0.01099,-0.04785,0.832,0.817,0.076,ergonomis
2026-06-01 16:01:10.154,2213209610,382154,1,0.87476,0.03223,0.68188,0.588,2.069,-0.466,ergonomis
2026-06-01 16:01:10.154,2213209610,382154,2,1.02344,0.01392,-0.04956,-1.267,0.298,0.626,ergonomis
2026-06-01 16:01:10.354,2213209810,382354,1,0.87402,0.03223,0.6814,-0.42,1.443,-0.42,ergonomis
2026-06-01 16:01:10.354,2213209810,382354,2,1.03442,0.01636,-0.04004,0.115,0.13,0.397,ergonomis
2026-06-01 16:01:10.554,2213210010,382554,1,0.87744,0.03711,0.6792,0.649,1.779,-0.504,ergonomis
2026-06-01 16:01:10.554,2213210010,382554,2,1.03369,0.01147,-0.0481,-0.763,0.855,0.366,ergonomis
2026-06-01 16:01:10.754,2213210210,382754,1,0.88794,0.04077,0.69385,0.313,1.84,-0.931,ergonomis
2026-06-01 16:01:10.754,2213210210,382754,2,1.03076,0.00562,-0.04468,0.58,0.939,0.26,ergonomis
2026-06-01 16:01:11.954,2213211410,382954,1,0.87549,0.04321,0.68262,1.046,2.069,-0.656,ergonomis
2026-06-01 16:01:11.954,2213211410,382954,2,1.03467,0.01685,-0.04492,-3.359,0.137,0.954,ergonomis
2026-06-01 16:01:11.154,2213210610,383154,1,0.875,0.0415,0.68237,-0.748,1.832,-0.45,ergonomis
2026-06-01 16:01:11.154,2213210610,383154,2,1.04053,0.01099,-0.04077,-4.061,0.153,0.771,ergonomis
2026-06-01 16:01:11.354,2213210810,383354,1,0.87988,0.03687,0.67871,0.099,1.618,-0.611,ergonomis
2026-06-01 16:01:11.354,2213210810,383354,2,1.0354,0.0083,-0.04004,-4.969,0.107,0.74,ergonomis
2026-06-01 16:01:11.554,2213211010,383554,1,0.88037,0.03711,0.68262,-0.061,2.0,-0.237,ergonomis
2026-06-01 16:01:11.554,2213211010,383554,2,1.03174,0.0144,-0.03369,-3.16,0.153,0.542,ergonomis
2026-06-01 16:01:11.754,2213211210,383754,1,0.87402,0.04175,0.68579,0.336,1.756,-0.779,ergonomis
2026-06-01 16:01:11.754,2213211210,383754,2,1.02954,0.00659,-0.04346,-0.718,0.122,0.389,ergonomis
2026-06-01 16:01:12.954,2213212410,383954,1,0.87793,0.03442,0.67822,0.466,1.954,-0.595,ergonomis
2026-06-01 16:01:12.954,2213212410,383954,2,1.03052,0.01074,-0.03687,1.626,0.779,0.046,ergonomis
2026-06-01 16:01:12.154,2213211610,384154,1,0.88135,0.04126,0.68799,0.977,1.588,0.046,ergonomis
2026-06-01 16:01:12.154,2213211610,384154,2,1.03833,0.02368,-0.04297,0.71,0.511,0.305,ergonomis
2026-06-01 16:01:12.354,2213211810,384354,1,0.87891,0.03491,0.67847,-0.183,1.305,-0.252,ergonomis
2026-06-01 16:01:12.354,2213211810,384354,2,1.03613,0.00732,-0.03638,0.588,0.74,0.252,ergonomis
2026-06-01 16:01:12.554,2213212010,384554,1,0.8728,0.03638,0.67334,0.901,1.679,-0.145,ergonomis
2026-06-01 16:01:12.554,2213212010,384554,2,1.03027,0.01025,-0.03931,-0.267,0.71,0.366,ergonomis
2026-06-01 16:01:12.754,2213212210,384754,1,0.87036,0.03516,0.68726,0.893,1.992,-0.313,ergonomis
2026-06-01 16:01:12.754,2213212210,384754,2,1.03564,0.01074,-0.04492,-0.817,0.466,0.282,ergonomis
2026-06-01 16:01:13.954,2213213410,384954,1,0.87329,0.03271,0.67432,0.664,1.985,-0.573,ergonomis
2026-06-01 16:01:13.954,2213213410,384954,2,1.03345,0.00635,-0.04395,-0.817,0.427,0.656,ergonomis
2026-06-01 16:01:13.154,2213212610,385154,1,0.87793,0.03467,0.68677,0.031,1.779,-0.458,ergonomis
2026-06-01 16:01:13.154,2213212610,385154,2,1.03003,0.01245,-0.05298,-2.481,0.107,0.954,ergonomis
2026-06-01 16:01:13.354,2213212810,385354,1,0.87598,0.03442,0.68555,0.412,1.55,-0.282,ergonomis
2026-06-01 16:01:13.354,2213212810,385354,2,1.0332,0.00903,-0.03271,-3.763,0.084,0.885,ergonomis
2026-06-01 16:01:13.554,2213213010,385554,1,0.87891,0.03223,0.68213,-0.107,2.053,-0.656,ergonomis
2026-06-01 16:01:13.554,2213213010,385554,2,1.03784,0.00586,-0.04468,-4.389,0.244,0.664,ergonomis
2026-06-01 16:01:13.754,2213213210,385754,1,0.87964,0.02979,0.67944,0.832,1.985,-0.863,ergonomis
2026-06-01 16:01:13.754,2213213210,385754,2,1.03735,0.00952,-0.04565,-2.71,0.26,0.481,ergonomis
2026-06-01 16:01:14.954,2213214410,385954,1,0.87622,0.03564,0.68384,-0.366,1.351,-1.008,ergonomis
2026-06-01 16:01:14.954,2213214410,385954,2,1.03418,0.00732,-0.03784,0.359,0.405,0.496,ergonomis
2026-06-01 16:01:14.154,2213213610,386154,1,0.88379,0.02832,0.67871,1.611,1.977,-0.313,ergonomis
2026-06-01 16:01:14.154,2213213610,386154,2,1.03613,0.01001,-0.05322,1.0,0.397,0.328,ergonomis
2026-06-01 16:01:14.354,2213213810,386354,1,0.87622,0.0354,0.67944,0.947,1.748,-0.634,ergonomis
2026-06-01 16:01:14.354,2213213810,386354,2,1.03809,0.00464,-0.0481,0.565,0.542,0.359,ergonomis
2026-06-01 16:01:14.554,2213214010,386554,1,0.87183,0.03394,0.68945,0.366,2.069,-0.359,ergonomis
2026-06-01 16:01:14.554,2213214010,386554,2,1.0332,0.01709,-0.05127,0.893,0.603,0.412,ergonomis
2026-06-01 16:01:14.754,2213214210,386754,1,0.88232,0.03198,0.68677,0.771,1.366,-0.26,ergonomis
2026-06-01 16:01:14.754,2213214210,386754,2,1.02905,0.00366,-0.03223,-1.359,0.435,0.611,ergonomis
2026-06-01 16:01:15.954,2213215410,386954,1,0.87842,0.03882,0.67944,-0.061,1.954,-0.58,ergonomis
2026-06-01 16:01:15.954,2213215410,386954,2,1.03125,0.01001,-0.04248,-1.122,0.405,0.473,ergonomis
2026-06-01 16:01:15.154,2213214610,387154,1,0.88013,0.02759,0.68262,0.893,1.71,-0.405,ergonomis
2026-06-01 16:01:15.154,2213214610,387154,2,1.03369,0.01123,-0.03882,-1.405,0.229,0.664,ergonomis
2026-06-01 16:01:15.354,2213214810,387354,1,0.87695,0.0332,0.69165,0.244,2.031,-0.435,ergonomis
2026-06-01 16:01:15.354,2213214810,387354,2,1.03101,0.01196,-0.04785,-0.328,0.626,0.298,ergonomis
2026-06-01 16:01:15.554,2213215010,387554,1,0.87378,0.03589,0.68018,1.061,1.366,-0.229,ergonomis
2026-06-01 16:01:15.554,2213215010,387554,2,1.02832,0.00513,-0.0459,-3.718,-0.023,0.481,ergonomis
2026-06-01 16:01:15.754,2213215210,387754,1,0.87891,0.02954,0.67871,-0.252,1.855,-0.885,ergonomis
2026-06-01 16:01:15.754,2213215210,387754,2,1.0332,0.01172,-0.04175,-3.664,0.42,0.389,ergonomis
2026-06-01 16:01:16.954,2213216410,387954,1,0.87744,0.03491,0.68262,0.802,1.687,-0.397,ergonomis
2026-06-01 16:01:16.954,2213216410,387954,2,1.02783,0.00977,-0.03857,-4.832,-0.176,0.885,ergonomis
2026-06-01 16:01:16.154,2213215610,388154,1,0.87964,0.03101,0.67261,-0.351,1.901,-0.45,ergonomis
2026-06-01 16:01:16.154,2213215610,388154,2,1.03662,0.00928,-0.04785,-0.748,0.466,0.481,ergonomis
2026-06-01 16:01:16.354,2213215810,388354,1,0.88086,0.04004,0.6853,1.58,1.618,-0.16,ergonomis
2026-06-01 16:01:16.354,2213215810,388354,2,1.02881,0.00977,-0.03931,0.374,0.573,0.519,ergonomis
2026-06-01 16:01:16.554,2213216010,388554,1,0.87793,0.03662,0.68164,0.153,1.733,-0.489,ergonomis
2026-06-01 16:01:16.554,2213216010,388554,2,1.03271,0.00366,-0.04443,0.252,0.603,0.565,ergonomis
2026-06-01 16:01:16.754,2213216210,388754,1,0.87964,0.03442,0.68628,0.489,1.779,-0.389,ergonomis
2026-06-01 16:01:16.754,2213216210,388754,2,1.03003,0.00708,-0.05005,-0.542,0.519,0.595,ergonomis
2026-06-01 16:01:17.954,2213217410,388954,1,0.88135,0.04248,0.67944,-0.374,1.87,-0.344,ergonomis
2026-06-01 16:01:17.954,2213217410,388954,2,1.03394,0.0127,-0.04688,-0.794,0.679,0.634,ergonomis
2026-06-01 16:01:17.154,2213216610,389154,1,0.88208,0.03638,0.68262,0.832,1.756,-0.389,ergonomis
2026-06-01 16:01:17.154,2213216610,389154,2,1.03247,0.00854,-0.0481,-1.672,0.328,0.519,ergonomis
2026-06-01 16:01:17.354,2213216810,389354,1,0.87622,0.0354,0.66797,0.366,1.863,-0.519,ergonomis
2026-06-01 16:01:17.354,2213216810,389354,2,1.0271,0.01025,-0.03784,-1.076,0.282,0.351,ergonomis
2026-06-01 16:01:17.554,2213217010,389554,1,0.87988,0.03589,0.6853,0.214,1.817,-0.588,ergonomis
2026-06-01 16:01:17.554,2213217010,389554,2,1.02295,0.0083,-0.0437,-1.939,0.42,0.664,ergonomis
2026-06-01 16:01:17.754,2213217210,389754,1,0.87769,0.03247,0.68262,0.176,1.748,-0.382,ergonomis
2026-06-01 16:01:17.754,2213217210,389754,2,1.03052,0.01172,-0.04565,-2.763,0.679,0.71,ergonomis
2026-06-01 16:01:18.954,2213218410,389954,1,0.87158,0.03882,0.68286,0.252,1.641,-0.321,ergonomis
2026-06-01 16:01:18.954,2213218410,389954,2,1.03467,0.00586,-0.04346,-3.779,0.153,0.374,ergonomis
2026-06-01 16:01:18.154,2213217610,390154,1,0.87695,0.0376,0.67798,-0.427,1.298,-0.458,ergonomis
2026-06-01 16:01:18.154,2213217610,390154,2,1.02759,0.01147,-0.04443,-4.092,0.16,0.435,ergonomis
2026-06-01 16:01:18.354,2213217810,390354,1,0.88086,0.03418,0.67651,0.214,1.885,-0.496,ergonomis
2026-06-01 16:01:18.354,2213217810,390354,2,1.02856,0.00757,-0.0459,-2.076,0.26,0.557,ergonomis
2026-06-01 16:01:18.554,2213218010,390554,1,0.87793,0.03223,0.67749,0.527,1.74,-0.344,ergonomis
2026-06-01 16:01:18.554,2213218010,390554,2,1.02881,0.00488,-0.04834,1.382,0.901,0.351,ergonomis
2026-06-01 16:01:18.754,2213218210,390754,1,0.87817,0.03564,0.67651,0.794,1.855,-0.771,ergonomis
2026-06-01 16:01:18.754,2213218210,390754,2,1.03271,0.00854,-0.04541,,0.374,0.153,ergonomis
2026-06-01 16:01:19.978,2213219434,390978,1,0.87793,0.03271,0.67725,0.397,1.863,-0.466,ergonomis
2026-06-01 16:01:19.978,2213219434,390978,2,1.03418,0.01733,-0.04688,-0.168,0.634,0.473,ergonomis
2026-06-01 16:01:19.447,2213218903,391447,1,0.875,0.03833,0.68091,0.229,1.618,-0.366,ergonomis
2026-06-01 16:01:19.447,2213218903,391447,2,1.03345,0.00952,-0.04614,-1.0,0.206,0.489,ergonomis
2026-06-01 16:01:19.647,2213219103,391647,1,0.87842,0.02881,0.68555,0.992,1.603,-0.466,ergonomis
2026-06-01 16:01:19.647,2213219103,391647,2,1.03052,0.01196,-0.04761,-1.374,0.389,0.412,ergonomis
2026-06-01 16:01:19.894,2213219350,391894,1,0.88208,0.03174,0.68311,0.679,2.038,-1.191,ergonomis
2026-06-01 16:01:19.894,2213219350,391894,2,1.03394,0.00806,-0.04102,-2.893,0.053,0.237,ergonomis
2026-06-01 16:01:20.094,2213219550,392094,1,0.87207,0.04028,0.69092,-0.511,2.122,-0.466,ergonomis
2026-06-01 16:01:20.094,2213219550,392094,2,1.03271,0.00952,-0.0437,-5.473,1.229,1.802,ergonomis
2026-06-01 16:01:20.294,2213219750,392294,1,0.88135,0.02637,0.67334,2.939,2.496,-2.695,ergonomis
2026-06-01 16:01:20.294,2213219750,392294,2,1.02368,-0.00098,-0.0354,-6.275,0.794,0.267,ergonomis
2026-06-01 16:01:20.494,2213219950,392494,1,0.88208,0.03735,0.68481,0.885,2.16,-3.947,ergonomis
2026-06-01 16:01:20.494,2213219950,392494,2,1.03662,0.01099,-0.0459,0.092,0.756,-2.298,ergonomis
2026-06-01 16:01:20.694,2213220150,392694,1,0.88135,0.05127,0.67749,0.466,5.244,-4.16,ergonomis
2026-06-01 16:01:20.694,2213220150,392694,2,1.02197,0.03125,-0.0542,2.496,1.374,-3.176,ergonomis
2026-06-01 16:01:20.894,2213220350,392894,1,0.85205,0.09326,0.71289,5.748,1.969,-0.053,ergonomis
2026-06-01 16:01:20.894,2213220350,392894,2,1.0166,0.04932,-0.03101,-1.611,0.389,0.397,ergonomis
2026-06-01 16:01:21.094,2213220550,393094,1,0.87329,0.07227,0.68042,-1.55,1.84,0.466,ergonomis
2026-06-01 16:01:21.094,2213220550,393094,2,1.03101,0.02783,-0.03271,0.702,0.435,1.198,ergonomis
2026-06-01 16:01:21.522,2213220978,393522,1,0.8728,0.05444,0.69556,1.908,2.809,-0.092,ergonomis
2026-06-01 16:01:21.522,2213220978,393522,2,1.03125,0.02148,-0.04321,-1.595,0.664,0.435,ergonomis
2026-06-01 16:01:21.722,2213221178,393722,1,0.86499,0.07056,0.70801,-0.71,0.893,-1.145,ergonomis
2026-06-01 16:01:21.722,2213221178,393722,2,1.02856,0.01904,-0.03613,-0.855,-0.229,0.634,ergonomis
2026-06-01 16:01:21.922,2213221378,393922,1,0.87109,0.05225,0.69873,-1.107,2.176,-0.695,ergonomis
2026-06-01 16:01:21.922,2213221378,393922,2,1.02856,0.02661,-0.04541,-2.649,0.336,0.511,ergonomis
2026-06-01 16:01:22.122,2213221578,394122,1,0.86206,0.05835,0.69653,-0.107,1.641,-0.496,ergonomis
2026-06-01 16:01:22.122,2213221578,394122,2,1.02856,0.02759,-0.04028,-4.595,-0.084,0.847,ergonomis
2026-06-01 16:01:22.322,2213221778,394322,1,0.875,0.06494,0.68701,-0.855,0.779,-0.618,ergonomis
2026-06-01 16:01:22.322,2213221778,394322,2,1.02417,0.02222,-0.04004,-5.122,0.198,0.595,ergonomis
2026-06-01 16:01:22.522,2213221978,394522,1,0.86865,0.0564,0.69263,-0.282,1.649,-0.305,ergonomis
2026-06-01 16:01:22.522,2213221978,394522,2,1.02612,0.02686,-0.04419,-5.16,-0.137,0.763,ergonomis
2026-06-01 16:01:22.722,2213222178,394722,1,0.87109,0.05566,0.67969,0.412,1.382,-0.618,ergonomis
2026-06-01 16:01:22.722,2213222178,394722,2,1.02954,0.01587,-0.05005,-0.359,0.733,0.237,ergonomis
2026-06-01 16:01:22.922,2213222378,394922,1,0.87622,0.07202,0.68921,1.069,1.832,-0.756,ergonomis
2026-06-01 16:01:22.922,2213222378,394922,2,1.03052,0.02051,-0.0459,1.443,0.733,0.427,ergonomis
2026-06-01 16:01:23.122,2213222578,395122,1,0.8689,0.06177,0.69922,0.076,2.366,-0.71,ergonomis
2026-06-01 16:01:23.122,2213222578,395122,2,1.02881,0.02124,-0.05371,1.573,1.191,0.359,ergonomis
2026-06-01 16:01:23.322,2213222778,395322,1,0.87354,0.06104,0.68848,0.435,1.679,0.557,ergonomis
2026-06-01 16:01:23.322,2213222778,395322,2,1.03223,0.02417,-0.04419,0.695,0.458,0.985,ergonomis
2026-06-01 16:01:23.522,2213222978,395522,1,0.86792,0.05688,0.68921,0.595,1.519,-0.244,ergonomis
2026-06-01 16:01:23.522,2213222978,395522,2,1.03491,0.02441,-0.03882,,0.527,0.565,ergonomis
2026-06-01 16:01:23.740,2213223196,395740,1,0.86768,0.05493,0.69604,0.473,1.008,-0.023,ergonomis
2026-06-01 16:01:23.740,2213223196,395740,2,1.03662,0.01807,-0.04541,-1.794,-0.061,0.534,ergonomis
2026-06-01 16:01:24.940,2213224396,395940,1,0.86987,0.05542,0.69238,0.183,1.779,-1.0,ergonomis
2026-06-01 16:01:24.940,2213224396,395940,2,1.03687,0.02246,-0.04297,-0.756,0.702,0.511,ergonomis
2026-06-01 16:01:24.140,2213223596,396140,1,0.86719,0.04907,0.69092,-0.603,1.901,-0.885,ergonomis
2026-06-01 16:01:24.140,2213223596,396140,2,1.03125,0.02637,-0.03784,-0.863,0.351,0.183,ergonomis
2026-06-01 16:01:24.340,2213223796,396340,1,0.86572,0.05664,0.68042,-0.008,1.321,-0.015,ergonomis
2026-06-01 16:01:24.340,2213223796,396340,2,1.02686,0.02124,-0.0498,-3.321,0.015,1.176,ergonomis
2026-06-01 16:01:24.540,2213223996,396540,1,0.87109,0.04956,0.68604,-1.267,1.16,-0.389,ergonomis
2026-06-01 16:01:24.540,2213223996,396540,2,1.02954,0.021,-0.03906,-3.977,0.053,0.817,ergonomis
2026-06-01 16:01:24.740,2213224196,396740,1,0.8689,0.05249,0.6853,0.397,1.71,-0.466,ergonomis
2026-06-01 16:01:24.740,2213224196,396740,2,1.02954,0.02808,-0.04175,-4.282,0.122,0.489,ergonomis
2026-06-01 16:01:25.940,2213225396,396940,1,0.86646,0.04761,0.67725,-0.298,2.336,-0.481,ergonomis
2026-06-01 16:01:25.940,2213225396,396940,2,1.03491,0.02173,-0.04541,-3.573,-0.031,0.733,ergonomis
2026-06-01 16:01:25.140,2213224596,397140,1,0.86792,0.05054,0.67578,0.969,1.786,-0.412,ergonomis
2026-06-01 16:01:25.140,2213224596,397140,2,1.03027,0.02124,-0.05298,1.725,0.443,0.519,ergonomis
2026-06-01 16:01:25.340,2213224796,397340,1,0.87305,0.04834,0.69116,0.71,1.962,-0.412,ergonomis
2026-06-01 16:01:25.340,2213224796,397340,2,1.03149,0.01904,-0.05371,1.046,0.603,0.29,ergonomis
2026-06-01 16:01:25.540,2213224996,397540,1,0.87061,0.05298,0.68945,1.031,1.649,-0.855,ergonomis
2026-06-01 16:01:25.540,2213224996,397540,2,1.03369,0.02197,-0.04419,0.534,0.435,0.58,ergonomis
2026-06-01 16:01:25.740,2213225196,397740,1,0.88062,0.05566,0.68335,0.565,2.076,-0.359,ergonomis
2026-06-01 16:01:25.740,2213225196,397740,2,1.02734,0.02148,-0.05347,-0.802,0.84,0.389,ergonomis
2026-06-01 16:01:26.940,2213226396,397940,1,0.87354,0.05029,0.68652,0.466,1.489,-0.244,ergonomis
2026-06-01 16:01:26.940,2213226396,397940,2,1.02856,0.01953,-0.04419,-0.496,0.443,0.328,ergonomis
2026-06-01 16:01:26.140,2213225596,398140,1,0.87671,0.05371,0.69141,0.298,1.634,-0.542,ergonomis
2026-06-01 16:01:26.140,2213225596,398140,2,1.02881,0.01733,-0.05273,-1.282,0.198,0.504,ergonomis
2026-06-01 16:01:26.340,2213225796,398340,1,0.86841,0.04639,0.69653,0.092,2.0,-0.649,ergonomis
2026-06-01 16:01:26.340,2213225796,398340,2,1.03198,0.02075,-0.05615,-0.855,0.267,0.565,ergonomis
2026-06-01 16:01:26.540,2213225996,398540,1,0.87036,0.0459,0.69287,0.473,1.382,-0.229,ergonomis
2026-06-01 16:01:26.540,2213225996,398540,2,1.0293,0.02368,-0.04053,-3.771,0.511,0.71,ergonomis
2026-06-01 16:01:26.740,2213226196,398740,1,0.87427,0.04761,0.68359,-0.198,1.863,-0.885,ergonomis
2026-06-01 16:01:26.740,2213226196,398740,2,1.03271,0.02417,-0.0481,-4.733,0.221,0.672,ergonomis
2026-06-01 16:01:27.940,2213227396,398940,1,0.87402,0.0459,0.68726,0.107,1.656,-0.466,ergonomis
2026-06-01 16:01:27.940,2213227396,398940,2,1.02979,0.02246,-0.04272,-4.435,0.244,0.573,ergonomis
2026-06-01 16:01:27.140,2213226596,399140,1,0.87793,0.05688,0.6897,0.542,2.305,-0.336,ergonomis
2026-06-01 16:01:27.140,2213226596,399140,2,1.02686,0.01929,-0.04443,1.695,0.885,0.458,ergonomis
2026-06-01 16:01:27.340,2213226796,399340,1,0.8667,0.04858,0.67871,1.046,1.565,-0.374,ergonomis
2026-06-01 16:01:27.340,2213226796,399340,2,1.03394,0.01099,-0.04639,0.954,0.26,0.458,ergonomis
2026-06-01 16:01:27.540,2213226996,399540,1,0.87598,0.04883,0.69336,0.069,1.802,-0.504,ergonomis
2026-06-01 16:01:27.540,2213226996,399540,2,1.02783,0.02441,-0.04175,0.359,0.748,0.198,ergonomis
2026-06-01 16:01:27.740,2213227196,399740,1,0.87964,0.0415,0.68384,0.328,1.733,-0.611,ergonomis
2026-06-01 16:01:27.740,2213227196,399740,2,1.03174,0.02661,-0.05298,-0.649,0.702,0.42,ergonomis
2026-06-01 16:01:28.940,2213228396,399940,1,0.87207,0.05493,0.68872,0.748,1.321,-0.489,ergonomis
2026-06-01 16:01:28.940,2213228396,399940,2,1.02783,0.02148,-0.05664,-0.908,0.344,0.786,ergonomis
2026-06-01 16:01:28.140,2213227596,400140,1,0.87012,0.04126,0.68652,0.107,1.84,-0.382,ergonomis
2026-06-01 16:01:28.140,2213227596,400140,2,1.03223,0.01709,-0.05713,-1.137,0.519,0.534,ergonomis
2026-06-01 16:01:28.340,2213227796,400340,1,0.875,0.04419,0.67896,0.588,1.763,-0.618,ergonomis
2026-06-01 16:01:28.340,2213227796,400340,2,1.03613,0.01733,-0.04321,-0.611,0.511,0.351,ergonomis
2026-06-01 16:01:28.540,2213227996,400540,1,0.86914,0.05103,0.69604,0.405,1.84,-0.748,ergonomis
2026-06-01 16:01:28.540,2213227996,400540,2,1.02466,0.02222,-0.04175,-1.344,0.321,0.573,ergonomis
2026-06-01 16:01:28.740,2213228196,400740,1,0.87158,0.05005,0.68921,0.122,2.489,-0.405,ergonomis
2026-06-01 16:01:28.740,2213228196,400740,2,1.02954,0.02417,-0.0542,-3.374,0.237,0.58,ergonomis
2026-06-01 16:01:29.940,2213229396,400940,1,0.87817,0.0437,0.68872,0.321,1.595,-0.321,ergonomis
2026-06-01 16:01:29.940,2213229396,400940,2,1.03149,0.01685,-0.05322,-5.382,0.298,0.595,ergonomis
2026-06-01 16:01:29.140,2213228596,401140,1,0.87451,0.05054,0.68359,-0.282,2.046,-0.702,ergonomis
2026-06-01 16:01:29.140,2213228596,401140,2,1.02515,0.0249,-0.04224,-4.527,0.061,0.611,ergonomis
2026-06-01 16:01:29.340,2213228796,401340,1,0.87109,0.05029,0.68823,0.145,1.687,-0.374,ergonomis
2026-06-01 16:01:29.340,2213228796,401340,2,1.02808,0.01953,-0.04517,-0.191,0.489,0.603,ergonomis
2026-06-01 16:01:29.540,2213228996,401540,1,0.88013,0.05176,0.6897,-0.611,1.977,-0.603,ergonomis
2026-06-01 16:01:29.540,2213228996,401540,2,1.0293,0.02246,-0.04321,2.168,1.634,0.443,ergonomis
2026-06-01 16:01:29.740,2213229196,401740,1,0.8811,0.05566,0.68726,-3.863,2.763,5.183,ergonomis
2026-06-01 16:01:29.740,2213229196,401740,2,1.03564,0.02783,-0.0647,5.985,1.405,0.916,ergonomis
2026-06-01 16:01:30.940,2213230396,401940,1,0.87036,0.02832,0.69531,4.168,2.412,5.015,ergonomis
2026-06-01 16:01:30.940,2213230396,401940,2,1.03931,0.02393,-0.04126,-4.641,3.618,2.603,ergonomis
2026-06-01 16:01:30.140,2213229596,402140,1,0.86914,0.01611,0.6897,-2.496,3.947,1.137,ergonomis
2026-06-01 16:01:30.140,2213229596,402140,2,1.03052,-0.00024,-0.02515,-2.847,4.405,1.908,ergonomis
2026-06-01 16:01:30.340,2213229796,402340,1,0.87598,-0.01294,0.70239,-5.405,6.13,0.084,ergonomis
2026-06-01 16:01:30.340,2213229796,402340,2,1.04004,-0.01343,-0.00659,-1.473,4.511,0.298,ergonomis
2026-06-01 16:01:30.540,2213229996,402540,1,0.84619,-0.00049,0.72656,8.748,6.908,0.954,ergonomis
2026-06-01 16:01:30.540,2213229996,402540,2,1.03076,0.01807,,-4.954,4.466,-0.725,ergonomis
2026-06-01 16:01:30.740,2213230196,402740,1,0.84961,0.00098,0.71558,0.718,4.664,-1.282,ergonomis
2026-06-01 16:01:30.740,2213230196,402740,2,1.03174,0.00122,0.0249,-3.198,3.71,1.076,ergonomis
2026-06-01 16:01:31.940,2213231396,402940,1,0.83691,0.0166,0.7439,1.87,3.321,-4.26,ergonomis
2026-06-01 16:01:31.940,2213231396,402940,2,1.02954,0.00952,0.02417,-1.542,0.809,1.061,ergonomis
2026-06-01 16:01:31.140,2213230596,403140,1,0.83569,0.00342,0.72681,2.046,2.099,-1.107,ergonomis
2026-06-01 16:01:31.140,2213230596,403140,2,1.03564,0.01538,0.00366,-4.557,-1.0,-0.053,ergonomis
2026-06-01 16:01:31.554,2213231010,403553,1,0.84546,0.02222,0.72119,0.069,1.595,-2.344,ergonomis
2026-06-01 16:01:31.554,2213231010,403553,2,1.03101,0.00977,0.01563,-4.107,-0.466,1.084,ergonomis
2026-06-01 16:01:31.753,2213231209,403753,1,0.84375,0.02417,0.72998,-0.237,1.122,-0.282,ergonomis
2026-06-01 16:01:31.753,2213231209,403753,2,1.03564,0.00537,0.00732,-0.397,-0.076,0.321,ergonomis
2026-06-01 16:01:32.953,2213232409,403953,1,0.83618,0.03442,0.74194,-0.863,1.634,0.542,ergonomis
2026-06-01 16:01:32.953,2213232409,403953,2,1.02637,0.01538,0.00464,0.74,0.023,0.969,ergonomis
2026-06-01 16:01:32.213,2213231669,404213,1,0.854,0.02222,0.71631,-5.374,1.405,-1.046,ergonomis
2026-06-01 16:01:32.213,2213231669,404213,2,1.02612,0.00269,-0.00586,-1.809,0.885,0.954,ergonomis
2026-06-01 16:01:32.413,2213231869,404413,1,0.84888,0.02441,0.72388,0.786,0.611,-1.992,ergonomis
2026-06-01 16:01:32.413,2213231869,404413,2,1.03076,0.01147,0.00146,-0.397,0.397,-0.435,ergonomis
2026-06-01 16:01:32.613,2213232069,404613,1,0.85498,0.02637,0.7207,0.267,2.214,-2.863,ergonomis
2026-06-01 16:01:32.613,2213232069,404613,2,1.03174,0.00635,0.0188,-1.832,-0.046,-0.718,ergonomis
2026-06-01 16:01:32.813,2213232269,404813,1,0.84473,0.04077,0.72583,-0.847,2.252,-3.29,ergonomis
2026-06-01 16:01:32.813,2213232269,404813,2,1.02832,0.01123,0.00317,-0.504,-0.206,-0.038,ergonomis
2026-06-01 16:01:33.013,2213232469,405013,1,0.83716,0.04932,0.73682,-0.13,0.313,0.015,ergonomis
2026-06-01 16:01:33.013,2213232469,405013,2,1.03027,0.02075,-0.00122,-1.519,0.466,0.489,ergonomis
2026-06-01 16:01:33.213,2213232669,405213,1,0.85278,0.04248,0.71289,1.031,1.855,-0.237,ergonomis
2026-06-01 16:01:33.213,2213232669,405213,2,1.02563,0.01611,0.01025,-1.229,0.076,0.641,ergonomis
2026-06-01 16:01:33.413,2213232869,405413,1,0.84961,0.03345,0.7207,1.305,3.023,-1.504,ergonomis
2026-06-01 16:01:33.413,2213232869,405413,2,1.01733,0.02344,-0.00244,-2.176,0.458,-0.374,ergonomis
2026-06-01 16:01:33.613,2213233069,405613,1,0.83813,0.03857,0.72681,-0.122,1.985,-0.405,ergonomis
2026-06-01 16:01:33.613,2213233069,405613,2,1.03296,0.02197,-0.00122,-4.031,0.115,1.336,ergonomis
2026-06-01 16:01:33.813,2213233269,405813,1,0.84766,0.03589,0.72461,1.153,0.992,0.344,ergonomis
2026-06-01 16:01:33.813,2213233269,405813,2,1.0354,0.01294,0.00708,-5.023,-0.046,1.305,ergonomis
2026-06-01 16:01:34.013,2213233469,406013,1,0.85132,0.02393,0.71802,0.099,2.13,-1.282,ergonomis
2026-06-01 16:01:34.013,2213233469,406013,2,1.0293,0.01294,0.01147,0.076,0.313,0.061,ergonomis
2026-06-01 16:01:34.213,2213233669,406213,1,0.85425,0.04028,0.71558,2.74,2.412,-1.275,ergonomis
2026-06-01 16:01:34.213,2213233669,406213,2,1.03149,0.02124,-0.00659,2.435,0.603,-1.115,ergonomis
2026-06-01 16:01:34.413,2213233869,406413,1,0.84082,0.052,0.71924,2.282,1.504,-1.221,ergonomis
2026-06-01 16:01:34.413,2213233869,406413,2,1.02661,0.02051,0.00781,0.931,1.176,,ergonomis
2026-06-01 16:01:34.613,2213234069,406613,1,0.83862,0.05176,0.72754,0.145,2.695,-0.092,ergonomis
2026-06-01 16:01:34.613,2213234069,406613,2,1.0293,0.01538,0.00122,-0.275,0.733,0.924,ergonomis
2026-06-01 16:01:34.813,2213234269,406813,1,0.84888,0.05444,0.71851,0.046,1.695,0.061,ergonomis
2026-06-01 16:01:34.813,2213234269,406813,2,1.03223,0.01904,0.01099,-0.901,0.481,0.573,ergonomis
2026-06-01 16:01:35.013,2213234469,407013,1,0.84473,0.05225,0.7124,1.87,2.023,1.191,ergonomis
2026-06-01 16:01:35.013,2213234469,407013,2,1.02588,0.01538,0.00195,-1.321,0.916,0.26,ergonomis
2026-06-01 16:01:35.304,2213234760,407304,1,0.84253,0.0498,0.72949,3.252,1.924,-0.847,ergonomis
2026-06-01 16:01:35.304,2213234760,407304,2,1.03198,0.01587,-0.00024,-1.618,-0.031,0.542,ergonomis
2026-06-01 16:01:35.504,2213234960,407504,1,0.84058,0.05029,0.73218,0.794,1.626,-1.359,ergonomis
2026-06-01 16:01:35.504,2213234960,407504,2,1.03296,0.02197,0.00171,-1.55,0.099,0.321,ergonomis
2026-06-01 16:01:35.704,2213235160,407704,1,0.84375,0.05835,0.72559,0.908,1.687,0.45,ergonomis
2026-06-01 16:01:35.704,2213235160,407704,2,1.02368,0.02319,0.00293,-2.855,0.489,0.794,ergonomis
2026-06-01 16:01:35.904,2213235360,407904,1,0.8457,0.04956,0.72437,-1.16,2.137,-0.122,ergonomis
2026-06-01 16:01:35.904,2213235360,407904,2,1.03003,0.01929,-0.00073,-2.42,0.786,0.641,ergonomis
2026-06-01 16:01:36.104,2213235560,408104,1,0.84351,0.0459,0.71924,-0.832,2.435,0.336,ergonomis
2026-06-01 16:01:36.104,2213235560,408104,2,1.0271,0.01758,-0.00122,-3.656,0.206,0.779,ergonomis
2026-06-01 16:01:36.304,2213235760,408304,1,0.8479,0.0459,0.73022,0.244,1.473,-0.527,ergonomis
2026-06-01 16:01:36.304,2213235760,408304,2,1.02979,0.0166,0.00952,0.496,0.191,0.366,ergonomis
2026-06-01 16:01:36.504,2213235960,408504,1,0.84448,0.04175,0.72437,0.924,1.397,-0.16,ergonomis
2026-06-01 16:01:36.504,2213235960,408504,2,1.03027,0.01709,0.00732,0.702,0.389,0.382,ergonomis
2026-06-01 16:01:36.704,2213236160,408704,1,0.8457,0.04321,0.73267,0.229,2.328,-0.42,ergonomis
2026-06-01 16:01:36.704,2213236160,408704,2,1.02808,0.01709,0.0022,1.168,0.351,0.45,ergonomis
2026-06-01 16:01:36.904,2213236360,408904,1,0.84619,0.04565,0.72046,0.008,1.557,-0.191,ergonomis
2026-06-01 16:01:36.904,2213236360,408904,2,1.03052,0.01611,0.00049,-0.809,0.374,0.74,ergonomis
2026-06-01 16:01:37.104,2213236560,409104,1,0.84766,0.04663,0.7251,0.336,2.191,-0.359,ergonomis
2026-06-01 16:01:37.104,2213236560,409104,2,1.02979,0.02124,0.00439,-0.71,0.527,0.42,ergonomis
2026-06-01 16:01:37.304,2213236760,409304,1,0.84741,0.03784,0.72974,0.183,1.863,-0.481,ergonomis
2026-06-01 16:01:37.304,2213236760,409304,2,1.03271,0.01685,-0.00342,-1.084,0.45,0.573,ergonomis
2026-06-01 16:01:37.504,2213236960,409504,1,0.85034,0.04785,0.7312,0.603,1.817,-1.359,ergonomis
2026-06-01 16:01:37.504,2213236960,409504,2,1.03003,0.01416,-0.00562,-0.122,0.214,0.511,ergonomis
2026-06-01 16:01:37.704,2213237160,409704,1,0.84766,0.04541,0.72412,0.122,1.229,-0.344,ergonomis
2026-06-01 16:01:37.704,2213237160,409704,2,1.03003,0.01978,0.00781,-2.099,0.298,0.885,ergonomis
2026-06-01 16:01:38.936,2213238392,409936,1,0.854,0.04614,0.72437,-0.092,1.885,-0.137,ergonomis
2026-06-01 16:01:38.936,2213238392,409936,2,1.03394,0.00732,,-4.282,0.351,0.74,ergonomis
2026-06-01 16:01:38.136,2213237592,410136,1,0.84424,0.03271,0.72144,0.137,1.885,-0.443,ergonomis
2026-06-01 16:01:38.136,2213237592,410136,2,1.03101,0.01343,0.00366,-4.038,0.214,0.29,ergonomis
2026-06-01 16:01:38.336,2213237792,410336,1,0.84399,0.05127,0.729,0.519,1.588,-1.084,ergonomis
2026-06-01 16:01:38.336,2213237792,410336,2,1.03027,0.01807,0.00171,-2.573,0.557,0.359,ergonomis
2026-06-01 16:01:38.536,2213237992,410536,1,0.84668,0.04517,0.73291,0.435,2.237,-0.427,ergonomis
2026-06-01 16:01:38.536,2213237992,410536,2,1.03125,0.01538,0.00757,0.557,0.603,0.504,ergonomis
2026-06-01 16:01:38.736,2213238192,410736,1,0.85376,0.04175,0.73389,0.527,1.771,-0.015,ergonomis
2026-06-01 16:01:38.736,2213238192,410736,2,1.03296,0.01465,-0.00659,0.664,0.588,0.763,ergonomis
2026-06-01 16:01:39.936,2213239392,410936,1,0.84888,0.03247,0.7168,1.115,1.817,-0.229,ergonomis
2026-06-01 16:01:39.936,2213239392,410936,2,1.02905,0.01587,0.01538,0.924,0.794,0.366,ergonomis
2026-06-01 16:01:39.136,2213238592,411136,1,0.84399,0.03638,0.74146,-0.168,1.992,-0.237,ergonomis
2026-06-01 16:01:39.136,2213238592,411136,2,1.02417,0.01294,0.00122,0.115,0.702,0.237,ergonomis
2026-06-01 16:01:39.336,2213238792,411336,1,0.84888,0.04004,0.72754,0.275,1.71,-0.397,ergonomis
2026-06-01 16:01:39.336,2213238792,411336,2,1.02832,0.01196,0.00562,-1.71,0.489,0.603,ergonomis
2026-06-01 16:01:39.536,2213238992,411536,1,0.84644,0.03735,0.72949,0.191,1.71,-0.328,ergonomis
2026-06-01 16:01:39.536,2213238992,411536,2,1.021,0.01123,0.0061,-0.779,0.305,0.443,ergonomis
2026-06-01 16:01:39.736,2213239192,411736,1,0.84229,0.04248,0.72754,0.397,2.0,-0.588,ergonomis
2026-06-01 16:01:39.736,2213239192,411736,2,1.02979,0.01611,0.00024,-0.939,0.214,0.733,ergonomis
2026-06-01 16:01:40.936,2213240392,411936,1,0.84692,0.04004,0.72021,0.351,2.046,0.214,ergonomis
2026-06-01 16:01:40.936,2213240392,411936,2,1.03174,0.01685,0.00781,-1.153,0.87,0.458,ergonomis
2026-06-01 16:01:40.136,2213239592,412136,1,0.84863,0.04419,0.73462,-0.084,1.397,-0.802,ergonomis
2026-06-01 16:01:40.136,2213239592,412136,2,1.02344,0.02002,0.00415,-2.832,-0.298,0.534,ergonomis
2026-06-01 16:01:40.336,2213239792,412336,1,0.84692,0.04395,0.72778,0.214,2.008,-0.389,ergonomis
2026-06-01 16:01:40.336,2213239792,412336,2,1.02783,0.0144,0.00562,-3.687,0.168,0.664,ergonomis
2026-06-01 16:01:40.536,2213239992,412536,1,0.84131,0.04053,0.71558,-0.351,1.786,-0.405,ergonomis
2026-06-01 16:01:40.536,2213239992,412536,2,1.02905,0.01563,-0.00146,-3.656,0.603,0.267,ergonomis
2026-06-01 16:01:40.736,2213240192,412736,1,0.84326,0.04028,0.72485,-0.618,1.893,-0.443,ergonomis
2026-06-01 16:01:40.736,2213240192,412736,2,1.02612,0.01025,0.00171,-1.603,0.519,0.565,ergonomis
2026-06-01 16:01:41.936,2213241392,412936,1,0.85254,0.03613,0.71851,0.084,1.672,-0.58,ergonomis
2026-06-01 16:01:41.936,2213241392,412936,2,1.03418,0.01099,0.00562,,-0.237,0.397,ergonomis
2026-06-01 16:01:41.136,2213240592,413136,1,0.84888,0.03857,0.72266,0.42,2.206,-0.328,ergonomis
2026-06-01 16:01:41.136,2213240592,413136,2,1.02954,0.01123,-0.00439,0.687,1.069,0.168,ergonomis
2026-06-01 16:01:41.336,2213240792,413336,1,0.83862,0.0459,0.72827,0.74,1.511,-0.252,ergonomis
2026-06-01 16:01:41.336,2213240792,413336,2,1.02271,0.01953,0.00342,-0.58,0.687,0.366,ergonomis
2026-06-01 16:01:41.536,2213240992,413536,1,0.83911,0.03589,0.73999,0.351,2.0,-0.573,ergonomis
2026-06-01 16:01:41.536,2213240992,413536,2,1.03003,0.01587,0.00488,-1.351,0.244,0.473,ergonomis
2026-06-01 16:01:41.736,2213241192,413736,1,0.84302,0.03784,0.73071,-0.321,1.794,-0.595,ergonomis
2026-06-01 16:01:41.736,2213241192,413736,2,1.03003,0.01685,-0.00269,-1.061,0.542,0.405,ergonomis
2026-06-01 16:01:42.936,2213242392,413936,1,0.85132,0.0437,0.72437,1.298,2.122,-0.298,ergonomis
2026-06-01 16:01:42.936,2213242392,413936,2,1.03394,0.01416,0.0061,-0.931,0.573,0.748,ergonomis
2026-06-01 16:01:42.136,2213241592,414136,1,0.83936,0.04541,0.73682,-0.42,1.954,-0.557,ergonomis
2026-06-01 16:01:42.136,2213241592,414136,2,1.02832,0.01782,-0.01001,-0.382,0.427,0.573,ergonomis
2026-06-01 16:01:42.336,2213241792,414336,1,0.8457,0.04004,0.72876,-0.908,1.443,-0.504,ergonomis
2026-06-01 16:01:42.336,2213241792,414336,2,1.02954,0.02075,0.00488,-3.382,0.023,0.802,ergonomis
2026-06-01 16:01:42.628,2213242084,414628,1,0.84644,0.04126,0.72656,0.267,2.305,-0.55,ergonomis
2026-06-01 16:01:42.628,2213242084,414628,2,1.02637,0.01172,0.00537,-1.16,0.298,0.359,ergonomis
2026-06-01 16:01:43.144,2213242600,415144,1,0.84521,0.04443,0.73511,0.565,1.84,-0.748,ergonomis
2026-06-01 16:01:43.144,2213242600,415144,2,1.03125,0.01025,-0.00244,0.802,0.595,0.237,ergonomis
2026-06-01 16:01:43.541,2213242997,415541,1,0.84814,0.03711,0.73022,0.137,2.26,-0.435,ergonomis
2026-06-01 16:01:43.541,2213242997,415541,2,1.02759,0.02148,-0.00488,-0.74,0.519,0.641,ergonomis
2026-06-01 16:01:43.741,2213243197,415741,1,0.83569,0.03418,0.72803,1.092,2.733,-0.298,ergonomis
2026-06-01 16:01:43.741,2213243197,415741,2,1.02588,0.02466,0.01001,-0.351,0.794,0.389,ergonomis
2026-06-01 16:01:44.941,2213244397,415941,1,0.8457,0.04663,0.72607,0.725,1.145,-0.443,ergonomis
2026-06-01 16:01:44.941,2213244397,415941,2,1.02637,0.01294,0.00708,-1.695,0.053,0.626,ergonomis
2026-06-01 16:01:44.141,2213243597,416141,1,0.85083,0.03979,0.73438,-0.031,1.855,-0.58,ergonomis
2026-06-01 16:01:44.141,2213243597,416141,2,1.02344,0.02222,0.00049,-1.321,0.336,0.351,ergonomis
2026-06-01 16:01:44.341,2213243797,416341,1,0.84546,0.04272,0.72437,1.282,1.977,-0.275,ergonomis
2026-06-01 16:01:44.341,2213243797,416341,2,1.02515,0.01001,0.00586,-2.031,0.748,0.191,ergonomis
2026-06-01 16:01:44.541,2213243997,416541,1,0.84497,0.04907,0.71631,-1.672,1.679,-0.359,ergonomis
2026-06-01 16:01:44.541,2213243997,416541,2,1.02783,0.02051,-0.00659,-1.893,-0.046,0.74,ergonomis
2026-06-01 16:01:44.741,2213244197,416741,1,0.84766,0.04419,0.72412,-0.382,1.771,-0.26,ergonomis
2026-06-01 16:01:44.741,2213244197,416741,2,1.03174,0.01758,-0.00415,-4.267,0.031,0.992,ergonomis
2026-06-01 16:01:45.941,2213245397,416941,1,0.85059,0.03516,0.7251,-0.069,1.489,-0.656,ergonomis
2026-06-01 16:01:45.941,2213245397,416941,2,1.0249,0.00928,-0.00049,-3.863,0.145,0.336,ergonomis
2026-06-01 16:01:45.141,2213244597,417141,1,0.84546,0.03467,0.72485,0.45,2.023,-0.725,ergonomis
2026-06-01 16:01:45.141,2213244597,417141,2,1.02515,0.01221,0.00269,-5.008,0.145,0.282,ergonomis
2026-06-01 16:01:45.341,2213244797,417341,1,0.84546,0.03955,0.71582,,1.672,-0.573,ergonomis
2026-06-01 16:01:45.341,2213244797,417341,2,1.02612,0.01978,-0.00269,-0.122,0.534,0.794,ergonomis
2026-06-01 16:01:45.541,2213244997,417541,1,0.84937,0.03784,0.72388,0.939,1.634,-0.336,ergonomis
2026-06-01 16:01:45.541,2213244997,417541,2,1.02954,0.01636,-0.00244,1.023,0.634,0.313,ergonomis
2026-06-01 16:01:45.741,2213245197,417741,1,0.84546,0.04077,0.71606,1.305,2.084,-0.573,ergonomis
2026-06-01 16:01:45.741,2213245197,417741,2,1.03003,0.01343,0.00342,0.435,0.725,0.359,ergonomis
2026-06-01 16:01:46.941,2213246397,417941,1,0.84619,0.05176,0.73413,0.107,1.55,-0.71,ergonomis
2026-06-01 16:01:46.941,2213246397,417941,2,1.02539,0.01245,0.01099,0.275,0.496,0.427,ergonomis
2026-06-01 16:01:46.141,2213245597,418141,1,0.85034,0.03833,0.73193,0.855,2.382,-0.733,ergonomis
2026-06-01 16:01:46.141,2213245597,418141,2,1.0354,0.01538,-0.00317,-1.405,0.466,0.405,ergonomis
2026-06-01 16:01:46.341,2213245797,418341,1,0.84619,0.04541,0.72705,0.191,1.679,-0.214,ergonomis
2026-06-01 16:01:46.341,2213245797,418341,2,1.02905,0.01782,-0.00146,-0.908,0.557,0.489,ergonomis
2026-06-01 16:01:46.541,2213245997,418541,1,0.84619,0.03711,0.72266,1.183,1.748,-0.374,ergonomis
2026-06-01 16:01:46.541,2213245997,418541,2,1.02588,0.01392,0.00439,-1.038,0.489,0.496,ergonomis
2026-06-01 16:01:46.741,2213246197,418741,1,0.85059,0.04053,0.7207,-0.076,2.168,-0.382,ergonomis
2026-06-01 16:01:46.741,2213246197,418741,2,1.02197,0.01587,-0.00098,-1.374,0.611,0.282,ergonomis
2026-06-01 16:01:47.941,2213247397,418941,1,0.8457,0.03906,0.72534,0.573,1.748,-0.397,ergonomis
2026-06-01 16:01:47.941,2213247397,418941,2,1.03125,0.01196,0.00195,-3.603,0.321,0.84,ergonomis
2026-06-01 16:01:47.141,2213246597,419141,1,0.84912,0.03784,0.72046,-0.13,1.863,-0.534,ergonomis
2026-06-01 16:01:47.141,2213246597,419141,2,1.02612,0.01514,0.00073,-3.427,0.565,0.267,ergonomis
2026-06-01 16:01:47.341,2213246797,419341,1,0.85181,0.03809,0.72241,-0.45,1.87,-0.84,ergonomis
2026-06-01 16:01:47.341,2213246797,419341,2,1.02686,0.01343,0.00342,-4.153,0.145,0.313,ergonomis
2026-06-01 16:01:47.541,2213246997,419541,1,0.83936,0.04028,0.72363,,1.359,-0.817,ergonomis
2026-06-01 16:01:47.541,2213246997,419541,2,1.02173,0.01465,0.00415,-0.282,0.366,0.603,ergonomis
2026-06-01 16:01:47.741,2213247197,419741,1,0.84644,0.04053,0.73291,0.817,1.908,-0.519,ergonomis
2026-06-01 16:01:47.741,2213247197,419741,2,1.03271,0.021,0.00562,0.435,0.313,0.679,ergonomis
2026-06-01 16:01:48.941,2213248397,419941,1,0.84106,0.04639,0.72241,0.702,1.672,-0.427,ergonomis
2026-06-01 16:01:48.941,2213248397,419941,2,1.03467,0.01025,0.00635,0.252,0.626,0.244,ergonomis
2026-06-01 16:01:48.141,2213247597,420141,1,0.84131,0.03467,0.71411,0.038,2.359,-0.26,ergonomis
2026-06-01 16:01:48.141,2213247597,420141,2,1.02344,0.01489,-0.00244,0.718,0.725,0.221,ergonomis
2026-06-01 16:01:48.341,2213247797,420341,1,0.84546,0.04321,0.72095,0.893,1.389,-0.366,ergonomis
2026-06-01 16:01:48.341,2213247797,420341,2,1.02612,0.02075,0.00293,-1.641,0.168,0.527,ergonomis
2026-06-01 16:01:48.541,2213247997,420541,1,0.84106,0.04224,0.72266,,1.695,-0.565,ergonomis
2026-06-01 16:01:48.541,2213247997,420541,2,1.02515,0.02246,0.0022,-0.42,0.519,0.427,ergonomis
2026-06-01 16:01:48.741,2213248197,420741,1,0.85156,0.04199,0.73022,1.397,2.214,-0.191,ergonomis
2026-06-01 16:01:48.741,2213248197,420741,2,1.0271,0.0166,0.00464,-1.771,0.519,0.496,ergonomis
2026-06-01 16:01:49.941,2213249397,420941,1,0.83618,0.04077,0.71826,-1.26,2.26,-0.992,ergonomis
2026-06-01 16:01:49.941,2213249397,420941,2,1.03638,0.01318,0.00586,-0.855,0.42,0.595,ergonomis
2026-06-01 16:01:49.141,2213248597,421141,1,0.84131,0.04248,0.72778,0.626,1.076,-0.275,ergonomis
2026-06-01 16:01:49.141,2213248597,421141,2,1.02588,0.01196,0.01318,-4.061,0.336,0.282,ergonomis
2026-06-01 16:01:49.446,2213248902,421446,1,0.84229,0.04199,0.71948,0.305,1.893,-0.473,ergonomis
2026-06-01 16:01:49.446,2213248902,421446,2,1.01953,0.00952,-0.00171,-5.076,0.473,0.382,ergonomis
2026-06-01 16:01:49.646,2213249102,421646,1,0.83984,0.03589,0.71631,-0.893,1.794,-0.588,ergonomis
2026-06-01 16:01:49.646,2213249102,421646,2,1.03198,0.01343,0.00269,-1.893,0.359,0.634,ergonomis
2026-06-01 16:01:49.846,2213249302,421846,1,0.84375,0.03101,0.72974,0.725,1.58,-0.305,ergonomis
2026-06-01 16:01:49.846,2213249302,421846,2,1.02466,0.01221,0.00562,0.779,0.641,0.435,ergonomis
2026-06-01 16:01:50.046,2213249502,422046,1,0.84399,0.04077,0.71631,1.504,1.733,-0.267,ergonomis
2026-06-01 16:01:50.046,2213249502,422046,2,1.02686,0.01538,0.0022,0.74,0.427,0.504,ergonomis
2026-06-01 16:01:50.246,2213249702,422246,1,0.84204,0.0415,0.73145,0.038,1.962,-0.649,ergonomis
2026-06-01 16:01:50.246,2213249702,422246,2,1.03125,0.02026,-0.00146,1.496,0.321,0.893,ergonomis
2026-06-01 16:01:50.446,2213249902,422446,1,0.84546,0.03857,0.72876,0.725,1.817,-0.221,ergonomis
2026-06-01 16:01:50.446,2213249902,422446,2,1.0249,0.00903,0.00488,-1.137,0.221,0.466,ergonomis
2026-06-01 16:01:50.694,2213250150,422693,1,0.84106,0.03857,0.72778,0.618,1.756,-0.458,ergonomis
2026-06-01 16:01:50.694,2213250150,422693,2,1.0249,0.0166,0.00293,-0.595,0.702,0.389,ergonomis
2026-06-01 16:01:50.893,2213250349,422893,1,0.84741,0.03711,0.7312,0.939,1.885,-0.084,ergonomis
2026-06-01 16:01:50.893,2213250349,422893,2,1.02856,0.01514,0.00635,-0.855,0.344,0.542,ergonomis
2026-06-01 16:01:51.093,2213250549,423093,1,0.84399,0.03149,0.73267,0.183,1.55,-0.618,ergonomis
2026-06-01 16:01:51.093,2213250549,423093,2,1.03101,0.01758,0.00732,-1.198,0.588,0.672,ergonomis
2026-06-01 16:01:51.293,2213250749,423293,1,0.84277,0.03735,0.73096,0.618,1.626,-0.458,ergonomis
2026-06-01 16:01:51.293,2213250749,423293,2,1.02783,0.01733,0.00366,-4.069,0.107,0.496,ergonomis
2026-06-01 16:01:51.493,2213250949,423493,1,0.84033,0.03101,0.72266,-0.023,2.206,-0.763,ergonomis
2026-06-01 16:01:51.493,2213250949,423493,2,1.03467,0.02344,0.0083,-4.275,0.29,0.313,ergonomis
2026-06-01 16:01:52.977,2213252433,423977,1,0.84717,0.0354,0.72729,0.42,1.748,-0.305,ergonomis
2026-06-01 16:01:52.977,2213252433,423977,2,1.02832,0.01416,-0.00073,1.58,0.855,0.427,ergonomis
2026-06-01 16:01:52.177,2213251633,424177,1,0.84204,0.03687,0.71704,0.595,1.84,-0.176,ergonomis
2026-06-01 16:01:52.177,2213251633,424177,2,1.02344,0.01855,0.00928,1.565,0.557,0.397,ergonomis
2026-06-01 16:01:52.377,2213251833,424377,1,0.8418,0.03613,0.72925,0.664,1.55,-0.237,ergonomis
2026-06-01 16:01:52.377,2213251833,424377,2,1.03491,0.01611,0.00732,-0.038,0.527,0.397,ergonomis
2026-06-01 16:01:52.577,2213252033,424577,1,0.84253,0.04468,0.72998,0.282,2.504,-0.481,ergonomis
2026-06-01 16:01:52.577,2213252033,424577,2,1.03467,0.01563,-0.0022,-0.183,0.58,0.527,ergonomis
2026-06-01 16:01:52.859,2213252315,424859,1,0.84082,0.03345,0.71729,-0.031,1.664,-0.336,ergonomis
2026-06-01 16:01:52.859,2213252315,424859,2,1.02759,0.0144,0.00366,-1.099,0.198,0.42,ergonomis
2026-06-01 16:01:53.083,2213252539,425082,1,0.84692,0.04053,0.72583,0.557,1.702,-0.397,ergonomis
2026-06-01 16:01:53.083,2213252539,425082,2,1.02295,0.0144,-0.00879,-1.237,0.397,0.45,ergonomis
2026-06-01 16:01:53.282,2213252738,425282,1,0.84546,0.03687,0.72729,0.145,2.45,-0.618,ergonomis
2026-06-01 16:01:53.282,2213252738,425282,2,1.03223,0.02075,0.00049,-3.115,0.298,0.794,ergonomis
2026-06-01 16:01:53.528,2213252984,425528,1,0.84473,0.03394,0.72705,-1.069,2.069,-0.221,ergonomis
2026-06-01 16:01:53.528,2213252984,425528,2,1.02832,0.01416,0.00439,-4.366,0.443,0.74,ergonomis
2026-06-01 16:01:53.728,2213253184,425728,1,0.84326,0.03271,0.72119,-0.313,1.542,-0.672,ergonomis
2026-06-01 16:01:53.728,2213253184,425728,2,1.02588,0.01587,0.00537,-4.847,0.069,0.702,ergonomis
2026-06-01 16:01:53.928,2213253384,425928,1,0.85352,0.02808,0.71753,0.389,2.229,-2.496,ergonomis
2026-06-01 16:01:53.928,2213253384,425928,2,1.03394,0.00586,0.01221,-4.168,0.427,0.076,ergonomis
2026-06-01 16:01:54.128,2213253584,426128,1,0.84375,0.04419,0.73071,-1.176,1.656,-0.893,ergonomis
2026-06-01 16:01:54.128,2213253584,426128,2,1.02563,0.01782,0.01465,3.298,1.344,-0.168,ergonomis
2026-06-01 16:01:54.328,2213253784,426328,1,0.84644,0.0376,0.73291,1.977,2.008,,ergonomis
2026-06-01 16:01:54.328,2213253784,426328,2,1.02319,0.02246,0.00464,-1.672,-0.29,1.115,ergonomis
2026-06-01 16:01:54.528,2213253984,426528,1,0.84326,0.04077,0.73145,0.855,1.71,0.168,ergonomis
2026-06-01 16:01:54.528,2213253984,426528,2,1.03149,0.01514,0.00562,-0.489,0.725,0.748,ergonomis
2026-06-01 16:01:54.728,2213254184,426728,1,0.84985,0.03125,0.73535,0.786,2.405,-0.58,ergonomis
2026-06-01 16:01:54.728,2213254184,426728,2,1.03101,0.01025,0.01831,-1.786,0.511,0.351,ergonomis
2026-06-01 16:01:55.254,2213254710,427253,1,0.8457,0.04297,0.729,1.847,2.076,-0.145,ergonomis
2026-06-01 16:01:55.254,2213254710,427253,2,1.03101,0.01416,0.00806,-1.313,0.298,0.672,ergonomis
2026-06-01 16:01:55.453,2213254909,427453,1,0.84277,0.0437,0.72656,-1.748,2.191,-0.786,ergonomis
2026-06-01 16:01:55.453,2213254909,427453,2,1.02856,0.01758,0.0022,-2.817,1.099,0.45,ergonomis
2026-06-01 16:01:55.653,2213255109,427653,1,0.8457,0.04736,0.71875,0.702,2.435,-0.282,ergonomis
2026-06-01 16:01:55.653,2213255109,427653,2,1.02905,0.01392,0.00171,-4.931,0.641,0.214,ergonomis
2026-06-01 16:01:56.934,2213256390,427934,1,0.82935,0.05444,0.73853,-0.031,2.13,-1.565,ergonomis
2026-06-01 16:01:56.934,2213256390,427934,2,1.02856,0.01587,0.00122,-6.374,-0.58,1.443,ergonomis
2026-06-01 16:01:56.424,2213255880,428424,1,0.84253,0.05347,0.72339,-0.328,1.939,-1.336,ergonomis
2026-06-01 16:01:56.424,2213255880,428424,2,1.03882,-0.00244,-0.00464,-2.198,-0.725,1.237,ergonomis
2026-06-01 16:01:56.704,2213256160,428704,1,0.84521,0.04858,0.7229,0.076,2.176,-0.771,ergonomis
2026-06-01 16:01:56.704,2213256160,428704,2,1.03076,-0.00293,-0.00879,-0.366,0.443,0.618,ergonomis
2026-06-01 16:01:56.904,2213256360,428904,1,0.84351,0.06348,0.73999,2.527,1.603,-0.351,ergonomis
2026-06-01 16:01:56.904,2213256360,428904,2,1.02319,-0.00024,0.00635,0.221,1.053,0.122,ergonomis
2026-06-01 16:01:57.104,2213256560,429104,1,0.84692,0.05371,0.70923,-3.313,1.359,0.053,ergonomis
2026-06-01 16:01:57.104,2213256560,429104,2,1.03418,0.00854,-0.00244,0.076,-0.71,-1.336,ergonomis
2026-06-01 16:01:57.397,2213256853,429397,1,0.84106,0.05225,0.72827,-0.092,1.626,-3.069,ergonomis
2026-06-01 16:01:57.397,2213256853,429397,2,1.02759,0.0061,-0.00146,-0.031,0.42,-0.313,ergonomis
2026-06-01 16:01:57.597,2213257053,429597,1,0.84131,0.04395,0.7207,-0.16,1.092,-0.122,ergonomis
2026-06-01 16:01:57.597,2213257053,429597,2,1.02222,0.01294,-0.01758,0.641,-0.252,-0.969,ergonomis
2026-06-01 16:01:57.797,2213257253,429797,1,0.85132,0.05591,0.71753,2.794,2.122,-0.198,ergonomis
2026-06-01 16:01:57.797,2213257253,429797,2,1.0354,0.01709,-0.01465,-1.153,0.389,1.237,ergonomis
2026-06-01 16:01:58.997,2213258453,429997,1,0.84229,0.04053,0.73242,-0.229,2.679,1.176,ergonomis
2026-06-01 16:01:58.997,2213258453,429997,2,1.0249,0.01318,0.00073,0.031,1.366,0.771,ergonomis
2026-06-01 16:01:58.197,2213257653,430197,1,0.84302,0.04419,0.729,-0.489,1.58,0.137,ergonomis
2026-06-01 16:01:58.197,2213257653,430197,2,1.02954,0.01001,-0.00049,-4.824,0.198,1.313,ergonomis
2026-06-01 16:01:58.397,2213257853,430397,1,0.84375,0.03516,0.72461,1.656,0.458,0.42,ergonomis
2026-06-01 16:01:58.397,2213257853,430397,2,1.0249,0.02271,-0.01099,-4.466,0.351,0.603,ergonomis
2026-06-01 16:01:58.597,2213258053,430597,1,0.84375,0.03491,0.71753,1.13,1.435,0.733,ergonomis
2026-06-01 16:01:58.597,2213258053,430597,2,1.02856,0.00781,-0.00757,-4.557,0.42,0.565,ergonomis
2026-06-01 16:01:58.797,2213258253,430797,1,0.84717,0.0437,0.73291,1.221,1.847,-0.092,ergonomis
2026-06-01 16:01:58.797,2213258253,430797,2,1.02954,0.00732,-0.00244,-1.733,1.115,0.794,ergonomis
2026-06-01 16:01:59.997,2213259453,430997,1,0.8479,0.02393,0.71802,0.435,1.29,-0.458,ergonomis
2026-06-01 16:01:59.997,2213259453,430997,2,1.03052,0.00317,-0.00806,1.0,0.45,0.298,ergonomis
2026-06-01 16:01:59.197,2213258653,431197,1,0.83789,0.04517,0.71948,1.26,1.504,-0.405,ergonomis
2026-06-01 16:01:59.197,2213258653,431197,2,1.03076,0.00952,0.00293,0.084,0.45,0.542,ergonomis
2026-06-01 16:01:59.397,2213258853,431397,1,0.8457,0.03491,0.73218,0.786,1.748,-1.092,ergonomis
2026-06-01 16:01:59.397,2213258853,431397,2,1.03394,0.00854,0.0061,-0.107,0.748,0.282,ergonomis
2026-06-01 16:01:59.597,2213259053,431597,1,0.83081,0.04639,0.75269,3.252,0.137,1.435,ergonomis
2026-06-01 16:01:59.597,2213259053,431597,2,1.02075,0.02393,0.00439,-2.985,0.031,0.954,ergonomis
2026-06-01 16:01:59.797,2213259253,431797,1,0.84839,0.04541,0.7251,2.351,0.763,0.504,ergonomis
2026-06-01 16:01:59.797,2213259253,431797,2,1.03174,0.00293,-0.00269,-2.076,0.092,1.214,ergonomis
2026-06-01 16:02:00.997,2213260453,431997,1,0.84766,0.03003,0.72192,-3.641,2.038,-0.336,ergonomis
2026-06-01 16:02:00.997,2213260453,431997,2,1.02734,0.00244,-0.01001,-1.649,0.557,0.916,ergonomis
2026-06-01 16:02:00.197,2213259653,432197,1,0.85156,0.03394,0.72607,2.305,1.282,-1.031,ergonomis
2026-06-01 16:02:00.197,2213259653,432197,2,1.03369,0.00244,-0.0061,-5.191,0.038,0.107,ergonomis
2026-06-01 16:02:00.397,2213259853,432397,1,0.85229,0.04639,0.72729,-0.214,2.229,-2.176,ergonomis
2026-06-01 16:02:00.397,2213259853,432397,2,1.03174,0.00635,-0.00879,-1.977,-0.031,-0.153,ergonomis
2026-06-01 16:02:00.597,2213260053,432597,1,0.85547,0.03198,0.71533,1.374,1.817,-2.595,ergonomis
2026-06-01 16:02:00.597,2213260053,432597,2,1.02173,0.00244,0.00244,-3.069,-0.901,-0.389,ergonomis
2026-06-01 16:02:00.797,2213260253,432797,1,0.84888,0.04785,0.72363,2.992,2.198,-0.405,ergonomis
2026-06-01 16:02:00.797,2213260253,432797,2,1.02686,0.00879,0.00684,-1.947,0.489,-0.313,ergonomis
2026-06-01 16:02:01.997,2213261453,432997,1,0.85571,0.04565,0.70898,-0.313,1.557,0.527,ergonomis
2026-06-01 16:02:01.997,2213261453,432997,2,1.02905,0.01904,-0.01147,-2.45,0.695,1.008,ergonomis
2026-06-01 16:02:01.215,2213260671,433215,1,0.84448,0.04565,0.73193,1.992,0.962,-0.473,ergonomis
2026-06-01 16:02:01.215,2213260671,433215,2,1.0271,0.01099,-0.00024,-1.962,0.374,0.824,ergonomis
2026-06-01 16:02:01.415,2213260871,433415,1,0.84937,0.04468,0.72656,6.412,1.405,0.435,ergonomis
2026-06-01 16:02:01.415,2213260871,433415,2,1.03174,0.00806,-0.00415,0.008,-0.107,1.015,ergonomis
2026-06-01 16:02:01.615,2213261071,433615,1,0.84009,0.04712,0.73486,-0.344,2.031,-0.534,ergonomis
2026-06-01 16:02:01.615,2213261071,433615,2,1.0249,0.01147,-0.00513,-0.267,0.863,0.023,ergonomis
2026-06-01 16:02:01.815,2213261271,433815,1,0.84351,0.04907,0.72437,0.939,2.336,-0.511,ergonomis
2026-06-01 16:02:01.815,2213261271,433815,2,1.02637,0.01611,0.00317,-1.092,0.443,0.496,ergonomis
2026-06-01 16:02:02.015,2213261471,434015,1,0.84424,0.04443,0.73511,-1.015,1.947,-1.321,ergonomis
2026-06-01 16:02:02.015,2213261471,434015,2,1.02856,0.01367,-0.00439,-0.695,,-0.053,ergonomis
2026-06-01 16:02:02.215,2213261671,434215,1,0.8396,0.04907,0.72803,0.679,1.679,-1.153,ergonomis
2026-06-01 16:02:02.215,2213261671,434215,2,1.02295,0.00806,0.00342,-0.214,0.046,0.458,ergonomis
2026-06-01 16:02:02.415,2213261871,434415,1,0.84814,0.05176,0.729,-0.229,3.031,-1.122,ergonomis
2026-06-01 16:02:02.415,2213261871,434415,2,1.02783,0.01733,-0.00269,-2.344,1.061,0.756,ergonomis
2026-06-01 16:02:02.615,2213262071,434615,1,0.84399,0.05786,0.74292,2.176,-0.008,-0.885,ergonomis
2026-06-01 16:02:02.615,2213262071,434615,2,1.03174,0.01392,0.0022,-5.863,0.466,0.183,ergonomis
2026-06-01 16:02:02.815,2213262271,434815,1,0.84424,0.06006,0.72534,-1.947,2.397,-1.115,ergonomis
2026-06-01 16:02:02.815,2213262271,434815,2,1.03638,0.01221,-0.00635,-3.817,0.382,0.427,ergonomis
2026-06-01 16:02:03.015,2213262471,435015,1,0.84668,0.05591,0.73145,0.725,1.466,-1.023,ergonomis
2026-06-01 16:02:03.015,2213262471,435015,2,1.02075,0.01465,-0.01196,-3.855,0.244,0.641,ergonomis
2026-06-01 16:02:03.215,2213262671,435215,1,0.84448,0.04883,0.72681,0.664,-0.023,-0.069,ergonomis
2026-06-01 16:02:03.215,2213262671,435215,2,1.0249,0.01855,-0.00024,-1.573,0.611,0.473,ergonomis
2026-06-01 16:02:03.415,2213262871,435415,1,0.84497,0.05664,0.71484,-0.557,2.183,-0.198,ergonomis
2026-06-01 16:02:03.415,2213262871,435415,2,1.03418,0.02026,-0.00488,-1.031,0.313,0.679,ergonomis
2026-06-01 16:02:03.615,2213263071,435615,1,0.84229,0.05518,0.72021,-0.649,1.321,0.58,ergonomis
2026-06-01 16:02:03.615,2213263071,435615,2,1.02612,0.01514,-0.00366,-0.756,0.603,1.0,ergonomis
2026-06-01 16:02:03.815,2213263271,435815,1,0.84937,0.05078,0.73242,-0.595,1.893,-0.489,ergonomis
2026-06-01 16:02:03.815,2213263271,435815,2,1.03003,0.01025,-0.00464,0.183,0.718,0.71,ergonomis
2026-06-01 16:02:04.015,2213263471,436015,1,0.84229,0.04565,0.72778,0.107,2.496,-0.672,ergonomis
2026-06-01 16:02:04.015,2213263471,436015,2,1.0354,0.01392,0.00781,-1.947,-0.176,0.534,ergonomis
2026-06-01 16:02:04.215,2213263671,436215,1,0.8479,0.05176,0.72778,,0.832,-0.847,ergonomis
2026-06-01 16:02:04.215,2213263671,436215,2,1.02295,0.02417,0.00171,-1.145,0.176,0.366,ergonomis
2026-06-01 16:02:04.415,2213263871,436415,1,0.84326,0.04224,0.73267,-0.809,2.374,-0.733,ergonomis
2026-06-01 16:02:04.415,2213263871,436415,2,1.03442,0.01953,-0.00757,0.931,0.282,0.351,ergonomis
2026-06-01 16:02:04.753,2213264209,436752,1,0.84546,0.04248,0.72314,-0.649,1.58,-0.412,ergonomis
2026-06-01 16:02:04.753,2213264209,436752,2,1.03223,0.01221,0.00049,-3.237,0.099,0.573,ergonomis
2026-06-01 16:02:05.029,2213264485,437029,1,0.8396,0.03931,0.71802,-0.504,1.504,-0.435,ergonomis
2026-06-01 16:02:05.029,2213264485,437029,2,1.03247,0.01172,0.00293,0.382,-0.328,0.664,ergonomis
2026-06-01 16:02:05.395,2213264851,437395,1,0.84473,0.02905,0.72217,1.328,2.061,-0.45,ergonomis
2026-06-01 16:02:05.395,2213264851,437395,2,1.02881,0.00806,-0.00732,-1.527,0.046,0.489,ergonomis
2026-06-01 16:02:05.860,2213265316,437860,1,0.85278,0.03955,0.71558,0.214,1.687,-0.802,ergonomis
2026-06-01 16:02:05.860,2213265316,437860,2,1.03369,0.01416,-0.0022,-1.26,-0.076,0.382,ergonomis
2026-06-01 16:02:06.259,2213265715,438259,1,0.84912,0.03857,0.72144,-0.901,2.595,0.359,ergonomis
2026-06-01 16:02:06.259,2213265715,438259,2,1.03247,0.01074,-0.00781,-1.947,0.099,0.496,ergonomis
2026-06-01 16:02:07.447,2213266903,439447,1,0.85107,0.0249,0.72583,0.137,1.802,-0.313,ergonomis
2026-06-01 16:02:07.447,2213266903,439447,2,1.02856,0.00293,-0.00098,-0.908,-0.115,0.626,ergonomis
2026-06-01 16:02:08.402,2213267858,440402,1,0.84497,0.021,0.7251,0.672,2.122,-1.038,ergonomis
2026-06-01 16:02:08.402,2213267858,440402,2,1.02466,0.01245,-0.00562,-1.206,0.198,0.542,ergonomis
2026-06-01 16:02:09.525,2213268981,441525,1,0.85327,0.02295,0.72583,1.687,1.244,-1.298,ergonomis
2026-06-01 16:02:09.525,2213268981,441525,2,1.03638,0.00488,-0.01294,-0.137,-0.275,0.115,ergonomis
2026-06-01 16:02:10.127,2213269583,442127,1,0.84619,0.03613,0.71997,-0.511,1.939,-0.817,ergonomis
2026-06-01 16:02:10.127,2213269583,442127,2,1.03247,0.00977,0.00073,-3.947,0.435,0.565,ergonomis
2026-06-01 16:02:11.044,2213270500,443044,1,0.84937,0.03198,0.72021,1.763,1.26,-0.649,ergonomis
2026-06-01 16:02:11.044,2213270500,443044,2,1.02759,0.0127,-0.00366,-0.145,0.687,0.924,ergonomis
2026-06-01 16:02:12.618,2213272074,444618,1,0.84888,0.03931,0.7207,0.092,1.29,0.099,ergonomis
2026-06-01 16:02:12.618,2213272074,444618,2,1.02905,0.01147,-0.00928,-0.603,0.489,0.534,ergonomis
2026-06-01 16:02:16.433,2213275889,448433,1,0.84961,0.02734,0.71655,0.389,2.328,-0.641,ergonomis
2026-06-01 16:02:16.433,2213275889,448433,2,1.02344,0.00513,-0.00195,-3.42,-0.053,0.58,ergonomis
2026-06-01 16:02:19.747,2213279203,451747,1,0.85059,0.03516,0.73096,0.489,1.756,-0.885,ergonomis
2026-06-01 16:02:19.747,2213279203,451747,2,1.03418,0.00806,-0.00806,1.107,0.611,0.534,ergonomis
2026-06-01 16:02:20.538,2213279994,452538,1,0.84473,0.03271,0.72461,0.527,2.29,-0.252,ergonomis
2026-06-01 16:02:20.538,2213279994,452538,2,1.03125,0.00806,-0.00195,0.26,0.458,0.542,ergonomis
2026-06-01 16:02:23.478,2213282934,455478,1,0.84912,0.0332,0.71533,0.229,1.504,-0.565,ergonomis
2026-06-01 16:02:23.478,2213282934,455478,2,1.03271,0.0166,-0.00854,-3.908,0.237,0.702,ergonomis
2026-06-01 16:02:23.678,2213283134,455678,1,0.8479,0.02832,0.72729,0.191,2.053,-0.649,ergonomis
2026-06-01 16:02:23.678,2213283134,455678,2,1.02856,0.01294,-0.00879,-4.55,0.382,0.458,ergonomis
2026-06-01 16:02:23.878,2213283334,455878,1,0.84375,0.03003,0.73584,-0.183,1.824,-0.565,ergonomis
2026-06-01 16:02:23.878,2213283334,455878,2,1.02075,0.00952,-0.00269,-5.321,0.321,0.695,ergonomis
2026-06-01 16:02:24.078,2213283534,456078,1,0.84106,0.03174,0.71899,0.626,1.45,-0.45,ergonomis
2026-06-01 16:02:24.078,2213283534,456078,2,1.02539,0.01196,-0.00537,0.115,0.588,0.588,ergonomis
2026-06-01 16:02:24.298,2213283754,456298,1,0.83936,0.02222,0.71582,0.817,1.58,-0.321,ergonomis
2026-06-01 16:02:24.298,2213283754,456298,2,1.03613,0.00586,-0.00708,0.863,0.504,0.611,ergonomis
2026-06-01 16:02:24.498,2213283954,456498,1,0.84155,0.03101,0.71851,1.031,1.679,-0.344,ergonomis
2026-06-01 16:02:24.498,2213283954,456498,2,1.02954,0.01025,-0.00586,-0.137,0.473,0.489,ergonomis
2026-06-01 16:02:24.698,2213284154,456698,1,0.84839,0.03638,0.7207,0.031,1.695,-0.924,ergonomis
2026-06-01 16:02:24.698,2213284154,456698,2,1.03296,0.00806,0.00024,0.794,0.145,0.595,ergonomis
2026-06-01 16:02:24.898,2213284354,456898,1,0.84814,0.02856,0.729,-1.015,2.443,-1.069,ergonomis
2026-06-01 16:02:24.898,2213284354,456898,2,1.0271,0.00586,-0.00171,-0.847,-0.023,0.336,ergonomis
2026-06-01 16:02:25.098,2213284554,457098,1,0.8457,0.03784,0.73438,2.405,1.557,-0.092,ergonomis
2026-06-01 16:02:25.098,2213284554,457098,2,1.02515,0.021,-0.01758,-1.206,0.137,0.687,ergonomis
2026-06-01 16:02:25.298,2213284754,457298,1,0.83936,0.03345,0.73486,0.466,1.374,-0.053,ergonomis
2026-06-01 16:02:25.298,2213284754,457298,2,1.02612,0.01392,-0.00879,-1.687,0.748,0.817,ergonomis
2026-06-01 16:02:25.498,2213284954,457498,1,0.85034,0.07471,0.73999,-2.611,-1.969,7.573,ergonomis
2026-06-01 16:02:25.498,2213284954,457498,2,1.02783,0.01685,-0.02002,-4.672,2.74,5.244,ergonomis
2026-06-01 16:02:25.698,2213285154,457698,1,0.85352,-0.00635,0.72656,-9.855,-6.191,-2.244,ergonomis
2026-06-01 16:02:25.698,2213285154,457698,2,1.03003,-0.021,0.01123,-9.74,1.618,5.237,ergonomis
2026-06-01 16:02:25.898,2213285354,457898,1,0.85425,-0.01904,0.70435,-13.115,-3.939,-5.466,ergonomis
2026-06-01 16:02:25.898,2213285354,457898,2,1.03442,-0.05029,-0.01807,-11.885,-4.229,2.244,ergonomis
2026-06-01 16:02:26.190,2213285646,458190,1,0.87134,-0.02783,0.68555,-17.588,-6.0,-13.878,ergonomis
2026-06-01 16:02:26.190,2213285646,458190,2,1.01733,-0.07129,-0.0332,-16.565,-8.008,1.481,ergonomis
2026-06-01 16:02:26.390,2213285846,458390,1,0.90039,-0.0105,0.66064,-7.504,-2.382,-7.221,ergonomis
2026-06-01 16:02:26.390,2213285846,458390,2,1.03906,-0.0498,-0.0542,3.351,-7.42,0.924,ergonomis
2026-06-01 16:02:26.590,2213286046,458590,1,0.9021,-0.00781,0.64624,12.198,-4.046,2.847,ergonomis
2026-06-01 16:02:26.590,2213286046,458590,2,1.02148,-0.05591,-0.09204,10.603,-6.763,-0.817,ergonomis
2026-06-01 16:02:26.790,2213286246,458790,1,0.9104,-0.00464,0.6167,8.901,-4.718,6.58,ergonomis
2026-06-01 16:02:26.790,2213286246,458790,2,1.03345,-0.06396,-0.11157,9.366,-5.992,4.031,ergonomis
2026-06-01 16:02:31.074,2213290530,463074,2,1.07202,-0.03711,-0.05957,-1.87,-5.504,0.534,non-ergonomis
2026-06-01 16:02:31.377,2213290833,463377,1,0.97534,0.00195,0.60547,2.748,12.382,-6.771,non-ergonomis
2026-06-01 16:02:31.377,2213290833,463377,2,1.06665,-0.04272,0.06665,-36.267,24.702,-13.565,non-ergonomis
2026-06-01 16:02:32.065,2213291521,464064,1,0.5835,0.26611,0.88818,-2.496,-2.168,3.87,non-ergonomis
2026-06-01 16:02:32.065,2213291521,464064,2,0.94775,0.12866,0.11646,-24.221,-36.244,25.221,non-ergonomis
2026-06-01 16:02:32.335,2213291791,464335,1,0.85815,0.08325,0.82568,27.282,7.481,4.557,non-ergonomis
2026-06-01 16:02:32.335,2213291791,464335,2,1.01514,-0.05859,-0.06738,8.321,3.695,-2.809,non-ergonomis
2026-06-01 16:02:32.579,2213292035,464579,1,0.87451,0.02271,0.73901,1.427,-16.061,8.344,non-ergonomis
2026-06-01 16:02:32.579,2213292035,464579,2,1.03003,0.00366,-0.08521,-19.076,-0.092,0.519,non-ergonomis
2026-06-01 16:02:32.811,2213292267,464811,1,0.74854,0.05371,0.81006,1.435,5.786,-2.389,non-ergonomis
2026-06-01 16:02:32.811,2213292267,464811,2,1.0249,0.04419,0.06152,-5.901,12.282,-1.13,non-ergonomis
2026-06-01 16:02:33.011,2213292467,465011,1,0.64307,0.01318,0.88037,12.687,8.023,4.351,non-ergonomis
2026-06-01 16:02:33.011,2213292467,465011,2,0.99683,-0.01367,0.02417,2.122,-10.328,0.046,non-ergonomis
2026-06-01 16:02:33.211,2213292667,465211,1,0.79077,0.02588,0.83179,4.695,-5.382,5.748,non-ergonomis
2026-06-01 16:02:33.211,2213292667,465211,2,1.04614,-0.03027,-0.01685,4.137,-7.191,-1.511,non-ergonomis
2026-06-01 16:02:33.411,2213292867,465411,1,0.81079,0.01123,0.7605,-25.458,2.908,-7.595,non-ergonomis
2026-06-01 16:02:33.411,2213292867,465411,2,1.04541,-0.0437,-0.04736,-13.252,13.198,4.397,non-ergonomis
2026-06-01 16:02:33.611,2213293067,465611,1,0.75464,-0.01953,0.81006,0.702,30.015,-0.794,non-ergonomis
2026-06-01 16:02:33.611,2213293067,465611,2,1.05542,-0.0249,0.04565,-1.137,20.038,-5.229,non-ergonomis
2026-06-01 16:02:33.811,2213293267,465811,1,0.64893,-0.05493,0.90308,6.725,15.489,-13.038,non-ergonomis
2026-06-01 16:02:33.811,2213293267,465811,2,1.01587,-0.00732,0.14307,-4.687,13.313,-10.641,non-ergonomis
2026-06-01 16:02:34.011,2213293467,466011,1,0.54346,0.06372,1.04004,7.008,15.611,2.718,non-ergonomis
2026-06-01 16:02:34.011,2213293467,466011,2,0.97705,0.05151,0.15039,11.42,4.718,-2.466,non-ergonomis
2026-06-01 16:02:34.211,2213293667,466211,1,0.68433,-0.04517,0.87524,1.802,-5.176,-8.672,non-ergonomis
2026-06-01 16:02:34.211,2213293667,466211,2,1.02197,0.03223,0.14917,5.786,6.725,-4.817,non-ergonomis
2026-06-01 16:02:34.411,2213293867,466411,1,0.58984,0.00195,0.90796,-2.626,6.176,2.779,non-ergonomis
2026-06-01 16:02:34.411,2213293867,466411,2,0.98511,0.00586,0.2417,5.542,1.695,0.443,non-ergonomis
2026-06-01 16:02:34.611,2213294067,466611,1,0.61182,0.13501,0.94043,22.656,-6.802,6.885,non-ergonomis
2026-06-01 16:02:34.611,2213294067,466611,2,1.02344,0.09424,0.12012,13.427,-4.573,1.42,non-ergonomis
2026-06-01 16:02:34.811,2213294267,466811,1,0.62354,0.07666,0.90625,-8.634,13.084,-6.267,non-ergonomis
2026-06-01 16:02:34.811,2213294267,466811,2,0.99243,0.03296,0.146,-0.443,12.16,-7.863,non-ergonomis
2026-06-01 16:02:35.024,2213294480,467024,1,0.59985,0.08569,0.95093,-4.252,-6.489,-0.718,non-ergonomis
2026-06-01 16:02:35.024,2213294480,467024,2,1.01831,0.07104,0.17651,-5.26,-3.763,5.321,non-ergonomis
2026-06-01 16:02:35.224,2213294680,467224,1,0.64014,0.05688,0.94458,1.107,-1.595,-1.405,non-ergonomis
2026-06-01 16:02:35.224,2213294680,467224,2,1.00024,-0.00854,0.14722,-1.084,4.168,-1.191,non-ergonomis
2026-06-01 16:02:35.424,2213294880,467424,1,0.63501,0.08667,0.91162,6.771,9.176,-1.443,non-ergonomis
2026-06-01 16:02:35.424,2213294880,467424,2,0.99561,0.07349,0.1355,-7.458,5.053,-1.061,non-ergonomis
2026-06-01 16:02:35.624,2213295080,467624,1,0.65845,0.02539,0.93164,-9.458,-3.466,7.076,non-ergonomis
2026-06-01 16:02:35.624,2213295080,467624,2,1.02148,0.06055,0.16211,11.366,-2.977,-3.16,non-ergonomis
2026-06-01 16:02:35.824,2213295280,467824,1,0.61426,0.0896,0.94067,0.588,0.969,-3.0,non-ergonomis
2026-06-01 16:02:35.824,2213295280,467824,2,1.01367,0.04004,0.16895,-5.626,2.313,2.664,non-ergonomis
2026-06-01 16:02:36.024,2213295480,468024,1,0.63184,0.05151,0.9209,1.183,2.885,2.038,non-ergonomis
2026-06-01 16:02:36.024,2213295480,468024,2,1.00488,0.07007,0.14282,1.733,-2.588,-0.26,non-ergonomis
2026-06-01 16:02:36.224,2213295680,468224,1,0.61572,0.04492,0.94116,-2.939,3.038,-1.695,non-ergonomis
2026-06-01 16:02:36.224,2213295680,468224,2,1.00854,0.05664,0.15576,-1.244,1.137,0.015,non-ergonomis
2026-06-01 16:02:36.424,2213295880,468424,1,0.62085,0.05518,0.93066,-0.221,1.931,0.198,non-ergonomis
2026-06-01 16:02:36.424,2213295880,468424,2,1.00415,0.06396,0.15063,-0.656,0.191,0.679,non-ergonomis
2026-06-01 16:02:36.624,2213296080,468624,1,0.625,0.05225,0.93433,0.176,1.863,-0.481,non-ergonomis
2026-06-01 16:02:36.624,2213296080,468624,2,1.00952,0.06372,0.15723,-1.015,0.573,0.756,non-ergonomis
2026-06-01 16:02:36.824,2213296280,468824,1,0.61792,0.0498,0.93799,0.321,1.481,-0.359,non-ergonomis
2026-06-01 16:02:36.824,2213296280,468824,2,1.00732,0.06763,0.15649,-0.763,0.137,0.145,non-ergonomis
2026-06-01 16:02:37.024,2213296480,469024,1,0.62476,0.05957,0.93384,0.351,1.969,-0.26,non-ergonomis
2026-06-01 16:02:37.024,2213296480,469024,2,1.00757,0.06104,0.15259,-2.328,0.351,0.527,non-ergonomis
2026-06-01 16:02:37.224,2213296680,469224,1,0.62354,0.05151,0.92261,0.573,1.702,0.466,non-ergonomis
2026-06-01 16:02:37.224,2213296680,469224,2,1.00391,0.0647,0.15283,-2.405,0.206,0.031,non-ergonomis
2026-06-01 16:02:37.424,2213296880,469424,1,0.6123,0.04468,0.93311,0.771,1.267,1.42,non-ergonomis
2026-06-01 16:02:37.424,2213296880,469424,2,1.00903,0.06543,0.15112,,-1.573,2.298,non-ergonomis
2026-06-01 16:02:37.624,2213297080,469624,1,0.6311,0.03003,0.93408,-0.061,0.443,-0.023,non-ergonomis
2026-06-01 16:02:37.624,2213297080,469624,2,1.00879,0.05225,0.14014,-2.504,-0.641,0.885,non-ergonomis
2026-06-01 16:02:37.824,2213297280,469824,1,0.63501,0.03833,0.92114,-0.069,2.374,0.527,non-ergonomis
2026-06-01 16:02:37.824,2213297280,469824,2,1.01294,0.04663,0.15015,-0.427,-0.008,0.107,non-ergonomis
2026-06-01 16:02:38.024,2213297480,470024,1,0.62988,0.04297,0.92798,0.679,2.008,-0.641,non-ergonomis
2026-06-01 16:02:38.024,2213297480,470024,2,1.00269,0.04834,0.14771,-0.771,1.0,1.313,non-ergonomis
2026-06-01 16:02:38.224,2213297680,470224,1,0.62305,0.03589,0.92676,0.618,2.145,-0.183,non-ergonomis
2026-06-01 16:02:38.224,2213297680,470224,2,1.0105,0.0603,0.14087,-0.305,-0.061,0.893,non-ergonomis
2026-06-01 16:02:38.424,2213297880,470424,1,0.63354,0.0354,0.92505,1.786,0.992,-0.076,non-ergonomis
2026-06-01 16:02:38.424,2213297880,470424,2,1.01636,0.05664,0.15381,-0.847,-0.527,0.504,non-ergonomis
2026-06-01 16:02:38.624,2213298080,470624,1,0.63257,0.03442,0.93066,2.855,3.137,-0.275,non-ergonomis
2026-06-01 16:02:38.624,2213298080,470624,2,1.00854,0.07129,0.14014,-0.405,0.031,0.153,non-ergonomis
2026-06-01 16:02:38.824,2213298280,470824,1,0.62402,0.02271,0.93555,-0.015,1.695,0.435,non-ergonomis
2026-06-01 16:02:38.824,2213298280,470824,2,1.00488,0.06201,0.13965,-0.153,0.13,0.267,non-ergonomis
2026-06-01 16:02:39.024,2213298480,471024,1,0.62891,0.03247,0.93066,-0.046,1.878,-0.878,non-ergonomis
2026-06-01 16:02:39.024,2213298480,471024,2,1.00586,0.05225,0.14526,-1.313,0.618,0.603,non-ergonomis
2026-06-01 16:02:39.224,2213298680,471224,1,0.63086,0.03296,0.93335,1.168,2.313,-0.519,non-ergonomis
2026-06-01 16:02:39.224,2213298680,471224,2,1.00757,0.05151,0.14648,-2.885,0.847,0.489,non-ergonomis
2026-06-01 16:02:39.445,2213298901,471445,1,0.62744,0.03906,0.92603,1.458,2.031,-0.466,non-ergonomis
2026-06-01 16:02:39.445,2213298901,471445,2,1.01099,0.06592,0.14209,-1.702,0.229,0.443,non-ergonomis
2026-06-01 16:02:39.645,2213299101,471645,1,0.62769,0.0354,0.93164,0.45,1.71,0.053,non-ergonomis
2026-06-01 16:02:39.645,2213299101,471645,2,1.01099,0.06641,0.14233,-1.45,0.634,0.397,non-ergonomis
2026-06-01 16:02:39.845,2213299301,471845,1,0.62891,0.03784,0.93481,1.008,2.137,-0.527,non-ergonomis
2026-06-01 16:02:39.845,2213299301,471845,2,1.01221,0.06152,0.14453,-1.206,0.656,0.588,non-ergonomis
2026-06-01 16:02:40.045,2213299501,472045,1,0.62988,0.0354,0.94849,0.137,1.87,-0.588,non-ergonomis
2026-06-01 16:02:40.045,2213299501,472045,2,1.00854,0.05713,0.1416,-1.939,0.237,0.26,non-ergonomis
2026-06-01 16:02:40.245,2213299701,472245,1,0.63208,0.03906,0.92041,0.489,1.702,-0.611,non-ergonomis
2026-06-01 16:02:40.245,2213299701,472245,2,1.01221,0.06421,0.15186,-1.351,0.489,0.244,non-ergonomis
2026-06-01 16:02:40.445,2213299901,472445,1,0.62964,0.03931,0.92383,-0.053,1.809,-0.405,non-ergonomis
2026-06-01 16:02:40.445,2213299901,472445,2,1.00415,0.06226,0.14673,-1.198,0.305,0.473,non-ergonomis
2026-06-01 16:02:40.645,2213300101,472645,1,0.63672,0.03101,0.9353,0.344,2.16,-0.305,non-ergonomis
2026-06-01 16:02:40.645,2213300101,472645,2,1.01147,0.05737,0.15137,-0.595,0.397,0.687,non-ergonomis
2026-06-01 16:02:40.845,2213300301,472845,1,0.625,0.03833,0.94067,0.061,2.046,-0.267,non-ergonomis
2026-06-01 16:02:40.845,2213300301,472845,2,1.00977,0.06445,0.14478,-1.588,0.191,0.443,non-ergonomis
2026-06-01 16:02:41.045,2213300501,473045,1,0.63062,0.04004,0.93335,-0.191,1.74,-0.58,non-ergonomis
2026-06-01 16:02:41.045,2213300501,473045,2,1.00879,0.06152,0.14038,-2.832,0.588,0.389,non-ergonomis
2026-06-01 16:02:41.246,2213300702,473246,1,0.62964,0.03809,0.93506,0.656,1.847,-0.58,non-ergonomis
2026-06-01 16:02:41.246,2213300702,473246,2,1.00342,0.04883,0.14331,-4.16,0.786,1.229,non-ergonomis
2026-06-01 16:02:41.446,2213300902,473446,1,0.62671,0.03613,0.93286,0.122,1.84,-0.397,non-ergonomis
2026-06-01 16:02:41.446,2213300902,473446,2,1.00708,0.06079,0.13892,-1.351,0.313,0.618,non-ergonomis
2026-06-01 16:02:41.646,2213301102,473646,1,0.62134,0.03516,0.93433,0.336,1.771,-0.282,non-ergonomis
2026-06-01 16:02:41.646,2213301102,473646,2,1.01392,0.05786,0.14111,0.084,0.282,0.076,non-ergonomis
2026-06-01 16:02:41.846,2213301302,473846,1,0.63013,0.03296,0.927,-0.382,2.137,-0.626,non-ergonomis
2026-06-01 16:02:41.846,2213301302,473846,2,1.01001,0.05566,0.14331,-0.519,0.473,0.595,non-ergonomis
2026-06-01 16:02:42.046,2213301502,474046,1,0.63159,0.03467,0.92773,0.481,1.725,-0.374,non-ergonomis
2026-06-01 16:02:42.046,2213301502,474046,2,0.99805,0.04785,0.14771,-1.756,0.573,1.145,non-ergonomis
2026-06-01 16:02:42.246,2213301702,474246,1,0.62646,0.03418,0.92554,1.183,2.634,-0.908,non-ergonomis
2026-06-01 16:02:42.246,2213301702,474246,2,1.00122,0.06396,0.15161,-1.817,0.496,0.534,non-ergonomis
2026-06-01 16:02:42.446,2213301902,474446,1,0.62109,0.03027,0.93286,0.664,1.863,-0.344,non-ergonomis
2026-06-01 16:02:42.446,2213301902,474446,2,1.01001,0.05127,0.15356,-1.237,0.359,0.336,non-ergonomis
2026-06-01 16:02:42.646,2213302102,474646,1,0.62891,0.03174,0.92944,0.229,1.901,-0.481,non-ergonomis
2026-06-01 16:02:42.646,2213302102,474646,2,1.00488,0.05786,0.14307,-1.237,0.344,0.466,non-ergonomis
2026-06-01 16:02:42.846,2213302302,474846,1,0.62915,0.03931,0.93018,-0.168,1.687,-0.351,non-ergonomis
2026-06-01 16:02:42.846,2213302302,474846,2,1.00977,0.06079,0.14697,-1.336,0.275,0.618,non-ergonomis
2026-06-01 16:02:43.046,2213302502,475046,1,0.62695,0.02637,0.93823,-0.13,1.885,-0.634,non-ergonomis
2026-06-01 16:02:43.046,2213302502,475046,2,1.00806,0.04761,0.14795,-1.191,0.611,0.626,non-ergonomis
2026-06-01 16:02:43.246,2213302702,475246,1,0.62915,0.03467,0.93652,0.252,1.992,-0.565,non-ergonomis
2026-06-01 16:02:43.246,2213302702,475246,2,0.99951,0.05396,0.14258,-1.389,0.176,0.42,non-ergonomis
2026-06-01 16:02:43.446,2213302902,475446,1,0.62744,0.02612,0.93457,0.435,2.023,-0.397,non-ergonomis
2026-06-01 16:02:43.446,2213302902,475446,2,1.00781,0.05591,0.14087,-1.214,0.55,0.542,non-ergonomis
2026-06-01 16:02:43.646,2213303102,475646,1,0.62329,0.03027,0.94189,,1.809,-0.305,non-ergonomis
2026-06-01 16:02:43.646,2213303102,475646,2,1.00488,0.06226,0.14551,-0.931,0.45,0.473,non-ergonomis
2026-06-01 16:02:43.846,2213303302,475846,1,0.6311,0.03076,0.93652,-0.321,1.855,-0.542,non-ergonomis
2026-06-01 16:02:43.846,2213303302,475846,2,1.00317,0.06274,0.14575,-1.763,0.603,0.748,non-ergonomis
2026-06-01 16:02:44.046,2213303502,476046,1,0.63135,0.03296,0.92871,0.092,1.748,-0.511,non-ergonomis
2026-06-01 16:02:44.046,2213303502,476046,2,1.01074,0.06104,0.14038,-3.542,0.038,0.595,non-ergonomis
2026-06-01 16:02:44.246,2213303702,476246,1,0.62134,0.02881,0.92065,0.053,1.84,-0.29,non-ergonomis
2026-06-01 16:02:44.246,2213303702,476246,2,1.00903,0.06006,0.14209,-2.282,0.427,0.511,non-ergonomis
2026-06-01 16:02:44.446,2213303902,476446,1,0.62231,0.02808,0.92725,-0.137,1.924,-0.359,non-ergonomis
2026-06-01 16:02:44.446,2213303902,476446,2,1.00928,0.05908,0.13599,-0.031,0.473,0.573,non-ergonomis
2026-06-01 16:02:44.646,2213304102,476646,1,0.62598,0.02881,0.93652,0.237,1.55,-0.29,non-ergonomis
2026-06-01 16:02:44.646,2213304102,476646,2,1.00854,0.05469,0.14355,-0.687,0.321,0.626,non-ergonomis
2026-06-01 16:02:44.846,2213304302,476846,1,0.62305,0.02441,0.92749,0.252,1.992,-0.305,non-ergonomis
2026-06-01 16:02:44.846,2213304302,476846,2,1.00635,0.05298,0.1416,-1.229,0.458,0.557,non-ergonomis
2026-06-01 16:02:45.046,2213304502,477046,1,0.62476,0.0271,0.93701,0.702,2.0,-0.321,non-ergonomis
2026-06-01 16:02:45.046,2213304502,477046,2,1.00562,0.0542,0.14233,-1.015,0.466,0.527,non-ergonomis
2026-06-01 16:02:45.338,2213304794,477337,1,0.62402,0.02319,0.93726,0.885,1.382,-0.504,non-ergonomis
2026-06-01 16:02:45.338,2213304794,477337,2,1.01123,0.06738,0.1521,-1.015,0.511,0.74,non-ergonomis
2026-06-01 16:02:45.537,2213304993,477537,1,0.62598,0.02344,0.93433,0.573,2.069,-0.344,non-ergonomis
2026-06-01 16:02:45.537,2213304993,477537,2,1.00659,0.05566,0.14844,-1.29,0.252,0.55,non-ergonomis
2026-06-01 16:02:45.737,2213305193,477737,1,0.62524,0.02832,0.92749,0.389,1.733,-0.435,non-ergonomis
2026-06-01 16:02:45.737,2213305193,477737,2,1.00391,0.05713,0.14355,-0.809,0.328,0.58,non-ergonomis
2026-06-01 16:02:46.937,2213306393,477937,1,0.61597,0.03101,0.93262,1.527,2.466,-0.084,non-ergonomis
2026-06-01 16:02:46.937,2213306393,477937,2,1.01489,0.06055,0.13525,-0.618,-0.702,1.954,non-ergonomis
2026-06-01 16:02:46.137,2213305593,478137,1,0.60815,0.04028,0.94653,-0.878,1.756,1.16,non-ergonomis
2026-06-01 16:02:46.137,2213305593,478137,2,1.00806,0.06348,0.14844,-0.565,-2.023,2.58,non-ergonomis
2026-06-01 16:02:46.337,2213305793,478337,1,0.63232,0.00537,0.92627,-3.038,-4.42,-0.29,non-ergonomis
2026-06-01 16:02:46.337,2213305793,478337,2,1.02368,0.04224,0.12866,-3.511,-3.221,2.557,non-ergonomis
2026-06-01 16:02:46.537,2213305993,478537,1,0.64917,0.02759,0.90332,-2.74,-2.183,1.71,non-ergonomis
2026-06-01 16:02:46.537,2213305993,478537,2,1.02295,0.04932,0.11914,-5.031,-0.718,1.931,non-ergonomis
2026-06-01 16:02:46.737,2213306193,478737,1,0.66479,-0.00757,0.90039,-0.756,-0.046,3.26,non-ergonomis
2026-06-01 16:02:46.737,2213306193,478737,2,1.02368,0.03809,0.12109,-7.092,2.588,1.458,non-ergonomis
2026-06-01 16:02:47.993,2213307449,478993,1,0.66602,-0.02148,0.92261,-2.359,9.206,5.412,non-ergonomis
2026-06-01 16:02:47.993,2213307449,478993,2,1.00464,0.05566,0.13086,1.481,5.595,2.496,non-ergonomis
2026-06-01 16:02:47.199,2213306655,479199,1,0.62671,-0.04688,0.9375,-17.893,7.863,-5.718,non-ergonomis
2026-06-01 16:02:47.199,2213306655,479199,2,1.00879,-0.00635,0.1311,-14.336,8.863,5.786,non-ergonomis
2026-06-01 16:02:47.399,2213306855,479399,1,0.62817,-0.11279,0.95264,-10.847,7.664,-3.702,non-ergonomis
2026-06-01 16:02:47.399,2213306855,479399,2,1.00781,-0.03198,0.19458,-2.573,9.718,-0.588,non-ergonomis
2026-06-01 16:02:47.599,2213307055,479599,1,0.57764,-0.08423,0.95654,9.45,5.206,7.962,non-ergonomis
2026-06-01 16:02:47.599,2213307055,479599,2,0.99048,0.03223,0.20605,5.267,4.656,-0.313,non-ergonomis
2026-06-01 16:02:47.799,2213307255,479799,1,0.59814,-0.10132,0.93945,4.924,2.756,-2.313,non-ergonomis
2026-06-01 16:02:47.799,2213307255,479799,2,0.9812,0.01001,0.23096,-1.863,1.45,3.542,non-ergonomis
2026-06-01 16:02:48.999,2213308455,479999,1,0.5769,-0.06152,0.95483,1.588,1.267,-1.053,non-ergonomis
2026-06-01 16:02:48.999,2213308455,479999,2,0.99072,-0.00366,0.20776,0.214,-1.992,0.42,non-ergonomis
2026-06-01 16:02:48.199,2213307655,480199,1,0.59839,-0.05811,0.94995,-0.702,-0.031,0.733,non-ergonomis
2026-06-01 16:02:48.199,2213307655,480199,2,0.99048,0.01172,0.20435,-1.008,0.389,1.26,non-ergonomis
2026-06-01 16:02:48.399,2213307855,480399,1,0.59668,-0.08154,0.95752,0.481,1.977,-0.718,non-ergonomis
2026-06-01 16:02:48.399,2213307855,480399,2,0.98413,-0.01025,0.23022,-2.053,0.328,0.496,non-ergonomis
2026-06-01 16:02:48.599,2213308055,480599,1,0.59424,-0.07324,0.96045,-2.466,-3.198,-0.435,non-ergonomis
2026-06-01 16:02:48.599,2213308055,480599,2,0.9856,-0.00244,0.21338,-5.641,-1.885,-0.824,non-ergonomis
2026-06-01 16:02:48.799,2213308255,480799,1,0.60913,-0.08008,0.96216,-0.122,0.153,-1.122,non-ergonomis
2026-06-01 16:02:48.799,2213308255,480799,2,0.99829,0.00537,0.20215,-4.13,-0.29,-0.672,non-ergonomis
2026-06-01 16:02:49.999,2213309455,480999,1,0.61743,-0.09351,0.92505,-3.916,0.237,-2.031,non-ergonomis
2026-06-01 16:02:49.999,2213309455,480999,2,0.99438,0.00513,0.19702,-4.282,1.0,0.061,non-ergonomis
2026-06-01 16:02:49.199,2213308655,481199,1,0.6106,-0.08057,0.94409,0.664,1.534,-0.634,non-ergonomis
2026-06-01 16:02:49.199,2213308655,481199,2,0.99487,0.00317,0.20557,-1.595,-0.145,0.55,non-ergonomis
2026-06-01 16:02:49.399,2213308855,481399,1,0.60449,-0.08569,0.94067,0.191,2.076,-0.519,non-ergonomis
2026-06-01 16:02:49.399,2213308855,481399,2,0.99365,0.00513,0.19873,-1.366,0.366,0.954,non-ergonomis
2026-06-01 16:02:49.599,2213309055,481599,1,0.60669,-0.09033,0.94116,0.122,1.84,-0.053,non-ergonomis
2026-06-01 16:02:49.599,2213309055,481599,2,0.99341,0.00366,0.20605,-1.595,0.382,0.542,non-ergonomis
2026-06-01 16:02:49.799,2213309255,481799,1,0.61206,-0.09424,0.94214,0.687,2.26,-0.84,non-ergonomis
2026-06-01 16:02:49.799,2213309255,481799,2,1.00171,0.0061,0.21191,-0.534,0.466,0.16,non-ergonomis
2026-06-01 16:02:50.999,2213310455,481999,1,0.60815,-0.08057,0.95361,1.176,1.954,0.023,non-ergonomis
2026-06-01 16:02:50.999,2213310455,481999,2,0.99268,0.01221,0.20459,-1.58,0.359,1.069,non-ergonomis
2026-06-01 16:02:50.199,2213309655,482199,1,0.60791,-0.09375,0.94678,-0.756,1.489,-0.763,non-ergonomis
2026-06-01 16:02:50.199,2213309655,482199,2,0.99268,-0.00073,0.20532,-1.191,0.214,0.763,non-ergonomis
2026-06-01 16:02:50.399,2213309855,482399,1,0.61279,-0.09155,0.94849,0.695,1.931,-0.282,non-ergonomis
2026-06-01 16:02:50.399,2213309855,482399,2,0.99902,0.00342,0.21924,-1.542,0.366,0.489,non-ergonomis
2026-06-01 16:02:50.599,2213310055,482599,1,0.61255,-0.09106,0.9397,0.092,1.672,-0.794,non-ergonomis
2026-06-01 16:02:50.599,2213310055,482599,2,0.99878,0.00342,0.20679,-1.443,0.756,0.71,non-ergonomis
2026-06-01 16:02:50.822,2213310278,482822,1,0.60767,-0.09424,0.94604,-0.046,1.672,-0.389,non-ergonomis
2026-06-01 16:02:50.822,2213310278,482822,2,0.99854,0.00415,0.20239,-0.809,0.466,0.725,non-ergonomis
2026-06-01 16:02:51.022,2213310478,483022,1,0.61401,-0.08862,0.94458,0.695,1.687,-0.664,non-ergonomis
2026-06-01 16:02:51.022,2213310478,483022,2,0.99219,0.00342,0.19702,-1.13,0.336,0.832,non-ergonomis
2026-06-01 16:02:51.222,2213310678,483222,1,0.6145,-0.09033,0.94385,0.366,1.595,-0.634,non-ergonomis
2026-06-01 16:02:51.222,2213310678,483222,2,0.99854,0.00269,0.19971,-1.023,0.115,1.076,non-ergonomis
2026-06-01 16:02:51.422,2213310878,483422,1,0.60718,-0.09155,0.93115,1.84,2.809,0.023,non-ergonomis
2026-06-01 16:02:51.422,2213310878,483422,2,0.99341,0.00269,0.20459,-1.076,1.191,1.053,non-ergonomis
2026-06-01 16:02:51.622,2213311078,483622,1,0.60547,-0.08301,0.9458,,1.649,0.107,non-ergonomis
2026-06-01 16:02:51.622,2213311078,483622,2,0.9939,-0.00171,0.21191,-0.603,0.16,0.718,non-ergonomis
2026-06-01 16:02:51.822,2213311278,483822,1,0.61377,-0.08496,0.93628,0.214,1.947,-0.832,non-ergonomis
2026-06-01 16:02:51.822,2213311278,483822,2,0.99341,-0.00659,0.19189,-1.817,0.496,0.748,non-ergonomis
2026-06-01 16:02:52.022,2213311478,484022,1,0.60742,-0.0957,0.93701,0.405,1.771,-0.214,non-ergonomis
2026-06-01 16:02:52.022,2213311478,484022,2,0.99805,0.00269,0.19849,-1.313,0.397,0.695,non-ergonomis
2026-06-01 16:02:52.222,2213311678,484222,1,0.60547,-0.08618,0.94482,1.435,1.763,-0.328,non-ergonomis
2026-06-01 16:02:52.222,2213311678,484222,2,0.9895,-0.00342,0.20239,-1.511,0.58,1.328,non-ergonomis
2026-06-01 16:02:52.422,2213311878,484422,1,0.60059,-0.08936,0.94922,-0.053,1.809,-1.687,non-ergonomis
2026-06-01 16:02:52.422,2213311878,484422,2,0.99268,-0.00146,0.19775,-1.427,-0.45,-0.817,non-ergonomis
2026-06-01 16:02:52.622,2213312078,484622,1,0.60815,-0.08032,0.94263,-0.496,1.008,0.847,non-ergonomis
2026-06-01 16:02:52.622,2213312078,484622,2,0.99561,0.0083,0.19336,-2.695,0.626,0.069,non-ergonomis
2026-06-01 16:02:52.822,2213312278,484822,1,0.61084,-0.10938,0.94482,-0.901,0.55,1.275,non-ergonomis
2026-06-01 16:02:52.822,2213312278,484822,2,1.01245,0.0083,0.19849,-0.939,-0.168,-0.023,non-ergonomis
2026-06-01 16:02:53.022,2213312478,485022,1,0.60986,-0.0957,0.94263,-0.603,1.664,-0.229,non-ergonomis
2026-06-01 16:02:53.022,2213312478,485022,2,1.00171,-0.00928,0.19702,-1.626,0.527,0.87,non-ergonomis
2026-06-01 16:02:53.222,2213312678,485222,1,0.6145,-0.10059,0.94531,-0.282,2.511,-0.679,non-ergonomis
2026-06-01 16:02:53.222,2213312678,485222,2,1.00439,-0.00122,0.20386,-0.687,0.679,0.702,non-ergonomis
2026-06-01 16:02:53.422,2213312878,485422,1,0.61597,-0.09619,0.93774,0.298,1.519,-0.443,non-ergonomis
2026-06-01 16:02:53.422,2213312878,485422,2,0.99731,-0.01147,0.19971,-0.702,0.435,0.74,non-ergonomis
2026-06-01 16:02:53.671,2213313127,485671,1,0.61182,-0.1062,0.93677,-0.076,2.137,-0.389,non-ergonomis
2026-06-01 16:02:53.671,2213313127,485671,2,1.00146,-0.0061,0.19434,-1.046,0.519,0.679,non-ergonomis
2026-06-01 16:02:53.871,2213313327,485871,1,0.61157,-0.10815,0.93481,0.672,2.206,-0.809,non-ergonomis
2026-06-01 16:02:53.871,2213313327,485871,2,0.99707,-0.00366,0.20239,-1.015,0.588,0.603,non-ergonomis
2026-06-01 16:02:54.071,2213313527,486071,1,0.60938,-0.10449,0.94287,0.046,1.557,-0.649,non-ergonomis
2026-06-01 16:02:54.071,2213313527,486071,2,0.99365,-0.00244,0.20386,-0.87,0.321,0.924,non-ergonomis
2026-06-01 16:02:54.271,2213313727,486271,1,0.61133,-0.10278,0.94019,0.58,2.084,-0.542,non-ergonomis
2026-06-01 16:02:54.271,2213313727,486271,2,0.99292,-0.00708,0.20068,-0.969,0.496,0.962,non-ergonomis
2026-06-01 16:02:54.471,2213313927,486471,1,0.60815,-0.09961,0.94849,0.351,1.939,-0.45,non-ergonomis
2026-06-01 16:02:54.471,2213313927,486471,2,0.99072,-0.00732,0.19727,-1.061,0.519,0.557,non-ergonomis
2026-06-01 16:02:54.671,2213314127,486671,1,0.60938,-0.10962,0.9436,0.061,1.71,-0.481,non-ergonomis
2026-06-01 16:02:54.671,2213314127,486671,2,0.99634,-0.00269,0.20776,-1.023,0.076,0.611,non-ergonomis
2026-06-01 16:02:54.871,2213314327,486871,1,0.61792,-0.10083,0.94556,0.42,1.603,-0.298,non-ergonomis
2026-06-01 16:02:54.871,2213314327,486871,2,1.00024,-0.00269,0.2002,-1.252,0.687,0.626,non-ergonomis
2026-06-01 16:02:55.071,2213314527,487071,1,0.61328,-0.10205,0.94165,0.122,1.786,-0.573,non-ergonomis
2026-06-01 16:02:55.071,2213314527,487071,2,0.99536,-0.00684,0.20508,-1.275,0.389,0.672,non-ergonomis
2026-06-01 16:02:55.271,2213314727,487271,1,0.6123,-0.10352,0.93994,0.466,1.733,-0.771,non-ergonomis
2026-06-01 16:02:55.271,2213314727,487271,2,0.99927,-0.00708,0.19946,-1.527,0.618,0.756,non-ergonomis
2026-06-01 16:02:55.471,2213314927,487471,1,0.6123,-0.104,0.94629,0.107,1.87,-0.359,non-ergonomis
2026-06-01 16:02:55.471,2213314927,487471,2,0.99658,-0.00391,0.20117,-1.328,0.443,0.504,non-ergonomis
2026-06-01 16:02:55.698,2213315154,487698,1,0.60669,-0.09863,0.9375,0.84,1.58,-0.206,non-ergonomis
2026-06-01 16:02:55.698,2213315154,487698,2,0.99878,-0.00488,0.20361,-1.489,0.618,0.542,non-ergonomis
2026-06-01 16:02:55.898,2213315354,487898,1,0.60718,-0.09961,0.95117,,1.618,-0.443,non-ergonomis
2026-06-01 16:02:55.898,2213315354,487898,2,1.0,-0.00879,0.2002,-2.298,0.496,0.16,non-ergonomis
2026-06-01 16:02:56.098,2213315554,488098,1,0.61255,-0.10913,0.93872,0.573,1.733,-0.305,non-ergonomis
2026-06-01 16:02:56.098,2213315554,488098,2,1.0022,-0.0061,0.18604,-2.435,0.649,0.42,non-ergonomis
2026-06-01 16:02:56.298,2213315754,488298,1,0.61377,-0.10498,0.93018,-0.13,2.023,-0.519,non-ergonomis
2026-06-01 16:02:56.298,2213315754,488298,2,0.9978,-0.00757,0.20532,-0.802,0.481,0.855,non-ergonomis
2026-06-01 16:02:56.521,2213315977,488521,1,0.61157,-0.10327,0.92871,0.618,1.954,-0.695,non-ergonomis
2026-06-01 16:02:56.521,2213315977,488521,2,0.99609,-0.01343,0.20386,-0.481,0.557,0.916,non-ergonomis
2026-06-01 16:02:56.721,2213316177,488721,1,0.61304,-0.11108,0.9353,0.267,1.87,-0.573,non-ergonomis
2026-06-01 16:02:56.721,2213316177,488721,2,0.99683,-0.00732,0.20288,-0.603,0.191,0.672,non-ergonomis
2026-06-01 16:02:56.921,2213316377,488921,1,0.61206,-0.10278,0.94727,0.55,1.779,-0.344,non-ergonomis
2026-06-01 16:02:56.921,2213316377,488921,2,1.00244,-0.00391,0.21021,-1.29,0.374,0.893,non-ergonomis
2026-06-01 16:02:57.121,2213316577,489121,1,0.60889,-0.10181,0.94482,0.282,1.42,-0.458,non-ergonomis
2026-06-01 16:02:57.121,2213316577,489121,2,0.99585,-0.00195,0.19873,-1.588,0.153,0.504,non-ergonomis
2026-06-01 16:02:57.340,2213316796,489340,1,0.61426,-0.10352,0.93701,0.168,1.718,-0.588,non-ergonomis
2026-06-01 16:02:57.340,2213316796,489340,2,0.99609,-0.00977,0.19653,-0.832,0.366,0.695,non-ergonomis
2026-06-01 16:02:57.540,2213316996,489540,1,0.61255,-0.10229,0.94702,0.656,1.893,-0.298,non-ergonomis
2026-06-01 16:02:57.540,2213316996,489540,2,0.99438,-0.0022,0.19946,-1.336,0.336,0.588,non-ergonomis
2026-06-01 16:02:57.740,2213317196,489740,1,0.60962,-0.10522,0.95093,0.26,1.679,-0.542,non-ergonomis
2026-06-01 16:02:57.740,2213317196,489740,2,0.99707,-0.00854,0.19897,-1.603,0.321,0.244,non-ergonomis
2026-06-01 16:02:58.940,2213318396,489940,1,0.61133,-0.10425,0.9353,-0.137,2.344,-0.466,non-ergonomis
2026-06-01 16:02:58.940,2213318396,489940,2,0.99951,-0.00659,0.19458,-2.359,0.504,0.084,non-ergonomis
2026-06-01 16:02:58.140,2213317596,490140,1,0.61304,-0.10352,0.94434,-0.16,1.412,-0.481,non-ergonomis
2026-06-01 16:02:58.140,2213317596,490140,2,0.99829,-0.00684,0.20142,-2.87,0.389,0.267,non-ergonomis
2026-06-01 16:02:58.340,2213317796,490340,1,0.60522,-0.10156,0.94751,0.053,1.542,-0.092,non-ergonomis
2026-06-01 16:02:58.340,2213317796,490340,2,0.99365,-0.0083,0.20776,-1.58,0.221,0.336,non-ergonomis
2026-06-01 16:02:58.540,2213317996,490540,1,0.61133,-0.11206,0.94287,0.595,1.954,-0.336,non-ergonomis
2026-06-01 16:02:58.540,2213317996,490540,2,0.99707,-0.01196,0.19678,-0.618,0.405,0.351,non-ergonomis
2026-06-01 16:02:58.740,2213318196,490740,1,0.61304,-0.10596,0.94482,0.626,1.817,-0.382,non-ergonomis
2026-06-01 16:02:58.740,2213318196,490740,2,0.99341,0.00024,0.20508,-0.344,0.206,1.038,non-ergonomis
2026-06-01 16:02:59.940,2213319396,490940,1,0.61523,-0.09961,0.94873,0.313,1.542,-0.542,non-ergonomis
2026-06-01 16:02:59.940,2213319396,490940,2,0.99219,-0.01343,0.19727,-0.977,0.557,0.695,non-ergonomis
2026-06-01 16:02:59.140,2213318596,491140,1,0.60767,-0.09937,0.94287,0.267,1.977,-0.542,non-ergonomis
2026-06-01 16:02:59.140,2213318596,491140,2,0.99927,-0.00757,0.19775,-1.29,0.16,0.611,non-ergonomis
2026-06-01 16:02:59.340,2213318796,491340,1,0.61694,-0.1001,0.92993,0.183,1.634,-0.565,non-ergonomis
2026-06-01 16:02:59.340,2213318796,491340,2,0.99536,-0.00854,0.19336,-1.573,0.45,0.58,non-ergonomis
2026-06-01 16:02:59.540,2213318996,491540,1,0.61108,-0.10059,0.948,0.603,1.214,-0.763,non-ergonomis
2026-06-01 16:02:59.540,2213318996,491540,2,0.99048,-0.0061,0.19263,-1.504,0.298,0.809,non-ergonomis
2026-06-01 16:02:59.740,2213319196,491740,1,0.61011,-0.10522,0.94116,0.16,1.817,-0.366,non-ergonomis
2026-06-01 16:02:59.740,2213319196,491740,2,0.99854,-0.00586,0.19727,-1.626,0.427,0.542,non-ergonomis
2026-06-01 16:03:00.940,2213320396,491940,1,0.60913,-0.09961,0.94751,0.298,1.748,-0.527,non-ergonomis
2026-06-01 16:03:00.940,2213320396,491940,2,0.99438,-0.00488,0.19702,-1.397,0.305,0.489,non-ergonomis
2026-06-01 16:03:00.140,2213319596,492140,1,0.61279,-0.09839,0.94043,-0.092,1.626,-0.382,non-ergonomis
2026-06-01 16:03:00.140,2213319596,492140,2,0.99316,-0.01294,0.19458,-1.496,0.588,0.42,non-ergonomis
2026-06-01 16:03:00.340,2213319796,492340,1,0.60669,-0.10376,0.94409,-0.534,1.725,-0.359,non-ergonomis
2026-06-01 16:03:00.340,2213319796,492340,2,0.99194,-0.01245,0.19775,-2.977,0.74,0.122,non-ergonomis
2026-06-01 16:03:00.540,2213319996,492540,1,0.61255,-0.104,0.93921,-0.099,1.786,-0.534,non-ergonomis
2026-06-01 16:03:00.540,2213319996,492540,2,0.99609,-0.01001,0.20288,-2.893,0.305,0.137,non-ergonomis
2026-06-01 16:03:00.740,2213320196,492740,1,0.60693,-0.10229,0.93677,0.511,1.916,-0.351,non-ergonomis
2026-06-01 16:03:00.740,2213320196,492740,2,0.99707,-0.00903,0.20874,-0.893,0.412,0.702,non-ergonomis
2026-06-01 16:03:01.940,2213321396,492940,1,0.60791,-0.10596,0.94678,-0.153,1.779,-0.496,non-ergonomis
2026-06-01 16:03:01.940,2213321396,492940,2,0.99561,-0.01245,0.20825,-0.641,0.328,0.756,non-ergonomis
2026-06-01 16:03:01.140,2213320596,493140,1,0.61304,-0.09766,0.93701,-0.046,1.481,-0.641,non-ergonomis
2026-06-01 16:03:01.140,2213320596,493140,2,0.99512,-0.00977,0.20215,-0.885,0.595,0.756,non-ergonomis
2026-06-01 16:03:01.340,2213320796,493340,1,0.61646,-0.1062,0.9397,0.328,2.084,-0.611,non-ergonomis
2026-06-01 16:03:01.340,2213320796,493340,2,0.9978,-0.00708,0.20313,-1.107,0.473,0.481,non-ergonomis
2026-06-01 16:03:01.540,2213320996,493540,1,0.6123,-0.1084,0.94458,0.336,1.817,-0.534,non-ergonomis
2026-06-01 16:03:01.540,2213320996,493540,2,0.99341,-0.01099,0.19653,-1.305,0.42,0.573,non-ergonomis
2026-06-01 16:03:01.740,2213321196,493740,1,0.61255,-0.10327,0.94507,-0.069,1.939,-0.55,non-ergonomis
2026-06-01 16:03:01.740,2213321196,493740,2,0.99585,-0.01196,0.19678,-1.252,0.275,0.588,non-ergonomis
2026-06-01 16:03:02.957,2213322413,493957,1,0.61328,-0.10596,0.94995,-0.046,1.527,-0.588,non-ergonomis
2026-06-01 16:03:02.957,2213322413,493957,2,0.99756,-0.00586,0.20679,-1.244,0.344,0.763,non-ergonomis
2026-06-01 16:03:02.157,2213321613,494157,1,0.61353,-0.10522,0.9458,0.267,1.916,-0.511,non-ergonomis
2026-06-01 16:03:02.157,2213321613,494157,2,0.99512,-0.00879,0.20508,-1.641,0.542,0.481,non-ergonomis
2026-06-01 16:03:02.357,2213321813,494357,1,0.6062,-0.11035,0.94336,0.229,1.725,-0.45,non-ergonomis
2026-06-01 16:03:02.357,2213321813,494357,2,0.99707,-0.01123,0.20386,-2.366,0.336,0.214,non-ergonomis
2026-06-01 16:03:02.557,2213322013,494557,1,0.60913,-0.10889,0.93652,-0.382,1.542,-0.412,non-ergonomis
2026-06-01 16:03:02.557,2213322013,494557,2,1.00049,-0.00732,0.19751,-3.229,0.282,0.191,non-ergonomis
2026-06-01 16:03:02.757,2213322213,494757,1,0.61865,-0.11035,0.94629,0.122,1.481,-0.221,non-ergonomis
2026-06-01 16:03:02.757,2213322213,494757,2,0.98901,-0.01245,0.198,-3.328,0.481,0.237,non-ergonomis
2026-06-01 16:03:03.964,2213323420,494964,1,0.61279,-0.1106,0.94531,-0.008,1.443,-0.511,non-ergonomis
2026-06-01 16:03:03.964,2213323420,494964,2,0.99487,-0.01172,0.19995,-0.389,0.573,0.779,non-ergonomis
2026-06-01 16:03:03.247,2213322703,495246,1,0.61035,-0.10889,0.927,0.267,1.756,-0.443,non-ergonomis
2026-06-01 16:03:03.247,2213322703,495246,2,0.99341,-0.01636,0.19092,-0.504,0.305,0.511,non-ergonomis
2026-06-01 16:03:03.446,2213322902,495446,1,0.61548,-0.11206,0.93359,0.389,1.771,-0.328,non-ergonomis
2026-06-01 16:03:03.446,2213322902,495446,2,0.99268,-0.01196,0.19897,-0.504,0.817,0.557,non-ergonomis
2026-06-01 16:03:03.646,2213323102,495646,1,0.61157,-0.10986,0.94507,0.145,1.42,-0.374,non-ergonomis
2026-06-01 16:03:03.646,2213323102,495646,2,1.00195,-0.00708,0.19189,-0.504,0.473,0.55,non-ergonomis
2026-06-01 16:03:03.846,2213323302,495846,1,0.60571,-0.10425,0.93848,0.969,2.031,-0.481,non-ergonomis
2026-06-01 16:03:03.846,2213323302,495846,2,1.00073,-0.0061,0.2019,-1.252,0.427,0.855,non-ergonomis
2026-06-01 16:03:04.057,2213323513,496056,1,0.61353,-0.10962,0.94312,0.122,1.748,-0.565,non-ergonomis
2026-06-01 16:03:04.057,2213323513,496056,2,0.99976,-0.01001,0.19751,-1.061,0.351,0.427,non-ergonomis
2026-06-01 16:03:04.256,2213323712,496256,1,0.60938,-0.10742,0.93311,0.519,1.855,-0.534,non-ergonomis
2026-06-01 16:03:04.256,2213323712,496256,2,0.9917,-0.01685,0.20435,-1.618,0.641,0.366,non-ergonomis
2026-06-01 16:03:04.456,2213323912,496456,1,0.60742,-0.10596,0.9375,-0.046,1.443,-0.412,non-ergonomis
2026-06-01 16:03:04.456,2213323912,496456,2,0.99512,-0.00269,0.20239,-0.939,0.313,0.595,non-ergonomis
2026-06-01 16:03:04.656,2213324112,496656,1,0.60889,-0.10278,0.9397,0.649,1.87,-0.366,non-ergonomis
2026-06-01 16:03:04.656,2213324112,496656,2,0.99561,-0.01587,0.19702,-1.664,0.511,0.489,non-ergonomis
2026-06-01 16:03:04.856,2213324312,496856,1,0.61353,-0.10596,0.94458,0.053,1.809,-0.374,non-ergonomis
2026-06-01 16:03:04.856,2213324312,496856,2,1.00244,-0.00586,0.19849,-1.229,0.412,0.71,non-ergonomis
2026-06-01 16:03:05.056,2213324512,497056,1,0.61768,-0.11255,0.94019,0.305,1.702,-0.412,non-ergonomis
2026-06-01 16:03:05.056,2213324512,497056,2,0.99878,-0.00415,0.20044,-2.053,0.435,0.176,non-ergonomis
2026-06-01 16:03:05.256,2213324712,497256,1,0.61377,-0.11621,0.93799,0.176,1.924,-0.534,non-ergonomis
2026-06-01 16:03:05.256,2213324712,497256,2,0.99805,-0.01245,0.20508,-3.145,0.344,0.313,non-ergonomis
2026-06-01 16:03:05.456,2213324912,497456,1,0.6145,-0.11401,0.93872,0.168,1.458,-0.466,non-ergonomis
2026-06-01 16:03:05.456,2213324912,497456,2,0.99463,-0.00806,0.20093,-2.481,0.183,0.168,non-ergonomis
2026-06-01 16:03:05.656,2213325112,497656,1,0.61328,-0.11108,0.93921,0.122,1.786,-0.74,non-ergonomis
2026-06-01 16:03:05.656,2213325112,497656,2,0.99585,-0.0083,0.19604,-0.901,0.344,0.603,non-ergonomis
2026-06-01 16:03:05.856,2213325312,497856,1,0.61011,-0.11157,0.93506,0.42,1.725,-0.458,non-ergonomis
2026-06-01 16:03:05.856,2213325312,497856,2,1.00049,-0.00513,0.20068,-0.107,0.374,0.58,non-ergonomis
2026-06-01 16:03:06.056,2213325512,498056,1,0.60522,-0.10889,0.94385,0.252,2.489,-0.718,non-ergonomis
2026-06-01 16:03:06.056,2213325512,498056,2,0.99097,-0.01001,0.19873,-0.473,0.511,0.779,non-ergonomis
2026-06-01 16:03:06.256,2213325712,498256,1,0.61157,-0.11182,0.93457,0.168,1.603,-0.366,non-ergonomis
2026-06-01 16:03:06.256,2213325712,498256,2,0.99316,-0.01343,0.20532,-1.183,0.412,0.656,non-ergonomis
2026-06-01 16:03:06.456,2213325912,498456,1,0.61304,-0.11792,0.94141,0.244,1.947,-0.634,non-ergonomis
2026-06-01 16:03:06.456,2213325912,498456,2,0.99341,-0.01343,0.19409,-1.29,0.336,0.603,non-ergonomis
2026-06-01 16:03:06.656,2213326112,498656,1,0.60986,-0.1145,0.93896,0.542,1.786,-0.244,non-ergonomis
2026-06-01 16:03:06.656,2213326112,498656,2,0.99463,-0.01294,0.20117,-1.466,0.29,0.237,non-ergonomis
2026-06-01 16:03:06.856,2213326312,498856,1,0.61304,-0.10864,0.9436,-0.16,1.947,-0.42,non-ergonomis
2026-06-01 16:03:06.856,2213326312,498856,2,0.99438,-0.0144,0.20068,-1.153,0.427,0.397,non-ergonomis
2026-06-01 16:03:07.056,2213326512,499056,1,0.60986,-0.11304,0.94922,0.115,1.832,-0.489,non-ergonomis
2026-06-01 16:03:07.056,2213326512,499056,2,0.99365,-0.01001,0.19067,-1.733,0.443,0.527,non-ergonomis
2026-06-01 16:03:07.256,2213326712,499256,1,0.61523,-0.11304,0.94019,0.214,2.008,-0.427,non-ergonomis
2026-06-01 16:03:07.256,2213326712,499256,2,0.9978,-0.0105,0.20361,-3.191,0.336,0.183,non-ergonomis
2026-06-01 16:03:07.542,2213326998,499542,1,0.6145,-0.10083,0.93774,0.679,1.611,-0.542,non-ergonomis
2026-06-01 16:03:07.542,2213326998,499542,2,0.98926,-0.01318,0.19482,-2.16,0.611,0.191,non-ergonomis
2026-06-01 16:03:07.742,2213327198,499742,1,0.61182,-0.1123,0.94043,0.534,1.756,-0.183,non-ergonomis
2026-06-01 16:03:07.742,2213327198,499742,2,1.00244,-0.00757,0.19702,-1.481,0.153,0.504,non-ergonomis
2026-06-01 16:03:08.942,2213328398,499942,1,0.61523,-0.11523,0.93018,0.321,1.847,-0.542,non-ergonomis
2026-06-01 16:03:08.942,2213328398,499942,2,0.99585,-0.00391,0.20557,-0.527,0.603,0.779,non-ergonomis
2026-06-01 16:03:08.142,2213327598,500142,1,0.61792,-0.11011,0.9436,0.443,1.855,-0.443,non-ergonomis
2026-06-01 16:03:08.142,2213327598,500142,2,0.99536,-0.01343,0.19653,-0.649,0.481,0.756,non-ergonomis
2026-06-01 16:03:08.342,2213327798,500342,1,0.61328,-0.12109,0.94165,0.405,2.282,-0.718,non-ergonomis
2026-06-01 16:03:08.342,2213327798,500342,2,0.99048,-0.0127,0.20142,-0.42,0.298,0.557,non-ergonomis
2026-06-01 16:03:08.542,2213327998,500542,1,0.61621,-0.1106,0.94287,0.328,1.42,-0.443,non-ergonomis
2026-06-01 16:03:08.542,2213327998,500542,2,0.99609,-0.01611,0.20142,-1.626,0.542,0.664,non-ergonomis
2026-06-01 16:03:08.828,2213328284,500828,1,0.61475,-0.11719,0.94019,0.26,1.885,-0.534,non-ergonomis
2026-06-01 16:03:08.828,2213328284,500828,2,0.99805,-0.00366,0.20459,-1.588,0.366,0.565,non-ergonomis
2026-06-01 16:03:09.310,2213328766,501310,1,0.60864,-0.11157,0.94653,-0.13,1.511,-0.267,non-ergonomis
2026-06-01 16:03:09.310,2213328766,501310,2,0.99487,-0.01025,0.198,-2.336,0.359,0.229,non-ergonomis
2026-06-01 16:03:09.510,2213328966,501510,1,0.61572,-0.10571,0.93945,-0.481,1.588,-0.573,non-ergonomis
2026-06-01 16:03:09.510,2213328966,501510,2,0.99658,-0.01123,0.19897,-3.084,0.603,0.092,non-ergonomis
2026-06-01 16:03:09.710,2213329166,501710,1,0.61011,-0.11279,0.93628,0.313,1.695,-0.298,non-ergonomis
2026-06-01 16:03:09.710,2213329166,501710,2,1.00122,-0.0188,0.20068,-3.107,0.198,0.26,non-ergonomis
2026-06-01 16:03:09.910,2213329366,501910,1,0.62036,-0.10693,0.92822,0.115,1.679,-0.542,non-ergonomis
2026-06-01 16:03:09.910,2213329366,501910,2,0.9939,-0.00977,0.19336,-1.076,0.359,0.611,non-ergonomis
2026-06-01 16:03:10.121,2213329577,502121,1,0.60913,-0.11743,0.93872,0.275,1.824,-0.473,non-ergonomis
2026-06-01 16:03:10.121,2213329577,502121,2,0.99316,-0.0105,0.19482,-1.061,0.282,0.626,non-ergonomis
2026-06-01 16:03:10.321,2213329777,502321,1,0.61353,-0.10889,0.93896,0.076,2.031,-0.542,non-ergonomis
2026-06-01 16:03:10.321,2213329777,502321,2,0.99829,-0.00854,0.19995,-0.458,0.794,0.687,non-ergonomis
2026-06-01 16:03:10.521,2213329977,502521,1,0.61646,-0.11401,0.93384,0.435,1.71,-0.672,non-ergonomis
2026-06-01 16:03:10.521,2213329977,502521,2,0.99268,-0.01025,0.19849,-0.672,0.374,0.611,non-ergonomis
2026-06-01 16:03:10.721,2213330177,502721,1,0.61304,-0.11133,0.93579,0.214,1.901,-0.679,non-ergonomis
2026-06-01 16:03:10.721,2213330177,502721,2,0.99609,-0.01025,0.20068,-0.84,0.626,0.771,non-ergonomis
2026-06-01 16:03:10.921,2213330377,502921,1,0.61328,-0.11255,0.94287,0.198,1.779,-0.466,non-ergonomis
2026-06-01 16:03:10.921,2213330377,502921,2,1.00122,-0.01465,0.19238,-1.351,0.153,0.504,non-ergonomis
2026-06-01 16:03:11.121,2213330577,503121,1,0.61035,-0.11133,0.93872,0.405,1.74,-0.473,non-ergonomis
2026-06-01 16:03:11.121,2213330577,503121,2,0.99048,-0.00562,0.20972,-1.351,0.511,0.527,non-ergonomis
2026-06-01 16:03:11.321,2213330777,503321,1,0.62109,-0.11597,0.94409,0.015,1.634,-0.412,non-ergonomis
2026-06-01 16:03:11.321,2213330777,503321,2,1.00098,-0.01392,0.19995,-1.183,0.565,0.634,non-ergonomis
2026-06-01 16:03:11.521,2213330977,503521,1,0.61792,-0.11328,0.93774,0.847,1.466,-0.626,non-ergonomis
2026-06-01 16:03:11.521,2213330977,503521,2,0.99023,-0.0083,0.20386,-2.153,0.366,0.328,non-ergonomis
2026-06-01 16:03:11.721,2213331177,503721,1,0.61841,-0.12134,0.9353,-0.046,1.702,-0.313,non-ergonomis
2026-06-01 16:03:11.721,2213331177,503721,2,0.99951,-0.01245,0.18774,-2.893,0.183,0.183,non-ergonomis
2026-06-01 16:03:11.921,2213331377,503921,1,0.60938,-0.11304,0.94702,0.397,1.885,-0.649,non-ergonomis
2026-06-01 16:03:11.921,2213331377,503921,2,1.00171,-0.01636,0.19727,-2.947,0.122,0.198,non-ergonomis
2026-06-01 16:03:12.121,2213331577,504121,1,0.61108,-0.11133,0.93799,-0.107,1.626,-0.13,non-ergonomis
2026-06-01 16:03:12.121,2213331577,504121,2,0.99609,-0.00977,0.20313,-0.374,0.847,0.55,non-ergonomis
2026-06-01 16:03:12.366,2213331822,504366,1,0.61743,-0.1167,0.94287,0.29,2.084,-0.405,non-ergonomis
2026-06-01 16:03:12.366,2213331822,504366,2,0.99878,-0.00977,0.19067,-0.496,0.214,0.763,non-ergonomis
2026-06-01 16:03:12.566,2213332022,504566,1,0.61499,-0.11523,0.93872,0.198,1.977,-0.534,non-ergonomis
2026-06-01 16:03:12.566,2213332022,504566,2,0.99731,-0.01294,0.2041,-0.435,0.366,0.679,non-ergonomis
2026-06-01 16:03:12.766,2213332222,504766,1,0.61475,-0.11597,0.94116,0.687,2.061,-0.42,non-ergonomis
2026-06-01 16:03:12.766,2213332222,504766,2,0.99365,-0.01147,0.19092,-1.015,0.221,0.824,non-ergonomis
2026-06-01 16:03:13.966,2213333422,504966,1,0.60938,-0.11108,0.94434,0.115,2.168,-0.672,non-ergonomis
2026-06-01 16:03:13.966,2213333422,504966,2,0.99414,-0.01831,0.19604,-1.084,0.42,0.595,non-ergonomis
2026-06-01 16:03:13.166,2213332622,505166,1,0.60718,-0.11523,0.94141,-0.069,1.832,-0.634,non-ergonomis
2026-06-01 16:03:13.166,2213332622,505166,2,0.99731,-0.01172,0.19946,-1.29,0.427,0.473,non-ergonomis
2026-06-01 16:03:13.397,2213332853,505397,1,0.6062,-0.11719,0.94043,0.573,1.71,-0.282,non-ergonomis
2026-06-01 16:03:13.397,2213332853,505397,2,1.00073,-0.01416,0.19873,-1.282,0.374,0.687,non-ergonomis
2026-06-01 16:03:13.597,2213333053,505597,1,0.61255,-0.11401,0.94678,0.336,1.664,-0.595,non-ergonomis
2026-06-01 16:03:13.597,2213333053,505597,2,0.99097,-0.01636,0.19165,-1.916,0.412,0.069,non-ergonomis
2026-06-01 16:03:13.797,2213333253,505797,1,0.61108,-0.11694,0.93384,-0.435,1.618,-0.282,non-ergonomis
2026-06-01 16:03:13.797,2213333253,505797,2,0.99927,-0.00537,0.20947,-2.962,0.168,0.389,non-ergonomis
2026-06-01 16:03:14.997,2213334453,505997,1,0.61865,-0.11694,0.93018,0.328,1.481,-0.397,non-ergonomis
2026-06-01 16:03:14.997,2213334453,505997,2,0.99756,-0.01733,0.19775,-2.71,0.389,0.221,non-ergonomis
2026-06-01 16:03:14.197,2213333653,506197,1,0.6189,-0.11499,0.94458,0.183,1.603,-0.443,non-ergonomis
2026-06-01 16:03:14.197,2213333653,506197,2,0.99634,-0.0166,0.20581,-1.58,0.214,0.641,non-ergonomis
2026-06-01 16:03:14.397,2213333853,506397,1,0.62402,-0.11475,0.94067,1.336,1.725,-0.634,non-ergonomis
2026-06-01 16:03:14.397,2213333853,506397,2,0.98779,-0.00757,0.19263,-0.153,0.603,0.931,non-ergonomis
2026-06-01 16:03:14.614,2213334070,506614,1,0.6145,-0.11475,0.94116,0.29,2.069,-0.405,non-ergonomis
2026-06-01 16:03:14.614,2213334070,506614,2,0.99878,-0.01367,0.19556,-0.58,0.405,0.786,non-ergonomis
2026-06-01 16:03:14.814,2213334270,506814,1,0.61182,-0.12427,0.94409,0.038,1.786,-0.481,non-ergonomis
2026-06-01 16:03:14.814,2213334270,506814,2,1.00391,-0.01074,0.20093,-0.519,0.275,0.542,non-ergonomis
2026-06-01 16:03:15.014,2213334470,507014,1,0.61328,-0.10938,0.93921,0.397,1.725,-0.634,non-ergonomis
2026-06-01 16:03:15.014,2213334470,507014,2,0.99048,-0.01465,0.20605,-1.092,0.244,0.611,non-ergonomis
2026-06-01 16:03:15.214,2213334670,507214,1,0.61108,-0.11914,0.94434,0.076,2.321,-0.504,non-ergonomis
2026-06-01 16:03:15.214,2213334670,507214,2,1.00098,-0.01807,0.19873,-0.779,0.359,0.847,non-ergonomis
2026-06-01 16:03:15.414,2213334870,507414,1,0.61206,-0.11426,0.9375,0.458,1.443,-0.435,non-ergonomis
2026-06-01 16:03:15.414,2213334870,507414,2,0.99048,-0.02197,0.21338,-1.565,0.595,0.206,non-ergonomis
2026-06-01 16:03:15.614,2213335070,507614,1,0.61572,-0.11279,0.94507,0.611,1.901,-0.519,non-ergonomis
2026-06-01 16:03:15.614,2213335070,507614,2,0.99829,-0.01758,0.2019,-2.969,0.565,0.374,non-ergonomis
2026-06-01 16:03:15.814,2213335270,507814,1,0.60913,-0.11133,0.93213,-0.198,1.695,-0.298,non-ergonomis
2026-06-01 16:03:15.814,2213335270,507814,2,0.99438,-0.01611,0.20166,-2.954,0.374,0.321,non-ergonomis
2026-06-01 16:03:16.014,2213335470,508014,1,0.61157,-0.12061,0.94287,0.221,1.603,-0.13,non-ergonomis
2026-06-01 16:03:16.014,2213335470,508014,2,0.9939,-0.01758,0.20483,-3.901,0.26,0.305,non-ergonomis
2026-06-01 16:03:16.214,2213335670,508214,1,0.62012,-0.12329,0.94214,-0.176,1.695,-0.313,non-ergonomis
2026-06-01 16:03:16.214,2213335670,508214,2,0.99878,-0.01929,0.19971,-0.13,0.611,0.824,non-ergonomis
2026-06-01 16:03:16.414,2213335870,508414,1,0.62085,-0.11719,0.94775,0.489,2.038,-0.588,non-ergonomis
2026-06-01 16:03:16.414,2213335870,508414,2,0.99731,-0.01758,0.20215,-0.214,0.374,1.115,non-ergonomis
2026-06-01 16:03:16.614,2213336070,508614,1,0.6167,-0.11621,0.93579,0.168,1.718,-0.626,non-ergonomis
2026-06-01 16:03:16.614,2213336070,508614,2,0.99976,-0.01929,0.20117,-0.649,0.618,0.649,non-ergonomis
2026-06-01 16:03:16.868,2213336324,508868,1,0.61792,-0.1189,0.94263,0.168,1.679,-0.687,non-ergonomis
2026-06-01 16:03:16.868,2213336324,508868,2,0.99829,-0.02051,0.20313,-0.443,0.458,0.893,non-ergonomis
2026-06-01 16:03:17.068,2213336524,509068,1,0.61401,-0.11401,0.94287,0.382,1.695,-0.634,non-ergonomis
2026-06-01 16:03:17.068,2213336524,509068,2,0.99756,-0.02124,0.19629,-1.092,0.435,0.702,non-ergonomis
2026-06-01 16:03:17.268,2213336724,509268,1,0.62012,-0.12305,0.93579,0.26,1.931,-0.58,non-ergonomis
2026-06-01 16:03:17.268,2213336724,509268,2,0.99756,-0.01709,0.20361,-1.038,0.466,0.656,non-ergonomis
2026-06-01 16:03:17.468,2213336924,509468,1,0.61255,-0.11572,0.9436,0.237,1.84,-0.473,non-ergonomis
2026-06-01 16:03:17.468,2213336924,509468,2,0.98901,-0.00757,0.19556,-2.412,0.542,0.267,non-ergonomis
2026-06-01 16:03:17.668,2213337124,509668,1,0.60718,-0.11938,0.93481,-0.015,1.702,-0.389,non-ergonomis
2026-06-01 16:03:17.668,2213337124,509668,2,0.9978,-0.02026,0.2002,-3.565,0.344,0.321,non-ergonomis
2026-06-01 16:03:17.868,2213337324,509868,1,0.61646,-0.1189,0.94092,0.344,1.641,-0.237,non-ergonomis
2026-06-01 16:03:17.868,2213337324,509868,2,0.9978,-0.01904,0.19873,-2.832,0.366,0.305,non-ergonomis
2026-06-01 16:03:18.068,2213337524,510068,1,0.6167,-0.1189,0.9397,0.229,1.84,-0.496,non-ergonomis
2026-06-01 16:03:18.068,2213337524,510068,2,1.00024,-0.02002,0.19751,-0.626,0.496,0.931,non-ergonomis
2026-06-01 16:03:18.268,2213337724,510268,1,0.61206,-0.12158,0.92627,0.374,1.939,-0.26,non-ergonomis
2026-06-01 16:03:18.268,2213337724,510268,2,0.99341,-0.01782,0.19458,0.046,0.687,0.832,non-ergonomis
2026-06-01 16:03:18.468,2213337924,510468,1,0.61792,-0.11987,0.93628,0.267,1.519,-0.771,non-ergonomis
2026-06-01 16:03:18.468,2213337924,510468,2,0.99951,-0.01221,0.19409,-0.214,0.107,0.893,non-ergonomis
2026-06-01 16:03:18.773,2213338229,510773,1,0.61548,-0.11426,0.93579,1.908,2.237,-0.824,non-ergonomis
2026-06-01 16:03:18.773,2213338229,510773,2,0.99487,-0.01636,0.20313,2.099,-0.74,0.748,non-ergonomis
2026-06-01 16:03:19.973,2213339429,510973,1,0.61108,-0.1145,0.94336,0.351,2.099,1.198,non-ergonomis
2026-06-01 16:03:19.973,2213339429,510973,2,0.99536,-0.01025,0.19556,-1.664,0.962,1.282,non-ergonomis
2026-06-01 16:03:19.173,2213338629,511173,1,0.61011,-0.125,0.94312,0.298,2.069,-0.183,non-ergonomis
2026-06-01 16:03:19.173,2213338629,511173,2,0.99561,-0.01563,0.18945,-2.008,0.573,1.076,non-ergonomis
2026-06-01 16:03:19.392,2213338848,511392,1,0.60986,-0.12036,0.94775,0.008,2.198,-1.237,non-ergonomis
2026-06-01 16:03:19.392,2213338848,511392,2,0.99146,-0.01636,0.20947,-3.443,0.824,0.389,non-ergonomis
2026-06-01 16:03:19.592,2213339048,511592,1,0.60278,-0.10986,0.93311,-0.061,1.183,-1.015,non-ergonomis
2026-06-01 16:03:19.592,2213339048,511592,2,0.99561,-0.01978,0.2002,-4.023,0.076,-0.053,non-ergonomis
2026-06-01 16:03:19.826,2213339282,511826,1,0.61694,-0.11646,0.92383,-0.725,1.023,-0.634,non-ergonomis
2026-06-01 16:03:19.826,2213339282,511826,2,0.9939,-0.02344,0.19751,-4.221,0.435,0.16,non-ergonomis
2026-06-01 16:03:20.026,2213339482,512026,1,0.61621,-0.12109,0.93555,-0.397,0.42,-0.481,non-ergonomis
2026-06-01 16:03:20.026,2213339482,512026,2,0.99048,-0.02075,0.198,-2.557,0.176,0.382,non-ergonomis
2026-06-01 16:03:20.226,2213339682,512226,1,0.62915,-0.12231,0.94092,-0.099,1.885,-0.832,non-ergonomis
2026-06-01 16:03:20.226,2213339682,512226,2,0.99902,-0.02515,0.19507,-0.328,0.969,0.191,non-ergonomis
2026-06-01 16:03:20.426,2213339882,512426,1,0.60498,-0.12988,0.9519,3.481,-0.58,-2.214,non-ergonomis
2026-06-01 16:03:20.426,2213339882,512426,2,0.98779,-0.02148,0.20752,-0.878,-0.527,-0.397,non-ergonomis
2026-06-01 16:03:20.626,2213340082,512626,1,0.60522,-0.1001,0.93872,-5.45,0.656,-5.718,non-ergonomis
2026-06-01 16:03:20.626,2213340082,512626,2,1.00098,-0.02637,0.18188,-7.336,-4.947,2.351,non-ergonomis
2026-06-01 16:03:20.866,2213340322,512866,1,0.64014,-0.11353,0.92871,-4.099,-6.702,-8.153,non-ergonomis
2026-06-01 16:03:20.866,2213340322,512866,2,1.00195,-0.01343,0.16797,-4.267,-8.267,0.336,non-ergonomis
2026-06-01 16:03:21.066,2213340522,513066,1,0.66553,-0.08032,0.89917,5.687,-3.779,-10.534,non-ergonomis
2026-06-01 16:03:21.066,2213340522,513066,2,1.01465,-0.00757,0.12915,-1.618,-4.534,0.641,non-ergonomis
2026-06-01 16:03:21.266,2213340722,513266,1,0.68408,-0.05786,0.89282,17.679,3.603,-7.389,non-ergonomis
2026-06-01 16:03:21.266,2213340722,513266,2,1.02026,-0.03516,0.11328,-1.794,-1.229,-2.756,non-ergonomis
2026-06-01 16:03:21.466,2213340922,513466,1,0.67578,-0.00586,0.89551,1.214,4.832,-6.191,non-ergonomis
2026-06-01 16:03:21.466,2213340922,513466,2,1.02539,-0.0376,0.10718,3.733,0.634,-4.725,non-ergonomis
2026-06-01 16:03:21.666,2213341122,513666,1,0.66821,0.04932,0.92236,11.458,4.908,6.771,non-ergonomis
2026-06-01 16:03:21.666,2213341122,513666,2,1.00464,0.01416,0.15747,-8.305,7.824,1.008,non-ergonomis
2026-06-01 16:03:21.874,2213341330,513874,1,0.65039,-0.00415,0.92407,3.672,8.603,2.221,non-ergonomis
2026-06-01 16:03:21.874,2213341330,513874,2,1.00879,0.01685,0.13037,-1.725,6.397,0.023,non-ergonomis
2026-06-01 16:03:22.074,2213341530,514074,1,0.62109,0.00342,0.9314,-1.389,7.916,1.229,non-ergonomis
2026-06-01 16:03:22.074,2213341530,514074,2,1.00806,0.00391,0.17017,0.282,5.023,-0.092,non-ergonomis
2026-06-01 16:03:22.274,2213341730,514274,1,0.62256,-0.01953,0.95215,-1.389,-0.084,1.664,non-ergonomis
2026-06-01 16:03:22.274,2213341730,514274,2,0.99756,0.02515,0.15454,3.351,0.649,0.153,non-ergonomis
2026-06-01 16:03:22.474,2213341930,514474,1,0.62012,-0.0144,0.93701,0.74,3.534,-4.214,non-ergonomis
2026-06-01 16:03:22.474,2213341930,514474,2,1.00439,0.00635,0.17188,-3.183,-0.634,-0.847,non-ergonomis
2026-06-01 16:03:22.674,2213342130,514674,1,0.61694,0.01196,0.93774,-2.893,-0.374,-0.931,non-ergonomis
2026-06-01 16:03:22.674,2213342130,514674,2,1.00244,0.01367,0.15942,-2.053,-0.427,-0.069,non-ergonomis
2026-06-01 16:03:22.875,2213342331,514875,1,0.61523,0.02393,0.95288,3.733,-1.198,3.076,non-ergonomis
2026-06-01 16:03:22.875,2213342331,514875,2,0.99487,0.02661,0.16724,-0.664,1.427,2.74,non-ergonomis
2026-06-01 16:03:23.075,2213342531,515075,1,0.62988,-0.02466,0.94214,5.237,0.313,1.985,non-ergonomis
2026-06-01 16:03:23.075,2213342531,515075,2,1.00439,0.00513,0.1604,-6.565,0.389,0.847,non-ergonomis
2026-06-01 16:03:23.275,2213342731,515275,1,0.64111,-0.04272,0.92456,-1.176,1.16,1.947,non-ergonomis
2026-06-01 16:03:23.275,2213342731,515275,2,1.00757,0.00098,0.15723,-2.58,0.069,-0.298,non-ergonomis
2026-06-01 16:03:23.475,2213342931,515475,1,0.64331,-0.02148,0.91846,1.573,1.588,0.29,non-ergonomis
2026-06-01 16:03:23.475,2213342931,515475,2,0.99878,0.02222,0.16943,-0.74,1.176,-0.145,non-ergonomis
2026-06-01 16:03:23.675,2213343131,515675,1,0.62109,-0.02637,0.93774,1.962,2.053,-0.496,non-ergonomis
2026-06-01 16:03:23.675,2213343131,515675,2,1.00146,0.01782,0.16064,0.29,0.916,1.168,non-ergonomis
2026-06-01 16:03:23.875,2213343331,515875,1,0.62598,-0.03247,0.93188,3.046,1.099,-1.557,non-ergonomis
2026-06-01 16:03:23.875,2213343331,515875,2,1.00098,0.01636,0.15601,2.779,0.382,0.13,non-ergonomis
2026-06-01 16:03:24.090,2213343546,516090,1,0.63086,0.00024,0.93042,2.252,1.588,-2.405,non-ergonomis
2026-06-01 16:03:24.090,2213343546,516090,2,1.00928,0.00732,0.15991,-0.443,0.015,0.649,non-ergonomis
2026-06-01 16:03:24.290,2213343746,516290,1,0.62793,0.01611,0.94727,0.634,2.962,0.351,non-ergonomis
2026-06-01 16:03:24.290,2213343746,516290,2,1.00977,0.01196,0.16309,0.542,1.099,0.588,non-ergonomis
2026-06-01 16:03:24.490,2213343946,516490,1,0.62329,-0.00244,0.93286,-1.779,1.443,-1.206,non-ergonomis
2026-06-01 16:03:24.490,2213343946,516490,2,1.00146,0.00928,0.17358,-0.13,0.427,1.084,non-ergonomis
2026-06-01 16:03:24.690,2213344146,516690,1,0.6355,-0.01245,0.92896,-0.901,1.107,-0.183,non-ergonomis
2026-06-01 16:03:24.690,2213344146,516690,2,1.00659,0.01245,0.15991,-0.763,0.084,0.885,non-ergonomis
2026-06-01 16:03:24.890,2213344346,516890,1,0.63916,-0.0105,0.93555,0.244,1.687,-0.092,non-ergonomis
2026-06-01 16:03:24.890,2213344346,516890,2,1.00928,0.01709,0.17383,-1.359,0.351,0.885,non-ergonomis
2026-06-01 16:03:25.090,2213344546,517090,1,0.63306,-0.01245,0.9353,-0.206,2.0,-0.985,non-ergonomis
2026-06-01 16:03:25.090,2213344546,517090,2,1.01074,0.01025,0.16577,-1.374,0.168,0.763,non-ergonomis
2026-06-01 16:03:25.322,2213344778,517322,1,0.6394,-0.01074,0.93555,-0.038,0.656,0.45,non-ergonomis
2026-06-01 16:03:25.322,2213344778,517322,2,1.01294,0.01611,0.16797,-3.344,0.328,0.702,non-ergonomis
2026-06-01 16:03:25.522,2213344978,517522,1,0.63965,-0.01904,0.94263,1.267,2.084,-0.542,non-ergonomis
2026-06-01 16:03:25.522,2213344978,517522,2,1.01025,0.01147,0.16724,-3.328,0.153,0.519,non-ergonomis
2026-06-01 16:03:25.722,2213345178,517722,1,0.63403,-0.0144,0.92456,0.168,1.863,-0.084,non-ergonomis
2026-06-01 16:03:25.722,2213345178,517722,2,1.00806,0.00952,0.16455,-2.481,0.351,0.359,non-ergonomis
2026-06-01 16:03:25.922,2213345378,517922,1,0.63647,-0.0105,0.93384,-0.679,1.198,-0.336,non-ergonomis
2026-06-01 16:03:25.922,2213345378,517922,2,1.00879,0.00781,0.16113,-0.237,0.275,0.305,non-ergonomis
2026-06-01 16:03:26.122,2213345578,518122,1,0.6355,-0.0083,0.93457,1.351,2.534,-0.496,non-ergonomis
2026-06-01 16:03:26.122,2213345578,518122,2,1.00757,0.01123,0.16992,-0.519,0.71,0.786,non-ergonomis
2026-06-01 16:03:26.322,2213345778,518322,1,0.63428,-0.01392,0.92969,-1.198,0.618,-0.008,non-ergonomis
2026-06-01 16:03:26.322,2213345778,518322,2,1.00806,0.01538,0.16357,-0.13,0.42,1.221,non-ergonomis
2026-06-01 16:03:26.599,2213346055,518599,1,0.63721,-0.01782,0.92529,-0.069,1.626,-0.176,non-ergonomis
2026-06-01 16:03:26.599,2213346055,518599,2,1.00635,0.01978,0.16602,-0.435,0.656,0.267,non-ergonomis
2026-06-01 16:03:26.799,2213346255,518799,1,0.64136,-0.00586,0.93359,1.588,1.084,-0.763,non-ergonomis
2026-06-01 16:03:26.799,2213346255,518799,2,1.00146,0.00684,0.1665,-2.321,0.313,0.939,non-ergonomis
2026-06-01 16:03:27.999,2213347455,518999,1,0.63232,-0.01685,0.91675,-0.168,2.359,-0.458,non-ergonomis
2026-06-01 16:03:27.999,2213347455,518999,2,1.00391,0.02051,0.16333,0.084,0.809,1.076,non-ergonomis
2026-06-01 16:03:27.199,2213346655,519199,1,0.64355,-0.00903,0.92529,1.504,1.542,0.244,non-ergonomis
2026-06-01 16:03:27.199,2213346655,519199,2,1.00269,0.0105,0.16895,-1.702,0.076,0.496,non-ergonomis
2026-06-01 16:03:27.399,2213346855,519399,1,0.63257,-0.01221,0.92749,1.534,2.26,-1.443,non-ergonomis
2026-06-01 16:03:27.399,2213346855,519399,2,1.01221,0.01001,0.16431,-2.382,-0.321,0.176,non-ergonomis
2026-06-01 16:03:27.599,2213347055,519599,1,0.64795,-0.0022,0.93164,2.107,0.198,-0.397,non-ergonomis
2026-06-01 16:03:27.599,2213347055,519599,2,1.01099,0.00513,0.16113,-2.672,-0.198,0.519,non-ergonomis
2026-06-01 16:03:27.823,2213347279,519823,1,0.62744,-0.01538,0.93848,0.267,1.084,-0.893,non-ergonomis
2026-06-01 16:03:27.823,2213347279,519823,2,1.00391,0.01978,0.16821,-3.45,0.496,0.122,non-ergonomis
2026-06-01 16:03:28.023,2213347479,520023,1,0.64551,-0.00635,0.92114,1.206,0.855,-1.191,non-ergonomis
2026-06-01 16:03:28.023,2213347479,520023,2,1.00562,0.00513,0.16675,-4.183,0.214,0.244,non-ergonomis
2026-06-01 16:03:28.223,2213347679,520223,1,0.64185,,0.91943,-0.191,0.42,-0.809,non-ergonomis
2026-06-01 16:03:28.223,2213347679,520223,2,1.00684,0.01172,0.15894,-0.924,0.641,0.389,non-ergonomis
2026-06-01 16:03:28.423,2213347879,520423,1,0.63818,-0.00024,0.92163,0.321,1.595,-1.336,non-ergonomis
2026-06-01 16:03:28.423,2213347879,520423,2,1.0083,0.01318,0.15674,-1.649,0.305,0.969,non-ergonomis
2026-06-01 16:03:28.623,2213348079,520623,1,0.64624,-0.00366,0.9248,-0.931,1.489,-1.832,non-ergonomis
2026-06-01 16:03:28.623,2213348079,520623,2,1.00366,0.00806,0.16602,-0.832,0.336,0.573,non-ergonomis
2026-06-01 16:03:28.823,2213348279,520823,1,0.64282,-0.00732,0.93237,0.679,1.092,-1.29,non-ergonomis
2026-06-01 16:03:28.823,2213348279,520823,2,1.0083,0.00928,0.15723,-0.733,0.282,0.176,non-ergonomis
2026-06-01 16:03:29.127,2213348583,521127,1,0.64648,-0.00293,0.91504,-0.313,2.275,-0.275,non-ergonomis
2026-06-01 16:03:29.127,2213348583,521127,2,1.00806,0.00757,0.1604,-1.473,0.634,0.595,non-ergonomis
2026-06-01 16:03:29.327,2213348783,521327,1,0.64258,-0.00098,0.92188,0.443,2.0,-0.053,non-ergonomis
2026-06-01 16:03:29.327,2213348783,521327,2,1.00781,0.00732,0.1626,-1.679,0.053,0.45,non-ergonomis
2026-06-01 16:03:29.527,2213348983,521527,1,0.64966,-0.00269,0.92432,1.115,1.656,-0.427,non-ergonomis
2026-06-01 16:03:29.527,2213348983,521527,2,1.00684,0.02124,0.16138,0.771,1.137,-0.42,non-ergonomis
2026-06-01 16:03:29.727,2213349183,521727,1,0.64868,-0.00391,0.91968,0.74,2.023,0.565,non-ergonomis
2026-06-01 16:03:29.727,2213349183,521727,2,1.00366,0.01489,0.16846,-2.107,0.038,0.985,non-ergonomis
2026-06-01 16:03:29.927,2213349383,521927,1,0.65332,-0.01733,0.91675,0.313,2.771,-0.397,non-ergonomis
2026-06-01 16:03:29.927,2213349383,521927,2,1.0022,0.00415,0.16479,-1.344,0.466,-0.008,non-ergonomis
2026-06-01 16:03:30.127,2213349583,522127,1,0.65405,0.00586,0.92871,-1.282,2.13,-0.008,non-ergonomis
2026-06-01 16:03:30.127,2213349583,522127,2,1.00806,0.01416,0.16113,-1.489,0.221,0.763,non-ergonomis
2026-06-01 16:03:30.327,2213349783,522327,1,0.66797,-0.02441,0.89746,-1.817,2.13,-2.305,non-ergonomis
2026-06-01 16:03:30.327,2213349783,522327,2,1.00049,0.00317,0.16309,0.298,0.55,-0.214,non-ergonomis
2026-06-01 16:03:30.527,2213349983,522527,1,0.63794,-0.00903,0.93799,-2.603,1.099,-0.672,non-ergonomis
2026-06-01 16:03:30.527,2213349983,522527,2,0.9917,0.0105,0.16553,-5.092,-1.382,0.618,non-ergonomis
2026-06-01 16:03:30.735,2213350191,522735,1,0.66504,0.02612,0.90771,3.427,2.244,1.061,non-ergonomis
2026-06-01 16:03:30.735,2213350191,522735,2,0.99658,0.02344,0.15454,-0.023,3.511,0.84,non-ergonomis
2026-06-01 16:03:31.942,2213351398,522941,1,0.65137,-0.02612,0.92944,0.748,4.435,-2.573,non-ergonomis
2026-06-01 16:03:31.942,2213351398,522941,2,1.00171,0.00879,0.15942,0.298,0.359,1.13,non-ergonomis
2026-06-01 16:03:31.141,2213350597,523141,1,0.6416,0.01392,0.91846,-2.985,3.893,-2.382,non-ergonomis
2026-06-01 16:03:31.141,2213350597,523141,2,1.00684,0.00391,0.16406,1.069,-0.153,-0.214,non-ergonomis
2026-06-01 16:03:31.341,2213350797,523341,1,0.63745,0.00562,0.92017,-5.71,0.962,-6.817,non-ergonomis
2026-06-01 16:03:31.341,2213350797,523341,2,1.00269,0.01611,0.14893,-0.153,-0.42,-0.115,non-ergonomis
2026-06-01 16:03:31.571,2213351027,523571,1,0.64282,0.01221,0.93652,3.015,1.756,-2.321,non-ergonomis
2026-06-01 16:03:31.571,2213351027,523571,2,1.00659,0.01685,0.15552,-3.985,-0.237,0.87,non-ergonomis
2026-06-01 16:03:31.771,2213351227,523771,1,0.63794,0.00635,0.92651,0.237,1.527,-0.061,non-ergonomis
2026-06-01 16:03:31.771,2213351227,523771,2,1.00488,0.02051,0.16235,-1.069,-0.389,0.641,non-ergonomis
2026-06-01 16:03:32.971,2213352427,523971,1,0.64941,0.00293,0.9292,1.603,0.748,0.267,non-ergonomis
2026-06-01 16:03:32.971,2213352427,523971,2,1.00659,0.00708,0.16138,-4.664,0.435,1.511,non-ergonomis
2026-06-01 16:03:32.171,2213351627,524171,1,0.64209,-0.02173,0.91528,-1.603,1.031,-0.16,non-ergonomis
2026-06-01 16:03:32.171,2213351627,524171,2,1.01025,0.01953,0.15015,-3.458,0.038,-0.015,non-ergonomis
2026-06-01 16:03:32.371,2213351827,524371,1,0.64307,-0.00415,0.93164,0.031,0.305,-1.229,non-ergonomis
2026-06-01 16:03:32.371,2213351827,524371,2,1.00439,0.01489,0.16064,-4.069,0.107,0.763,non-ergonomis
2026-06-01 16:03:32.871,2213352327,524871,1,0.64355,-0.01929,0.9375,-0.198,2.115,0.13,non-ergonomis
2026-06-01 16:03:32.871,2213352327,524871,2,1.0105,0.01465,0.15527,-0.099,0.55,0.664,non-ergonomis
2026-06-01 16:03:33.212,2213352668,525212,1,0.64697,-0.01245,0.9231,0.786,2.183,-0.405,non-ergonomis
2026-06-01 16:03:33.212,2213352668,525212,2,1.00537,0.01318,0.16528,-0.458,0.496,0.275,non-ergonomis
2026-06-01 16:03:33.425,2213352881,525425,1,0.65234,-0.01831,0.92139,0.099,2.061,-0.679,non-ergonomis
2026-06-01 16:03:33.425,2213352881,525425,2,1.00854,0.02051,0.15552,-0.458,0.687,0.626,non-ergonomis
2026-06-01 16:03:33.635,2213353091,525635,1,0.64307,-0.01489,0.92676,1.282,1.458,0.168,non-ergonomis
2026-06-01 16:03:33.635,2213353091,525635,2,1.00317,0.0127,0.15405,-1.389,0.504,0.573,non-ergonomis
2026-06-01 16:03:33.888,2213353344,525888,1,0.64648,-0.01855,0.9314,-0.122,1.557,0.053,non-ergonomis
2026-06-01 16:03:33.888,2213353344,525888,2,1.01001,0.01123,0.16577,-1.359,0.565,0.458,non-ergonomis
2026-06-01 16:03:34.096,2213353552,526096,1,0.64209,-0.01807,0.92725,1.496,1.924,-0.496,non-ergonomis
2026-06-01 16:03:34.096,2213353552,526096,2,1.00757,0.01025,0.15991,-1.519,0.489,0.412,non-ergonomis
2026-06-01 16:03:34.296,2213353752,526296,1,0.6438,-0.01538,0.92261,-0.351,1.534,-0.366,non-ergonomis
2026-06-01 16:03:34.296,2213353752,526296,2,1.00513,0.01563,0.16138,-3.0,-0.107,0.702,non-ergonomis
2026-06-01 16:03:34.544,2213354000,526544,1,0.64502,-0.02271,0.92603,-0.084,0.969,0.13,non-ergonomis
2026-06-01 16:03:34.544,2213354000,526544,2,1.00806,0.0105,0.15503,-1.985,0.191,0.511,non-ergonomis
2026-06-01 16:03:34.744,2213354200,526744,1,0.64282,-0.01685,0.92798,1.107,1.672,0.214,non-ergonomis
2026-06-01 16:03:34.744,2213354200,526744,2,1.00098,0.01147,0.15698,0.145,0.679,1.023,non-ergonomis
2026-06-01 16:03:35.944,2213355400,526944,1,0.65088,-0.02002,0.91895,0.565,2.084,0.412,non-ergonomis
2026-06-01 16:03:35.944,2213355400,526944,2,1.00879,0.01099,0.16235,-0.855,0.443,0.824,non-ergonomis
2026-06-01 16:03:35.144,2213354600,527144,1,0.6438,-0.02661,0.91382,-0.076,2.427,-0.573,non-ergonomis
2026-06-01 16:03:35.144,2213354600,527144,2,1.00537,0.00537,0.1582,-0.229,0.626,0.458,non-ergonomis
2026-06-01 16:03:35.344,2213354800,527344,1,0.64526,-0.02515,0.91406,1.031,2.511,-0.893,non-ergonomis
2026-06-01 16:03:35.344,2213354800,527344,2,1.00732,0.02197,0.1582,-0.817,0.214,0.313,non-ergonomis
2026-06-01 16:03:35.640,2213355096,527640,1,0.64453,-0.02075,0.9231,0.481,2.527,-0.473,non-ergonomis
2026-06-01 16:03:35.640,2213355096,527640,2,1.00195,0.01416,0.15405,-1.076,0.504,0.893,non-ergonomis
2026-06-01 16:03:35.840,2213355296,527840,1,0.64526,-0.01929,0.92896,1.962,1.519,0.489,non-ergonomis
2026-06-01 16:03:35.840,2213355296,527840,2,1.00903,0.01978,0.16479,-1.374,0.458,0.71,non-ergonomis
2026-06-01 16:03:36.081,2213355537,528080,1,0.64111,-0.01953,0.91699,-0.588,2.26,-0.55,non-ergonomis
2026-06-01 16:03:36.081,2213355537,528080,2,1.00708,0.01099,0.16187,-2.214,0.031,0.504,non-ergonomis
2026-06-01 16:03:36.280,2213355736,528280,1,0.64819,-0.02197,0.9231,0.863,0.977,-0.137,non-ergonomis
2026-06-01 16:03:36.280,2213355736,528280,2,1.00952,0.01245,0.15967,-3.405,-0.13,0.382,non-ergonomis
2026-06-01 16:03:36.480,2213355936,528480,1,0.64673,-0.02808,0.91992,0.893,1.298,-0.221,non-ergonomis
2026-06-01 16:03:36.480,2213355936,528480,2,1.00781,0.01074,0.15381,-3.611,0.053,0.168,non-ergonomis
2026-06-01 16:03:36.680,2213356136,528680,1,0.64429,-0.0293,0.9104,0.015,1.977,-0.29,non-ergonomis
2026-06-01 16:03:36.680,2213356136,528680,2,1.00757,0.01343,0.15503,-0.305,0.885,0.534,non-ergonomis
2026-06-01 16:03:36.880,2213356336,528880,1,0.64526,-0.02026,0.92163,1.176,1.977,-0.519,non-ergonomis
2026-06-01 16:03:36.880,2213356336,528880,2,1.00464,0.00562,0.15283,0.473,0.359,0.542,non-ergonomis
2026-06-01 16:03:37.080,2213356536,529080,1,0.64624,-0.02783,0.91626,0.641,2.344,-0.595,non-ergonomis
2026-06-01 16:03:37.080,2213356536,529080,2,1.00586,0.00732,0.16553,-0.076,0.733,0.565,non-ergonomis
2026-06-01 16:03:37.280,2213356736,529280,1,0.6416,-0.01929,0.91333,0.115,2.328,-0.595,non-ergonomis
2026-06-01 16:03:37.280,2213356736,529280,2,1.00146,0.01001,0.16357,-1.412,0.595,0.374,non-ergonomis
2026-06-01 16:03:37.480,2213356936,529480,1,0.64575,-0.02344,0.92383,1.076,2.008,-0.336,non-ergonomis
2026-06-01 16:03:37.480,2213356936,529480,2,1.00439,0.01343,0.15747,-1.305,0.13,0.84,non-ergonomis
2026-06-01 16:03:37.680,2213357136,529680,1,0.64307,-0.02686,0.91895,-0.061,1.725,-0.489,non-ergonomis
2026-06-01 16:03:37.680,2213357136,529680,2,1.00464,0.01465,0.15039,-1.366,0.473,0.687,non-ergonomis
2026-06-01 16:03:37.880,2213357336,529880,1,0.64404,-0.02515,0.92578,0.374,1.725,-0.427,non-ergonomis
2026-06-01 16:03:37.880,2213357336,529880,2,1.0083,0.0144,0.15674,-1.137,0.359,0.71,non-ergonomis
2026-06-01 16:03:38.080,2213357536,530080,1,0.64819,-0.02271,0.92285,0.863,1.664,-0.916,non-ergonomis
2026-06-01 16:03:38.080,2213357536,530080,2,1.0061,0.00708,0.15942,-0.58,0.542,0.443,non-ergonomis
2026-06-01 16:03:38.280,2213357736,530280,1,0.64526,-0.02612,0.92114,-0.176,2.008,-0.351,non-ergonomis
2026-06-01 16:03:38.280,2213357736,530280,2,1.00806,0.00977,0.15771,-2.954,0.473,0.26,non-ergonomis
2026-06-01 16:03:38.480,2213357936,530480,1,0.64648,-0.0271,0.92529,-0.015,1.695,-0.198,non-ergonomis
2026-06-01 16:03:38.480,2213357936,530480,2,1.00635,0.0144,0.15186,-2.626,0.183,0.267,non-ergonomis
2026-06-01 16:03:38.680,2213358136,530680,1,0.64673,-0.03149,0.92139,-0.275,1.595,-0.405,non-ergonomis
2026-06-01 16:03:38.680,2213358136,530680,2,1.0,-0.00171,0.15576,-2.511,0.397,-0.038,non-ergonomis
2026-06-01 16:03:38.880,2213358336,530880,1,0.64746,-0.02905,0.92017,0.405,1.771,-0.565,non-ergonomis
2026-06-01 16:03:38.880,2213358336,530880,2,1.00195,0.01172,0.16089,0.229,0.153,0.618,non-ergonomis
2026-06-01 16:03:39.080,2213358536,531080,1,0.64282,-0.02832,0.91504,0.595,2.023,-0.466,non-ergonomis
2026-06-01 16:03:39.080,2213358536,531080,2,1.00122,0.01587,0.15771,-0.198,0.519,0.71,non-ergonomis
2026-06-01 16:03:39.280,2213358736,531280,1,0.64502,-0.03052,0.91504,0.802,2.053,-0.466,non-ergonomis
2026-06-01 16:03:39.280,2213358736,531280,2,1.00464,0.00635,0.15869,-0.45,0.511,0.618,non-ergonomis
2026-06-01 16:03:39.480,2213358936,531480,1,0.64502,-0.01758,0.92847,0.71,1.756,-0.527,non-ergonomis
2026-06-01 16:03:39.480,2213358936,531480,2,1.00195,0.0144,0.15869,-1.099,0.84,0.626,non-ergonomis
2026-06-01 16:03:39.680,2213359136,531680,1,0.6438,-0.02808,0.9292,0.519,2.023,-0.351,non-ergonomis
2026-06-01 16:03:39.680,2213359136,531680,2,1.00586,0.00806,0.15967,-1.496,0.618,0.573,non-ergonomis
2026-06-01 16:03:39.880,2213359336,531880,1,0.64185,-0.02148,0.92383,-0.29,1.824,-0.336,non-ergonomis
2026-06-01 16:03:39.880,2213359336,531880,2,0.9978,0.01221,0.15869,-1.13,0.45,0.359,non-ergonomis
2026-06-01 16:03:40.080,2213359536,532080,1,0.64453,-0.02954,0.91479,0.55,1.695,-0.389,non-ergonomis
2026-06-01 16:03:40.080,2213359536,532080,2,1.00732,0.01611,0.15845,-1.443,0.42,0.466,non-ergonomis
2026-06-01 16:03:40.280,2213359736,532280,1,0.64209,-0.02148,0.92285,0.267,1.412,-0.557,non-ergonomis
2026-06-01 16:03:40.280,2213359736,532280,2,1.00659,0.01929,0.1582,-1.794,0.16,0.664,non-ergonomis
2026-06-01 16:03:40.480,2213359936,532480,1,0.6355,-0.02368,0.91895,0.092,2.015,-0.725,non-ergonomis
2026-06-01 16:03:40.480,2213359936,532480,2,1.00757,0.00464,0.1604,-2.931,0.328,0.275,non-ergonomis
2026-06-01 16:03:40.680,2213360136,532680,1,0.63672,-0.0271,0.92188,0.87,1.74,-0.328,non-ergonomis
2026-06-01 16:03:40.680,2213360136,532680,2,1.01123,0.01196,0.15796,-3.26,0.061,0.435,non-ergonomis
2026-06-01 16:03:40.880,2213360336,532880,1,0.64868,-0.03467,0.9231,0.107,1.588,-0.412,non-ergonomis
2026-06-01 16:03:40.880,2213360336,532880,2,1.00952,0.00537,0.1604,-1.74,0.45,0.359,non-ergonomis
2026-06-01 16:03:41.104,2213360560,533104,1,0.64722,-0.02148,0.92847,1.023,2.13,-0.221,non-ergonomis
2026-06-01 16:03:41.104,2213360560,533104,2,1.00952,0.00928,0.15454,-1.374,0.557,0.382,non-ergonomis
2026-06-01 16:03:41.304,2213360760,533304,1,0.64722,-0.03735,0.92188,-0.389,1.84,-0.542,non-ergonomis
2026-06-01 16:03:41.304,2213360760,533304,2,1.00757,0.01221,0.16357,0.145,0.573,0.55,non-ergonomis
2026-06-01 16:03:41.504,2213360960,533504,1,0.6416,-0.02856,0.91113,0.718,2.244,-0.641,non-ergonomis
2026-06-01 16:03:41.504,2213360960,533504,2,1.00977,0.01025,0.16724,-0.252,0.504,0.443,non-ergonomis
2026-06-01 16:03:41.704,2213361160,533704,1,0.64282,-0.02759,0.9231,0.84,1.634,-0.847,non-ergonomis
2026-06-01 16:03:41.704,2213361160,533704,2,1.00415,0.01318,0.16333,-1.076,0.252,0.489,non-ergonomis
2026-06-01 16:03:41.904,2213361360,533904,1,0.64331,-0.0293,0.9248,-0.237,2.0,-0.832,non-ergonomis
2026-06-01 16:03:41.904,2213361360,533904,2,1.00391,0.01343,0.16187,-1.489,0.649,0.511,non-ergonomis
2026-06-01 16:03:42.104,2213361560,534104,1,0.64307,-0.02295,0.9231,0.847,1.855,-0.282,non-ergonomis
2026-06-01 16:03:42.104,2213361560,534104,2,1.00244,0.01465,0.16357,-0.733,0.221,0.595,non-ergonomis
2026-06-01 16:03:42.321,2213361777,534321,1,0.6438,-0.01904,0.91919,0.641,1.977,-0.473,non-ergonomis
2026-06-01 16:03:42.321,2213361777,534321,2,1.00659,0.01929,0.16113,-2.466,0.336,0.252,non-ergonomis
2026-06-01 16:03:42.656,2213362112,534656,1,0.64209,-0.02539,0.91602,0.115,2.031,-0.664,non-ergonomis
2026-06-01 16:03:42.656,2213362112,534656,2,1.01123,0.01807,0.15625,-3.053,0.183,0.489,non-ergonomis
2026-06-01 16:03:43.306,2213362762,535306,1,0.64868,-0.02686,0.92822,0.176,2.008,-0.802,non-ergonomis
2026-06-01 16:03:43.306,2213362762,535306,2,1.00342,0.00757,0.15967,-0.405,0.962,0.412,non-ergonomis
2026-06-01 16:03:43.582,2213363038,535581,1,0.63818,-0.03296,0.9292,-0.084,1.885,-0.832,non-ergonomis
2026-06-01 16:03:43.582,2213363038,535581,2,1.00635,0.01416,0.1582,-1.481,-0.122,0.519,non-ergonomis
2026-06-01 16:03:43.799,2213363255,535799,1,0.6355,-0.03662,0.9209,5.458,3.229,0.58,non-ergonomis
2026-06-01 16:03:43.799,2213363255,535799,2,1.0083,0.00903,0.14453,-2.397,-0.107,0.901,non-ergonomis
2026-06-01 16:03:44.114,2213363570,536114,1,0.65161,-0.01318,0.90869,-0.802,1.29,-1.321,non-ergonomis
2026-06-01 16:03:44.114,2213363570,536114,2,1.01343,0.01514,0.15552,0.198,-0.115,0.122,non-ergonomis
2026-06-01 16:03:44.314,2213363770,536314,1,0.63306,-0.01099,0.93799,1.122,1.55,-0.977,non-ergonomis
2026-06-01 16:03:44.314,2213363770,536314,2,1.01025,0.01367,0.1333,-1.626,0.58,-0.206,non-ergonomis
2026-06-01 16:03:44.514,2213363970,536514,1,0.64233,-0.01099,0.93433,-0.115,0.84,1.038,non-ergonomis
2026-06-01 16:03:44.514,2213363970,536514,2,1.00977,0.01611,0.14819,-0.786,-1.802,1.023,non-ergonomis
2026-06-01 16:03:44.714,2213364170,536714,1,0.64087,-0.01147,0.92236,4.023,-0.84,3.427,non-ergonomis
2026-06-01 16:03:44.714,2213364170,536714,2,1.01172,0.0332,0.12964,-2.908,-0.71,0.763,non-ergonomis
2026-06-01 16:03:44.914,2213364370,536914,1,0.65332,-0.01978,0.9209,3.809,2.069,-0.672,non-ergonomis
2026-06-01 16:03:44.914,2213364370,536914,2,1.01221,0.02271,0.14526,-1.931,-0.061,-0.176,non-ergonomis
2026-06-01 16:03:45.114,2213364570,537114,1,0.6543,-0.02783,0.92139,-0.916,2.168,-0.542,non-ergonomis
2026-06-01 16:03:45.114,2213364570,537114,2,1.00732,0.03076,0.14233,-4.458,-0.489,-0.809,non-ergonomis
2026-06-01 16:03:45.314,2213364770,537314,1,0.66724,0.00732,0.90479,4.756,-0.458,1.977,non-ergonomis
2026-06-01 16:03:45.314,2213364770,537314,2,1.01367,0.0376,0.11938,0.817,3.191,-0.618,non-ergonomis
2026-06-01 16:03:45.514,2213364970,537514,1,0.65942,-0.03711,0.91431,3.893,5.099,1.664,non-ergonomis
2026-06-01 16:03:45.514,2213364970,537514,2,1.00562,0.03003,0.14478,-1.351,1.359,-0.061,non-ergonomis
2026-06-01 16:03:45.714,2213365170,537714,1,0.63721,-0.01025,0.9314,-0.672,1.45,0.137,non-ergonomis
2026-06-01 16:03:45.714,2213365170,537714,2,1.00513,0.03247,0.14697,-1.298,0.611,0.947,non-ergonomis
2026-06-01 16:03:45.914,2213365370,537914,1,0.63794,-0.01782,0.92896,1.435,0.985,1.359,non-ergonomis
2026-06-01 16:03:45.914,2213365370,537914,2,1.00317,0.03589,0.14746,1.855,-0.061,1.733,non-ergonomis
2026-06-01 16:03:46.114,2213365570,538114,1,0.66455,-0.01636,0.91748,0.344,-1.687,0.305,non-ergonomis
2026-06-01 16:03:46.114,2213365570,538114,2,1.01147,0.02271,0.14673,0.962,0.099,1.969,non-ergonomis
2026-06-01 16:03:46.314,2213365770,538314,1,0.66675,-0.03955,0.90527,-1.885,1.802,-0.809,non-ergonomis
2026-06-01 16:03:46.314,2213365770,538314,2,0.99609,0.0271,0.13574,3.885,1.718,1.168,non-ergonomis
2026-06-01 16:03:46.514,2213365970,538514,1,0.65845,-0.02954,0.91333,-1.763,0.947,-0.183,non-ergonomis
2026-06-01 16:03:46.514,2213365970,538514,2,1.00659,0.03076,0.14551,0.13,-0.611,1.878,non-ergonomis
2026-06-01 16:03:46.714,2213366170,538714,1,0.68237,-0.0271,0.90234,1.328,-1.191,-2.397,non-ergonomis
2026-06-01 16:03:46.714,2213366170,538714,2,0.99268,0.00952,0.15405,-2.611,2.779,-0.008,non-ergonomis
2026-06-01 16:03:46.914,2213366370,538914,1,0.66064,-0.01929,0.90234,0.756,3.901,-1.275,non-ergonomis
2026-06-01 16:03:46.914,2213366370,538914,2,1.01904,0.00879,0.13794,-3.13,0.489,0.214,non-ergonomis
2026-06-01 16:03:47.114,2213366570,539114,1,0.65601,-0.03052,0.9104,0.244,2.115,0.099,non-ergonomis
2026-06-01 16:03:47.114,2213366570,539114,2,1.00806,0.02026,0.15747,-0.878,0.588,0.504,non-ergonomis
2026-06-01 16:03:47.314,2213366770,539314,1,0.65771,-0.0249,0.91699,-0.595,1.275,-0.191,non-ergonomis
2026-06-01 16:03:47.314,2213366770,539314,2,1.00977,0.01685,0.14233,-2.29,0.771,0.817,non-ergonomis
2026-06-01 16:03:47.546,2213367002,539546,1,0.65991,-0.03003,0.91724,0.458,2.069,-1.031,non-ergonomis
2026-06-01 16:03:47.546,2213367002,539546,2,1.0083,0.0127,0.15967,-2.939,0.366,-0.13,non-ergonomis
2026-06-01 16:03:47.746,2213367202,539746,1,0.6543,-0.02319,0.90601,0.107,2.481,-1.053,non-ergonomis
2026-06-01 16:03:47.746,2213367202,539746,2,1.0061,0.0144,0.14722,-4.229,0.282,0.267,non-ergonomis
2026-06-01 16:03:48.946,2213368402,539946,1,0.66675,-0.03027,0.91016,0.321,1.13,-0.328,non-ergonomis
2026-06-01 16:03:48.946,2213368402,539946,2,1.01367,0.0127,0.14624,-1.038,0.351,0.473,non-ergonomis
2026-06-01 16:03:48.146,2213367602,540146,1,0.66309,-0.02954,0.90308,0.756,2.664,-0.344,non-ergonomis
2026-06-01 16:03:48.146,2213367602,540146,2,1.00415,0.02466,0.14819,-0.397,0.504,0.626,non-ergonomis
2026-06-01 16:03:48.346,2213367802,540346,1,0.6582,-0.02197,0.91406,0.893,2.084,-0.481,non-ergonomis
2026-06-01 16:03:48.346,2213367802,540346,2,1.00488,0.01855,0.14722,1.58,1.038,0.718,non-ergonomis
2026-06-01 16:03:48.546,2213368002,540546,1,0.65503,-0.02148,0.90259,0.229,2.115,-0.389,non-ergonomis
2026-06-01 16:03:48.546,2213368002,540546,2,1.01367,0.01782,0.14307,-0.855,0.26,0.58,non-ergonomis
2026-06-01 16:03:48.747,2213368203,540747,1,0.65747,-0.02173,0.91724,0.115,2.237,-0.267,non-ergonomis
2026-06-01 16:03:48.747,2213368203,540747,2,1.00854,0.01953,0.15283,-1.42,0.42,0.412,non-ergonomis
2026-06-01 16:03:49.947,2213369403,540947,1,0.6543,-0.02441,0.91675,0.313,1.748,-0.427,non-ergonomis
2026-06-01 16:03:49.947,2213369403,540947,2,1.00854,0.02515,0.14355,-1.359,0.275,0.542,non-ergonomis
2026-06-01 16:03:49.147,2213368603,541147,1,0.65698,-0.02271,0.90454,0.817,1.489,-0.519,non-ergonomis
2026-06-01 16:03:49.147,2213368603,541147,2,1.00757,0.021,0.15063,-1.275,0.458,0.489,non-ergonomis
2026-06-01 16:03:49.347,2213368803,541347,1,0.65479,-0.02563,0.91016,0.084,2.061,-0.87,non-ergonomis
2026-06-01 16:03:49.347,2213368803,541347,2,1.01147,0.02124,0.15186,-1.634,0.527,0.634,non-ergonomis
2026-06-01 16:03:49.547,2213369003,541547,1,0.65796,-0.01978,0.91504,0.786,1.626,-0.55,non-ergonomis
2026-06-01 16:03:49.547,2213369003,541547,2,1.00903,0.0271,0.14502,-2.511,0.481,0.542,non-ergonomis
2026-06-01 16:03:49.747,2213369203,541747,1,0.65698,-0.02905,0.91455,0.13,2.092,-0.504,non-ergonomis
2026-06-01 16:03:49.747,2213369203,541747,2,1.00977,0.01929,0.14917,-2.985,0.328,0.244,non-ergonomis
2026-06-01 16:03:50.016,2213369472,542016,1,0.6626,-0.021,0.91602,0.397,1.473,-0.733,non-ergonomis
2026-06-01 16:03:50.016,2213369472,542016,2,1.00317,0.0144,0.14307,-2.809,-0.183,0.427,non-ergonomis
2026-06-01 16:03:50.216,2213369672,542216,1,0.65674,-0.02002,0.9126,0.397,2.176,-0.458,non-ergonomis
2026-06-01 16:03:50.216,2213369672,542216,2,1.00513,0.02026,0.14844,0.031,0.718,0.611,non-ergonomis
2026-06-01 16:03:50.416,2213369872,542416,1,0.65918,-0.02222,0.90894,0.328,2.16,-0.366,non-ergonomis
2026-06-01 16:03:50.416,2213369872,542416,2,1.01099,0.02246,0.14282,-0.053,0.809,0.542,non-ergonomis
2026-06-01 16:03:50.616,2213370072,542616,1,0.64697,-0.02075,0.91626,0.359,1.878,-0.573,non-ergonomis
2026-06-01 16:03:50.616,2213370072,542616,2,1.00415,0.02637,0.14868,0.198,0.481,0.511,non-ergonomis
2026-06-01 16:03:50.816,2213370272,542816,1,0.6521,-0.01855,0.90869,1.053,2.298,-0.145,non-ergonomis
2026-06-01 16:03:50.816,2213370272,542816,2,1.01074,0.02588,0.15112,-0.908,0.466,0.595,non-ergonomis
2026-06-01 16:03:51.016,2213370472,543016,1,0.65869,-0.02173,0.91699,0.061,1.847,-0.366,non-ergonomis
2026-06-01 16:03:51.016,2213370472,543016,2,1.01099,0.02466,0.15161,-0.786,0.763,0.573,non-ergonomis
2026-06-01 16:03:51.322,2213370778,543322,1,0.65332,-0.02246,0.92236,0.489,1.863,-0.405,non-ergonomis
2026-06-01 16:03:51.322,2213370778,543322,2,1.00537,0.02271,0.14624,-1.344,0.481,0.344,non-ergonomis
2026-06-01 16:03:51.522,2213370978,543522,1,0.66138,-0.021,0.91748,-0.115,1.626,-0.534,non-ergonomis
2026-06-01 16:03:51.522,2213370978,543522,2,1.01074,0.02124,0.1521,-1.328,0.527,0.511,non-ergonomis
2026-06-01 16:03:51.722,2213371178,543722,1,0.65454,-0.02319,0.91235,0.481,1.87,-0.626,non-ergonomis
2026-06-01 16:03:51.722,2213371178,543722,2,1.0127,0.02148,0.14722,-2.244,0.618,0.496,non-ergonomis
2026-06-01 16:03:51.922,2213371378,543922,1,0.65527,-0.02637,0.92017,-0.015,1.427,-0.26,non-ergonomis
2026-06-01 16:03:51.922,2213371378,543922,2,1.00269,0.02368,0.14893,-4.412,0.565,0.053,non-ergonomis
2026-06-01 16:03:52.371,2213371827,544371,1,0.65601,-0.02051,0.91235,0.954,1.282,-0.244,non-ergonomis
2026-06-01 16:03:52.371,2213371827,544371,2,1.00977,0.0166,0.14673,-1.122,0.603,0.481,non-ergonomis
2026-06-01 16:03:52.571,2213372027,544571,1,0.65503,-0.02393,0.9021,0.855,2.153,-0.527,non-ergonomis
2026-06-01 16:03:52.571,2213372027,544571,2,1.01685,0.01685,0.14771,0.748,0.321,0.687,non-ergonomis
2026-06-01 16:03:52.773,2213372229,544773,1,0.6521,-0.01123,0.91772,0.695,1.908,-0.405,non-ergonomis
2026-06-01 16:03:52.773,2213372229,544773,2,1.00708,0.01538,0.14429,1.107,0.687,1.145,non-ergonomis
2026-06-01 16:03:53.973,2213373429,544973,1,0.65308,-0.02319,0.91821,0.519,2.244,0.16,non-ergonomis
2026-06-01 16:03:53.973,2213373429,544973,2,1.01025,0.01782,0.15381,-0.863,0.885,0.466,non-ergonomis
2026-06-01 16:03:53.173,2213372629,545173,1,0.64819,-0.03174,0.92188,1.092,2.893,0.672,non-ergonomis
2026-06-01 16:03:53.173,2213372629,545173,2,1.00732,0.02808,0.14771,-1.626,0.802,0.824,non-ergonomis
2026-06-01 16:03:53.373,2213372829,545373,1,0.64429,-0.02417,0.90796,1.214,2.015,0.198,non-ergonomis
2026-06-01 16:03:53.373,2213372829,545373,2,1.00977,0.01489,0.15356,-1.427,1.183,-0.061,non-ergonomis
2026-06-01 16:03:53.573,2213373029,545573,1,0.63794,-0.02026,0.92749,-1.099,0.084,1.198,non-ergonomis
2026-06-01 16:03:53.573,2213373029,545573,2,1.00366,0.01758,0.15063,-1.74,0.527,0.328,non-ergonomis
2026-06-01 16:03:53.886,2213373342,545886,1,0.64746,-0.02661,0.91235,-2.168,0.321,-0.046,non-ergonomis
2026-06-01 16:03:53.886,2213373342,545886,2,1.0061,0.02856,0.15625,-0.046,-0.779,0.176,non-ergonomis
2026-06-01 16:03:54.086,2213373542,546086,1,0.6582,-0.0332,0.90479,-1.679,1.137,-1.863,non-ergonomis
2026-06-01 16:03:54.086,2213373542,546086,2,1.00635,0.0188,0.1521,-3.458,0.023,0.588,non-ergonomis
2026-06-01 16:03:54.286,2213373742,546286,1,0.66455,-0.02539,0.90894,0.695,1.969,-0.176,non-ergonomis
2026-06-01 16:03:54.286,2213373742,546286,2,1.00244,0.01782,0.14966,-3.359,0.214,0.412,non-ergonomis
2026-06-01 16:03:54.486,2213373942,546486,1,0.66357,-0.03125,0.91162,-0.496,1.573,1.305,non-ergonomis
2026-06-01 16:03:54.486,2213373942,546486,2,1.0083,0.01563,0.1438,-2.183,0.321,0.702,non-ergonomis
2026-06-01 16:03:54.686,2213374142,546686,1,0.66919,-0.04175,0.90234,2.099,0.977,0.351,non-ergonomis
2026-06-01 16:03:54.686,2213374142,546686,2,1.01221,0.01123,0.15112,-1.053,-0.107,0.901,non-ergonomis
2026-06-01 16:03:54.886,2213374342,546886,1,0.66309,-0.03271,0.90747,1.298,3.26,-0.573,non-ergonomis
2026-06-01 16:03:54.886,2213374342,546886,2,1.01294,0.01099,0.15381,-0.084,0.42,0.603,non-ergonomis
2026-06-01 16:03:55.086,2213374542,547086,1,0.65869,-0.03271,0.92139,0.924,2.023,-1.344,non-ergonomis
2026-06-01 16:03:55.086,2213374542,547086,2,1.00195,0.01587,0.14819,-0.069,0.282,0.931,non-ergonomis
2026-06-01 16:03:55.286,2213374742,547286,1,0.66187,-0.0293,0.91284,0.817,1.374,-0.214,non-ergonomis
2026-06-01 16:03:55.286,2213374742,547286,2,1.00073,0.01904,0.14624,-0.962,0.725,0.374,non-ergonomis
2026-06-01 16:03:55.486,2213374942,547486,1,0.65796,-0.03491,0.91089,-0.573,1.863,-0.374,non-ergonomis
2026-06-01 16:03:55.486,2213374942,547486,2,1.00903,0.01343,0.15332,-0.939,0.489,0.496,non-ergonomis
2026-06-01 16:03:55.696,2213375152,547695,1,0.66113,-0.03149,0.91504,0.458,1.687,-0.389,non-ergonomis
2026-06-01 16:03:55.696,2213375152,547695,2,1.01074,0.01538,0.14722,-1.55,0.298,0.45,non-ergonomis
2026-06-01 16:03:55.895,2213375351,547895,1,0.65967,-0.03491,0.91455,0.16,1.802,-0.489,non-ergonomis
2026-06-01 16:03:55.895,2213375351,547895,2,1.00635,0.01172,0.15869,-1.305,0.58,0.397,non-ergonomis
2026-06-01 16:03:56.095,2213375551,548095,1,0.6521,-0.02856,0.91211,0.16,1.756,-0.267,non-ergonomis
2026-06-01 16:03:56.095,2213375551,548095,2,1.00879,0.01758,0.15625,-1.435,0.519,0.412,non-ergonomis
2026-06-01 16:03:56.434,2213375890,548433,1,0.65601,-0.03613,0.91187,0.359,1.771,-0.611,non-ergonomis
2026-06-01 16:03:56.434,2213375890,548433,2,1.00977,0.01123,0.14966,-2.55,0.405,0.466,non-ergonomis
2026-06-01 16:03:56.633,2213376089,548633,1,0.65723,-0.03735,0.91675,0.038,1.511,-0.489,non-ergonomis
2026-06-01 16:03:56.633,2213376089,548633,2,1.01514,0.01074,0.15625,-3.313,0.588,0.427,non-ergonomis
2026-06-01 16:03:56.833,2213376289,548833,1,0.66187,-0.02734,0.91113,0.779,1.29,-0.221,non-ergonomis
2026-06-01 16:03:56.833,2213376289,548833,2,1.00659,0.01367,0.15601,-3.252,0.092,0.473,non-ergonomis
2026-06-01 16:03:57.033,2213376489,549033,1,0.65942,-0.02856,0.91162,-0.321,1.664,-0.328,non-ergonomis
2026-06-01 16:03:57.033,2213376489,549033,2,1.00854,0.01636,0.15454,-0.481,0.511,0.282,non-ergonomis
2026-06-01 16:03:57.233,2213376689,549233,1,0.66455,-0.03613,0.91016,0.511,1.954,-0.679,non-ergonomis
2026-06-01 16:03:57.233,2213376689,549233,2,1.01196,0.01514,0.15503,0.206,0.718,0.573,non-ergonomis
2026-06-01 16:03:57.433,2213376889,549433,1,0.65796,-0.02759,0.91406,0.137,1.145,-0.527,non-ergonomis
2026-06-01 16:03:57.433,2213376889,549433,2,1.00928,0.01416,0.15161,0.076,0.351,0.603,non-ergonomis
2026-06-01 16:03:57.633,2213377089,549633,1,0.65845,-0.03271,0.91406,0.008,2.427,-0.405,non-ergonomis
2026-06-01 16:03:57.633,2213377089,549633,2,1.00708,0.01782,0.15454,-0.878,0.504,0.664,non-ergonomis
2026-06-01 16:03:57.833,2213377289,549833,1,0.65405,-0.03735,0.91455,0.527,1.893,-0.435,non-ergonomis
2026-06-01 16:03:57.833,2213377289,549833,2,1.01221,0.01367,0.15234,-0.885,0.313,0.58,non-ergonomis
2026-06-01 16:03:58.033,2213377489,550033,1,0.65479,-0.03442,0.90991,0.382,1.847,-0.26,non-ergonomis
2026-06-01 16:03:58.033,2213377489,550033,2,1.00586,0.01587,0.1582,-0.916,0.374,0.55,non-ergonomis
2026-06-01 16:03:58.233,2213377689,550233,1,0.65259,-0.03174,0.9165,-0.565,1.908,-0.496,non-ergonomis
2026-06-01 16:03:58.233,2213377689,550233,2,1.00244,0.01318,0.14722,-0.84,0.542,0.496,non-ergonomis
2026-06-01 16:03:58.433,2213377889,550433,1,0.65552,-0.0332,0.91016,0.092,1.87,-0.359,non-ergonomis
2026-06-01 16:03:58.433,2213377889,550433,2,1.00635,0.02319,0.14136,-1.359,0.252,0.519,non-ergonomis
2026-06-01 16:03:58.633,2213378089,550633,1,0.65503,-0.0376,0.91895,0.443,1.809,-0.496,non-ergonomis
2026-06-01 16:03:58.633,2213378089,550633,2,1.00366,0.01807,0.1582,-1.824,0.374,0.496,non-ergonomis
2026-06-01 16:03:58.833,2213378289,550833,1,0.65723,-0.03491,0.91211,0.038,1.649,-0.679,non-ergonomis
2026-06-01 16:03:58.833,2213378289,550833,2,1.00488,0.01489,0.15332,-3.115,0.473,0.443,non-ergonomis
2026-06-01 16:03:59.033,2213378489,551033,1,0.65698,-0.02856,0.91528,0.832,1.763,-0.557,non-ergonomis
2026-06-01 16:03:59.033,2213378489,551033,2,1.01587,0.0188,0.16064,-2.641,0.542,0.641,non-ergonomis
2026-06-01 16:03:59.271,2213378727,551271,1,0.66064,-0.03784,0.91626,-0.023,1.557,-0.336,non-ergonomis
2026-06-01 16:03:59.271,2213378727,551271,2,1.00757,0.01685,0.15283,-2.29,0.321,0.359,non-ergonomis
2026-06-01 16:03:59.471,2213378927,551471,1,0.65796,-0.03613,0.92139,0.137,2.16,-0.534,non-ergonomis
2026-06-01 16:03:59.471,2213378927,551471,2,1.00732,0.01636,0.15698,-0.13,0.336,0.443,non-ergonomis
2026-06-01 16:03:59.671,2213379127,551671,1,0.66284,-0.03198,0.91602,0.824,1.969,-0.267,non-ergonomis
2026-06-01 16:03:59.671,2213379127,551671,2,1.00562,0.01465,0.14478,0.344,0.366,0.489,non-ergonomis
2026-06-01 16:03:59.871,2213379327,551871,1,0.64868,-0.03857,0.91455,0.588,2.649,-0.664,non-ergonomis
2026-06-01 16:03:59.871,2213379327,551871,2,1.01196,0.01514,0.15381,-0.611,0.87,0.687,non-ergonomis
2026-06-01 16:04:00.071,2213379527,552071,1,0.65649,-0.03491,0.92041,0.489,1.496,-1.0,non-ergonomis
2026-06-01 16:04:00.071,2213379527,552071,2,1.01514,0.01709,0.15503,-1.313,0.237,0.649,non-ergonomis
2026-06-01 16:04:00.289,2213379745,552288,1,0.65894,-0.0332,0.91821,0.076,2.206,-0.176,non-ergonomis
2026-06-01 16:04:00.289,2213379745,552288,2,1.00415,0.01685,0.16382,-1.16,0.588,0.763,non-ergonomis
2026-06-01 16:04:00.488,2213379944,552488,1,0.64941,-0.03442,0.91943,-0.313,1.603,-0.229,non-ergonomis
2026-06-01 16:04:00.488,2213379944,552488,2,1.01025,0.01489,0.15112,-0.718,-0.015,1.023,non-ergonomis
2026-06-01 16:04:00.688,2213380144,552688,1,0.65967,-0.03223,0.92017,,1.878,-1.115,non-ergonomis
2026-06-01 16:04:00.688,2213380144,552688,2,1.00562,0.01245,0.14941,-0.397,0.282,0.863,non-ergonomis
2026-06-01 16:04:00.888,2213380344,552888,1,0.6521,-0.0459,0.90991,-0.305,2.038,0.084,non-ergonomis
2026-06-01 16:04:00.888,2213380344,552888,2,1.00806,0.01563,0.15576,-1.893,0.13,0.863,non-ergonomis
2026-06-01 16:04:01.088,2213380544,553088,1,0.66235,-0.04272,0.90796,0.336,1.664,-0.359,non-ergonomis
2026-06-01 16:04:01.088,2213380544,553088,2,1.00879,0.01465,0.15405,-3.664,0.603,0.366,non-ergonomis
2026-06-01 16:04:01.318,2213380774,553318,1,0.65918,-0.04614,0.91064,0.313,1.489,-0.351,non-ergonomis
2026-06-01 16:04:01.318,2213380774,553318,2,1.01147,0.00903,0.15796,-2.962,0.786,0.008,non-ergonomis
2026-06-01 16:04:01.524,2213380980,553524,1,0.6665,-0.04297,0.91797,0.107,1.931,-1.031,non-ergonomis
2026-06-01 16:04:01.524,2213380980,553524,2,0.99927,0.0105,0.14526,-3.214,0.45,0.046,non-ergonomis
2026-06-01 16:04:01.724,2213381180,553724,1,0.65747,-0.04272,0.91187,-0.122,1.687,-0.275,non-ergonomis
2026-06-01 16:04:01.724,2213381180,553724,2,1.01416,0.00879,0.16138,0.076,0.389,0.916,non-ergonomis
2026-06-01 16:04:02.947,2213382403,553947,1,0.66309,-0.04102,0.91357,0.191,2.26,-0.282,non-ergonomis
2026-06-01 16:04:02.947,2213382403,553947,2,1.01245,0.01587,0.14575,0.328,0.496,0.519,non-ergonomis
2026-06-01 16:04:02.179,2213381635,554179,1,0.65454,-0.04395,0.91113,0.115,2.038,-0.824,non-ergonomis
2026-06-01 16:04:02.179,2213381635,554179,2,1.00439,0.00879,0.14819,-1.198,0.725,0.42,non-ergonomis
2026-06-01 16:04:02.379,2213381835,554379,1,0.66553,-0.0415,0.91455,0.053,1.985,-0.908,non-ergonomis
2026-06-01 16:04:02.379,2213381835,554379,2,0.99805,0.01514,0.15894,-1.275,0.634,0.649,non-ergonomis
2026-06-01 16:04:02.579,2213382035,554579,1,0.65649,-0.04419,0.91504,-0.366,1.641,-1.275,non-ergonomis
2026-06-01 16:04:02.579,2213382035,554579,2,1.00391,0.01245,0.15186,-0.954,0.435,0.275,non-ergonomis
2026-06-01 16:04:02.779,2213382235,554779,1,0.65967,-0.03687,0.91602,0.954,1.87,-0.389,non-ergonomis
2026-06-01 16:04:02.779,2213382235,554779,2,1.00757,0.01807,0.14209,-1.504,0.412,0.534,non-ergonomis
2026-06-01 16:04:03.979,2213383435,554979,1,0.65894,-0.04688,0.89893,-0.153,2.099,-0.641,non-ergonomis
2026-06-01 16:04:03.979,2213383435,554979,2,1.00439,0.01758,0.15771,-1.664,0.473,0.267,non-ergonomis
2026-06-01 16:04:03.179,2213382635,555179,1,0.66113,-0.03491,0.91309,0.863,1.435,-0.847,non-ergonomis
2026-06-01 16:04:03.179,2213382635,555179,2,1.01172,0.0144,0.14355,-2.221,0.053,0.282,non-ergonomis
2026-06-01 16:04:03.379,2213382835,555379,1,0.65869,-0.04224,0.91016,-0.595,1.893,-0.748,non-ergonomis
2026-06-01 16:04:03.379,2213382835,555379,2,1.00342,0.02002,0.14819,-3.084,0.786,0.45,non-ergonomis
2026-06-01 16:04:03.579,2213383035,555579,1,0.65649,-0.04321,0.90625,0.603,0.985,-0.496,non-ergonomis
2026-06-01 16:04:03.579,2213383035,555579,2,1.00854,0.01416,0.15503,-3.786,0.145,0.29,non-ergonomis
2026-06-01 16:04:03.779,2213383235,555779,1,0.65747,-0.0437,0.91821,-0.366,1.695,-0.122,non-ergonomis
2026-06-01 16:04:03.779,2213383235,555779,2,1.0083,0.0166,0.15552,-3.336,0.145,0.221,non-ergonomis
2026-06-01 16:04:04.979,2213384435,555979,1,0.66016,-0.03784,0.90161,0.427,2.0,-0.687,non-ergonomis
2026-06-01 16:04:04.979,2213384435,555979,2,1.00977,0.01099,0.14893,0.55,0.427,0.756,non-ergonomis
2026-06-01 16:04:04.179,2213383635,556179,1,0.65527,-0.04175,0.90234,0.267,2.115,-0.389,non-ergonomis
2026-06-01 16:04:04.179,2213383635,556179,2,1.01074,0.01587,0.15649,0.061,0.542,0.634,non-ergonomis
2026-06-01 16:04:04.379,2213383835,556379,1,0.65332,-0.03882,0.9082,1.053,1.672,-0.466,non-ergonomis
2026-06-01 16:04:04.379,2213383835,556379,2,1.01123,0.01514,0.14624,-0.595,0.557,0.618,non-ergonomis
2026-06-01 16:04:04.746,2213384202,556746,1,0.65601,-0.03857,0.90991,0.076,2.374,-0.298,non-ergonomis
2026-06-01 16:04:04.746,2213384202,556746,2,1.00952,0.01733,0.14429,-0.771,0.305,0.504,non-ergonomis
2026-06-01 16:04:05.946,2213385402,556946,1,0.65576,-0.04297,0.90796,0.046,1.74,-0.481,non-ergonomis
2026-06-01 16:04:05.946,2213385402,556946,2,1.00586,0.01904,0.15454,-1.176,0.687,0.557,non-ergonomis
2026-06-01 16:04:05.146,2213384602,557146,1,0.66138,-0.03979,0.91382,0.718,1.695,-0.252,non-ergonomis
2026-06-01 16:04:05.146,2213384602,557146,2,1.01367,0.01245,0.15088,-1.168,0.389,0.595,non-ergonomis
2026-06-01 16:04:05.346,2213384802,557346,1,0.65625,-0.03662,0.89893,0.649,1.901,-0.305,non-ergonomis
2026-06-01 16:04:05.346,2213384802,557346,2,1.00488,0.01172,0.1521,-2.336,0.779,0.374,non-ergonomis
2026-06-01 16:04:05.546,2213385002,557546,1,0.65332,-0.04053,0.89966,0.084,1.756,-0.359,non-ergonomis
2026-06-01 16:04:05.546,2213385002,557546,2,1.01318,0.01196,0.15308,-3.534,0.336,0.305,non-ergonomis
2026-06-01 16:04:05.894,2213385350,557894,1,0.65723,-0.04419,0.90796,0.26,1.779,-0.305,non-ergonomis
2026-06-01 16:04:05.894,2213385350,557894,2,1.0105,0.00879,0.1499,-3.427,-0.031,0.26,non-ergonomis
2026-06-01 16:04:06.094,2213385550,558094,1,0.65356,-0.04199,0.90552,0.473,1.756,-0.496,non-ergonomis
2026-06-01 16:04:06.094,2213385550,558094,2,1.01245,0.02148,0.13867,0.573,0.656,0.802,non-ergonomis
2026-06-01 16:04:06.294,2213385750,558294,1,0.65649,-0.04297,0.91504,0.656,1.641,-0.405,non-ergonomis
2026-06-01 16:04:06.294,2213385750,558294,2,1.0061,0.00781,0.14648,1.618,0.244,0.809,non-ergonomis
2026-06-01 16:04:06.494,2213385950,558494,1,0.65625,-0.04272,0.91504,0.595,2.023,-0.107,non-ergonomis
2026-06-01 16:04:06.494,2213385950,558494,2,1.00391,0.01611,0.15674,-0.74,0.458,0.672,non-ergonomis
2026-06-01 16:04:06.694,2213386150,558694,1,0.65381,-0.03491,0.90942,-0.42,3.748,-0.076,non-ergonomis
2026-06-01 16:04:06.694,2213386150,558694,2,1.00879,0.0127,0.15454,-1.908,0.802,0.489,non-ergonomis
2026-06-01 16:04:07.024,2213386480,559024,1,0.65894,-0.05151,0.90405,0.878,2.015,-0.313,non-ergonomis
2026-06-01 16:04:07.024,2213386480,559024,2,1.00854,0.01343,0.1416,-1.389,0.542,0.458,non-ergonomis
2026-06-01 16:04:07.224,2213386680,559224,1,0.65063,-0.04248,0.91431,1.069,2.031,-0.267,non-ergonomis
2026-06-01 16:04:07.224,2213386680,559224,2,1.00635,0.01221,0.14966,-1.275,0.076,0.611,non-ergonomis
2026-06-01 16:04:07.424,2213386880,559424,1,0.65161,-0.04834,0.92236,0.435,2.191,-0.565,non-ergonomis
2026-06-01 16:04:07.424,2213386880,559424,2,1.01636,0.01709,0.14575,-2.817,1.252,1.092,non-ergonomis
2026-06-01 16:04:07.624,2213387080,559624,1,0.6521,-0.03662,0.91016,1.893,-0.618,-1.55,non-ergonomis
2026-06-01 16:04:07.624,2213387080,559624,2,1.00513,0.02271,0.15381,-5.344,3.168,-3.183,non-ergonomis
2026-06-01 16:04:07.870,2213387326,559870,1,0.68091,-0.02393,0.91431,-2.137,3.802,-1.092,non-ergonomis
2026-06-01 16:04:07.870,2213387326,559870,2,1.01807,0.01001,0.13696,-4.824,5.939,2.771,non-ergonomis
2026-06-01 16:04:08.070,2213387526,560070,1,0.61719,-0.04004,0.94189,-7.405,11.588,-3.115,non-ergonomis
2026-06-01 16:04:08.070,2213387526,560070,2,0.99219,-0.00122,0.18945,-11.588,7.344,-0.756,non-ergonomis
2026-06-01 16:04:08.270,2213387726,560270,1,0.59668,-0.05298,0.95947,1.588,1.053,-1.466,non-ergonomis
2026-06-01 16:04:08.270,2213387726,560270,2,1.00269,-0.00586,0.18213,2.969,-0.145,-0.748,non-ergonomis
2026-06-01 16:04:08.470,2213387926,560470,1,0.63184,-0.02661,0.93091,7.649,2.656,3.748,non-ergonomis
2026-06-01 16:04:08.470,2213387926,560470,2,1.00366,0.02124,0.18359,3.573,0.74,2.809,non-ergonomis
2026-06-01 16:04:08.670,2213388126,560670,1,0.5957,-0.10254,0.95654,-10.618,0.588,-3.511,non-ergonomis
2026-06-01 16:04:08.670,2213388126,560670,2,1.00439,-0.01025,0.19482,4.046,-1.237,1.0,non-ergonomis
2026-06-01 16:04:08.870,2213388326,560870,1,0.6272,-0.0564,0.94214,-3.26,-0.603,-3.473,non-ergonomis
2026-06-01 16:04:08.870,2213388326,560870,2,1.00879,-0.01514,0.18115,-1.809,-0.939,2.489,non-ergonomis
2026-06-01 16:04:09.070,2213388526,561070,1,0.63867,-0.05908,0.93359,-0.061,0.267,-1.885,non-ergonomis
2026-06-01 16:04:09.070,2213388526,561070,2,1.00488,-0.01074,0.18286,0.176,0.618,0.832,non-ergonomis
2026-06-01 16:04:09.270,2213388726,561270,1,0.61841,-0.07959,0.93018,1.115,1.863,-1.947,non-ergonomis
2026-06-01 16:04:09.270,2213388726,561270,2,0.99756,-0.00269,0.1687,-1.542,1.115,0.405,non-ergonomis
2026-06-01 16:04:09.470,2213388926,561470,1,0.62036,-0.052,0.93066,0.115,2.557,1.489,non-ergonomis
2026-06-01 16:04:09.470,2213388926,561470,2,1.0083,-0.00732,0.17896,1.924,-0.679,1.641,non-ergonomis
2026-06-01 16:04:09.670,2213389126,561670,1,0.62329,-0.05859,0.94214,-1.397,0.634,-2.954,non-ergonomis
2026-06-01 16:04:09.670,2213389126,561670,2,0.99878,-0.01392,0.1792,-3.344,0.282,1.527,non-ergonomis
2026-06-01 16:04:09.870,2213389326,561870,1,0.62134,-0.05493,0.94263,4.168,1.374,-1.916,non-ergonomis
2026-06-01 16:04:09.870,2213389326,561870,2,1.0,-0.00806,0.17798,-3.115,-0.489,-0.107,non-ergonomis
2026-06-01 16:04:10.070,2213389526,562070,1,0.62598,-0.05176,0.92725,-0.053,1.107,-1.328,non-ergonomis
2026-06-01 16:04:10.070,2213389526,562070,2,1.00684,-0.01392,0.16382,-3.168,-0.13,0.099,non-ergonomis
2026-06-01 16:04:10.270,2213389726,562270,1,0.63306,-0.05347,0.93237,-0.389,0.641,-1.496,non-ergonomis
2026-06-01 16:04:10.270,2213389726,562270,2,0.99902,-0.01611,0.17773,-4.641,-0.344,-0.023,non-ergonomis
2026-06-01 16:04:10.470,2213389926,562470,1,0.63916,-0.06616,0.91943,-0.527,0.397,1.443,non-ergonomis
2026-06-01 16:04:10.470,2213389926,562470,2,1.00977,-0.01465,0.17188,-2.595,-0.313,0.443,non-ergonomis
2026-06-01 16:04:10.670,2213390126,562670,1,0.63647,-0.06958,0.91724,0.496,1.275,0.168,non-ergonomis
2026-06-01 16:04:10.670,2213390126,562670,2,1.00659,-0.01733,0.17554,0.069,0.405,0.977,non-ergonomis
2026-06-01 16:04:10.870,2213390326,562870,1,0.63818,-0.06982,0.93701,0.023,1.443,-0.198,non-ergonomis
2026-06-01 16:04:10.870,2213390326,562870,2,1.00391,-0.01636,0.1687,0.275,0.229,1.298,non-ergonomis
2026-06-01 16:04:11.070,2213390526,563070,1,0.63892,-0.06763,0.93042,-0.107,1.176,-0.038,non-ergonomis
2026-06-01 16:04:11.070,2213390526,563070,2,1.00488,-0.021,0.1731,-0.198,0.115,1.473,non-ergonomis
2026-06-01 16:04:11.270,2213390726,563270,1,0.63525,-0.07129,0.92432,0.328,1.771,-0.023,non-ergonomis
2026-06-01 16:04:11.270,2213390726,563270,2,0.99463,-0.02368,0.16748,-1.611,0.008,2.519,non-ergonomis
2026-06-01 16:04:11.470,2213390926,563470,1,0.65674,-0.07153,0.92651,-0.733,-0.29,-1.206,non-ergonomis
2026-06-01 16:04:11.470,2213390926,563470,2,1.01001,-0.03442,0.15405,-0.038,1.672,1.298,non-ergonomis
2026-06-01 16:04:11.670,2213391126,563670,1,0.65625,-0.08618,0.90796,-5.366,1.542,0.756,non-ergonomis
2026-06-01 16:04:11.670,2213391126,563670,2,0.99756,-0.03101,0.16919,-0.573,1.748,1.824,non-ergonomis
2026-06-01 16:04:11.870,2213391326,563870,1,0.64355,-0.09277,0.91895,1.664,1.733,0.687,non-ergonomis
2026-06-01 16:04:11.870,2213391326,563870,2,1.01025,-0.04688,0.13965,-1.939,-8.168,-0.168,non-ergonomis
2026-06-01 16:04:12.419,2213391875,564419,1,0.66895,-0.06836,0.89307,9.351,-5.321,-3.557,non-ergonomis
2026-06-01 16:04:12.419,2213391875,564419,2,1.01636,-0.02905,0.11108,4.405,-4.679,-2.687,non-ergonomis
2026-06-01 16:04:12.619,2213392075,564619,1,0.71924,-0.01953,0.89307,7.458,-4.824,-5.695,non-ergonomis
2026-06-01 16:04:12.619,2213392075,564619,2,1.03149,-0.05518,0.10498,3.939,-4.588,-4.58,non-ergonomis
2026-06-01 16:04:12.819,2213392275,564819,1,0.73926,0.04028,0.83276,27.962,3.802,6.718,non-ergonomis
2026-06-01 16:04:12.819,2213392275,564819,2,1.02344,0.01611,0.07178,8.664,1.756,-6.481,non-ergonomis
2026-06-01 16:04:13.019,2213392475,565019,1,0.69873,0.06348,0.87524,-0.519,6.26,-12.893,non-ergonomis
2026-06-01 16:04:13.019,2213392475,565019,2,1.01855,-0.00146,0.13745,-10.435,3.817,-1.534,non-ergonomis
2026-06-01 16:04:13.219,2213392675,565219,1,0.677,0.11377,0.88184,15.702,1.901,-0.145,non-ergonomis
2026-06-01 16:04:13.219,2213392675,565219,2,1.00757,0.04346,0.12256,2.87,2.282,-4.122,non-ergonomis
2026-06-01 16:04:13.419,2213392875,565419,1,0.69775,0.15649,0.84741,2.038,5.84,-6.099,non-ergonomis
2026-06-01 16:04:13.419,2213392875,565419,2,1.0,0.04272,0.14063,-0.786,2.168,-0.29,non-ergonomis
2026-06-01 16:04:13.619,2213393075,565619,1,0.6875,0.16504,0.86816,5.298,2.733,-1.389,non-ergonomis
2026-06-01 16:04:13.619,2213393075,565619,2,1.01733,0.04956,0.13989,0.802,1.107,-0.374,non-ergonomis
2026-06-01 16:04:13.819,2213393275,565819,1,0.68237,0.18481,0.87183,-0.321,2.588,-0.969,non-ergonomis
2026-06-01 16:04:13.819,2213393275,565819,2,1.00757,0.05322,0.14478,-0.763,0.893,1.214,non-ergonomis
2026-06-01 16:04:14.019,2213393475,566019,1,0.67871,0.18848,0.85938,0.824,1.313,-0.45,non-ergonomis
2026-06-01 16:04:14.019,2213393475,566019,2,1.0061,0.05078,0.14404,-0.908,-0.053,0.695,non-ergonomis
2026-06-01 16:04:14.241,2213393697,566241,1,0.68262,0.18774,0.87378,1.947,1.221,-0.275,non-ergonomis
2026-06-01 16:04:14.241,2213393697,566241,2,1.01343,0.05347,0.13647,-0.687,0.58,0.634,non-ergonomis
2026-06-01 16:04:14.441,2213393897,566441,1,0.68384,0.18677,0.85571,-0.893,1.824,-0.183,non-ergonomis
2026-06-01 16:04:14.441,2213393897,566441,2,1.00879,0.05029,0.13501,-3.802,-0.008,0.794,non-ergonomis
2026-06-01 16:04:14.641,2213394097,566641,1,0.68896,0.17822,0.8584,-2.321,1.901,-0.702,non-ergonomis
2026-06-01 16:04:14.641,2213394097,566641,2,1.00708,0.0481,0.12964,-4.107,-1.069,1.084,non-ergonomis
2026-06-01 16:04:14.841,2213394297,566841,1,0.68921,0.17261,0.86377,-7.122,1.023,-0.924,non-ergonomis
2026-06-01 16:04:14.841,2213394297,566841,2,1.01367,0.04126,0.13477,-2.489,-0.206,0.763,non-ergonomis
2026-06-01 16:04:15.041,2213394497,567041,1,0.68628,0.15649,0.87598,-3.298,1.603,-0.397,non-ergonomis
2026-06-01 16:04:15.041,2213394497,567041,2,1.00879,0.04346,0.14014,-3.634,0.84,0.183,non-ergonomis
2026-06-01 16:04:15.241,2213394697,567241,1,0.68604,0.15308,0.86963,1.191,1.557,-0.137,non-ergonomis
2026-06-01 16:04:15.241,2213394697,567241,2,1.02197,0.04761,0.13354,0.29,0.504,0.84,non-ergonomis
2026-06-01 16:04:15.584,2213395040,567584,1,0.68506,0.15601,0.86841,3.718,1.992,-0.313,non-ergonomis
2026-06-01 16:04:15.584,2213395040,567584,2,1.00977,0.03979,0.13672,0.626,1.069,0.366,non-ergonomis
2026-06-01 16:04:15.784,2213395240,567784,1,0.68213,0.15942,0.87158,2.023,1.511,-0.42,non-ergonomis
2026-06-01 16:04:15.784,2213395240,567784,2,1.01343,0.04565,0.14893,-0.695,0.252,0.618,non-ergonomis
2026-06-01 16:04:16.984,2213396440,567984,1,0.68677,0.15894,0.875,-0.802,1.611,-1.229,non-ergonomis
2026-06-01 16:04:16.984,2213396440,567984,2,1.00928,0.03882,0.13403,-0.504,0.344,0.641,non-ergonomis
2026-06-01 16:04:16.184,2213395640,568184,1,0.68481,0.16016,0.8645,-0.931,2.046,-0.382,non-ergonomis
2026-06-01 16:04:16.184,2213395640,568184,2,1.01196,0.04077,0.14185,-0.656,0.565,0.695,non-ergonomis
2026-06-01 16:04:16.384,2213395840,568384,1,0.69238,0.16187,0.86914,-0.443,1.427,-0.763,non-ergonomis
2026-06-01 16:04:16.384,2213395840,568384,2,1.01074,0.04395,0.13574,-1.229,0.427,0.366,non-ergonomis
2026-06-01 16:04:16.584,2213396040,568584,1,0.67969,0.16138,0.86377,-0.725,1.71,-0.489,non-ergonomis
2026-06-01 16:04:16.584,2213396040,568584,2,1.01221,0.04297,0.14819,-2.244,0.527,0.168,non-ergonomis
2026-06-01 16:04:16.910,2213396366,568910,1,0.68872,0.1626,0.87036,-0.481,1.954,-0.573,non-ergonomis
2026-06-01 16:04:16.910,2213396366,568910,2,1.00415,0.03931,0.13379,-2.626,0.237,0.55,non-ergonomis
2026-06-01 16:04:17.110,2213396566,569110,1,0.68994,0.15186,0.86328,-2.038,1.076,,non-ergonomis
2026-06-01 16:04:17.110,2213396566,569110,2,1.01514,0.04126,0.14038,-2.809,0.244,0.137,non-ergonomis
2026-06-01 16:04:17.310,2213396766,569310,1,0.68042,0.14478,0.86523,-3.298,1.573,-0.305,non-ergonomis
2026-06-01 16:04:17.310,2213396766,569310,2,1.01465,0.04224,0.12891,-2.985,,0.496,non-ergonomis
2026-06-01 16:04:17.510,2213396966,569510,1,0.68823,0.13354,0.86621,-1.183,2.015,-1.031,non-ergonomis
2026-06-01 16:04:17.510,2213396966,569510,2,1.01489,0.04224,0.12549,-0.771,0.405,0.679,non-ergonomis
2026-06-01 16:04:17.710,2213397166,569710,1,0.68872,0.14111,0.87402,2.756,2.008,-0.29,non-ergonomis
2026-06-01 16:04:17.710,2213397166,569710,2,1.0105,0.04077,0.13428,-0.122,0.496,0.595,non-ergonomis
2026-06-01 16:04:17.910,2213397366,569910,1,0.68945,0.1377,0.8811,2.298,1.527,-0.511,non-ergonomis
2026-06-01 16:04:17.910,2213397366,569910,2,1.00732,0.03271,0.13135,-0.977,0.237,0.359,non-ergonomis
2026-06-01 16:04:18.236,2213397692,570235,1,0.68579,0.14355,0.87476,-0.328,1.527,-0.176,non-ergonomis
2026-06-01 16:04:18.236,2213397692,570235,2,1.00879,0.04395,0.13647,-1.176,0.634,0.893,non-ergonomis
2026-06-01 16:04:18.435,2213397891,570435,1,0.68115,0.146,0.87231,1.16,1.748,-0.29,non-ergonomis
2026-06-01 16:04:18.435,2213397891,570435,2,1.0144,0.04541,0.13501,-1.244,0.412,0.42,non-ergonomis
2026-06-01 16:04:18.635,2213398091,570635,1,0.68408,0.14624,0.86743,-0.153,1.58,-0.603,non-ergonomis
2026-06-01 16:04:18.635,2213398091,570635,2,1.01709,0.04272,0.13354,-0.855,0.618,0.527,non-ergonomis
2026-06-01 16:04:18.835,2213398291,570835,1,0.68115,0.14404,0.88184,1.221,1.748,-0.573,non-ergonomis
2026-06-01 16:04:18.835,2213398291,570835,2,1.01343,0.04565,0.1333,-2.13,0.023,0.489,non-ergonomis
2026-06-01 16:04:19.035,2213398491,571035,1,0.68457,0.13647,0.87183,-1.336,1.954,-0.527,non-ergonomis
2026-06-01 16:04:19.035,2213398491,571035,2,1.00903,0.04321,0.13721,-2.771,0.153,0.527,non-ergonomis
2026-06-01 16:04:19.238,2213398694,571238,1,0.68213,0.13159,0.87061,-0.427,1.809,-0.473,non-ergonomis
2026-06-01 16:04:19.238,2213398694,571238,2,1.01489,0.04053,0.12939,-2.74,0.42,0.191,non-ergonomis
2026-06-01 16:04:19.438,2213398894,571438,1,0.68921,0.12964,0.88965,0.977,1.366,-0.252,non-ergonomis
2026-06-01 16:04:19.438,2213398894,571438,2,1.01709,0.04077,0.13965,-1.977,0.16,0.573,non-ergonomis
2026-06-01 16:04:19.638,2213399094,571638,1,0.68188,0.12622,0.87402,0.374,1.756,-0.412,non-ergonomis
2026-06-01 16:04:19.638,2213399094,571638,2,1.01758,0.03857,0.13086,-0.313,0.267,0.725,non-ergonomis
2026-06-01 16:04:19.838,2213399294,571838,1,0.69043,0.12622,0.87378,2.031,2.115,-0.725,non-ergonomis
2026-06-01 16:04:19.838,2213399294,571838,2,1.01025,0.04297,0.12817,-0.122,0.733,0.336,non-ergonomis
2026-06-01 16:04:20.038,2213399494,572038,1,0.68726,0.13086,0.86938,1.786,1.885,-0.603,non-ergonomis
2026-06-01 16:04:20.038,2213399494,572038,2,1.00781,0.04321,0.12573,-0.206,0.252,0.573,non-ergonomis
2026-06-01 16:04:20.317,2213399773,572317,1,0.68799,0.13599,0.86133,-0.939,1.794,-0.42,non-ergonomis
2026-06-01 16:04:20.317,2213399773,572317,2,1.00098,0.0437,0.13232,-1.076,0.344,0.748,non-ergonomis
2026-06-01 16:04:20.517,2213399973,572517,1,0.68433,0.12891,0.87329,-0.718,2.183,-0.573,non-ergonomis
2026-06-01 16:04:20.517,2213399973,572517,2,1.01099,0.03906,0.12915,-1.397,0.305,0.412,non-ergonomis
2026-06-01 16:04:20.717,2213400173,572717,1,0.68042,0.12817,0.87964,0.74,1.305,-0.458,non-ergonomis
2026-06-01 16:04:20.717,2213400173,572717,2,1.01318,0.03687,0.13916,-1.298,0.26,0.534,non-ergonomis
2026-06-01 16:04:20.917,2213400373,572917,1,0.69067,0.1416,0.86035,1.634,1.649,0.427,non-ergonomis
2026-06-01 16:04:20.917,2213400373,572917,2,1.00879,0.04663,0.13208,-0.771,0.466,0.634,non-ergonomis
2026-06-01 16:04:21.117,2213400573,573117,1,0.68384,0.12134,0.86841,-6.504,1.55,-0.664,non-ergonomis
2026-06-01 16:04:21.117,2213400573,573117,2,1.00293,0.03125,0.1333,-3.221,0.183,0.053,non-ergonomis
2026-06-01 16:04:21.317,2213400773,573317,1,0.69263,0.11597,0.87573,-3.656,2.229,-0.534,non-ergonomis
2026-06-01 16:04:21.317,2213400773,573317,2,1.01221,0.03833,0.13916,-2.885,0.565,0.817,non-ergonomis
2026-06-01 16:04:21.561,2213401017,573561,1,0.68506,0.10547,0.89258,0.527,1.489,-0.87,non-ergonomis
2026-06-01 16:04:21.561,2213401017,573561,2,1.01147,0.03394,0.14014,-3.206,-0.962,-0.061,non-ergonomis
2026-06-01 16:04:21.761,2213401217,573761,1,0.68921,0.11938,0.86401,-0.611,2.046,-0.969,non-ergonomis
2026-06-01 16:04:21.761,2213401217,573761,2,1.01782,0.03857,0.12549,-1.565,0.924,0.489,non-ergonomis
2026-06-01 16:04:22.961,2213402417,573961,1,0.67529,0.12573,0.88745,1.763,1.336,-1.328,non-ergonomis
2026-06-01 16:04:22.961,2213402417,573961,2,1.01221,0.04175,0.12549,-0.115,0.023,0.878,non-ergonomis
2026-06-01 16:04:22.161,2213401617,574161,1,0.68628,0.12256,0.87744,-0.962,2.443,-1.122,non-ergonomis
2026-06-01 16:04:22.161,2213401617,574161,2,1.01221,0.03955,0.13037,-0.26,0.527,0.725,non-ergonomis
2026-06-01 16:04:22.361,2213401817,574361,1,0.67725,0.12573,0.88501,2.321,1.649,-0.641,non-ergonomis
2026-06-01 16:04:22.361,2213401817,574361,2,1.00757,0.04248,0.13232,-0.214,0.58,0.42,non-ergonomis
2026-06-01 16:04:22.561,2213402017,574561,1,0.68506,0.14087,0.87402,-0.588,2.092,-0.931,non-ergonomis
2026-06-01 16:04:22.561,2213402017,574561,2,1.01245,0.04272,0.12744,-1.412,0.458,0.489,non-ergonomis
2026-06-01 16:04:22.774,2213402230,574774,1,0.67676,0.12769,0.9043,-2.74,3.412,-1.481,non-ergonomis
2026-06-01 16:04:22.774,2213402230,574774,2,1.0105,0.03809,0.13452,-2.366,-0.244,0.58,non-ergonomis
2026-06-01 16:04:23.974,2213403430,574974,1,0.68848,0.11694,0.8728,0.336,1.939,-0.527,non-ergonomis
2026-06-01 16:04:23.974,2213403430,574974,2,1.01294,0.04297,0.11816,-2.038,0.031,0.038,non-ergonomis
2026-06-01 16:04:23.174,2213402630,575174,1,0.68237,0.13403,0.88159,1.649,1.725,-1.122,non-ergonomis
2026-06-01 16:04:23.174,2213402630,575174,2,1.01099,0.03979,0.1394,-2.351,0.206,0.397,non-ergonomis
2026-06-01 16:04:23.374,2213402830,575374,1,0.68286,0.12598,0.86035,-1.802,0.924,-0.122,non-ergonomis
2026-06-01 16:04:23.374,2213402830,575374,2,1.00879,0.03735,0.12622,-3.992,0.137,0.534,non-ergonomis
2026-06-01 16:04:23.574,2213403030,575574,1,0.6814,0.11548,0.89111,-2.786,1.863,-0.115,non-ergonomis
2026-06-01 16:04:23.574,2213403030,575574,2,1.01709,0.03638,0.13379,-1.443,0.435,0.542,non-ergonomis
2026-06-01 16:04:23.774,2213403230,575774,1,0.68799,0.12329,0.88599,-1.443,1.634,-0.58,non-ergonomis
2026-06-01 16:04:23.774,2213403230,575774,2,1.01318,0.04272,0.11987,-0.473,0.656,0.718,non-ergonomis
2026-06-01 16:04:24.008,2213403464,576008,1,0.68481,0.11792,0.87695,-1.756,1.969,-1.069,non-ergonomis
2026-06-01 16:04:24.008,2213403464,576008,2,1.01563,0.0437,0.13086,1.321,1.023,0.435,non-ergonomis
2026-06-01 16:04:24.208,2213403664,576208,1,0.67676,0.10986,0.88013,0.969,1.954,-0.985,non-ergonomis
2026-06-01 16:04:24.208,2213403664,576208,2,1.00537,0.03809,0.13745,-0.55,-0.153,0.725,non-ergonomis
2026-06-01 16:04:24.408,2213403864,576408,1,0.68652,0.12402,0.88306,-0.939,2.099,-0.718,non-ergonomis
2026-06-01 16:04:24.408,2213403864,576408,2,1.01318,0.04297,0.13745,-0.87,0.397,0.542,non-ergonomis
2026-06-01 16:04:24.608,2213404064,576608,1,0.68066,0.11694,0.88574,1.603,0.977,-0.786,non-ergonomis
2026-06-01 16:04:24.608,2213404064,576608,2,1.01807,0.03833,0.13184,-0.725,0.359,0.954,non-ergonomis
2026-06-01 16:04:24.808,2213404264,576808,1,0.68628,0.11548,0.87305,-0.885,2.42,-0.885,non-ergonomis
2026-06-01 16:04:24.808,2213404264,576808,2,1.0188,0.04419,0.13354,-1.664,0.282,0.389,non-ergonomis
2026-06-01 16:04:25.008,2213404464,577008,1,0.68091,0.11865,0.88892,-1.992,1.611,-0.779,non-ergonomis
2026-06-01 16:04:25.008,2213404464,577008,2,1.00684,0.04175,0.1377,-1.87,0.336,0.275,non-ergonomis
2026-06-01 16:04:25.208,2213404664,577208,1,0.68164,0.12036,0.87988,0.389,1.969,-0.756,non-ergonomis
2026-06-01 16:04:25.208,2213404664,577208,2,1.01196,0.04175,0.13232,-2.481,0.427,0.55,non-ergonomis
2026-06-01 16:04:25.408,2213404864,577408,1,0.68286,0.11279,0.88184,-1.16,1.565,-0.359,non-ergonomis
2026-06-01 16:04:25.408,2213404864,577408,2,1.01025,0.03491,0.13379,-2.336,0.511,0.359,non-ergonomis
2026-06-01 16:04:25.608,2213405064,577608,1,0.68286,0.10815,0.87549,2.0,1.061,-0.336,non-ergonomis
2026-06-01 16:04:25.608,2213405064,577608,2,1.01514,0.03833,0.12622,-1.664,0.702,0.443,non-ergonomis
2026-06-01 16:04:25.808,2213405264,577808,1,0.68262,0.10596,0.87402,0.626,1.443,0.176,non-ergonomis
2026-06-01 16:04:25.808,2213405264,577808,2,1.01294,0.03662,0.13379,-0.809,0.282,0.71,non-ergonomis
2026-06-01 16:04:26.008,2213405464,578008,1,0.68433,0.10449,0.87524,2.023,1.634,-0.58,non-ergonomis
2026-06-01 16:04:26.008,2213405464,578008,2,1.01147,0.03198,0.13379,-0.45,0.092,0.687,non-ergonomis
2026-06-01 16:04:26.230,2213405686,578230,1,0.68188,0.11499,0.88135,1.687,1.427,-0.336,non-ergonomis
2026-06-01 16:04:26.230,2213405686,578230,2,1.01221,0.04028,0.13062,-0.214,0.176,0.519,non-ergonomis
2026-06-01 16:04:26.430,2213405886,578430,1,0.6897,0.12085,0.8855,-1.42,1.237,-0.542,non-ergonomis
2026-06-01 16:04:26.430,2213405886,578430,2,1.01587,0.04175,0.13135,-0.397,0.58,0.626,non-ergonomis
2026-06-01 16:04:26.630,2213406086,578630,1,0.68042,0.11792,0.88965,-0.634,1.901,-0.565,non-ergonomis
2026-06-01 16:04:26.630,2213406086,578630,2,1.00928,0.03906,0.13354,-0.878,-0.214,0.901,non-ergonomis
2026-06-01 16:04:26.830,2213406286,578830,1,0.6897,0.11792,0.87207,0.977,1.344,0.504,non-ergonomis
2026-06-01 16:04:26.830,2213406286,578830,2,1.01611,0.03882,0.12598,-1.313,0.237,1.046,non-ergonomis
2026-06-01 16:04:27.030,2213406486,579030,1,0.68457,0.11035,0.88721,-2.336,0.855,0.153,non-ergonomis
2026-06-01 16:04:27.030,2213406486,579030,2,1.01147,0.0415,0.12573,-1.13,0.427,0.634,non-ergonomis
2026-06-01 16:04:27.239,2213406695,579239,1,0.67212,0.10522,0.89722,-4.817,3.603,0.511,non-ergonomis
2026-06-01 16:04:27.239,2213406695,579239,2,1.01147,0.04102,0.12329,2.71,-0.298,0.366,non-ergonomis
2026-06-01 16:04:27.458,2213406914,579458,1,0.67188,0.09912,0.90942,-1.779,6.519,-0.71,non-ergonomis
2026-06-01 16:04:27.458,2213406914,579458,2,1.00732,0.05005,0.12622,-3.359,1.641,1.084,non-ergonomis
2026-06-01 16:04:27.658,2213407114,579658,1,0.65649,0.09937,0.92432,7.916,1.908,-1.511,non-ergonomis
2026-06-01 16:04:27.658,2213407114,579658,2,1.01831,0.02832,0.13257,-4.969,-1.076,0.153,non-ergonomis
2026-06-01 16:04:27.858,2213407314,579858,1,0.68115,0.11597,0.86328,8.191,1.725,2.977,non-ergonomis
2026-06-01 16:04:27.858,2213407314,579858,2,1.01172,0.0437,0.13159,-4.061,1.053,0.885,non-ergonomis
2026-06-01 16:04:28.058,2213407514,580058,1,0.67041,0.10132,0.89307,0.916,1.954,2.664,non-ergonomis
2026-06-01 16:04:28.058,2213407514,580058,2,1.00757,0.03931,0.13232,-0.397,1.214,1.962,non-ergonomis
2026-06-01 16:04:28.258,2213407714,580258,1,0.67236,0.0918,0.90112,0.382,0.908,1.13,non-ergonomis
2026-06-01 16:04:28.258,2213407714,580258,2,1.00977,0.03613,0.12622,0.282,-0.305,1.092,non-ergonomis
2026-06-01 16:04:28.458,2213407914,580458,1,0.67871,0.1062,0.87524,4.099,1.489,-1.206,non-ergonomis
2026-06-01 16:04:28.458,2213407914,580458,2,1.01416,0.03223,0.12549,-0.71,0.359,1.214,non-ergonomis
2026-06-01 16:04:28.658,2213408114,580658,1,0.67725,0.10034,0.88037,-1.786,2.053,-1.565,non-ergonomis
2026-06-01 16:04:28.658,2213408114,580658,2,1.00708,0.02563,0.1311,0.374,0.824,0.252,non-ergonomis
2026-06-01 16:04:28.858,2213408314,580858,1,0.68115,0.09741,0.89478,-1.176,0.924,-1.061,non-ergonomis
2026-06-01 16:04:28.858,2213408314,580858,2,1.00854,0.04126,0.1228,0.321,0.511,-0.122,non-ergonomis
2026-06-01 16:04:29.058,2213408514,581058,1,0.68433,0.10352,0.88086,-0.26,2.954,-1.84,non-ergonomis
2026-06-01 16:04:29.058,2213408514,581058,2,1.01245,0.02856,0.13159,-1.282,-0.221,0.656,non-ergonomis
2026-06-01 16:04:29.281,2213408737,581281,1,0.68335,0.1167,0.88477,-1.71,2.649,-0.863,non-ergonomis
2026-06-01 16:04:29.281,2213408737,581281,2,1.01514,0.02979,0.12939,-1.244,0.603,0.649,non-ergonomis
2026-06-01 16:04:29.481,2213408937,581481,1,0.67798,0.11035,0.89478,-3.901,4.557,1.168,non-ergonomis
2026-06-01 16:04:29.481,2213408937,581481,2,1.01074,0.03149,0.13428,-2.092,1.466,0.992,non-ergonomis
2026-06-01 16:04:29.681,2213409137,581681,1,0.68188,0.10693,0.8877,0.885,0.595,-0.282,non-ergonomis
2026-06-01 16:04:29.681,2213409137,581681,2,1.01245,0.03345,0.11865,-0.405,-0.969,0.733,non-ergonomis
2026-06-01 16:04:29.881,2213409337,581881,1,0.68115,0.09741,0.89502,-1.962,1.878,0.061,non-ergonomis
2026-06-01 16:04:29.881,2213409337,581881,2,1.01221,0.03101,0.12939,-1.191,0.733,0.649,non-ergonomis
2026-06-01 16:04:30.166,2213409622,582165,1,0.67578,0.09302,0.89209,-1.137,2.664,-0.939,non-ergonomis
2026-06-01 16:04:30.166,2213409622,582165,2,1.00879,0.04004,0.12769,-4.076,0.565,0.336,non-ergonomis
2026-06-01 16:04:30.365,2213409821,582365,1,0.67505,0.0791,0.89551,0.916,0.672,-0.42,non-ergonomis
2026-06-01 16:04:30.365,2213409821,582365,2,1.0188,0.0271,0.12744,-2.527,0.603,-0.168,non-ergonomis
2026-06-01 16:04:30.565,2213410021,582565,1,0.67017,0.09009,0.88599,0.649,2.282,-0.405,non-ergonomis
2026-06-01 16:04:30.565,2213410021,582565,2,1.01611,0.0354,0.13184,-3.962,0.466,0.504,non-ergonomis
2026-06-01 16:04:30.765,2213410221,582765,1,0.6687,0.08179,0.89722,-1.573,2.405,-1.603,non-ergonomis
2026-06-01 16:04:30.765,2213410221,582765,2,1.01978,0.02563,0.12915,-3.496,-0.55,0.328,non-ergonomis
2026-06-01 16:04:31.965,2213411421,582965,1,0.67944,0.1001,0.90991,-0.977,1.145,-1.168,non-ergonomis
2026-06-01 16:04:31.965,2213411421,582965,2,1.01221,0.03296,0.13403,-1.702,1.13,0.115,non-ergonomis
2026-06-01 16:04:31.182,2213410638,583182,1,0.66772,0.08521,0.88281,-2.168,3.076,-1.412,non-ergonomis
2026-06-01 16:04:31.182,2213410638,583182,2,1.01367,0.03809,0.12524,1.305,0.282,0.13,non-ergonomis
2026-06-01 16:04:31.382,2213410838,583382,1,0.68384,0.09497,0.88232,-0.977,0.435,-0.527,non-ergonomis
2026-06-01 16:04:31.382,2213410838,583382,2,1.01416,0.03491,0.13062,-1.023,0.664,0.603,non-ergonomis
2026-06-01 16:04:31.601,2213411057,583601,1,0.68262,0.08765,0.89404,1.557,1.229,-0.374,non-ergonomis
2026-06-01 16:04:31.601,2213411057,583601,2,1.0061,0.02539,0.13428,-1.305,0.74,0.237,non-ergonomis
2026-06-01 16:04:31.801,2213411257,583801,1,0.68433,0.1001,0.88232,2.031,1.718,-0.107,non-ergonomis
2026-06-01 16:04:31.801,2213411257,583801,2,1.01099,0.03735,0.12964,0.176,0.489,0.29,non-ergonomis
2026-06-01 16:04:32.122,2213411578,584121,1,0.67871,0.09717,0.87427,-0.534,2.107,-1.008,non-ergonomis
2026-06-01 16:04:32.122,2213411578,584121,2,1.00439,0.03271,0.12744,-0.618,0.511,0.42,non-ergonomis
2026-06-01 16:04:32.342,2213411798,584342,1,0.67456,0.09448,0.87891,-1.725,1.672,-0.916,non-ergonomis
2026-06-01 16:04:32.342,2213411798,584342,2,1.00903,0.03613,0.11719,-0.817,0.771,0.573,non-ergonomis
2026-06-01 16:04:32.808,2213412264,584808,1,0.67529,0.09473,0.87769,-0.626,2.588,-0.992,non-ergonomis
2026-06-01 16:04:32.808,2213412264,584808,2,1.01294,0.03516,0.12549,-1.573,0.702,0.458,non-ergonomis
2026-06-01 16:04:33.008,2213412464,585008,1,0.67407,0.09448,0.89746,1.969,1.748,-0.489,non-ergonomis
2026-06-01 16:04:33.008,2213412464,585008,2,1.01465,0.03394,0.13428,-2.168,0.061,0.718,non-ergonomis
2026-06-01 16:04:33.245,2213412701,585245,1,0.67749,0.09595,0.90454,-2.924,2.603,-1.466,non-ergonomis
2026-06-01 16:04:33.245,2213412701,585245,2,1.01392,0.03589,0.13062,-0.863,0.504,0.458,non-ergonomis
2026-06-01 16:04:33.445,2213412901,585445,1,0.66992,0.09155,0.88647,1.252,2.023,-0.687,non-ergonomis
2026-06-01 16:04:33.445,2213412901,585445,2,1.01733,0.04004,0.12036,-0.84,0.458,0.656,non-ergonomis
2026-06-01 16:04:33.645,2213413101,585645,1,0.67896,0.09937,0.89185,-0.031,1.389,-0.656,non-ergonomis
2026-06-01 16:04:33.645,2213413101,585645,2,1.0166,0.0332,0.12866,-3.099,0.618,0.924,non-ergonomis
2026-06-01 16:04:33.845,2213413301,585845,1,0.67456,0.09619,0.89355,-1.534,2.672,-0.71,non-ergonomis
2026-06-01 16:04:33.845,2213413301,585845,2,1.01001,0.03418,0.12354,-3.053,0.26,0.634,non-ergonomis
2026-06-01 16:04:34.045,2213413501,586045,1,0.67627,0.09619,0.89209,0.481,0.924,0.115,non-ergonomis
2026-06-01 16:04:34.045,2213413501,586045,2,1.01685,0.03662,0.12671,-3.183,0.634,0.489,non-ergonomis
2026-06-01 16:04:34.245,2213413701,586245,1,0.67041,0.08325,0.8894,-1.71,2.183,-0.679,non-ergonomis
2026-06-01 16:04:34.245,2213413701,586245,2,1.00757,0.03125,0.13501,-1.992,0.374,0.542,non-ergonomis
2026-06-01 16:04:34.445,2213413901,586445,1,0.67041,0.08447,0.89575,0.924,1.885,-0.763,non-ergonomis
2026-06-01 16:04:34.445,2213413901,586445,2,1.01587,0.0271,0.12549,-0.771,0.473,0.466,non-ergonomis
2026-06-01 16:04:34.658,2213414114,586658,1,0.67725,0.08716,0.89844,1.58,2.023,-0.626,non-ergonomis
2026-06-01 16:04:34.658,2213414114,586658,2,1.01831,0.02979,0.1311,-0.435,0.305,0.573,non-ergonomis
2026-06-01 16:04:34.858,2213414314,586858,1,0.67969,0.08496,0.89771,0.16,2.168,-0.504,non-ergonomis
2026-06-01 16:04:34.858,2213414314,586858,2,1.01367,0.02954,0.11865,0.176,0.481,0.733,non-ergonomis
2026-06-01 16:04:35.058,2213414514,587058,1,0.67383,0.08984,0.89502,-0.229,1.87,-0.954,non-ergonomis
2026-06-01 16:04:35.058,2213414514,587058,2,1.01367,0.03027,0.12842,-0.221,0.046,0.527,non-ergonomis
2026-06-01 16:04:35.258,2213414714,587258,1,0.66504,0.08618,0.89282,0.618,1.962,-0.244,non-ergonomis
2026-06-01 16:04:35.258,2213414714,587258,2,1.00903,0.03149,0.12549,-0.405,0.389,0.489,non-ergonomis
2026-06-01 16:04:35.458,2213414914,587458,1,0.6709,0.08667,0.89941,1.611,2.374,-0.214,non-ergonomis
2026-06-01 16:04:35.458,2213414914,587458,2,1.01343,0.03662,0.13135,-1.55,0.168,0.351,non-ergonomis
2026-06-01 16:04:35.658,2213415114,587658,1,0.66431,0.09009,0.90259,-0.458,2.382,-0.702,non-ergonomis
2026-06-01 16:04:35.658,2213415114,587658,2,1.01172,0.03638,0.13232,-0.992,0.443,0.427,non-ergonomis
2026-06-01 16:04:35.858,2213415314,587858,1,0.67114,0.09033,0.88647,0.061,1.504,-0.458,non-ergonomis
2026-06-01 16:04:35.858,2213415314,587858,2,1.01123,0.02563,0.13281,-1.595,0.458,0.504,non-ergonomis
2026-06-01 16:04:36.058,2213415514,588058,1,0.64355,0.09888,0.90186,-5.076,-1.504,0.031,non-ergonomis
2026-06-01 16:04:36.058,2213415514,588058,2,1.00806,0.03809,0.13184,-4.847,-3.481,4.611,non-ergonomis
2026-06-01 16:04:36.258,2213415714,588258,1,0.65796,0.01489,0.89478,-19.275,-10.008,-11.405,non-ergonomis
2026-06-01 16:04:36.258,2213415714,588258,2,1.00146,0.00659,0.10913,-1.702,-14.908,6.45,non-ergonomis
2026-06-01 16:04:36.458,2213415914,588458,1,0.73267,0.03149,0.83325,6.084,-17.878,-3.969,non-ergonomis
2026-06-01 16:04:36.458,2213415914,588458,2,1.01611,-0.00977,0.03638,8.71,-18.71,5.282,non-ergonomis
2026-06-01 16:04:36.684,2213416140,588684,1,0.79468,0.0625,0.77979,11.183,-9.863,5.145,non-ergonomis
2026-06-01 16:04:36.684,2213416140,588684,2,1.03442,0.01123,-0.03735,11.275,-11.13,4.397,non-ergonomis
2026-06-01 16:04:36.884,2213416340,588884,1,0.83472,0.09644,0.71265,6.076,-10.824,3.13,non-ergonomis
2026-06-01 16:04:36.884,2213416340,588884,2,1.02954,-0.01611,-0.07617,-3.817,-4.687,7.107,non-ergonomis
2026-06-01 16:04:37.084,2213416540,589084,1,0.82495,0.08496,0.74146,-6.13,-9.672,0.519,non-ergonomis
2026-06-01 16:04:37.084,2213416540,589084,2,1.02686,-0.05005,-0.07666,-3.885,-8.214,10.198,non-ergonomis
2026-06-01 16:04:37.284,2213416740,589284,1,0.83667,0.07104,0.7146,4.046,-20.29,6.061,non-ergonomis
2026-06-01 16:04:37.284,2213416740,589284,2,1.00562,-0.09912,-0.08838,-10.756,-15.969,13.656,non-ergonomis
2026-06-01 16:04:37.484,2213416940,589484,1,0.89893,0.0686,0.60156,-2.206,-25.977,3.702,non-ergonomis
2026-06-01 16:04:37.484,2213416940,589484,2,1.32373,-0.43237,-0.31348,40.206,32.13,-10.87,non-ergonomis
2026-06-01 16:04:37.686,2213417142,589686,1,0.90112,0.0957,0.72217,8.328,62.84,-10.008,non-ergonomis
2026-06-01 16:04:37.686,2213417142,589686,2,1.01294,-0.14307,-0.23535,9.359,-6.641,7.221,non-ergonomis
2026-06-01 16:04:37.886,2213417342,589886,1,0.87964,0.04297,0.69019,-6.389,9.542,-8.87,non-ergonomis
2026-06-01 16:04:37.886,2213417342,589886,2,1.04053,-0.16479,-0.18994,-15.153,-12.29,9.55,non-ergonomis
