datetime,epoch_ms,ts_millis,mpu_id,ax,ay,az,gx,gy,gz,label
2026-06-02 15:19:11.030,2297090486,535030,1,0.87622,-0.09058,0.41748,-1.832,1.504,-0.985,ergonomis
2026-06-02 15:19:11.030,2297090486,535030,2,0.90356,0.1936,0.71606,0.977,2.122,1.71,ergonomis
2026-06-02 15:19:11.230,2297090686,535230,1,0.87964,-0.08276,0.42554,-1.412,1.191,-0.916,ergonomis
2026-06-02 15:19:11.230,2297090686,535230,2,0.90552,0.18921,0.70679,1.374,1.771,1.305,ergonomis
2026-06-02 15:19:11.463,2297090919,535463,1,0.87988,-0.08105,0.42114,-1.344,0.626,-0.779,ergonomis
2026-06-02 15:19:11.463,2297090919,535463,2,0.90039,0.19312,0.72461,0.359,1.939,1.458,ergonomis
2026-06-02 15:19:11.663,2297091119,535663,1,0.87598,-0.08398,0.42456,-1.023,1.115,-0.351,ergonomis
2026-06-02 15:19:11.663,2297091119,535663,2,0.90259,0.19019,0.7229,0.198,1.603,1.366,ergonomis
2026-06-02 15:19:11.892,2297091348,535891,1,0.87329,-0.07593,0.43481,-1.603,1.779,-0.473,ergonomis
2026-06-02 15:19:11.892,2297091348,535891,2,0.8938,0.19678,0.71875,1.397,1.916,1.611,ergonomis
2026-06-02 15:19:12.091,2297091547,536091,1,0.8772,-0.07324,0.4292,-1.366,1.366,-0.55,ergonomis
2026-06-02 15:19:12.091,2297091547,536091,2,0.8999,0.19189,0.72095,-2.221,-0.389,0.977,ergonomis
2026-06-02 15:19:12.389,2297091845,536388,1,0.8772,-0.08057,0.42969,-1.214,0.389,-0.374,ergonomis
2026-06-02 15:19:12.389,2297091845,536388,2,0.89966,0.19995,0.71631,-2.298,-1.237,0.702,ergonomis
2026-06-02 15:19:12.588,2297092044,536588,1,0.87207,-0.07886,0.42627,-2.466,0.183,-0.237,ergonomis
2026-06-02 15:19:12.588,2297092044,536588,2,0.90112,0.19751,0.71289,-0.84,1.031,1.244,ergonomis
2026-06-02 15:19:15.807,2297095263,539806,1,0.87305,-0.073,0.43408,-1.656,-0.282,0.107,ergonomis
2026-06-02 15:19:15.807,2297095263,539806,2,0.90161,0.20288,0.71997,0.687,1.847,1.153,ergonomis
2026-06-02 15:19:16.123,2297095579,540123,1,0.87354,-0.0686,0.44946,-1.58,0.626,-0.275,ergonomis
2026-06-02 15:19:16.123,2297095579,540123,2,0.90381,0.20166,0.71924,0.137,1.496,1.817,ergonomis
2026-06-02 15:19:16.323,2297095779,540323,1,0.86865,-0.06445,0.44116,-1.794,0.527,-0.206,ergonomis
2026-06-02 15:19:16.323,2297095779,540323,2,0.90186,0.20605,0.72314,0.511,2.489,1.595,ergonomis
2026-06-02 15:19:16.523,2297095979,540523,1,0.86255,-0.06982,0.45142,-1.29,0.565,0.534,ergonomis
2026-06-02 15:19:16.523,2297095979,540523,2,0.9043,0.20508,0.72827,-0.321,1.504,1.42,ergonomis
2026-06-02 15:19:16.751,2297096207,540751,1,0.86768,-0.05054,0.42871,-4.221,1.756,-0.122,ergonomis
2026-06-02 15:19:16.751,2297096207,540751,2,0.90747,0.20068,0.73633,4.595,3.84,3.45,ergonomis
2026-06-02 15:19:16.951,2297096407,540951,1,0.86255,-0.06299,0.44946,5.962,1.847,10.038,ergonomis
2026-06-02 15:19:16.951,2297096407,540951,2,0.90405,0.20215,0.74097,-8.878,-4.481,1.702,ergonomis
2026-06-02 15:19:17.151,2297096607,541151,1,0.86621,-0.08667,0.43896,-0.809,-0.046,0.687,ergonomis
2026-06-02 15:19:17.151,2297096607,541151,2,0.91504,0.20557,0.70874,-2.565,0.252,1.641,ergonomis
2026-06-02 15:19:17.351,2297096807,541351,1,0.84399,-0.07446,0.44995,-1.588,4.641,1.229,ergonomis
2026-06-02 15:19:17.351,2297096807,541351,2,0.91357,0.16309,0.69922,-3.344,3.244,-3.29,ergonomis
2026-06-02 15:19:17.551,2297097007,541551,1,0.86084,-0.06592,0.44775,10.046,-0.87,3.427,ergonomis
2026-06-02 15:19:17.551,2297097007,541551,2,0.90503,0.20996,0.72998,-2.557,-1.641,-4.0,ergonomis
2026-06-02 15:19:17.751,2297097207,541751,1,0.84937,-0.02588,0.47363,5.565,1.985,2.794,ergonomis
2026-06-02 15:19:17.751,2297097207,541751,2,0.90698,0.21802,0.71411,-0.71,0.954,-0.924,ergonomis
2026-06-02 15:19:17.955,2297097411,541955,1,0.84009,-0.04663,0.47412,1.252,3.328,-0.237,ergonomis
2026-06-02 15:19:17.955,2297097411,541955,2,0.89307,0.23633,0.7124,1.008,3.87,-0.611,ergonomis
2026-06-02 15:19:18.155,2297097611,542155,1,0.83472,-0.02905,0.48071,-2.214,0.893,-2.824,ergonomis
2026-06-02 15:19:18.155,2297097611,542155,2,0.8999,0.24707,0.70337,1.191,1.084,2.916,ergonomis
2026-06-02 15:19:18.390,2297097846,542390,1,0.84497,-0.03394,0.46533,-3.969,-1.008,-2.076,ergonomis
2026-06-02 15:19:18.390,2297097846,542390,2,0.89282,0.22363,0.7168,4.992,3.817,1.626,ergonomis
2026-06-02 15:19:18.914,2297098370,542914,1,0.854,-0.04199,0.46216,-2.244,0.901,-0.481,ergonomis
2026-06-02 15:19:18.914,2297098370,542914,2,0.88696,0.22925,0.7229,-1.153,2.176,1.023,ergonomis
2026-06-02 15:19:19.114,2297098570,543114,1,0.84399,-0.03198,0.47656,1.435,1.244,1.733,ergonomis
2026-06-02 15:19:19.114,2297098570,543114,2,0.88086,0.25073,0.7207,2.397,3.649,1.878,ergonomis
2026-06-02 15:19:19.314,2297098770,543314,1,0.84058,-0.02979,0.49487,-2.924,0.176,0.031,ergonomis
2026-06-02 15:19:19.314,2297098770,543314,2,0.89038,0.24341,0.72412,1.267,1.817,2.244,ergonomis
2026-06-02 15:19:19.514,2297098970,543514,1,0.84131,-0.04077,0.47705,-3.198,1.489,-0.527,ergonomis
2026-06-02 15:19:19.514,2297098970,543514,2,0.8877,0.23389,0.729,0.969,2.267,1.58,ergonomis
2026-06-02 15:19:19.714,2297099170,543714,1,0.83472,-0.03857,0.47681,-1.427,-0.481,0.237,ergonomis
2026-06-02 15:19:19.714,2297099170,543714,2,0.89355,0.23462,0.73828,-1.092,1.137,1.137,ergonomis
2026-06-02 15:19:19.967,2297099423,543967,1,0.84082,-0.04517,0.47876,-2.084,-0.603,0.603,ergonomis
2026-06-02 15:19:19.967,2297099423,543967,2,0.89038,0.23926,0.73242,-0.076,0.611,0.992,ergonomis
2026-06-02 15:19:20.167,2297099623,544167,1,0.84033,-0.03564,0.46997,-0.786,0.267,-0.137,ergonomis
2026-06-02 15:19:20.167,2297099623,544167,2,0.88574,0.24023,0.7312,-0.786,1.382,1.382,ergonomis
2026-06-02 15:19:20.492,2297099948,544492,1,0.83887,-0.04053,0.48608,-0.397,0.565,1.702,ergonomis
2026-06-02 15:19:20.492,2297099948,544492,2,0.88916,0.24463,0.72925,0.992,0.702,1.565,ergonomis
2026-06-02 15:19:20.692,2297100148,544692,1,0.84155,-0.03979,0.46753,-1.603,-0.221,-0.076,ergonomis
2026-06-02 15:19:20.692,2297100148,544692,2,0.89575,0.24316,0.72607,-3.55,-0.687,1.023,ergonomis
2026-06-02 15:19:20.892,2297100348,544892,1,0.84399,-0.03955,0.47949,-2.229,0.733,0.275,ergonomis
2026-06-02 15:19:20.892,2297100348,544892,2,0.89697,0.22192,0.73047,-3.42,-1.107,0.595,ergonomis
2026-06-02 15:19:21.198,2297100654,545198,1,0.83398,-0.052,0.47559,-0.611,-0.473,2.252,ergonomis
2026-06-02 15:19:21.198,2297100654,545198,2,0.89746,0.23535,0.73682,-2.023,0.099,0.573,ergonomis
2026-06-02 15:19:21.398,2297100854,545398,1,0.84375,-0.05249,0.47388,-2.145,0.221,-0.344,ergonomis
2026-06-02 15:19:21.398,2297100854,545398,2,0.89819,0.23315,0.73438,3.305,3.931,2.313,ergonomis
2026-06-02 15:19:21.598,2297101054,545598,1,0.8418,-0.04199,0.47925,-2.145,0.305,-1.107,ergonomis
2026-06-02 15:19:21.598,2297101054,545598,2,0.88477,0.24097,0.72827,3.13,2.695,3.359,ergonomis
2026-06-02 15:19:21.798,2297101254,545798,1,0.83838,-0.05981,0.47534,-1.29,1.023,-0.87,ergonomis
2026-06-02 15:19:21.798,2297101254,545798,2,0.88623,0.23706,0.72876,4.626,2.931,2.588,ergonomis
2026-06-02 15:19:21.998,2297101454,545998,1,0.83911,-0.0603,0.48413,-1.664,-0.237,-1.107,ergonomis
2026-06-02 15:19:21.998,2297101454,545998,2,0.88989,0.22485,0.73315,0.351,1.29,1.893,ergonomis
2026-06-02 15:19:22.321,2297101777,546321,1,0.82959,-0.05298,0.47778,-0.725,0.115,1.733,ergonomis
2026-06-02 15:19:22.321,2297101777,546321,2,0.89331,0.23389,0.72876,1.153,1.443,2.595,ergonomis
2026-06-02 15:19:22.521,2297101977,546521,1,0.84912,-0.04639,0.46924,-3.305,0.382,-1.229,ergonomis
2026-06-02 15:19:22.521,2297101977,546521,2,0.89624,0.22876,0.72632,-2.237,1.832,1.634,ergonomis
2026-06-02 15:19:23.054,2297102510,547054,1,0.84351,-0.04541,0.47461,0.359,0.099,1.229,ergonomis
2026-06-02 15:19:23.054,2297102510,547054,2,0.8894,0.22778,0.72681,-2.557,-0.191,1.008,ergonomis
2026-06-02 15:19:23.312,2297102768,547312,1,0.84326,-0.06519,0.4707,-1.771,-0.687,-0.275,ergonomis
2026-06-02 15:19:23.312,2297102768,547312,2,0.89722,0.22827,0.72754,-0.71,0.588,1.252,ergonomis
2026-06-02 15:19:23.512,2297102968,547512,1,0.84961,-0.05151,0.46777,-0.947,0.542,0.275,ergonomis
2026-06-02 15:19:23.512,2297102968,547512,2,0.88818,0.22656,0.72412,-1.344,0.374,1.405,ergonomis
2026-06-02 15:19:23.831,2297103287,547831,1,0.84644,-0.0437,0.48022,-2.87,0.374,-0.893,ergonomis
2026-06-02 15:19:23.831,2297103287,547831,2,0.88281,0.23608,0.74658,-0.809,2.031,1.954,ergonomis
2026-06-02 15:19:24.031,2297103487,548031,1,0.85059,-0.0542,0.47095,-1.626,1.634,-0.45,ergonomis
2026-06-02 15:19:24.031,2297103487,548031,2,0.88745,0.2251,0.72144,-1.221,0.748,1.504,ergonomis
2026-06-02 15:19:24.231,2297103687,548231,1,0.82642,-0.05859,0.48438,-0.832,1.29,0.397,ergonomis
2026-06-02 15:19:24.231,2297103687,548231,2,0.88599,0.23389,0.73608,-1.763,1.412,0.389,ergonomis
2026-06-02 15:19:24.431,2297103887,548431,1,0.84937,-0.06152,0.45972,-1.618,1.397,-1.863,ergonomis
2026-06-02 15:19:24.431,2297103887,548431,2,0.90112,0.22314,0.72339,-6.321,-0.015,-0.924,ergonomis
2026-06-02 15:19:24.732,2297104188,548732,1,0.85205,-0.04663,0.4729,-0.214,-0.458,0.267,ergonomis
2026-06-02 15:19:24.732,2297104188,548732,2,0.89233,0.24487,0.73315,0.847,1.435,2.473,ergonomis
2026-06-02 15:19:24.932,2297104388,548932,1,0.83252,-0.05176,0.47778,-1.649,0.519,-0.977,ergonomis
2026-06-02 15:19:24.932,2297104388,548932,2,0.90161,0.23511,0.73438,-4.412,-0.405,-0.046,ergonomis
2026-06-02 15:19:25.161,2297104617,549161,1,0.84766,-0.04053,0.46509,-1.496,0.595,0.023,ergonomis
2026-06-02 15:19:25.161,2297104617,549161,2,0.8938,0.23389,0.73755,-6.901,-0.664,0.061,ergonomis
2026-06-02 15:19:25.527,2297104983,549527,1,0.83521,-0.05005,0.48511,-0.939,0.687,0.084,ergonomis
2026-06-02 15:19:25.527,2297104983,549527,2,0.89209,0.22607,0.73584,-3.786,0.076,1.267,ergonomis
2026-06-02 15:19:25.785,2297105241,549784,1,0.83911,-0.05225,0.4729,-2.321,-0.603,0.779,ergonomis
2026-06-02 15:19:25.785,2297105241,549784,2,0.88818,0.22314,0.73486,-0.565,0.153,0.588,ergonomis
2026-06-02 15:19:25.019,2297104475,550019,1,0.8418,-0.04712,0.47607,-0.939,-1.427,1.13,ergonomis
2026-06-02 15:19:25.019,2297104475,550019,2,0.89722,0.23486,0.72168,-7.061,-1.771,-0.626,ergonomis
2026-06-02 15:19:26.219,2297105675,550219,1,0.84937,-0.05054,0.46436,-1.305,1.015,0.13,ergonomis
2026-06-02 15:19:26.219,2297105675,550219,2,0.89551,0.2417,0.73535,0.443,0.947,1.908,ergonomis
2026-06-02 15:19:26.423,2297105879,550423,1,0.84741,-0.0542,0.45825,-0.687,0.313,-1.344,ergonomis
2026-06-02 15:19:26.423,2297105879,550423,2,0.89087,0.21338,0.72852,-3.595,-0.137,-0.397,ergonomis
2026-06-02 15:19:26.623,2297106079,550623,1,0.86108,-0.03271,0.46362,-1.397,-0.359,-1.221,ergonomis
2026-06-02 15:19:26.623,2297106079,550623,2,0.90381,0.23926,0.71729,0.893,1.679,2.725,ergonomis
2026-06-02 15:19:26.904,2297106360,550904,1,0.84668,-0.03418,0.4646,-2.504,0.763,0.336,ergonomis
2026-06-02 15:19:26.904,2297106360,550904,2,0.89063,0.22998,0.72192,-0.931,1.145,1.855,ergonomis
2026-06-02 15:19:27.154,2297106610,551154,1,0.84448,-0.05005,0.45898,0.893,0.519,0.939,ergonomis
2026-06-02 15:19:27.154,2297106610,551154,2,0.8916,0.24316,0.71899,-1.908,1.855,2.214,ergonomis
2026-06-02 15:19:27.354,2297106810,551354,1,0.85303,-0.06494,0.46216,-4.313,0.473,0.618,ergonomis
2026-06-02 15:19:27.354,2297106810,551354,2,0.88892,0.21924,0.74341,-3.244,0.618,0.534,ergonomis
2026-06-02 15:19:27.631,2297107087,551631,1,0.8418,-0.05884,0.47363,-1.542,-0.076,-0.931,ergonomis
2026-06-02 15:19:27.631,2297107087,551631,2,0.90186,0.22266,0.72339,-0.611,1.214,1.26,ergonomis
2026-06-02 15:19:27.831,2297107287,551831,1,0.85107,-0.05103,0.46582,-2.137,-0.023,0.298,ergonomis
2026-06-02 15:19:27.831,2297107287,551831,2,0.88843,0.22559,0.73633,-0.397,1.076,0.969,ergonomis
2026-06-02 15:19:28.031,2297107487,552031,1,0.85645,-0.06055,0.46436,-1.244,0.305,0.336,ergonomis
2026-06-02 15:19:28.031,2297107487,552031,2,0.88672,0.2334,0.72266,-0.008,1.595,1.458,ergonomis
2026-06-02 15:19:28.231,2297107687,552231,1,0.85571,-0.0542,0.46021,-2.038,0.74,-1.443,ergonomis
2026-06-02 15:19:28.231,2297107687,552231,2,0.89697,0.23145,0.73462,,0.412,2.26,ergonomis
2026-06-02 15:19:28.439,2297107895,552439,1,0.83887,-0.05786,0.47876,-1.939,0.901,-0.397,ergonomis
2026-06-02 15:19:28.439,2297107895,552439,2,0.89087,0.21875,0.73145,2.435,0.481,1.794,ergonomis
2026-06-02 15:19:28.639,2297108095,552639,1,0.85522,-0.05078,0.46021,-0.26,-0.015,1.244,ergonomis
2026-06-02 15:19:28.639,2297108095,552639,2,0.88989,0.24292,0.71899,-3.588,0.817,0.908,ergonomis
2026-06-02 15:19:28.839,2297108295,552839,1,0.8335,-0.06226,0.48022,-1.992,-0.229,0.359,ergonomis
2026-06-02 15:19:28.839,2297108295,552839,2,0.90308,0.21924,0.71899,0.076,-0.42,2.267,ergonomis
2026-06-02 15:19:29.137,2297108593,553136,1,0.85742,-0.05615,0.46533,-1.947,-0.183,-1.603,ergonomis
2026-06-02 15:19:29.137,2297108593,553136,2,0.90063,0.21924,0.72192,-0.427,1.145,1.015,ergonomis
2026-06-02 15:19:29.336,2297108792,553336,1,0.85376,-0.05908,0.45557,-1.122,0.16,-0.702,ergonomis
2026-06-02 15:19:29.336,2297108792,553336,2,0.89331,0.23267,0.72046,-0.817,2.183,1.29,ergonomis
2026-06-02 15:19:29.536,2297108992,553536,1,0.85083,-0.05493,0.46387,-0.939,1.031,0.061,ergonomis
2026-06-02 15:19:29.536,2297108992,553536,2,0.89868,0.23315,0.72266,0.725,1.969,1.26,ergonomis
2026-06-02 15:19:29.736,2297109192,553736,1,0.85693,-0.05029,0.46631,-1.664,0.42,-0.756,ergonomis
2026-06-02 15:19:29.736,2297109192,553736,2,0.89868,0.22754,0.729,-1.252,0.847,0.954,ergonomis
2026-06-02 15:19:29.979,2297109435,553979,1,0.85278,-0.0603,0.45898,0.092,0.679,2.191,ergonomis
2026-06-02 15:19:29.979,2297109435,553979,2,0.8877,0.25122,0.71606,4.71,2.618,2.412,ergonomis
2026-06-02 15:19:30.179,2297109635,554179,1,0.84888,-0.04663,0.47168,-3.206,0.885,-0.84,ergonomis
2026-06-02 15:19:30.179,2297109635,554179,2,0.88696,0.23364,0.73486,-0.672,0.992,2.557,ergonomis
2026-06-02 15:19:30.379,2297109835,554379,1,0.85229,-0.05713,0.4624,-1.435,0.695,0.198,ergonomis
2026-06-02 15:19:30.379,2297109835,554379,2,0.88306,0.23877,0.74072,-0.87,1.405,1.74,ergonomis
2026-06-02 15:19:30.628,2297110084,554628,1,0.8418,-0.06543,0.46777,-1.023,0.053,-0.412,ergonomis
2026-06-02 15:19:30.628,2297110084,554628,2,0.89478,0.2207,0.73535,-5.817,-0.718,-0.069,ergonomis
2026-06-02 15:19:30.828,2297110284,554828,1,0.83789,-0.05054,0.47119,-1.878,0.878,0.87,ergonomis
2026-06-02 15:19:30.828,2297110284,554828,2,0.89868,0.23022,0.7146,2.305,0.55,2.687,ergonomis
2026-06-02 15:19:31.028,2297110484,555028,1,0.84277,-0.05444,0.46899,0.038,0.267,0.573,ergonomis
2026-06-02 15:19:31.028,2297110484,555028,2,0.8916,0.2356,0.73389,-3.153,-0.389,1.023,ergonomis
2026-06-02 15:19:31.228,2297110684,555228,1,0.84961,-0.05664,0.46729,-2.863,-0.191,-0.107,ergonomis
2026-06-02 15:19:31.228,2297110684,555228,2,0.89526,0.22607,0.72412,1.489,0.351,1.733,ergonomis
2026-06-02 15:19:31.428,2297110884,555428,1,0.85449,-0.05737,0.44849,-2.74,1.046,-1.527,ergonomis
2026-06-02 15:19:31.428,2297110884,555428,2,0.89526,0.20752,0.72729,0.221,1.168,2.794,ergonomis
2026-06-02 15:19:31.632,2297111088,555632,1,0.84326,-0.07617,0.45605,-1.664,0.344,0.969,ergonomis
2026-06-02 15:19:31.632,2297111088,555632,2,0.9043,0.21973,0.71191,2.26,1.366,1.748,ergonomis
2026-06-02 15:19:31.832,2297111288,555832,1,0.84985,-0.05884,0.46191,-0.916,0.16,0.733,ergonomis
2026-06-02 15:19:31.832,2297111288,555832,2,0.89502,0.22998,0.72217,-1.412,1.58,1.748,ergonomis
2026-06-02 15:19:32.032,2297111488,556032,1,0.84253,-0.06177,0.47021,0.252,1.847,0.252,ergonomis
2026-06-02 15:19:32.032,2297111488,556032,2,0.89551,0.22144,0.72974,0.244,1.55,1.931,ergonomis
2026-06-02 15:19:32.255,2297111711,556255,1,0.84082,-0.05835,0.46704,0.046,0.122,0.496,ergonomis
2026-06-02 15:19:32.255,2297111711,556255,2,0.89478,0.22559,0.71704,-3.313,0.71,1.115,ergonomis
2026-06-02 15:19:32.455,2297111911,556455,1,0.84766,-0.06226,0.4585,-4.137,0.053,-1.183,ergonomis
2026-06-02 15:19:32.455,2297111911,556455,2,0.89941,0.22656,0.72461,-2.107,0.313,1.42,ergonomis
2026-06-02 15:19:33.056,2297112512,557056,1,0.84082,-0.05347,0.47632,3.153,0.061,1.901,ergonomis
2026-06-02 15:19:33.056,2297112512,557056,2,0.89185,0.24121,0.72705,-3.435,0.237,1.916,ergonomis
2026-06-02 15:19:33.256,2297112712,557256,1,0.86133,-0.07397,0.46777,-4.473,-0.176,0.595,ergonomis
2026-06-02 15:19:33.256,2297112712,557256,2,0.88208,0.22241,0.73047,-1.153,0.947,0.649,ergonomis
2026-06-02 15:19:33.468,2297112924,557468,1,0.84985,-0.05884,0.47217,-1.221,0.771,-1.061,ergonomis
2026-06-02 15:19:33.468,2297112924,557468,2,0.90259,0.22485,0.72729,-0.763,0.053,1.519,ergonomis
2026-06-02 15:19:33.772,2297113228,557771,1,0.85205,-0.05737,0.46655,-2.183,-0.183,0.344,ergonomis
2026-06-02 15:19:33.772,2297113228,557771,2,0.90137,0.22705,0.72314,0.382,-0.031,1.573,ergonomis
2026-06-02 15:19:33.971,2297113427,557971,1,0.84326,-0.05933,0.47144,-2.366,0.427,-0.397,ergonomis
2026-06-02 15:19:33.971,2297113427,557971,2,0.90723,0.21338,0.71753,-3.672,-0.511,1.176,ergonomis
2026-06-02 15:19:34.241,2297113697,558241,1,0.84009,-0.05469,0.47607,-1.42,0.534,-0.038,ergonomis
2026-06-02 15:19:34.241,2297113697,558241,2,0.896,0.23218,0.7146,-0.481,0.344,1.122,ergonomis
2026-06-02 15:19:34.441,2297113897,558441,1,0.84424,-0.05493,0.46484,-1.031,0.084,0.573,ergonomis
2026-06-02 15:19:34.441,2297113897,558441,2,0.89575,0.22217,0.72949,4.58,2.641,2.534,ergonomis
2026-06-02 15:19:34.717,2297114173,558717,1,0.83691,-0.05249,0.46948,-1.397,0.748,,ergonomis
2026-06-02 15:19:34.717,2297114173,558717,2,0.90356,0.23193,0.71924,-3.756,-1.473,-0.87,ergonomis
2026-06-02 15:19:34.957,2297114413,558957,1,0.84326,-0.07056,0.46729,-1.947,-0.221,0.916,ergonomis
2026-06-02 15:19:34.957,2297114413,558957,2,0.90112,0.22534,0.72583,-2.137,-0.374,-2.313,ergonomis
2026-06-02 15:19:35.157,2297114613,559157,1,0.83374,-0.04614,0.47754,-0.191,1.649,-1.916,ergonomis
2026-06-02 15:19:35.157,2297114613,559157,2,0.89331,0.26099,0.71899,0.908,0.565,1.557,ergonomis
2026-06-02 15:19:35.441,2297114897,559441,1,0.84839,-0.0437,0.47754,-1.458,-0.718,0.137,ergonomis
2026-06-02 15:19:35.441,2297114897,559441,2,0.89038,0.24268,0.70752,-1.153,0.176,0.565,ergonomis
2026-06-02 15:19:35.641,2297115097,559641,1,0.8562,-0.04663,0.4751,-1.305,0.87,-1.229,ergonomis
2026-06-02 15:19:35.641,2297115097,559641,2,0.8938,0.23877,0.70825,-0.611,0.45,1.588,ergonomis
2026-06-02 15:19:35.841,2297115297,559841,1,0.84229,-0.05933,0.46436,0.29,0.527,0.389,ergonomis
2026-06-02 15:19:35.841,2297115297,559841,2,0.89575,0.24634,0.70703,1.832,-0.061,1.58,ergonomis
2026-06-02 15:19:36.041,2297115497,560041,1,0.84229,-0.03223,0.46582,-0.695,0.107,-0.321,ergonomis
2026-06-02 15:19:36.041,2297115497,560041,2,0.89453,0.24121,0.72778,-4.183,0.374,0.412,ergonomis
2026-06-02 15:19:36.266,2297115722,560266,1,0.84692,-0.04004,0.46509,-3.176,-0.908,-1.473,ergonomis
2026-06-02 15:19:36.266,2297115722,560266,2,0.88867,0.25317,0.71899,-4.786,0.771,0.046,ergonomis
2026-06-02 15:19:36.521,2297115977,560521,1,0.84668,-0.0271,0.4751,-0.427,0.916,1.0,ergonomis
2026-06-02 15:19:36.521,2297115977,560521,2,0.89795,0.28564,0.72363,-0.328,0.191,2.504,ergonomis
2026-06-02 15:19:36.721,2297116177,560721,1,0.8335,-0.02417,0.47998,-1.603,-0.176,1.0,ergonomis
2026-06-02 15:19:36.721,2297116177,560721,2,0.74585,0.16943,0.64746,66.992,5.588,18.794,ergonomis
2026-06-02 15:19:36.921,2297116377,560921,1,0.88623,-0.02026,0.43848,-0.046,2.847,-0.664,ergonomis
2026-06-02 15:19:36.921,2297116377,560921,2,0.90015,0.24316,0.7251,6.137,2.664,5.015,ergonomis
2026-06-02 15:19:40.137,2297119593,564137,1,0.8479,-0.06445,0.46533,-0.954,-0.534,0.229,ergonomis
2026-06-02 15:19:40.137,2297119593,564137,2,0.90161,0.21753,0.70532,2.397,3.344,0.725,ergonomis
2026-06-02 15:19:40.337,2297119793,564337,1,0.8374,-0.05933,0.4624,-1.588,1.336,-0.137,ergonomis
2026-06-02 15:19:40.337,2297119793,564337,2,0.90186,0.22388,0.72192,0.626,1.573,1.221,ergonomis
2026-06-02 15:19:40.537,2297119993,564537,1,0.8457,-0.05322,0.47046,-1.237,1.191,,ergonomis
2026-06-02 15:19:40.537,2297119993,564537,2,0.89502,0.23364,0.70581,1.053,2.244,0.71,ergonomis
2026-06-02 15:19:40.737,2297120193,564737,1,0.84546,-0.06128,0.47021,-1.473,0.389,-0.153,ergonomis
2026-06-02 15:19:40.737,2297120193,564737,2,0.89941,0.22681,0.71289,3.176,2.74,1.695,ergonomis
2026-06-02 15:19:40.937,2297120393,564937,1,0.86182,-0.03442,0.46338,-2.718,2.84,-2.962,ergonomis
2026-06-02 15:19:40.937,2297120393,564937,2,0.9021,0.21045,0.73853,-2.588,0.992,0.802,ergonomis
2026-06-02 15:19:41.137,2297120593,565137,1,0.83398,-0.06274,0.46704,-3.84,0.878,-2.901,ergonomis
2026-06-02 15:19:41.137,2297120593,565137,2,0.88892,0.23071,0.72363,4.603,3.389,1.664,ergonomis
2026-06-02 15:19:41.337,2297120793,565337,1,0.86011,-0.05737,0.4751,-1.145,1.466,-0.076,ergonomis
2026-06-02 15:19:41.337,2297120793,565337,2,0.90015,0.24756,0.70947,-5.916,0.282,-0.389,ergonomis
2026-06-02 15:19:41.613,2297121069,565613,1,0.83008,-0.0542,0.47314,-1.489,-0.008,-0.893,ergonomis
2026-06-02 15:19:41.613,2297121069,565613,2,0.90332,0.22803,0.71973,-6.176,-1.305,-1.611,ergonomis
2026-06-02 15:19:41.813,2297121269,565813,1,0.83838,-0.03955,0.46655,-2.382,2.687,-2.611,ergonomis
2026-06-02 15:19:41.813,2297121269,565813,2,0.90234,0.22729,0.71704,-6.206,-3.198,-1.214,ergonomis
2026-06-02 15:19:41.013,2297120469,566013,1,0.83936,-0.04443,0.47607,-0.061,0.893,-1.092,ergonomis
2026-06-02 15:19:41.013,2297120469,566013,2,0.90137,0.24707,0.71143,9.977,3.366,3.397,ergonomis
2026-06-02 15:19:42.276,2297121732,566275,1,0.8335,-0.04053,0.47583,-2.229,2.718,-1.221,ergonomis
2026-06-02 15:19:42.276,2297121732,566275,2,0.89893,0.24927,0.70605,3.672,3.695,2.504,ergonomis
2026-06-02 15:19:42.475,2297121931,566475,1,0.83618,-0.03955,0.4873,-2.069,0.344,1.206,ergonomis
2026-06-02 15:19:42.475,2297121931,566475,2,0.88892,0.23926,0.72534,5.672,3.672,2.489,ergonomis
2026-06-02 15:19:42.675,2297122131,566675,1,0.84033,-0.03857,0.47412,0.443,-0.641,1.084,ergonomis
2026-06-02 15:19:42.675,2297122131,566675,2,0.89453,0.24976,0.70239,-4.534,-1.015,-0.031,ergonomis
2026-06-02 15:19:42.902,2297122358,566902,1,0.83594,-0.02905,0.47437,-0.382,1.191,1.053,ergonomis
2026-06-02 15:19:42.902,2297122358,566902,2,0.88013,0.24976,0.71729,2.901,2.634,3.656,ergonomis
2026-06-02 15:19:43.199,2297122655,567199,1,0.83545,-0.03442,0.48047,-1.076,1.603,0.725,ergonomis
2026-06-02 15:19:43.199,2297122655,567199,2,0.87671,0.26172,0.70728,6.916,4.992,5.45,ergonomis
2026-06-02 15:19:43.399,2297122855,567399,1,0.85596,-0.04565,0.47729,-2.046,0.198,-0.229,ergonomis
2026-06-02 15:19:43.399,2297122855,567399,2,0.89771,0.24609,0.70874,12.718,2.702,5.115,ergonomis
2026-06-02 15:19:43.599,2297123055,567599,1,0.84253,-0.04541,0.46899,-2.733,2.427,0.214,ergonomis
2026-06-02 15:19:43.599,2297123055,567599,2,0.88159,0.24194,0.72485,-0.542,-1.275,0.405,ergonomis
2026-06-02 15:19:43.799,2297123255,567799,1,0.84912,-0.03125,0.47754,0.489,-0.389,0.137,ergonomis
2026-06-02 15:19:43.799,2297123255,567799,2,0.89282,0.24658,0.7168,-8.756,-1.244,-1.137,ergonomis
2026-06-02 15:19:44.065,2297123521,568065,1,0.83423,-0.02344,0.48315,-1.237,1.397,-1.29,ergonomis
2026-06-02 15:19:44.065,2297123521,568065,2,0.89209,0.23047,0.72803,-3.061,-2.0,0.924,ergonomis
2026-06-02 15:19:44.265,2297123721,568265,1,0.82886,-0.03369,0.48511,-0.389,-1.153,0.313,ergonomis
2026-06-02 15:19:44.265,2297123721,568265,2,0.88721,0.24854,0.69507,-7.145,-3.336,-1.374,ergonomis
2026-06-02 15:19:44.481,2297123937,568481,1,0.84033,-0.01807,0.47583,0.947,-0.45,1.153,ergonomis
2026-06-02 15:19:44.481,2297123937,568481,2,0.89648,0.26611,0.69482,8.847,5.099,3.214,ergonomis
2026-06-02 15:19:44.681,2297124137,568681,1,0.84448,-0.01123,0.47949,1.588,-2.168,-2.168,ergonomis
2026-06-02 15:19:44.681,2297124137,568681,2,0.88013,0.25513,0.71021,-7.908,0.947,-0.496,ergonomis
2026-06-02 15:19:44.881,2297124337,568881,1,0.84326,-0.01318,0.47778,-3.794,3.267,-2.336,ergonomis
2026-06-02 15:19:44.881,2297124337,568881,2,0.89307,0.25317,0.7085,-1.489,2.855,0.069,ergonomis
2026-06-02 15:19:45.081,2297124537,569081,1,0.83447,-0.01294,0.48877,0.13,-0.298,1.366,ergonomis
2026-06-02 15:19:45.081,2297124537,569081,2,0.88794,0.27222,0.71899,-4.397,1.634,-0.328,ergonomis
2026-06-02 15:19:45.375,2297124831,569375,1,0.8374,-0.02734,0.47534,-5.725,1.382,-2.031,ergonomis
2026-06-02 15:19:45.375,2297124831,569375,2,0.8877,0.26514,0.70581,1.321,1.496,0.16,ergonomis
2026-06-02 15:19:45.575,2297125031,569575,1,0.84082,-0.01221,0.48535,-1.649,0.74,-0.458,ergonomis
2026-06-02 15:19:45.575,2297125031,569575,2,0.89185,0.25049,0.71362,-0.092,2.145,1.183,ergonomis
2026-06-02 15:19:45.890,2297125346,569890,1,0.82568,-0.02515,0.48535,-2.794,-0.305,1.351,ergonomis
2026-06-02 15:19:45.890,2297125346,569890,2,0.88647,0.2395,0.7312,-13.13,-6.763,-0.809,ergonomis
2026-06-02 15:19:46.090,2297125546,570090,1,0.82642,-0.03564,0.49731,0.282,0.626,1.504,ergonomis
2026-06-02 15:19:46.090,2297125546,570090,2,0.88647,0.27563,0.71948,6.511,2.573,2.977,ergonomis
2026-06-02 15:19:46.290,2297125746,570290,1,0.83643,-0.03687,0.4856,-1.626,-2.13,0.916,ergonomis
2026-06-02 15:19:46.290,2297125746,570290,2,0.89038,0.25635,0.72534,-11.885,0.313,-0.947,ergonomis
2026-06-02 15:19:46.502,2297125958,570502,1,0.82397,-0.03003,0.49536,-4.481,1.595,0.298,ergonomis
2026-06-02 15:19:46.502,2297125958,570502,2,0.88599,0.24658,0.73975,-5.198,-0.214,0.023,ergonomis
2026-06-02 15:19:46.792,2297126248,570792,1,0.8396,-0.03931,0.48242,-3.687,0.137,-0.29,ergonomis
2026-06-02 15:19:46.792,2297126248,570792,2,0.89648,0.23877,0.72827,-3.443,-0.145,2.229,ergonomis
2026-06-02 15:19:47.055,2297126511,571055,1,0.83228,-0.0437,0.48853,-2.573,0.527,1.137,ergonomis
2026-06-02 15:19:47.055,2297126511,571055,2,0.88916,0.24023,0.72681,-5.55,-1.824,0.382,ergonomis
2026-06-02 15:19:47.255,2297126711,571255,1,0.82178,-0.04248,0.48926,-2.26,0.198,-0.244,ergonomis
2026-06-02 15:19:47.255,2297126711,571255,2,0.88281,0.25244,0.74023,8.595,3.466,4.985,ergonomis
2026-06-02 15:19:47.719,2297127175,571719,1,0.8374,-0.07129,0.49048,-3.763,1.954,-0.412,ergonomis
2026-06-02 15:19:47.719,2297127175,571719,2,0.86621,0.271,0.7356,-49.122,-9.695,-14.985,ergonomis
2026-06-02 15:19:47.018,2297126474,572018,1,0.86011,-0.05151,0.47607,-2.29,0.962,-2.359,ergonomis
2026-06-02 15:19:47.018,2297126474,572018,2,0.89771,0.25732,0.73657,-2.901,0.305,1.046,ergonomis
2026-06-02 15:19:48.279,2297127735,572279,1,0.85156,-0.03638,0.4834,0.687,-0.687,1.321,ergonomis
2026-06-02 15:19:48.279,2297127735,572279,2,0.89429,0.21436,0.74829,11.16,6.947,6.282,ergonomis
2026-06-02 15:19:48.577,2297128033,572577,1,0.83228,-0.05322,0.47607,1.336,-3.076,-2.824,ergonomis
2026-06-02 15:19:48.577,2297128033,572577,2,0.89819,0.28369,0.72266,6.832,4.443,0.702,ergonomis
2026-06-02 15:19:48.777,2297128233,572777,1,0.83667,-0.02759,0.48218,-1.573,-0.13,-3.176,ergonomis
2026-06-02 15:19:48.777,2297128233,572777,2,0.8894,0.24072,0.72607,-2.786,0.221,0.267,ergonomis
2026-06-02 15:19:48.998,2297128454,572998,1,0.85034,-0.02637,0.46484,-2.137,-0.916,-0.947,ergonomis
2026-06-02 15:19:48.998,2297128454,572998,2,0.90283,0.23633,0.70703,-3.282,0.29,0.466,ergonomis
2026-06-02 15:19:49.198,2297128654,573198,1,0.84595,-0.04761,0.47729,0.794,-1.389,1.939,ergonomis
2026-06-02 15:19:49.198,2297128654,573198,2,0.88379,0.2522,0.71802,-4.962,-1.427,0.809,ergonomis
2026-06-02 15:19:49.398,2297128854,573398,1,0.83936,-0.03369,0.48169,-4.153,0.115,1.076,ergonomis
2026-06-02 15:19:49.398,2297128854,573398,2,0.8999,0.23706,0.71509,0.725,0.107,2.756,ergonomis
2026-06-02 15:19:49.682,2297129138,573682,1,0.84692,-0.03882,0.48047,-2.618,0.092,-1.824,ergonomis
2026-06-02 15:19:49.682,2297129138,573682,2,0.89429,0.229,0.72778,1.824,1.878,1.038,ergonomis
2026-06-02 15:19:49.882,2297129338,573882,1,0.85132,-0.01978,0.48828,-1.053,1.038,-1.275,ergonomis
2026-06-02 15:19:49.882,2297129338,573882,2,0.88965,0.2417,0.70923,-1.26,-1.015,1.672,ergonomis
2026-06-02 15:19:50.082,2297129538,574082,1,0.85132,-0.02979,0.46948,-0.763,0.366,0.824,ergonomis
2026-06-02 15:19:50.082,2297129538,574082,2,0.90161,0.24463,0.69873,8.153,5.076,3.099,ergonomis
2026-06-02 15:19:50.282,2297129738,574282,1,0.84277,-0.02588,0.47461,-2.45,0.145,-1.687,ergonomis
2026-06-02 15:19:50.282,2297129738,574282,2,0.89307,0.24438,0.70264,3.023,0.802,1.87,ergonomis
2026-06-02 15:19:50.482,2297129938,574482,1,0.83643,-0.01636,0.48145,1.855,1.137,2.313,ergonomis
2026-06-02 15:19:50.482,2297129938,574482,2,0.90063,0.25488,0.70972,-10.0,-3.412,-1.321,ergonomis
2026-06-02 15:19:50.682,2297130138,574682,1,0.82275,-0.03271,0.48145,0.115,0.588,-0.802,ergonomis
2026-06-02 15:19:50.682,2297130138,574682,2,0.89087,0.24512,0.70435,-4.397,-3.496,-1.191,ergonomis
2026-06-02 15:19:50.882,2297130338,574882,1,0.84766,-0.01147,0.46948,3.366,-1.611,0.237,ergonomis
2026-06-02 15:19:50.882,2297130338,574882,2,0.89258,0.26904,0.67456,-0.916,-1.427,-0.832,ergonomis
2026-06-02 15:19:51.082,2297130538,575082,1,0.85864,-0.02344,0.45361,-0.305,-2.336,-0.489,ergonomis
2026-06-02 15:19:51.082,2297130538,575082,2,0.89819,0.2478,0.67725,3.45,-0.168,-2.695,ergonomis
2026-06-02 15:19:51.282,2297130738,575282,1,0.86304,0.00635,0.45093,2.053,-0.29,-3.221,ergonomis
2026-06-02 15:19:51.282,2297130738,575282,2,0.90088,0.27319,0.67798,-2.809,-3.26,-4.718,ergonomis
2026-06-02 15:19:51.482,2297130938,575482,1,0.86353,0.03613,0.44458,3.527,0.115,-2.015,ergonomis
2026-06-02 15:19:51.482,2297130938,575482,2,0.90137,0.302,0.64282,3.595,0.855,-2.038,ergonomis
2026-06-02 15:19:51.682,2297131138,575682,1,0.86304,0.0437,0.45605,0.176,-0.565,-3.443,ergonomis
2026-06-02 15:19:51.682,2297131138,575682,2,0.89185,0.33179,0.65601,-1.092,0.015,-1.84,ergonomis
2026-06-02 15:19:51.882,2297131338,575882,1,0.86328,0.05518,0.44141,2.55,1.603,-3.183,ergonomis
2026-06-02 15:19:51.882,2297131338,575882,2,0.88086,0.34375,0.64624,0.542,1.626,0.687,ergonomis
2026-06-02 15:19:52.152,2297131608,576152,1,0.85425,0.08057,0.44434,0.183,-0.321,-0.42,ergonomis
2026-06-02 15:19:52.152,2297131608,576152,2,0.8877,0.33813,0.63721,-1.763,-0.74,1.992,ergonomis
2026-06-02 15:19:52.352,2297131808,576352,1,0.87598,0.07471,0.44189,-4.351,2.183,3.29,ergonomis
2026-06-02 15:19:52.352,2297131808,576352,2,0.87891,0.33325,0.63867,1.718,1.382,5.824,ergonomis
2026-06-02 15:19:52.552,2297132008,576552,1,0.85059,0.02832,0.46191,-10.374,3.748,0.053,ergonomis
2026-06-02 15:19:52.552,2297132008,576552,2,0.90674,0.31787,0.65186,4.389,3.115,4.176,ergonomis
2026-06-02 15:19:52.849,2297132305,576849,1,0.83521,0.02222,0.47607,-3.939,3.214,0.366,ergonomis
2026-06-02 15:19:52.849,2297132305,576849,2,0.89038,0.29297,0.66504,3.115,5.084,3.679,ergonomis
2026-06-02 15:19:53.049,2297132505,577049,1,0.83179,0.01855,0.4856,-2.855,2.771,-0.29,ergonomis
2026-06-02 15:19:53.049,2297132505,577049,2,0.88892,0.29663,0.67505,-4.099,1.878,0.603,ergonomis
2026-06-02 15:19:53.289,2297132745,577289,1,0.81958,0.02466,0.4939,-1.962,-0.382,1.214,ergonomis
2026-06-02 15:19:53.289,2297132745,577289,2,0.89209,0.2981,0.64014,-1.565,1.191,0.351,ergonomis
2026-06-02 15:19:53.489,2297132945,577489,1,0.83081,0.00684,0.47876,-3.878,-0.718,0.351,ergonomis
2026-06-02 15:19:53.489,2297132945,577489,2,0.8999,0.28442,0.66919,-1.458,-1.137,1.786,ergonomis
2026-06-02 15:19:53.689,2297133145,577689,1,0.83447,0.00024,0.47754,-3.679,-1.198,1.351,ergonomis
2026-06-02 15:19:53.689,2297133145,577689,2,0.8938,0.29419,0.67822,-6.969,0.382,-1.229,ergonomis
2026-06-02 15:19:53.889,2297133345,577889,1,0.80347,0.0127,0.49463,-1.405,3.649,-2.145,ergonomis
2026-06-02 15:19:53.889,2297133345,577889,2,0.90161,0.31177,0.71143,2.26,1.275,-1.069,ergonomis
2026-06-02 15:19:54.089,2297133545,578089,1,0.8269,0.01709,0.49316,-2.992,1.336,-4.687,ergonomis
2026-06-02 15:19:54.089,2297133545,578089,2,0.90063,0.33179,0.65308,8.626,0.26,0.321,ergonomis
2026-06-02 15:19:54.289,2297133745,578289,1,0.83423,0.05786,0.48267,-2.908,1.573,-5.84,ergonomis
2026-06-02 15:19:54.289,2297133745,578289,2,0.90112,0.3291,0.62207,-4.267,-1.649,-0.771,ergonomis
2026-06-02 15:19:54.489,2297133945,578489,1,0.82153,0.0437,0.49292,5.427,-1.496,2.13,ergonomis
2026-06-02 15:19:54.489,2297133945,578489,2,0.89648,0.35449,0.62671,-5.786,-3.802,-1.71,ergonomis
2026-06-02 15:19:54.706,2297134162,578706,1,0.83838,0.04077,0.48242,-2.321,-0.962,-0.519,ergonomis
2026-06-02 15:19:54.706,2297134162,578706,2,0.88794,0.34058,0.62036,-5.084,-0.893,-1.618,ergonomis
2026-06-02 15:19:54.906,2297134362,578906,1,0.8396,0.04907,0.48462,-2.389,-1.053,-1.366,ergonomis
2026-06-02 15:19:54.906,2297134362,578906,2,0.87817,0.33667,0.64038,-4.328,1.29,-0.29,ergonomis
2026-06-02 15:19:55.106,2297134562,579106,1,0.82983,0.06201,0.49292,-2.046,0.046,-3.679,ergonomis
2026-06-02 15:19:55.106,2297134562,579106,2,0.88794,0.32202,0.62817,3.794,2.847,3.618,ergonomis
2026-06-02 15:19:55.333,2297134789,579333,1,0.84424,0.07422,0.47437,-2.359,-0.679,0.176,ergonomis
2026-06-02 15:19:55.333,2297134789,579333,2,0.89819,0.32715,0.63696,-7.412,-2.611,1.16,ergonomis
2026-06-02 15:19:55.550,2297135006,579550,1,0.80322,0.06616,0.49072,0.634,2.695,1.389,ergonomis
2026-06-02 15:19:55.550,2297135006,579550,2,0.90649,0.33057,0.62573,-4.076,0.863,0.718,ergonomis
2026-06-02 15:19:55.750,2297135206,579750,1,0.81519,0.06128,0.47998,0.275,-0.336,0.473,ergonomis
2026-06-02 15:19:55.750,2297135206,579750,2,0.89722,0.32837,0.6228,3.031,0.855,1.542,ergonomis
2026-06-02 15:19:55.985,2297135441,579985,1,0.82886,0.06226,0.47974,-1.382,1.427,-0.344,ergonomis
2026-06-02 15:19:55.985,2297135441,579985,2,0.89404,0.33496,0.64185,-2.221,2.069,-0.046,ergonomis
2026-06-02 15:19:56.264,2297135720,580263,1,0.82861,0.06128,0.49048,-3.725,1.305,-0.58,ergonomis
2026-06-02 15:19:56.264,2297135720,580263,2,0.89771,0.31763,0.6333,3.275,1.168,0.237,ergonomis
2026-06-02 15:19:56.545,2297136001,580545,1,0.80908,0.05737,0.4978,-0.252,0.962,-1.466,ergonomis
2026-06-02 15:19:56.545,2297136001,580545,2,0.88989,0.33691,0.63306,-9.664,-2.901,-4.527,ergonomis
2026-06-02 15:19:56.801,2297136257,580801,1,0.84106,0.07739,0.46289,0.107,1.382,-0.863,ergonomis
2026-06-02 15:19:56.801,2297136257,580801,2,0.87964,0.35059,0.62158,-7.359,-1.084,-3.519,ergonomis
2026-06-02 15:19:56.001,2297135457,581001,1,0.83032,0.07275,0.4707,-1.809,1.626,-1.794,ergonomis
2026-06-02 15:19:56.001,2297135457,581001,2,0.87476,0.39697,0.63232,-2.267,0.473,-1.115,ergonomis
2026-06-02 15:19:57.236,2297136692,581236,1,0.81348,0.09424,0.49097,-1.008,1.13,-2.496,ergonomis
2026-06-02 15:19:57.236,2297136692,581236,2,0.86548,0.38647,0.64795,0.16,2.458,-1.267,ergonomis
2026-06-02 15:19:57.436,2297136892,581436,1,0.80469,0.09814,0.50854,0.641,2.351,-0.458,ergonomis
2026-06-02 15:19:57.436,2297136892,581436,2,0.86621,0.39722,0.6355,-1.802,-0.397,0.931,ergonomis
2026-06-02 15:19:57.720,2297137176,581720,1,0.82617,0.09106,0.49023,-0.389,0.771,-0.87,ergonomis
2026-06-02 15:19:57.720,2297137176,581720,2,0.86377,0.37305,0.64111,0.702,1.458,0.947,ergonomis
2026-06-02 15:19:57.920,2297137376,581920,1,0.82397,0.09009,0.49219,-3.214,0.458,0.542,ergonomis
2026-06-02 15:19:57.920,2297137376,581920,2,0.8728,0.39136,0.62964,0.084,1.947,1.847,ergonomis
2026-06-02 15:19:58.120,2297137576,582120,1,0.81152,0.09717,0.49902,-1.947,0.221,0.84,ergonomis
2026-06-02 15:19:58.120,2297137576,582120,2,0.86108,0.39575,0.64233,-5.061,-0.443,0.855,ergonomis
2026-06-02 15:19:58.345,2297137801,582345,1,0.80786,0.11035,0.49463,-2.229,1.023,-0.221,ergonomis
2026-06-02 15:19:58.345,2297137801,582345,2,0.86768,0.3855,0.65967,10.947,4.626,3.969,ergonomis
2026-06-02 15:19:58.631,2297138087,582631,1,0.80371,0.11572,0.51074,3.641,-0.351,2.695,ergonomis
2026-06-02 15:19:58.631,2297138087,582631,2,0.88623,0.38599,0.62109,3.885,1.847,6.115,ergonomis
2026-06-02 15:19:58.831,2297138287,582831,1,0.81885,0.09082,0.47656,-5.008,-2.878,-0.26,ergonomis
2026-06-02 15:19:58.831,2297138287,582831,2,0.89478,0.3645,0.62744,-0.573,0.802,3.008,ergonomis
2026-06-02 15:19:59.031,2297138487,583031,1,0.83643,0.09082,0.48535,-3.122,-1.924,2.145,ergonomis
2026-06-02 15:19:59.031,2297138487,583031,2,0.88086,0.36133,0.61792,-1.351,0.908,2.672,ergonomis
2026-06-02 15:19:59.231,2297138687,583231,1,0.83154,0.07861,0.48169,-1.351,1.336,1.099,ergonomis
2026-06-02 15:19:59.231,2297138687,583231,2,0.87378,0.37256,0.62549,-5.191,0.244,0.374,ergonomis
2026-06-02 15:19:59.505,2297138961,583505,1,0.83521,0.07617,0.48804,0.649,-0.244,1.084,ergonomis
2026-06-02 15:19:59.505,2297138961,583505,2,0.88843,0.37793,0.61157,6.206,-0.107,3.664,ergonomis
2026-06-02 15:19:59.706,2297139162,583706,1,0.84595,0.08374,0.46875,-3.313,-1.519,0.389,ergonomis
2026-06-02 15:19:59.706,2297139162,583706,2,0.89111,0.37256,0.60693,-1.672,0.038,2.038,ergonomis
2026-06-02 15:19:59.906,2297139362,583906,1,0.84302,0.08179,0.47388,-0.557,0.336,2.191,ergonomis
2026-06-02 15:19:59.906,2297139362,583906,2,0.89453,0.38477,0.61475,-4.496,0.328,0.458,ergonomis
2026-06-02 15:20:00.106,2297139562,584106,1,0.82275,0.08252,0.48218,-0.901,0.603,1.206,ergonomis
2026-06-02 15:20:00.106,2297139562,584106,2,0.88623,0.37305,0.60156,-0.947,1.473,1.489,ergonomis
2026-06-02 15:20:00.306,2297139762,584306,1,0.8291,0.08081,0.47583,-1.122,0.542,0.115,ergonomis
2026-06-02 15:20:00.306,2297139762,584306,2,0.89185,0.36694,0.60034,0.374,1.435,2.565,ergonomis
2026-06-02 15:20:00.506,2297139962,584506,1,0.85376,0.08374,0.4668,-3.405,-0.817,0.031,ergonomis
2026-06-02 15:20:00.506,2297139962,584506,2,0.8916,0.33008,0.62354,-2.664,0.802,1.626,ergonomis
2026-06-02 15:20:00.706,2297140162,584706,1,0.84521,0.07935,0.47314,-3.763,1.0,0.794,ergonomis
2026-06-02 15:20:00.706,2297140162,584706,2,0.87256,0.37036,0.61304,3.458,1.489,1.252,ergonomis
2026-06-02 15:20:00.919,2297140375,584919,1,0.86084,0.06689,0.46777,-1.687,1.786,-0.252,ergonomis
2026-06-02 15:20:00.919,2297140375,584919,2,0.88892,0.34912,0.61987,0.13,1.672,1.389,ergonomis
2026-06-02 15:20:01.132,2297140588,585132,1,0.82568,0.07886,0.47021,-4.771,0.649,-1.427,ergonomis
2026-06-02 15:20:01.132,2297140588,585132,2,0.88599,0.37012,0.62378,-0.656,2.13,2.557,ergonomis
2026-06-02 15:20:01.335,2297140791,585335,1,0.8291,0.08374,0.47583,-3.16,1.405,-0.031,ergonomis
2026-06-02 15:20:01.335,2297140791,585335,2,0.88794,0.34717,0.64063,-1.595,1.214,3.908,ergonomis
2026-06-02 15:20:01.609,2297141065,585609,1,0.82227,0.07397,0.48047,-1.58,0.992,0.939,ergonomis
2026-06-02 15:20:01.609,2297141065,585609,2,0.88574,0.34595,0.6333,-4.099,-0.374,1.489,ergonomis
2026-06-02 15:20:01.891,2297141347,585891,1,0.83862,0.05029,0.48804,-1.809,-1.336,0.901,ergonomis
2026-06-02 15:20:01.891,2297141347,585891,2,0.89282,0.33765,0.62793,2.168,0.74,3.328,ergonomis
2026-06-02 15:20:02.091,2297141547,586091,1,0.84106,0.05029,0.46924,-3.519,-0.74,-0.214,ergonomis
2026-06-02 15:20:02.091,2297141547,586091,2,0.896,0.33472,0.6311,-2.695,-0.267,2.374,ergonomis
2026-06-02 15:20:02.291,2297141747,586291,1,0.85181,0.05225,0.45874,-3.267,-1.305,-0.366,ergonomis
2026-06-02 15:20:02.291,2297141747,586291,2,0.88892,0.34375,0.62695,2.557,2.359,2.16,ergonomis
2026-06-02 15:20:02.515,2297141971,586515,1,0.83862,0.05054,0.47412,-2.763,1.519,-2.115,ergonomis
2026-06-02 15:20:02.515,2297141971,586515,2,0.89209,0.32373,0.64282,-1.168,1.137,1.481,ergonomis
2026-06-02 15:20:02.715,2297142171,586715,1,0.84082,0.04834,0.47632,-2.252,0.634,-1.809,ergonomis
2026-06-02 15:20:02.715,2297142171,586715,2,0.89526,0.33789,0.62231,3.046,2.084,2.321,ergonomis
2026-06-02 15:20:02.915,2297142371,586915,1,0.82495,0.05884,0.4856,-1.931,0.481,-1.023,ergonomis
2026-06-02 15:20:02.915,2297142371,586915,2,0.89087,0.33301,0.61523,0.802,0.771,2.435,ergonomis
2026-06-02 15:20:03.115,2297142571,587115,1,0.83984,0.04834,0.46069,-1.305,1.008,1.832,ergonomis
2026-06-02 15:20:03.115,2297142571,587115,2,0.88745,0.32495,0.6355,1.191,0.611,2.45,ergonomis
2026-06-02 15:20:03.399,2297142855,587399,1,0.85156,0.03906,0.46997,-2.565,-0.076,0.328,ergonomis
2026-06-02 15:20:03.399,2297142855,587399,2,0.89111,0.33691,0.62402,0.985,2.443,1.817,ergonomis
2026-06-02 15:20:03.599,2297143055,587599,1,0.8418,0.0498,0.48853,-3.603,0.786,-1.496,ergonomis
2026-06-02 15:20:03.599,2297143055,587599,2,0.896,0.32373,0.64063,-4.275,0.092,0.008,ergonomis
2026-06-02 15:20:03.799,2297143255,587799,1,0.84033,0.03906,0.47192,-1.137,-0.183,-0.298,ergonomis
2026-06-02 15:20:03.799,2297143255,587799,2,0.89502,0.33154,0.6377,-3.45,0.458,-0.076,ergonomis
2026-06-02 15:20:04.153,2297143609,588153,1,0.83618,0.06396,0.4873,-0.252,0.015,0.481,ergonomis
2026-06-02 15:20:04.153,2297143609,588153,2,0.89526,0.34766,0.62183,-2.489,0.695,0.084,ergonomis
2026-06-02 15:20:04.416,2297143872,588416,1,0.84521,0.04443,0.46851,-2.893,-0.092,1.107,ergonomis
2026-06-02 15:20:04.416,2297143872,588416,2,0.88403,0.34839,0.64063,0.58,1.985,1.702,ergonomis
2026-06-02 15:20:04.616,2297144072,588616,1,0.83838,0.05322,0.47876,-1.359,0.45,-0.305,ergonomis
2026-06-02 15:20:04.616,2297144072,588616,2,0.89746,0.34131,0.62842,-3.718,-0.061,0.527,ergonomis
2026-06-02 15:20:04.816,2297144272,588816,1,0.84375,0.05835,0.47339,-2.695,-0.076,-0.008,ergonomis
2026-06-02 15:20:04.816,2297144272,588816,2,0.90625,0.32324,0.62451,-1.359,1.069,2.695,ergonomis
2026-06-02 15:20:04.016,2297143472,589016,1,0.83667,0.05054,0.48364,-3.275,0.771,2.137,ergonomis
2026-06-02 15:20:04.016,2297143472,589016,2,0.90234,0.33179,0.62964,-2.397,0.275,0.962,ergonomis
2026-06-02 15:20:05.307,2297144763,589307,1,0.83203,0.03809,0.47241,-2.824,1.13,-0.908,ergonomis
2026-06-02 15:20:05.307,2297144763,589307,2,0.88525,0.31909,0.64868,-3.496,2.557,-0.282,ergonomis
2026-06-02 15:20:05.514,2297144970,589514,1,0.8125,0.06714,0.50171,2.397,0.618,0.573,ergonomis
2026-06-02 15:20:05.514,2297144970,589514,2,0.89136,0.34058,0.64014,-0.313,0.817,1.626,ergonomis
2026-06-02 15:20:05.759,2297145215,589759,1,0.82983,0.04956,0.4873,-1.855,0.702,-0.282,ergonomis
2026-06-02 15:20:05.759,2297145215,589759,2,0.89258,0.35303,0.63281,-2.359,0.473,0.611,ergonomis
2026-06-02 15:20:05.010,2297144466,590010,1,0.8396,0.05273,0.47607,-4.107,0.519,-0.305,ergonomis
2026-06-02 15:20:05.010,2297144466,590010,2,0.896,0.32813,0.63379,-5.29,1.015,1.817,ergonomis
2026-06-02 15:20:06.250,2297145706,590250,1,0.82471,0.03882,0.47925,-4.344,1.221,0.87,ergonomis
2026-06-02 15:20:06.250,2297145706,590250,2,0.8772,0.3147,0.65234,1.855,4.015,3.481,ergonomis
2026-06-02 15:20:06.519,2297145975,590519,1,0.80908,0.04932,0.49536,-1.229,-0.84,1.756,ergonomis
2026-06-02 15:20:06.519,2297145975,590519,2,0.89185,0.3291,0.6355,2.679,1.008,4.29,ergonomis
2026-06-02 15:20:06.719,2297146175,590719,1,0.83813,0.04395,0.47949,-2.885,-2.359,2.145,ergonomis
2026-06-02 15:20:06.719,2297146175,590719,2,0.91504,0.30249,0.64307,-1.55,-0.191,4.962,ergonomis
2026-06-02 15:20:06.970,2297146426,590970,1,0.84106,-0.00024,0.47412,-3.252,-0.947,1.519,ergonomis
2026-06-02 15:20:06.970,2297146426,590970,2,0.90259,0.28833,0.64282,-3.473,-0.092,0.771,ergonomis
2026-06-02 15:20:07.170,2297146626,591170,1,0.84229,0.0166,0.47949,-3.046,1.855,-0.748,ergonomis
2026-06-02 15:20:07.170,2297146626,591170,2,0.90283,0.29492,0.63721,-2.412,2.26,0.802,ergonomis
2026-06-02 15:20:07.370,2297146826,591370,1,0.83765,0.00537,0.48389,-1.595,-0.267,1.58,ergonomis
2026-06-02 15:20:07.370,2297146826,591370,2,0.89453,0.29517,0.64844,-0.74,0.985,1.794,ergonomis
2026-06-02 15:20:07.570,2297147026,591570,1,0.84375,0.01147,0.48218,-2.519,0.481,-0.847,ergonomis
2026-06-02 15:20:07.570,2297147026,591570,2,0.90356,0.29663,0.64429,0.893,1.695,2.221,ergonomis
2026-06-02 15:20:07.770,2297147226,591770,1,0.82227,0.01685,0.4751,-1.344,1.206,0.412,ergonomis
2026-06-02 15:20:07.770,2297147226,591770,2,0.90552,0.30396,0.6377,2.924,1.55,2.763,ergonomis
2026-06-02 15:20:07.970,2297147426,591970,1,0.83691,0.01807,0.48071,-0.779,0.099,-0.115,ergonomis
2026-06-02 15:20:07.970,2297147426,591970,2,0.89575,0.29224,0.64624,-3.718,0.221,1.168,ergonomis
2026-06-02 15:20:08.170,2297147626,592170,1,0.84351,0.01245,0.48511,-2.145,1.015,0.389,ergonomis
2026-06-02 15:20:08.170,2297147626,592170,2,0.90796,0.30151,0.63721,-0.573,0.931,2.183,ergonomis
2026-06-02 15:20:08.370,2297147826,592370,1,0.83301,0.01367,0.48413,-2.542,1.42,0.786,ergonomis
2026-06-02 15:20:08.370,2297147826,592370,2,0.90747,0.29834,0.64868,0.55,1.618,2.053,ergonomis
2026-06-02 15:20:08.570,2297148026,592570,1,0.82764,0.00708,0.4812,-2.618,1.328,-0.298,ergonomis
2026-06-02 15:20:08.570,2297148026,592570,2,0.90649,0.28027,0.65234,-2.893,-0.183,1.305,ergonomis
2026-06-02 15:20:08.770,2297148226,592770,1,0.84033,-0.00464,0.47363,-1.374,-0.023,0.664,ergonomis
2026-06-02 15:20:08.770,2297148226,592770,2,0.90454,0.27905,0.64331,-3.305,0.55,0.374,ergonomis
2026-06-02 15:20:08.002,2297147458,593002,1,0.83447,0.01489,0.48096,-2.244,0.336,-0.618,ergonomis
2026-06-02 15:20:08.002,2297147458,593002,2,0.90942,0.28027,0.65137,-4.374,0.244,0.336,ergonomis
2026-06-02 15:20:09.202,2297148658,593202,1,0.82837,0.02539,0.48584,-1.084,-0.603,0.55,ergonomis
2026-06-02 15:20:09.202,2297148658,593202,2,0.9043,0.29443,0.64868,-0.519,0.611,2.092,ergonomis
2026-06-02 15:20:09.402,2297148858,593402,1,0.82983,0.00488,0.47485,-0.924,1.626,1.061,ergonomis
2026-06-02 15:20:09.402,2297148858,593402,2,0.90552,0.28735,0.65137,1.809,0.962,2.412,ergonomis
2026-06-02 15:20:09.602,2297149058,593602,1,0.84033,-0.00098,0.48193,-2.84,-0.214,0.878,ergonomis
2026-06-02 15:20:09.602,2297149058,593602,2,0.90088,0.28223,0.64307,1.252,2.214,2.405,ergonomis
2026-06-02 15:20:09.802,2297149258,593802,1,0.8418,0.00928,0.48071,-3.366,0.244,-1.061,ergonomis
2026-06-02 15:20:09.802,2297149258,593802,2,0.90454,0.27344,0.65552,3.168,2.534,3.519,ergonomis
2026-06-02 15:20:09.002,2297148458,594002,1,0.82666,0.02173,0.48706,-2.382,1.298,0.603,ergonomis
2026-06-02 15:20:09.002,2297148458,594002,2,0.90308,0.28003,0.65186,1.519,1.901,3.328,ergonomis
2026-06-02 15:20:10.243,2297149699,594243,1,0.83765,-0.00708,0.48535,-1.802,0.237,0.618,ergonomis
2026-06-02 15:20:10.243,2297149699,594243,2,0.90845,0.26343,0.65283,3.847,1.099,3.359,ergonomis
2026-06-02 15:20:10.443,2297149899,594443,1,0.82178,,0.49561,-2.015,0.305,0.481,ergonomis
2026-06-02 15:20:10.443,2297149899,594443,2,0.90625,0.26563,0.65308,-3.168,0.779,0.641,ergonomis
2026-06-02 15:20:10.643,2297150099,594643,1,0.82666,-0.0061,0.48901,-2.206,1.168,-2.015,ergonomis
2026-06-02 15:20:10.643,2297150099,594643,2,0.90991,0.27344,0.65454,7.29,3.115,3.298,ergonomis
2026-06-02 15:20:10.843,2297150299,594843,1,0.82983,-0.00415,0.49292,2.45,0.656,2.977,ergonomis
2026-06-02 15:20:10.843,2297150299,594843,2,0.9043,0.27222,0.66235,4.145,1.702,3.191,ergonomis
2026-06-02 15:20:11.080,2297150536,595080,1,0.84204,-0.00586,0.49878,-2.359,1.061,-3.603,ergonomis
2026-06-02 15:20:11.080,2297150536,595080,2,0.90039,0.27832,0.65112,12.214,4.26,4.504,ergonomis
2026-06-02 15:20:11.280,2297150736,595280,1,0.82861,0.00757,0.49756,-0.137,1.924,-0.282,ergonomis
2026-06-02 15:20:11.280,2297150736,595280,2,0.90088,0.27393,0.65234,-2.878,1.313,0.725,ergonomis
2026-06-02 15:20:11.480,2297150936,595480,1,0.82056,-0.00049,0.48999,-1.397,0.321,-0.557,ergonomis
2026-06-02 15:20:11.480,2297150936,595480,2,0.91553,0.26392,0.66724,-1.588,0.115,1.176,ergonomis
2026-06-02 15:20:11.680,2297151136,595680,1,0.81787,-0.00146,0.49243,-2.282,-0.244,-0.794,ergonomis
2026-06-02 15:20:11.680,2297151136,595680,2,0.90845,0.27002,0.64478,-4.252,0.542,0.611,ergonomis
2026-06-02 15:20:11.916,2297151372,595916,1,0.8313,0.01147,0.49414,-0.198,-0.626,0.328,ergonomis
2026-06-02 15:20:11.916,2297151372,595916,2,0.90552,0.2688,0.66455,-6.344,-1.397,0.122,ergonomis
2026-06-02 15:20:12.116,2297151572,596116,1,0.81982,0.00317,0.49292,0.099,-0.427,0.023,ergonomis
2026-06-02 15:20:12.116,2297151572,596116,2,0.91382,0.28003,0.66284,-1.412,0.053,0.366,ergonomis
2026-06-02 15:20:12.316,2297151772,596316,1,0.82666,0.01001,0.4873,-1.847,0.763,-0.511,ergonomis
2026-06-02 15:20:12.316,2297151772,596316,2,0.91455,0.28101,0.65527,2.931,2.107,2.916,ergonomis
2026-06-02 15:20:12.516,2297151972,596516,1,0.81519,0.01196,0.48706,-1.679,0.771,-0.29,ergonomis
2026-06-02 15:20:12.516,2297151972,596516,2,0.90674,0.27588,0.65625,-0.817,1.206,1.069,ergonomis
2026-06-02 15:20:12.716,2297152172,596716,1,0.83252,0.01367,0.49609,-2.137,0.427,0.45,ergonomis
2026-06-02 15:20:12.716,2297152172,596716,2,0.89941,0.27856,0.6582,1.244,1.87,3.076,ergonomis
2026-06-02 15:20:12.916,2297152372,596916,1,0.83545,0.01733,0.49854,-2.443,0.13,0.267,ergonomis
2026-06-02 15:20:12.916,2297152372,596916,2,0.90234,0.26685,0.65381,3.702,1.435,3.267,ergonomis
2026-06-02 15:20:13.116,2297152572,597116,1,0.82593,0.01318,0.49268,-0.641,-0.458,0.702,ergonomis
2026-06-02 15:20:13.116,2297152572,597116,2,0.90601,0.28223,0.6604,-0.267,1.779,2.015,ergonomis
2026-06-02 15:20:13.316,2297152772,597316,1,0.82495,-0.00098,0.50391,-1.107,0.794,0.55,ergonomis
2026-06-02 15:20:13.316,2297152772,597316,2,0.91235,0.26172,0.64893,0.687,1.336,1.71,ergonomis
2026-06-02 15:20:13.516,2297152972,597516,1,0.81958,-0.0061,0.48779,-2.779,-0.023,-0.939,ergonomis
2026-06-02 15:20:13.516,2297152972,597516,2,0.9021,0.25732,0.66846,-3.344,0.076,0.58,ergonomis
2026-06-02 15:20:13.716,2297153172,597716,1,0.82031,0.0127,0.49512,-0.45,-0.122,0.656,ergonomis
2026-06-02 15:20:13.716,2297153172,597716,2,0.90454,0.27124,0.65601,3.328,1.672,1.458,ergonomis
2026-06-02 15:20:13.916,2297153372,597916,1,0.82568,-0.00293,0.48218,0.473,2.0,0.229,ergonomis
2026-06-02 15:20:13.916,2297153372,597916,2,0.91113,0.27832,0.65479,-6.496,0.435,-0.13,ergonomis
2026-06-02 15:20:14.150,2297153606,598150,1,0.82397,0.00635,0.5022,-0.901,-0.42,0.046,ergonomis
2026-06-02 15:20:14.150,2297153606,598150,2,0.89551,0.26855,0.65186,-2.359,0.489,-0.13,ergonomis
2026-06-02 15:20:14.350,2297153806,598350,1,0.82153,0.01465,0.49438,-1.824,0.496,-0.985,ergonomis
2026-06-02 15:20:14.350,2297153806,598350,2,0.90771,0.28735,0.66821,-1.198,0.664,1.275,ergonomis
2026-06-02 15:20:14.550,2297154006,598550,1,0.83057,0.01221,0.49097,0.687,-0.42,1.557,ergonomis
2026-06-02 15:20:14.550,2297154006,598550,2,0.89771,0.29541,0.65039,1.122,0.809,1.672,ergonomis
2026-06-02 15:20:14.750,2297154206,598750,1,0.83545,0.02002,0.48706,-1.397,0.252,0.641,ergonomis
2026-06-02 15:20:14.750,2297154206,598750,2,0.90381,0.28467,0.66211,1.489,2.252,2.557,ergonomis
2026-06-02 15:20:14.950,2297154406,598950,1,0.83545,0.01636,0.48828,-2.809,1.611,0.008,ergonomis
2026-06-02 15:20:14.950,2297154406,598950,2,0.90454,0.27856,0.66626,1.443,2.115,2.412,ergonomis
2026-06-02 15:20:15.150,2297154606,599150,1,0.82568,0.01855,0.49902,-1.519,0.58,1.076,ergonomis
2026-06-02 15:20:15.150,2297154606,599150,2,0.90332,0.27979,0.64941,-3.855,1.42,1.015,ergonomis
2026-06-02 15:20:15.350,2297154806,599350,1,0.81763,0.00732,0.49658,-1.885,0.84,1.756,ergonomis
2026-06-02 15:20:15.350,2297154806,599350,2,0.90796,0.28857,0.65869,3.023,1.924,2.725,ergonomis
2026-06-02 15:20:15.644,2297155100,599644,1,0.8147,0.00781,0.49414,-0.947,0.908,0.779,ergonomis
2026-06-02 15:20:15.644,2297155100,599644,2,0.90332,0.2793,0.66919,-5.603,0.634,0.26,ergonomis
2026-06-02 15:20:15.844,2297155300,599844,1,0.82397,0.01782,0.49707,-3.863,-0.389,-3.435,ergonomis
2026-06-02 15:20:15.844,2297155300,599844,2,0.9104,0.26099,0.67017,-1.405,0.527,1.74,ergonomis
2026-06-02 15:20:16.044,2297155500,600044,1,0.82471,0.00732,0.49365,-1.855,0.855,1.817,ergonomis
2026-06-02 15:20:16.044,2297155500,600044,2,0.90332,0.29614,0.65991,8.771,2.924,3.756,ergonomis
2026-06-02 15:20:16.244,2297155700,600244,1,0.83179,0.01465,0.49048,-1.122,1.13,0.885,ergonomis
2026-06-02 15:20:16.244,2297155700,600244,2,0.90454,0.24707,0.68384,-3.733,-0.588,0.847,ergonomis
2026-06-02 15:20:16.444,2297155900,600444,1,0.82715,-0.00269,0.48804,-3.405,-0.076,-1.061,ergonomis
2026-06-02 15:20:16.444,2297155900,600444,2,0.89307,0.28711,0.66797,-5.397,0.351,0.588,ergonomis
2026-06-02 15:20:16.716,2297156172,600716,1,0.8374,0.03613,0.48071,-2.565,0.702,-1.466,ergonomis
2026-06-02 15:20:16.716,2297156172,600716,2,0.90674,0.25244,0.67676,-0.443,1.466,2.328,ergonomis
2026-06-02 15:20:16.916,2297156372,600916,1,0.8208,-0.00269,0.48071,-0.481,-0.656,0.916,ergonomis
2026-06-02 15:20:16.916,2297156372,600916,2,0.89819,0.26489,0.67139,-4.198,-0.076,1.244,ergonomis
2026-06-02 15:20:17.116,2297156572,601116,1,0.82202,0.01538,0.50903,-0.695,-0.412,1.382,ergonomis
2026-06-02 15:20:17.116,2297156572,601116,2,0.89819,0.28296,0.65991,7.267,2.267,3.389,ergonomis
2026-06-02 15:20:17.316,2297156772,601316,1,0.82837,0.0293,0.49927,-1.519,-0.55,0.328,ergonomis
2026-06-02 15:20:17.316,2297156772,601316,2,0.88843,0.28711,0.66064,6.244,3.855,4.382,ergonomis
2026-06-02 15:20:17.516,2297156972,601516,1,0.82886,0.01611,0.50732,-2.336,0.695,-0.466,ergonomis
2026-06-02 15:20:17.516,2297156972,601516,2,0.89868,0.27344,0.6604,7.496,3.534,4.427,ergonomis
2026-06-02 15:20:17.716,2297157172,601716,1,0.83276,0.01953,0.4856,-0.267,1.382,1.313,ergonomis
2026-06-02 15:20:17.716,2297157172,601716,2,0.89648,0.26074,0.68091,-7.511,-0.26,0.26,ergonomis
2026-06-02 15:20:17.916,2297157372,601916,1,0.83691,0.00488,0.48315,-6.107,0.588,-0.382,ergonomis
2026-06-02 15:20:17.916,2297157372,601916,2,0.91431,0.26074,0.67212,2.542,0.809,4.725,ergonomis
2026-06-02 15:20:18.116,2297157572,602116,1,0.81885,0.01514,0.49341,-4.229,2.061,0.954,ergonomis
2026-06-02 15:20:18.116,2297157572,602116,2,0.90625,0.26392,0.66602,-4.321,0.069,2.725,ergonomis
2026-06-02 15:20:18.332,2297157788,602332,1,0.82422,0.00146,0.49854,-3.893,-0.351,0.992,ergonomis
2026-06-02 15:20:18.332,2297157788,602332,2,0.91016,0.24634,0.67017,-3.29,1.336,3.656,ergonomis
2026-06-02 15:20:18.532,2297157988,602532,1,0.81104,-0.01855,0.49951,-0.824,-1.122,3.664,ergonomis
2026-06-02 15:20:18.532,2297157988,602532,2,0.90991,0.2417,0.68701,2.061,2.16,4.611,ergonomis
2026-06-02 15:20:18.732,2297158188,602732,1,0.83643,-0.04614,0.4751,0.313,1.015,2.145,ergonomis
2026-06-02 15:20:18.732,2297158188,602732,2,0.91333,0.24146,0.6748,0.427,2.267,3.603,ergonomis
2026-06-02 15:20:18.932,2297158388,602932,1,0.81836,-0.02832,0.5188,-3.55,-2.282,1.87,ergonomis
2026-06-02 15:20:18.932,2297158388,602932,2,0.91675,0.22314,0.66138,-6.626,0.191,2.489,ergonomis
2026-06-02 15:20:19.132,2297158588,603132,1,0.83398,-0.03369,0.48315,-3.924,-3.298,1.519,ergonomis
2026-06-02 15:20:19.132,2297158588,603132,2,0.91675,0.21021,0.67847,-6.908,-1.305,0.718,ergonomis
2026-06-02 15:20:19.332,2297158788,603332,1,0.83984,-0.04224,0.46582,-1.817,-3.267,2.038,ergonomis
2026-06-02 15:20:19.332,2297158788,603332,2,0.91455,0.19385,0.68091,-1.588,-0.229,0.962,ergonomis
2026-06-02 15:20:19.543,2297158999,603543,1,0.84375,-0.04224,0.46191,2.038,-1.099,2.275,ergonomis
2026-06-02 15:20:19.543,2297158999,603543,2,0.91479,0.22095,0.66406,-1.618,1.13,1.901,ergonomis
2026-06-02 15:20:19.743,2297159199,603743,1,0.84106,-0.052,0.48608,-2.71,-0.198,1.321,ergonomis
2026-06-02 15:20:19.743,2297159199,603743,2,0.91504,0.22314,0.67236,9.206,5.908,4.626,ergonomis
2026-06-02 15:20:19.943,2297159399,603943,1,0.8374,-0.04736,0.47266,-1.435,1.71,-3.496,ergonomis
2026-06-02 15:20:19.943,2297159399,603943,2,0.9248,0.19043,0.67603,-5.916,-0.504,0.198,ergonomis
2026-06-02 15:20:20.143,2297159599,604143,1,0.83594,-0.03955,0.48584,-0.252,2.504,1.641,ergonomis
2026-06-02 15:20:20.143,2297159599,604143,2,0.90771,0.20264,0.65283,0.618,-0.595,1.435,ergonomis
2026-06-02 15:20:20.343,2297159799,604343,1,0.83447,-0.03223,0.47925,-0.145,1.473,4.374,ergonomis
2026-06-02 15:20:20.343,2297159799,604343,2,0.91333,0.25806,0.64966,6.176,4.092,5.351,ergonomis
2026-06-02 15:20:20.543,2297159999,604543,1,0.83276,-0.04565,0.49023,-7.618,7.817,-1.641,ergonomis
2026-06-02 15:20:20.543,2297159999,604543,2,0.90991,0.19971,0.70972,-7.275,4.489,-1.328,ergonomis
2026-06-02 15:20:20.908,2297160364,604908,1,0.8208,-0.03442,0.50415,2.832,2.397,-2.145,ergonomis
2026-06-02 15:20:20.908,2297160364,604908,2,0.90015,0.20361,0.70605,-13.244,-1.13,-2.061,ergonomis
2026-06-02 15:20:21.108,2297160564,605108,1,0.802,-0.04614,0.51709,-10.336,6.55,-7.076,ergonomis
2026-06-02 15:20:21.108,2297160564,605108,2,0.91406,0.20752,0.71753,-0.244,3.55,-1.015,ergonomis
2026-06-02 15:20:21.308,2297160764,605308,1,0.79199,-0.03442,0.52417,3.053,2.588,-0.267,ergonomis
2026-06-02 15:20:21.308,2297160764,605308,2,0.8938,0.21655,0.73169,-6.336,0.42,0.29,ergonomis
2026-06-02 15:20:21.549,2297161005,605549,1,0.79224,-0.00854,0.52344,-9.382,1.878,-6.504,ergonomis
2026-06-02 15:20:21.549,2297161005,605549,2,0.9082,0.21924,0.72827,-8.275,0.359,2.519,ergonomis
2026-06-02 15:20:21.773,2297161229,605773,1,0.77881,-0.05396,0.53931,1.206,2.878,3.321,ergonomis
2026-06-02 15:20:21.773,2297161229,605773,2,0.89233,0.22705,0.7395,4.473,3.176,4.359,ergonomis
2026-06-02 15:20:21.978,2297161434,605978,1,0.77173,-0.03516,0.54663,3.672,2.191,1.351,ergonomis
2026-06-02 15:20:21.978,2297161434,605978,2,0.89648,0.1875,0.71973,-4.611,0.252,2.916,ergonomis
2026-06-02 15:20:22.178,2297161634,606178,1,0.78296,-0.04492,0.5376,-3.695,-0.412,2.168,ergonomis
2026-06-02 15:20:22.178,2297161634,606178,2,0.8999,0.19897,0.74121,0.817,1.328,3.198,ergonomis
2026-06-02 15:20:22.378,2297161834,606378,1,0.77588,-0.04346,0.53418,-3.252,0.779,-0.42,ergonomis
2026-06-02 15:20:22.378,2297161834,606378,2,0.89624,0.18945,0.729,-0.42,1.458,2.13,ergonomis
2026-06-02 15:20:22.688,2297162144,606688,1,0.77808,-0.04419,0.54492,-2.359,0.42,0.031,ergonomis
2026-06-02 15:20:22.688,2297162144,606688,2,0.90063,0.1853,0.74634,-1.153,1.863,1.924,ergonomis
2026-06-02 15:20:22.888,2297162344,606888,1,0.7793,-0.04834,0.54956,-1.817,0.42,0.847,ergonomis
2026-06-02 15:20:22.888,2297162344,606888,2,0.89893,0.19238,0.73975,-0.908,1.748,2.061,ergonomis
2026-06-02 15:20:23.088,2297162544,607088,1,0.77979,-0.04956,0.54883,-3.191,0.298,0.504,ergonomis
2026-06-02 15:20:23.088,2297162544,607088,2,0.89697,0.17896,0.73389,-1.229,1.618,2.252,ergonomis
2026-06-02 15:20:23.288,2297162744,607288,1,0.78174,-0.05591,0.54272,-2.374,0.313,0.84,ergonomis
2026-06-02 15:20:23.288,2297162744,607288,2,0.8938,0.17871,0.7439,-1.84,0.756,2.053,ergonomis
2026-06-02 15:20:23.488,2297162944,607488,1,0.77515,-0.06348,0.54248,-1.305,0.267,0.863,ergonomis
2026-06-02 15:20:23.488,2297162944,607488,2,0.89819,0.18481,0.74341,-0.588,0.802,2.023,ergonomis
2026-06-02 15:20:23.688,2297163144,607688,1,0.78052,-0.05811,0.54272,-2.336,-0.076,-0.038,ergonomis
2026-06-02 15:20:23.688,2297163144,607688,2,0.90088,0.17285,0.74951,-4.015,-0.206,1.076,ergonomis
2026-06-02 15:20:23.888,2297163344,607888,1,0.7876,-0.06201,0.54077,-3.252,-0.649,-0.412,ergonomis
2026-06-02 15:20:23.888,2297163344,607888,2,0.90381,0.17529,0.74487,-1.473,0.023,0.947,ergonomis
2026-06-02 15:20:24.088,2297163544,608088,1,0.78857,-0.06372,0.53345,-1.198,0.412,-0.298,ergonomis
2026-06-02 15:20:24.088,2297163544,608088,2,0.90308,0.17041,0.73853,-2.687,-0.618,0.389,ergonomis
2026-06-02 15:20:24.301,2297163757,608300,1,0.78345,-0.05981,0.54468,-1.084,0.153,-0.374,ergonomis
2026-06-02 15:20:24.301,2297163757,608300,2,0.90771,0.17188,0.74023,-2.344,-0.145,0.046,ergonomis
2026-06-02 15:20:24.500,2297163956,608500,1,0.78271,-0.0542,0.52979,-1.038,0.344,-0.695,ergonomis
2026-06-02 15:20:24.500,2297163956,608500,2,0.90552,0.17871,0.73657,-0.695,0.427,0.664,ergonomis
2026-06-02 15:20:24.700,2297164156,608700,1,0.78564,-0.0603,0.53052,-0.656,0.214,0.069,ergonomis
2026-06-02 15:20:24.700,2297164156,608700,2,0.90405,0.1792,0.73682,-0.832,1.725,1.015,ergonomis
2026-06-02 15:20:24.900,2297164356,608900,1,0.78223,-0.04858,0.53369,-1.084,0.237,0.443,ergonomis
2026-06-02 15:20:24.900,2297164356,608900,2,0.89771,0.18286,0.74023,0.366,1.832,1.382,ergonomis
2026-06-02 15:20:25.123,2297164579,609123,1,0.78442,-0.04834,0.54492,-0.389,0.962,0.351,ergonomis
2026-06-02 15:20:25.123,2297164579,609123,2,0.90137,0.18628,0.73926,1.366,1.71,1.275,ergonomis
2026-06-02 15:20:25.323,2297164779,609323,1,0.77539,-0.05151,0.54639,-2.733,1.26,-0.901,ergonomis
2026-06-02 15:20:25.323,2297164779,609323,2,0.90405,0.17554,0.7417,-2.55,0.595,1.252,ergonomis
2026-06-02 15:20:25.523,2297164979,609523,1,0.77539,-0.04907,0.54907,-1.435,0.237,-0.42,ergonomis
2026-06-02 15:20:25.523,2297164979,609523,2,0.8999,0.18726,0.74707,-1.489,0.221,1.405,ergonomis
2026-06-02 15:20:25.723,2297165179,609723,1,0.78418,-0.052,0.54102,-1.45,-0.061,-0.191,ergonomis
2026-06-02 15:20:25.723,2297165179,609723,2,0.90039,0.177,0.74097,0.382,0.565,1.443,ergonomis
2026-06-02 15:20:25.923,2297165379,609923,1,0.7832,-0.04199,0.54419,-1.389,0.458,-0.382,ergonomis
2026-06-02 15:20:25.923,2297165379,609923,2,0.90186,0.1897,0.73901,-0.008,1.115,1.229,ergonomis
2026-06-02 15:20:26.123,2297165579,610123,1,0.78296,-0.04956,0.54712,-1.649,0.542,-0.55,ergonomis
2026-06-02 15:20:26.123,2297165579,610123,2,0.89404,0.18628,0.74634,-1.71,1.099,0.992,ergonomis
2026-06-02 15:20:26.323,2297165779,610323,1,0.78589,-0.0498,0.53711,-1.947,0.038,0.313,ergonomis
2026-06-02 15:20:26.323,2297165779,610323,2,0.89233,0.18823,0.74976,-1.374,0.351,1.153,ergonomis
2026-06-02 15:20:26.523,2297165979,610523,1,0.77979,-0.04565,0.54077,-2.458,-0.191,0.29,ergonomis
2026-06-02 15:20:26.523,2297165979,610523,2,0.8999,0.17896,0.74146,-0.473,0.71,1.756,ergonomis
2026-06-02 15:20:26.723,2297166179,610723,1,0.78613,-0.04932,0.5459,-2.397,-0.634,-0.244,ergonomis
2026-06-02 15:20:26.723,2297166179,610723,2,0.9021,0.18896,0.73657,-2.962,0.069,0.702,ergonomis
2026-06-02 15:20:26.923,2297166379,610923,1,0.79272,-0.0481,0.54272,-1.595,0.305,-0.389,ergonomis
2026-06-02 15:20:26.923,2297166379,610923,2,0.8938,0.17725,0.74316,-1.763,0.237,0.702,ergonomis
2026-06-02 15:20:27.123,2297166579,611123,1,0.7771,-0.05542,0.54907,-2.198,0.336,-1.885,ergonomis
2026-06-02 15:20:27.123,2297166579,611123,2,0.90234,0.19019,0.7356,-2.511,-1.321,-0.298,ergonomis
2026-06-02 15:20:27.323,2297166779,611323,1,0.78613,-0.04639,0.53467,-0.359,-1.427,-0.481,ergonomis
2026-06-02 15:20:27.323,2297166779,611323,2,0.90723,0.19727,0.72485,-0.252,-0.656,0.427,ergonomis
2026-06-02 15:20:27.523,2297166979,611523,1,0.79883,-0.0354,0.52295,-1.374,-1.275,-1.679,ergonomis
2026-06-02 15:20:27.523,2297166979,611523,2,0.90161,0.20874,0.71655,1.115,0.985,1.939,ergonomis
2026-06-02 15:20:27.723,2297167179,611723,1,0.80078,-0.03857,0.5271,-0.603,-0.595,0.427,ergonomis
2026-06-02 15:20:27.723,2297167179,611723,2,0.90112,0.1958,0.72778,-1.008,1.527,1.809,ergonomis
2026-06-02 15:20:27.923,2297167379,611923,1,0.80054,-0.03613,0.51904,-1.45,0.595,0.397,ergonomis
2026-06-02 15:20:27.923,2297167379,611923,2,0.90601,0.18945,0.72681,1.359,2.252,2.427,ergonomis
2026-06-02 15:20:28.123,2297167579,612123,1,0.79077,-0.04053,0.52612,-1.611,1.183,0.168,ergonomis
2026-06-02 15:20:28.123,2297167579,612123,2,0.90698,0.19067,0.72949,0.305,1.298,2.313,ergonomis
2026-06-02 15:20:28.323,2297167779,612323,1,0.79639,-0.04077,0.52759,-1.55,0.992,0.122,ergonomis
2026-06-02 15:20:28.323,2297167779,612323,2,0.89917,0.1853,0.73511,-1.237,0.595,1.489,ergonomis
2026-06-02 15:20:28.523,2297167979,612523,1,0.78882,-0.04517,0.52271,-1.893,0.122,0.221,ergonomis
2026-06-02 15:20:28.523,2297167979,612523,2,0.90063,0.18896,0.73047,-0.015,1.344,1.817,ergonomis
2026-06-02 15:20:28.723,2297168179,612723,1,0.79321,-0.03979,0.52417,-2.122,-0.374,-0.084,ergonomis
2026-06-02 15:20:28.723,2297168179,612723,2,0.89941,0.19141,0.729,-1.611,0.145,1.786,ergonomis
2026-06-02 15:20:28.923,2297168379,612923,1,0.79688,-0.04688,0.52539,-3.305,-0.389,0.42,ergonomis
2026-06-02 15:20:28.923,2297168379,612923,2,0.9104,0.19336,0.73438,-1.038,,2.107,ergonomis
2026-06-02 15:20:29.123,2297168579,613123,1,0.79102,-0.04175,0.52441,-2.198,-0.183,0.809,ergonomis
2026-06-02 15:20:29.123,2297168579,613123,2,0.90503,0.18555,0.72656,-0.351,0.557,1.863,ergonomis
2026-06-02 15:20:29.323,2297168779,613323,1,0.79761,-0.05225,0.51807,-2.931,-0.832,0.13,ergonomis
2026-06-02 15:20:29.323,2297168779,613323,2,0.9082,0.18628,0.72656,-1.611,-0.672,2.282,ergonomis
2026-06-02 15:20:29.523,2297168979,613523,1,0.79858,-0.05493,0.52197,-3.237,-2.168,0.832,ergonomis
2026-06-02 15:20:29.523,2297168979,613523,2,0.9043,0.1875,0.72241,-3.122,-1.435,2.473,ergonomis
2026-06-02 15:20:29.723,2297169179,613723,1,0.80396,-0.06519,0.50732,-5.183,-2.115,-1.191,ergonomis
2026-06-02 15:20:29.723,2297169179,613723,2,0.9104,0.15747,0.71411,-2.641,-1.824,2.458,ergonomis
2026-06-02 15:20:29.923,2297169379,613923,1,0.8042,-0.06567,0.51709,-4.84,-8.053,0.618,ergonomis
2026-06-02 15:20:29.923,2297169379,613923,2,0.92603,0.19141,0.68115,1.13,-6.641,2.29,ergonomis
2026-06-02 15:20:30.123,2297169579,614123,1,0.81909,-0.07349,0.48682,-11.885,-5.763,-5.45,ergonomis
2026-06-02 15:20:30.123,2297169579,614123,2,0.90112,0.14185,0.64966,-12.153,-7.305,1.107,ergonomis
2026-06-02 15:20:30.323,2297169779,614323,1,0.82007,-0.13501,0.46484,-16.603,-4.107,9.221,ergonomis
2026-06-02 15:20:30.323,2297169779,614323,2,0.9397,0.14258,0.6665,23.71,8.351,13.527,ergonomis
2026-06-02 15:20:30.523,2297169979,614523,1,0.69141,-0.10815,0.25293,-30.618,10.13,1.855,ergonomis
2026-06-02 15:20:30.523,2297169979,614523,2,1.04688,0.07153,0.36035,-42.229,-23.344,-19.336,ergonomis
2026-06-02 15:20:30.723,2297170179,614723,1,0.87036,-0.18555,0.42334,-7.29,4.13,-2.252,ergonomis
2026-06-02 15:20:30.723,2297170179,614723,2,0.94214,0.06738,0.69067,-25.55,-4.649,-2.962,ergonomis
2026-06-02 15:20:30.923,2297170379,614923,1,0.90454,-0.15601,0.4187,3.321,13.916,-0.664,ergonomis
2026-06-02 15:20:30.923,2297170379,614923,2,0.71167,-0.02539,0.43555,5.809,33.71,-6.412,ergonomis
2026-06-02 15:20:31.123,2297170579,615123,1,0.86157,-0.14111,0.45093,6.962,9.809,6.779,ergonomis
2026-06-02 15:20:31.123,2297170579,615123,2,0.93579,0.04834,0.70313,-63.099,-7.901,-11.71,ergonomis
2026-06-02 15:20:31.323,2297170779,615323,1,0.79761,-0.16309,0.52344,8.42,14.221,-3.595,ergonomis
2026-06-02 15:20:31.323,2297170779,615323,2,0.92944,0.12305,0.70215,21.763,11.977,1.183,ergonomis
2026-06-02 15:20:31.523,2297170979,615523,1,0.771,-0.09448,0.52954,10.71,8.603,1.802,ergonomis
2026-06-02 15:20:31.523,2297170979,615523,2,0.89868,0.18652,0.75684,-2.763,5.282,-3.366,ergonomis
2026-06-02 15:20:31.723,2297171179,615723,1,0.74487,-0.06055,0.55933,-0.45,6.366,-1.847,ergonomis
2026-06-02 15:20:31.723,2297171179,615723,2,0.89917,0.17163,0.73706,-0.13,6.031,0.252,ergonomis
2026-06-02 15:20:31.923,2297171379,615923,1,0.75439,-0.06763,0.56348,-2.214,5.687,1.382,ergonomis
2026-06-02 15:20:31.923,2297171379,615923,2,0.89233,0.19263,0.76001,-0.992,4.832,4.382,ergonomis
2026-06-02 15:20:32.123,2297171579,616123,1,0.72388,-0.09424,0.57471,-1.542,3.191,0.695,ergonomis
2026-06-02 15:20:32.123,2297171579,616123,2,0.88989,0.16479,0.77515,-3.504,1.443,0.687,ergonomis
2026-06-02 15:20:32.323,2297171779,616323,1,0.74292,-0.08325,0.56738,-3.176,-1.786,1.115,ergonomis
2026-06-02 15:20:32.323,2297171779,616323,2,0.88086,0.17236,0.76587,0.977,0.74,1.527,ergonomis
2026-06-02 15:20:32.523,2297171979,616523,1,0.74512,-0.06494,0.58179,-0.008,-0.359,2.427,ergonomis
2026-06-02 15:20:32.523,2297171979,616523,2,0.88452,0.1626,0.78516,0.031,-0.779,2.519,ergonomis
2026-06-02 15:20:32.723,2297172179,616723,1,0.75415,-0.09741,0.55908,-4.092,-2.939,0.076,ergonomis
2026-06-02 15:20:32.723,2297172179,616723,2,0.88232,0.15576,0.77832,0.397,-0.962,2.046,ergonomis
2026-06-02 15:20:32.923,2297172379,616923,1,0.76245,-0.09106,0.5686,-1.916,-5.176,1.061,ergonomis
2026-06-02 15:20:32.923,2297172379,616923,2,0.89941,0.16821,0.76099,0.031,-1.908,1.824,ergonomis
2026-06-02 15:20:33.123,2297172579,617123,1,0.77637,-0.08813,0.53247,-4.641,-1.557,,ergonomis
2026-06-02 15:20:33.123,2297172579,617123,2,0.89233,0.1543,0.75928,0.832,0.969,1.901,ergonomis
2026-06-02 15:20:33.323,2297172779,617323,1,0.78101,-0.10962,0.53735,0.069,1.702,0.031,ergonomis
2026-06-02 15:20:33.323,2297172779,617323,2,0.89429,0.16309,0.78076,-0.855,2.817,0.076,ergonomis
2026-06-02 15:20:33.523,2297172979,617523,1,0.7561,-0.09009,0.5542,-4.443,2.786,-0.885,ergonomis
2026-06-02 15:20:33.523,2297172979,617523,2,0.88599,0.17285,0.78442,-4.763,2.092,1.153,ergonomis
2026-06-02 15:20:33.723,2297173179,617723,1,0.74658,-0.10303,0.56226,-4.321,2.473,-1.176,ergonomis
2026-06-02 15:20:33.723,2297173179,617723,2,0.89502,0.15771,0.76074,-4.275,0.702,1.458,ergonomis
2026-06-02 15:20:33.923,2297173379,617923,1,0.7478,-0.1145,0.58276,-15.962,3.145,-5.901,ergonomis
2026-06-02 15:20:33.923,2297173379,617923,2,0.88867,0.15771,0.77417,-19.282,-3.534,2.779,ergonomis
2026-06-02 15:20:34.123,2297173579,618123,1,0.76123,-0.17529,0.55322,-11.13,4.313,-10.412,ergonomis
2026-06-02 15:20:34.123,2297173579,618123,2,0.90991,0.09058,0.78516,-6.511,2.496,2.061,ergonomis
2026-06-02 15:20:34.323,2297173779,618323,1,0.71509,-0.15503,0.56519,4.924,4.618,2.366,ergonomis
2026-06-02 15:20:34.323,2297173779,618323,2,0.91382,0.11743,0.69653,2.382,3.038,-1.695,ergonomis
2026-06-02 15:20:34.523,2297173979,618523,1,0.73828,-0.11035,0.56616,4.053,-1.481,1.443,ergonomis
2026-06-02 15:20:34.523,2297173979,618523,2,0.89673,0.13452,0.76392,-1.695,-0.588,-1.84,ergonomis
2026-06-02 15:20:34.723,2297174179,618723,1,0.74951,-0.09253,0.57813,4.931,-0.229,1.84,ergonomis
2026-06-02 15:20:34.723,2297174179,618723,2,0.89893,0.1499,0.75757,0.901,1.847,0.519,ergonomis
2026-06-02 15:20:34.923,2297174379,618923,1,0.7583,-0.0918,0.55762,4.641,2.0,-1.557,ergonomis
2026-06-02 15:20:34.923,2297174379,618923,2,0.9082,0.13184,0.75952,1.351,2.542,-0.687,ergonomis
2026-06-02 15:20:35.123,2297174579,619123,1,0.72461,-0.07886,0.60254,0.847,-5.29,4.832,ergonomis
2026-06-02 15:20:35.123,2297174579,619123,2,0.87036,0.17163,0.76709,5.45,-1.473,1.336,ergonomis
2026-06-02 15:20:35.492,2297174948,619492,1,0.76611,-0.11279,0.55762,-0.489,-4.107,0.603,ergonomis
2026-06-02 15:20:35.492,2297174948,619492,2,0.91479,0.13745,0.77539,6.916,0.466,1.618,ergonomis
2026-06-02 15:20:35.692,2297175148,619692,1,0.77246,-0.08423,0.54248,-0.183,-1.015,1.527,ergonomis
2026-06-02 15:20:35.692,2297175148,619692,2,0.89453,0.17944,0.76001,-6.87,-0.893,-0.588,ergonomis
2026-06-02 15:20:35.892,2297175348,619892,1,0.77344,-0.09937,0.54248,3.069,1.29,1.855,ergonomis
2026-06-02 15:20:35.892,2297175348,619892,2,0.91504,0.16309,0.74292,1.084,1.885,0.466,ergonomis
2026-06-02 15:20:36.092,2297175548,620092,1,0.7876,-0.0769,0.52563,-2.893,2.618,-2.763,ergonomis
2026-06-02 15:20:36.092,2297175548,620092,2,0.91162,0.1626,0.75024,-6.473,3.176,1.046,ergonomis
2026-06-02 15:20:36.292,2297175748,620292,1,0.77026,-0.07666,0.55493,-3.45,-5.901,1.16,ergonomis
2026-06-02 15:20:36.292,2297175748,620292,2,0.93091,0.16211,0.7207,5.183,2.779,2.344,ergonomis
2026-06-02 15:20:36.550,2297176006,620550,1,0.78735,-0.07349,0.53467,0.595,-2.427,-1.832,ergonomis
2026-06-02 15:20:36.550,2297176006,620550,2,0.89722,0.15015,0.72559,-0.565,-3.725,2.511,ergonomis
2026-06-02 15:20:36.750,2297176206,620750,1,0.88818,-0.07495,0.50024,-2.496,0.733,1.55,ergonomis
2026-06-02 15:20:36.750,2297176206,620750,2,0.95386,0.15063,0.71655,7.802,11.527,3.397,ergonomis
2026-06-02 15:20:36.950,2297176406,620950,1,0.77832,-0.07861,0.51855,-3.557,5.412,0.42,ergonomis
2026-06-02 15:20:36.950,2297176406,620950,2,0.91138,0.14209,0.71606,-12.664,1.992,0.015,ergonomis
2026-06-02 15:20:37.150,2297176606,621150,1,0.76685,-0.09497,0.54175,-3.756,0.435,1.573,ergonomis
2026-06-02 15:20:37.150,2297176606,621150,2,0.92969,0.14063,0.69824,0.595,0.733,2.885,ergonomis
2026-06-02 15:20:37.350,2297176806,621350,1,0.77173,-0.06226,0.53809,-31.618,-7.092,-19.626,ergonomis
2026-06-02 15:20:37.350,2297176806,621350,2,0.88672,0.05762,0.7583,-26.046,-11.0,2.321,ergonomis
2026-06-02 15:20:37.550,2297177006,621550,1,0.79956,-0.16895,0.52393,3.733,-8.13,5.863,ergonomis
2026-06-02 15:20:37.550,2297177006,621550,2,0.90747,0.11816,0.72998,7.466,-0.733,-0.26,ergonomis
2026-06-02 15:20:37.750,2297177206,621750,1,0.82471,-0.10596,0.4917,7.626,-0.038,-0.183,ergonomis
2026-06-02 15:20:37.750,2297177206,621750,2,0.91675,0.13403,0.70288,0.939,1.527,-1.389,ergonomis
2026-06-02 15:20:37.957,2297177413,621957,1,0.77881,-0.09058,0.54443,3.405,2.099,3.252,ergonomis
2026-06-02 15:20:37.957,2297177413,621957,2,0.91821,0.17969,0.73633,9.763,1.275,4.656,ergonomis
2026-06-02 15:20:38.157,2297177613,622157,1,0.81738,-0.08936,0.49487,0.366,2.489,5.015,ergonomis
2026-06-02 15:20:38.157,2297177613,622157,2,0.91577,0.14307,0.7041,-7.084,1.802,6.145,ergonomis
2026-06-02 15:20:38.418,2297177874,622418,1,0.79712,-0.1228,0.49902,-5.42,3.29,0.687,ergonomis
2026-06-02 15:20:38.418,2297177874,622418,2,0.9209,0.10669,0.69043,-6.916,1.847,5.305,ergonomis
2026-06-02 15:20:38.618,2297178074,622618,1,0.83081,-0.13208,0.4856,-0.527,6.305,5.832,ergonomis
2026-06-02 15:20:38.618,2297178074,622618,2,0.94263,0.09985,0.69189,-8.153,5.901,3.382,ergonomis
2026-06-02 15:20:38.818,2297178274,622818,1,0.77905,-0.146,0.52637,0.824,10.626,7.389,ergonomis
2026-06-02 15:20:38.818,2297178274,622818,2,0.88232,0.09839,0.66968,-6.321,-1.092,-0.847,ergonomis
2026-06-02 15:20:38.018,2297177474,623018,1,0.81836,-0.15186,0.49829,2.649,0.809,4.313,ergonomis
2026-06-02 15:20:38.018,2297177474,623018,2,0.89331,0.11133,0.74829,0.305,5.382,-0.397,ergonomis
2026-06-02 15:20:39.218,2297178674,623218,1,0.7644,-0.14185,0.57129,-2.0,2.985,-0.015,ergonomis
2026-06-02 15:20:39.218,2297178674,623218,2,0.92188,0.08716,0.74756,-2.374,4.626,0.382,ergonomis
2026-06-02 15:20:39.418,2297178874,623418,1,0.76172,-0.14771,0.55737,-7.168,-2.344,-0.771,ergonomis
2026-06-02 15:20:39.418,2297178874,623418,2,0.89941,0.10791,0.75342,-3.954,-0.023,2.695,ergonomis
2026-06-02 15:20:39.618,2297179074,623618,1,0.7915,-0.16089,0.56128,-9.817,0.427,-6.878,ergonomis
2026-06-02 15:20:39.618,2297179074,623618,2,0.89551,0.09644,0.78125,-2.992,3.427,0.275,ergonomis
2026-06-02 15:20:39.818,2297179274,623818,1,0.7644,-0.15332,0.5647,-7.336,9.481,-6.87,ergonomis
2026-06-02 15:20:39.818,2297179274,623818,2,0.89355,0.09741,0.76758,-7.603,4.427,-0.382,ergonomis
2026-06-02 15:20:39.018,2297178474,624018,1,0.72241,-0.177,0.56543,0.137,1.87,-1.458,ergonomis
2026-06-02 15:20:39.018,2297178474,624018,2,0.88525,0.10132,0.78003,2.061,1.229,-1.55,ergonomis
2026-06-02 15:20:40.218,2297179674,624218,1,0.7395,-0.13086,0.58325,1.664,-3.13,-2.046,ergonomis
2026-06-02 15:20:40.218,2297179674,624218,2,0.89258,0.10791,0.79468,5.855,-0.191,-1.779,ergonomis
2026-06-02 15:20:40.418,2297179874,624418,1,0.74438,-0.12256,0.55981,2.015,0.534,-0.359,ergonomis
2026-06-02 15:20:40.418,2297179874,624418,2,0.88159,0.12744,0.82617,-5.45,2.779,-0.74,ergonomis
2026-06-02 15:20:40.618,2297180074,624618,1,0.63208,-0.1604,0.67188,-12.244,3.969,7.351,ergonomis
2026-06-02 15:20:40.618,2297180074,624618,2,0.8689,0.13525,0.82031,-3.634,-1.053,7.969,ergonomis
2026-06-02 15:20:40.818,2297180274,624818,1,0.72192,-0.19727,0.57153,-7.137,-1.557,-6.847,ergonomis
2026-06-02 15:20:40.818,2297180274,624818,2,0.90576,0.08667,0.76831,-0.87,-7.267,4.237,ergonomis
2026-06-02 15:20:40.018,2297179474,625018,1,0.77197,-0.146,0.55005,2.527,-2.496,-3.366,ergonomis
2026-06-02 15:20:40.018,2297179474,625018,2,0.92725,0.09717,0.70044,-0.687,-1.45,7.634,ergonomis
2026-06-02 15:20:41.218,2297180674,625218,1,0.77173,-0.15674,0.54028,4.321,6.0,-12.053,ergonomis
2026-06-02 15:20:41.218,2297180674,625218,2,0.88574,0.01953,0.75903,-1.16,6.092,-0.122,ergonomis
2026-06-02 15:20:41.418,2297180874,625418,1,0.79907,-0.1062,0.56763,7.031,-15.267,-2.847,ergonomis
2026-06-02 15:20:41.418,2297180874,625418,2,0.9873,0.07129,0.7229,6.244,-10.237,-0.008,ergonomis
2026-06-02 15:20:41.618,2297181074,625618,1,0.79663,-0.06836,0.51025,7.969,0.29,5.305,ergonomis
2026-06-02 15:20:41.618,2297181074,625618,2,0.93896,0.12158,0.70459,1.534,0.191,-0.695,ergonomis
2026-06-02 15:20:41.818,2297181274,625818,1,0.78931,-0.08594,0.52441,-0.832,0.305,1.298,ergonomis
2026-06-02 15:20:41.818,2297181274,625818,2,0.91504,0.11353,0.68506,1.298,3.725,-0.145,ergonomis
2026-06-02 15:20:41.018,2297180474,626018,1,0.79004,-0.1106,0.5332,1.634,1.55,-0.13,ergonomis
2026-06-02 15:20:41.018,2297180474,626018,2,0.91309,0.11206,0.72778,5.221,6.198,-2.221,ergonomis
2026-06-02 15:20:42.218,2297181674,626218,1,0.74756,-0.05957,0.5686,4.298,-0.282,2.786,ergonomis
2026-06-02 15:20:42.218,2297181674,626218,2,0.89917,0.15283,0.72461,2.298,0.718,-1.679,ergonomis
2026-06-02 15:20:42.418,2297181874,626418,1,0.89746,0.02734,0.46143,-5.13,-4.237,0.74,ergonomis
2026-06-02 15:20:42.418,2297181874,626418,2,0.92383,0.17261,0.74683,9.435,12.527,17.969,ergonomis
2026-06-02 15:20:42.618,2297182074,626618,1,0.7749,-0.08716,0.53394,-17.542,-5.16,-37.985,ergonomis
2026-06-02 15:20:42.618,2297182074,626618,2,0.91016,-0.00537,0.77686,10.969,7.038,3.687,ergonomis
2026-06-02 15:20:42.818,2297182274,626818,1,0.81274,-0.07764,0.53711,1.947,2.55,10.458,ergonomis
2026-06-02 15:20:42.818,2297182274,626818,2,0.90552,0.14063,0.73145,1.382,6.099,-1.573,ergonomis
2026-06-02 15:20:42.018,2297181474,627018,1,0.77026,-0.09473,0.54468,0.916,8.473,3.26,ergonomis
2026-06-02 15:20:42.018,2297181474,627018,2,0.89111,0.13013,0.76489,-3.771,5.351,-0.794,ergonomis
2026-06-02 15:20:43.218,2297182674,627218,1,0.75537,-0.08569,0.57617,0.244,6.466,3.099,ergonomis
2026-06-02 15:20:43.218,2297182674,627218,2,0.87646,0.14844,0.78418,-1.573,5.603,-0.221,ergonomis
2026-06-02 15:20:43.418,2297182874,627418,1,0.74854,-0.09766,0.57642,-2.092,0.26,-0.298,ergonomis
2026-06-02 15:20:43.418,2297182874,627418,2,0.89453,0.11401,0.771,-0.969,-1.679,1.954,ergonomis
2026-06-02 15:20:43.618,2297183074,627618,1,0.74658,-0.09082,0.5647,-2.099,-2.519,-2.282,ergonomis
2026-06-02 15:20:43.618,2297183074,627618,2,0.90967,0.11401,0.77808,3.702,0.931,2.42,ergonomis
2026-06-02 15:20:43.818,2297183274,627818,1,0.7439,-0.07837,0.5603,-0.221,0.359,3.122,ergonomis
2026-06-02 15:20:43.818,2297183274,627818,2,0.90259,0.13794,0.76074,-5.168,-3.176,-0.702,ergonomis
2026-06-02 15:20:43.018,2297182474,628018,1,0.75781,-0.09546,0.56006,0.496,-1.153,3.595,ergonomis
2026-06-02 15:20:43.018,2297182474,628018,2,0.89136,0.14771,0.7417,-2.26,-1.107,-1.359,ergonomis
2026-06-02 15:20:44.218,2297183674,628218,1,0.77026,-0.09131,0.53369,-1.427,-3.901,0.733,ergonomis
2026-06-02 15:20:44.218,2297183674,628218,2,0.89795,0.16748,0.75586,1.809,0.344,1.863,ergonomis
2026-06-02 15:20:44.418,2297183874,628418,1,0.78857,-0.08618,0.55176,-2.641,-1.702,-3.908,ergonomis
2026-06-02 15:20:44.418,2297183874,628418,2,0.91479,0.09814,0.7417,0.359,-0.099,5.389,ergonomis
2026-06-02 15:20:44.618,2297184074,628618,1,0.75488,-0.08447,0.55713,-1.74,1.076,1.557,ergonomis
2026-06-02 15:20:44.618,2297184074,628618,2,0.91357,0.12866,0.74048,3.031,3.267,2.061,ergonomis
2026-06-02 15:20:44.852,2297184308,628852,1,0.75732,-0.08398,0.55981,-2.092,1.321,1.664,ergonomis
2026-06-02 15:20:44.852,2297184308,628852,2,0.91479,0.12769,0.74707,3.962,3.16,1.893,ergonomis
2026-06-02 15:20:45.052,2297184508,629052,1,0.77466,-0.09863,0.54297,0.115,1.901,5.107,ergonomis
2026-06-02 15:20:45.052,2297184508,629052,2,0.89331,0.15625,0.73682,-7.603,-0.84,-1.45,ergonomis
2026-06-02 15:20:45.252,2297184708,629252,1,0.77588,-0.10254,0.53638,-0.664,1.817,-0.931,ergonomis
2026-06-02 15:20:45.252,2297184708,629252,2,0.90503,0.16504,0.74976,-2.252,1.786,-0.985,ergonomis
2026-06-02 15:20:45.452,2297184908,629452,1,0.76123,-0.09424,0.5603,-2.511,-0.58,-2.351,ergonomis
2026-06-02 15:20:45.452,2297184908,629452,2,0.89819,0.11792,0.77173,-0.214,0.389,4.145,ergonomis
2026-06-02 15:20:45.652,2297185108,629652,1,0.74243,-0.09253,0.57349,-3.519,0.985,-4.443,ergonomis
2026-06-02 15:20:45.652,2297185108,629652,2,0.896,0.10449,0.78271,-0.198,0.076,4.244,ergonomis
2026-06-02 15:20:45.852,2297185308,629852,1,0.7522,-0.08203,0.57129,-0.405,2.84,3.046,ergonomis
2026-06-02 15:20:45.852,2297185308,629852,2,0.88916,0.15601,0.75024,-6.824,0.176,-1.305,ergonomis
2026-06-02 15:20:46.052,2297185508,630052,1,0.77075,-0.09448,0.5647,-2.718,1.84,3.695,ergonomis
2026-06-02 15:20:46.052,2297185508,630052,2,0.88525,0.16504,0.77051,-7.153,-0.351,-1.328,ergonomis
2026-06-02 15:20:46.252,2297185708,630252,1,0.76196,-0.09741,0.56714,0.206,-1.198,-0.473,ergonomis
2026-06-02 15:20:46.252,2297185708,630252,2,0.88989,0.15649,0.79468,5.298,1.931,1.885,ergonomis
2026-06-02 15:20:46.452,2297185908,630452,1,0.78198,-0.11841,0.54956,-1.786,-0.969,-9.908,ergonomis
2026-06-02 15:20:46.452,2297185908,630452,2,0.88232,0.18457,0.7356,2.74,3.29,-2.206,ergonomis
2026-06-02 15:20:46.743,2297186199,630742,1,0.75366,-0.06055,0.58423,-2.382,-0.809,-1.023,ergonomis
2026-06-02 15:20:46.743,2297186199,630742,2,0.89087,0.1748,0.77441,-5.931,1.16,0.389,ergonomis
2026-06-02 15:20:46.976,2297186432,630976,1,0.75903,-0.06274,0.5686,-4.954,-3.099,-3.939,ergonomis
2026-06-02 15:20:46.976,2297186432,630976,2,0.90112,0.14014,0.77393,0.153,-1.824,6.374,ergonomis
2026-06-02 15:20:47.176,2297186632,631176,1,0.74561,-0.07837,0.57031,-8.779,0.16,-7.511,ergonomis
2026-06-02 15:20:47.176,2297186632,631176,2,0.92432,0.09473,0.75,8.634,3.725,4.771,ergonomis
2026-06-02 15:20:47.376,2297186832,631376,1,0.75024,-0.08374,0.55566,2.489,1.534,4.313,ergonomis
2026-06-02 15:20:47.376,2297186832,631376,2,0.91504,0.14575,0.74829,0.901,1.427,-1.527,ergonomis
2026-06-02 15:20:47.576,2297187032,631576,1,0.76123,-0.08423,0.54712,2.313,0.718,5.824,ergonomis
2026-06-02 15:20:47.576,2297187032,631576,2,0.89233,0.20483,0.76733,0.779,1.763,-2.58,ergonomis
2026-06-02 15:20:47.776,2297187232,631776,1,0.7644,-0.06543,0.55347,0.16,-2.267,-2.359,ergonomis
2026-06-02 15:20:47.776,2297187232,631776,2,0.89331,0.18066,0.75195,-8.389,-1.275,-2.71,ergonomis
2026-06-02 15:20:48.048,2297187504,632048,1,0.76831,-0.06226,0.54639,-1.618,-0.634,-0.382,ergonomis
2026-06-02 15:20:48.048,2297187504,632048,2,0.90112,0.19043,0.77661,1.794,2.55,2.122,ergonomis
2026-06-02 15:20:48.248,2297187704,632248,1,0.75928,-0.07764,0.56665,-2.969,-0.573,-5.26,ergonomis
2026-06-02 15:20:48.248,2297187704,632248,2,0.90161,0.12598,0.77686,-0.29,0.084,5.412,ergonomis
2026-06-02 15:20:48.448,2297187904,632448,1,0.74341,-0.06177,0.57739,-3.756,-0.397,-1.71,ergonomis
2026-06-02 15:20:48.448,2297187904,632448,2,0.90771,0.15503,0.74634,-0.084,1.908,0.26,ergonomis
2026-06-02 15:20:48.648,2297188104,632648,1,0.76294,-0.07666,0.56885,-0.962,0.382,3.954,ergonomis
2026-06-02 15:20:48.648,2297188104,632648,2,0.88403,0.17407,0.72681,-7.87,-2.832,-0.901,ergonomis
2026-06-02 15:20:48.870,2297188326,632870,1,0.76489,-0.07788,0.55615,-3.687,-2.023,9.305,ergonomis
2026-06-02 15:20:48.870,2297188326,632870,2,0.87134,0.2019,0.72754,-8.756,-2.893,3.565,ergonomis
2026-06-02 15:20:49.070,2297188526,633070,1,0.80127,-0.15454,0.52539,-15.412,-6.702,-6.87,ergonomis
2026-06-02 15:20:49.070,2297188526,633070,2,0.93042,0.08765,0.74463,-2.763,-0.481,2.87,ergonomis
2026-06-02 15:20:49.270,2297188726,633270,1,0.79224,-0.09692,0.5498,-6.603,-0.221,-3.405,ergonomis
2026-06-02 15:20:49.270,2297188726,633270,2,0.92261,0.1123,0.74561,-4.336,0.137,5.305,ergonomis
2026-06-02 15:20:49.470,2297188926,633470,1,0.76001,-0.15015,0.52856,-19.366,-6.29,1.214,ergonomis
2026-06-02 15:20:49.470,2297188926,633470,2,0.93213,0.07397,0.72021,0.42,-4.16,5.947,ergonomis
2026-06-02 15:20:49.670,2297189126,633670,1,0.78979,-0.21729,0.49927,-6.679,-5.511,5.076,ergonomis
2026-06-02 15:20:49.670,2297189126,633670,2,0.92163,0.09424,0.70776,-10.061,-6.45,1.885,ergonomis
2026-06-02 15:20:49.870,2297189326,633870,1,0.79907,-0.21069,0.4873,-0.595,-8.74,3.603,ergonomis
2026-06-02 15:20:49.870,2297189326,633870,2,0.91968,0.08936,0.68237,-3.008,-6.687,0.618,ergonomis
2026-06-02 15:20:50.081,2297189537,634081,1,0.85498,-0.21118,0.44214,-6.313,-10.145,4.389,ergonomis
2026-06-02 15:20:50.081,2297189537,634081,2,0.93555,0.07544,0.63623,-4.435,-7.29,4.496,ergonomis
2026-06-02 15:20:50.287,2297189743,634287,1,0.8645,-0.24194,0.42261,-8.374,-3.679,-1.573,ergonomis
2026-06-02 15:20:50.287,2297189743,634287,2,0.95435,0.03052,0.64282,-2.046,-1.038,6.45,ergonomis
2026-06-02 15:20:50.487,2297189943,634487,1,0.84033,-0.26025,0.42285,-4.573,1.023,1.748,ergonomis
2026-06-02 15:20:50.487,2297189943,634487,2,0.94116,0.02563,0.57349,-5.214,-0.679,-1.107,ergonomis
2026-06-02 15:20:50.701,2297190157,634700,1,0.88013,-0.24878,0.40381,2.466,-5.756,-6.611,ergonomis
2026-06-02 15:20:50.701,2297190157,634700,2,0.94507,0.06567,0.60156,12.588,1.504,-4.588,ergonomis
2026-06-02 15:20:50.917,2297190373,634916,1,0.8772,-0.18188,0.40869,10.313,-2.145,-3.412,ergonomis
2026-06-02 15:20:50.917,2297190373,634916,2,0.94092,0.07544,0.60693,25.786,6.389,2.267,ergonomis
2026-06-02 15:20:51.186,2297190642,635185,1,0.87573,-0.13672,0.41528,7.908,-6.947,-6.679,ergonomis
2026-06-02 15:20:51.186,2297190642,635185,2,0.94751,0.13477,0.58374,-6.756,-7.466,-4.962,ergonomis
2026-06-02 15:20:51.506,2297190962,635505,1,0.90649,-0.10986,0.39331,-4.336,3.069,-6.336,ergonomis
2026-06-02 15:20:51.506,2297190962,635505,2,0.94971,0.10645,0.57471,-6.153,0.153,-4.496,ergonomis
2026-06-02 15:20:51.705,2297191161,635705,1,0.91455,-0.07813,0.3811,5.069,13.664,2.519,ergonomis
2026-06-02 15:20:51.705,2297191161,635705,2,0.94971,0.146,0.5813,9.038,10.878,-2.244,ergonomis
2026-06-02 15:20:51.905,2297191361,635905,1,0.85254,-0.06323,0.45166,7.634,15.282,8.305,ergonomis
2026-06-02 15:20:51.905,2297191361,635905,2,0.92993,0.17163,0.64526,-2.115,13.893,-1.16,ergonomis
2026-06-02 15:20:52.105,2297191561,636105,1,0.82178,-0.05933,0.45386,2.229,11.489,0.061,ergonomis
2026-06-02 15:20:52.105,2297191561,636105,2,0.93628,0.17676,0.7002,3.359,12.099,-0.183,ergonomis
2026-06-02 15:20:52.305,2297191761,636305,1,0.80298,-0.0481,0.52979,-6.779,6.611,-3.832,ergonomis
2026-06-02 15:20:52.305,2297191761,636305,2,0.92554,0.18896,0.68799,-12.748,2.473,0.885,ergonomis
2026-06-02 15:20:52.505,2297191961,636505,1,0.82056,-0.04492,0.49048,-5.74,10.183,-1.809,ergonomis
2026-06-02 15:20:52.505,2297191961,636505,2,0.90112,0.13623,0.71777,4.626,6.534,2.13,ergonomis
2026-06-02 15:20:52.705,2297192161,636705,1,0.78174,-0.05615,0.54663,-2.847,4.206,1.351,ergonomis
2026-06-02 15:20:52.705,2297192161,636705,2,0.90991,0.16724,0.73682,-4.519,2.649,1.855,ergonomis
2026-06-02 15:20:52.905,2297192361,636905,1,0.76782,-0.09717,0.56567,-3.107,2.626,2.489,ergonomis
2026-06-02 15:20:52.905,2297192361,636905,2,0.927,0.14917,0.72485,4.718,7.229,2.878,ergonomis
2026-06-02 15:20:53.165,2297192621,637165,1,0.75928,-0.09814,0.55029,-0.969,1.504,1.656,ergonomis
2026-06-02 15:20:53.165,2297192621,637165,2,0.88306,0.15356,0.7439,-12.672,-1.924,-2.344,ergonomis
2026-06-02 15:20:53.365,2297192821,637365,1,0.75781,-0.08813,0.56543,-0.405,0.504,-2.794,ergonomis
2026-06-02 15:20:53.365,2297192821,637365,2,0.90039,0.15723,0.76733,-2.435,0.008,0.649,ergonomis
2026-06-02 15:20:53.565,2297193021,637565,1,0.76025,-0.08374,0.55786,-8.603,-0.412,-5.901,ergonomis
2026-06-02 15:20:53.565,2297193021,637565,2,0.93018,0.13989,0.75732,-0.809,-1.16,3.16,ergonomis
2026-06-02 15:20:53.765,2297193221,637765,1,0.77246,-0.11011,0.53833,-5.214,1.626,0.786,ergonomis
2026-06-02 15:20:53.765,2297193221,637765,2,0.91235,0.12866,0.79663,-1.588,0.557,1.885,ergonomis
2026-06-02 15:20:53.010,2297192466,638010,1,0.70361,-0.11621,0.59863,-1.359,2.878,-0.695,ergonomis
2026-06-02 15:20:53.010,2297192466,638010,2,0.896,0.15723,0.75146,1.137,-1.977,1.176,ergonomis
2026-06-02 15:20:54.210,2297193666,638210,1,0.729,-0.05835,0.5769,-18.733,-2.595,-9.756,ergonomis
2026-06-02 15:20:54.210,2297193666,638210,2,0.9187,0.11987,0.74292,-12.733,-5.176,3.45,ergonomis
2026-06-02 15:20:54.410,2297193866,638410,1,0.76318,-0.14551,0.54639,1.702,-5.611,4.672,ergonomis
2026-06-02 15:20:54.410,2297193866,638410,2,0.91724,0.11963,0.69653,-5.718,-6.893,-2.305,ergonomis
2026-06-02 15:20:54.629,2297194085,638629,1,0.80493,-0.13135,0.54517,1.901,-4.244,-1.336,ergonomis
2026-06-02 15:20:54.629,2297194085,638629,2,0.89014,0.13867,0.70117,7.542,3.542,-0.916,ergonomis
2026-06-02 15:20:54.829,2297194285,638829,1,0.75342,-0.10083,0.55127,8.855,3.542,3.603,ergonomis
2026-06-02 15:20:54.829,2297194285,638829,2,0.92896,0.14014,0.69995,4.542,0.29,-0.496,ergonomis
2026-06-02 15:20:55.029,2297194485,639029,1,0.76953,-0.08838,0.53809,0.046,0.168,4.076,ergonomis
2026-06-02 15:20:55.029,2297194485,639029,2,0.94653,0.18018,0.72461,4.206,2.863,3.252,ergonomis
2026-06-02 15:20:55.229,2297194685,639229,1,0.71826,-0.13086,0.60596,6.771,1.733,8.321,ergonomis
2026-06-02 15:20:55.229,2297194685,639229,2,0.85864,0.15625,0.70435,5.672,5.458,-0.847,ergonomis
2026-06-02 15:20:55.429,2297194885,639429,1,0.73145,-0.08594,0.5918,13.382,-7.992,10.916,ergonomis
2026-06-02 15:20:55.429,2297194885,639429,2,0.84424,0.2251,0.66895,8.756,-9.611,9.16,ergonomis
2026-06-02 15:20:55.629,2297195085,639629,1,0.79199,-0.02197,0.53394,-18.221,-17.87,-1.176,ergonomis
2026-06-02 15:20:55.629,2297195085,639629,2,0.93359,0.16772,0.63599,-2.076,-9.618,12.519,ergonomis
2026-06-02 15:20:55.829,2297195285,639829,1,0.77295,-0.09497,0.42749,-13.153,-7.847,-6.687,ergonomis
2026-06-02 15:20:55.829,2297195285,639829,2,0.87915,0.12231,0.56323,-17.855,-22.122,15.672,ergonomis
2026-06-02 15:20:56.029,2297195485,640029,1,0.98315,-0.1792,0.36035,-17.221,-4.588,-1.954,ergonomis
2026-06-02 15:20:56.029,2297195485,640029,2,0.89502,0.08447,0.49731,-5.656,-0.863,12.924,ergonomis
2026-06-02 15:20:56.229,2297195685,640229,1,0.91846,-0.25,0.40405,-12.626,-2.885,-9.58,ergonomis
2026-06-02 15:20:56.229,2297195685,640229,2,0.99219,0.02295,0.552,1.321,6.16,6.038,ergonomis
2026-06-02 15:20:56.559,2297196015,640559,1,0.9082,-0.23145,0.3623,0.595,12.397,7.687,ergonomis
2026-06-02 15:20:56.559,2297196015,640559,2,1.10742,0.06348,0.49219,-11.473,-25.954,4.344,ergonomis
2026-06-02 15:20:56.812,2297196268,640811,1,0.82495,-0.16577,0.5061,-29.87,12.344,-15.183,ergonomis
2026-06-02 15:20:56.812,2297196268,640811,2,0.94727,0.02856,0.54321,-33.031,9.099,-7.176,ergonomis
2026-06-02 15:20:56.011,2297195467,641011,1,0.82544,-0.22852,0.47046,-7.672,4.695,-0.405,ergonomis
2026-06-02 15:20:56.011,2297195467,641011,2,0.93457,-0.03052,0.56641,-15.137,-4.168,-9.206,ergonomis
2026-06-02 15:20:57.211,2297196667,641211,1,0.86182,-0.19165,0.44067,0.145,9.672,-7.527,ergonomis
2026-06-02 15:20:57.211,2297196667,641211,2,0.94604,0.1394,0.56079,-9.985,2.794,-15.221,ergonomis
2026-06-02 15:20:57.487,2297196943,641487,1,0.88525,-0.11328,0.49683,-4.313,10.87,-19.344,ergonomis
2026-06-02 15:20:57.487,2297196943,641487,2,0.90137,0.06494,0.69189,-4.374,8.992,-3.214,ergonomis
2026-06-02 15:20:57.728,2297197184,641727,1,0.77148,-0.146,0.56763,13.893,2.947,12.305,ergonomis
2026-06-02 15:20:57.728,2297197184,641727,2,0.89893,0.17285,0.67285,-0.046,4.847,-5.504,ergonomis
2026-06-02 15:20:57.927,2297197383,641927,1,0.76904,-0.10986,0.52881,-2.015,4.481,-3.015,ergonomis
2026-06-02 15:20:57.927,2297197383,641927,2,0.93652,0.1875,0.68188,-4.298,-1.328,-1.397,ergonomis
2026-06-02 15:20:58.127,2297197583,642127,1,0.78198,-0.11499,0.50732,2.008,1.802,1.0,ergonomis
2026-06-02 15:20:58.127,2297197583,642127,2,0.88501,0.18555,0.69165,3.962,1.382,5.74,ergonomis
2026-06-02 15:20:58.327,2297197783,642327,1,0.77344,-0.13672,0.55566,2.603,0.58,7.832,ergonomis
2026-06-02 15:20:58.327,2297197783,642327,2,0.92334,0.15601,0.65747,14.771,3.779,6.924,ergonomis
2026-06-02 15:20:58.527,2297197983,642527,1,0.77148,-0.10718,0.56519,5.534,1.214,8.366,ergonomis
2026-06-02 15:20:58.527,2297197983,642527,2,0.92041,0.17285,0.66968,8.42,3.603,5.458,ergonomis
2026-06-02 15:20:58.727,2297198183,642727,1,0.76831,-0.09033,0.53442,4.069,-3.664,1.107,ergonomis
2026-06-02 15:20:58.727,2297198183,642727,2,0.92944,0.14746,0.7019,-5.145,2.42,0.824,ergonomis
2026-06-02 15:20:58.927,2297198383,642927,1,0.79199,-0.11035,0.53613,1.695,-0.878,2.107,ergonomis
2026-06-02 15:20:58.927,2297198383,642927,2,0.91626,0.15918,0.68921,5.405,1.939,1.794,ergonomis
2026-06-02 15:20:59.127,2297198583,643127,1,0.78003,-0.10645,0.53735,0.534,3.595,2.267,ergonomis
2026-06-02 15:20:59.127,2297198583,643127,2,0.91602,0.17651,0.71411,-8.313,-0.817,1.389,ergonomis
2026-06-02 15:20:59.433,2297198889,643433,1,0.77148,-0.10132,0.54468,-7.55,1.763,-2.588,ergonomis
2026-06-02 15:20:59.433,2297198889,643433,2,0.91699,0.13013,0.7085,-2.328,3.366,3.099,ergonomis
2026-06-02 15:20:59.633,2297199089,643633,1,0.76465,-0.10864,0.54639,-1.832,0.45,1.756,ergonomis
2026-06-02 15:20:59.633,2297199089,643633,2,0.92188,0.12598,0.66992,-1.573,2.038,1.046,ergonomis
2026-06-02 15:20:59.833,2297199289,643833,1,0.76099,-0.11426,0.52954,2.237,6.115,0.748,ergonomis
2026-06-02 15:20:59.833,2297199289,643833,2,0.86279,0.12769,0.68335,-9.053,5.344,-2.191,ergonomis
2026-06-02 15:21:00.033,2297199489,644033,1,0.75171,-0.13452,0.57544,-4.183,4.672,2.74,ergonomis
2026-06-02 15:21:00.033,2297199489,644033,2,0.87866,0.14771,0.73584,-3.573,4.947,0.534,ergonomis
2026-06-02 15:21:00.261,2297199717,644260,1,0.73853,-0.12085,0.57886,0.221,1.511,3.412,ergonomis
2026-06-02 15:21:00.261,2297199717,644260,2,0.90479,0.15405,0.74707,0.618,5.557,2.031,ergonomis
2026-06-02 15:21:00.460,2297199916,644460,1,0.72437,-0.13086,0.5752,-1.824,2.603,0.153,ergonomis
2026-06-02 15:21:00.460,2297199916,644460,2,0.8894,0.14063,0.77002,-0.42,4.099,1.847,ergonomis
2026-06-02 15:21:00.660,2297200116,644660,1,0.70679,-0.12964,0.58862,0.977,1.74,2.198,ergonomis
2026-06-02 15:21:00.660,2297200116,644660,2,0.89941,0.15259,0.76733,1.458,2.099,0.351,ergonomis
2026-06-02 15:21:00.860,2297200316,644860,1,0.72412,-0.10669,0.59546,-0.084,0.038,0.71,ergonomis
2026-06-02 15:21:00.860,2297200316,644860,2,0.90381,0.16211,0.76733,-0.061,4.023,1.221,ergonomis
2026-06-02 15:21:01.060,2297200516,645060,1,0.70215,-0.12061,0.59229,-4.405,0.145,-1.344,ergonomis
2026-06-02 15:21:01.060,2297200516,645060,2,0.87817,0.1499,0.79028,0.519,0.695,1.542,ergonomis
2026-06-02 15:21:01.280,2297200736,645279,1,0.71582,-0.11816,0.59692,-1.115,0.26,0.458,ergonomis
2026-06-02 15:21:01.280,2297200736,645279,2,0.88086,0.15015,0.79346,-1.962,1.817,0.977,ergonomis
2026-06-02 15:21:01.479,2297200935,645479,1,0.71606,-0.12256,0.60547,-0.87,-0.206,1.046,ergonomis
2026-06-02 15:21:01.479,2297200935,645479,2,0.87549,0.15039,0.79492,-1.763,0.26,1.069,ergonomis
2026-06-02 15:21:01.679,2297201135,645679,1,0.69995,-0.16309,0.61304,2.603,-1.885,-2.588,ergonomis
2026-06-02 15:21:01.679,2297201135,645679,2,0.89453,0.23047,0.76978,-2.252,-0.527,0.29,ergonomis
2026-06-02 15:21:01.012,2297200468,646012,1,0.72388,-0.09375,0.58789,-5.511,1.26,-3.389,ergonomis
2026-06-02 15:21:01.012,2297200468,646012,2,0.88281,0.16382,0.77832,-6.504,0.847,0.504,ergonomis
2026-06-02 15:21:02.212,2297201668,646212,1,0.71533,-0.12256,0.60059,-4.649,-0.321,-1.756,ergonomis
2026-06-02 15:21:02.212,2297201668,646212,2,0.8811,0.17163,0.78564,3.58,2.435,3.473,ergonomis
2026-06-02 15:21:02.412,2297201868,646412,1,0.71997,-0.11987,0.57886,-1.344,-0.595,-0.084,ergonomis
2026-06-02 15:21:02.412,2297201868,646412,2,0.89575,0.16943,0.76587,-0.939,0.473,1.649,ergonomis
2026-06-02 15:21:02.612,2297202068,646612,1,0.73145,-0.11841,0.5752,-3.687,-2.435,0.588,ergonomis
2026-06-02 15:21:02.612,2297202068,646612,2,0.8916,0.16846,0.76489,0.626,1.969,2.55,ergonomis
2026-06-02 15:21:02.908,2297202364,646907,1,0.72949,-0.13599,0.58521,-0.817,1.481,1.336,ergonomis
2026-06-02 15:21:02.908,2297202364,646907,2,0.89136,0.17456,0.79297,2.511,2.649,2.26,ergonomis
2026-06-02 15:21:03.107,2297202563,647107,1,0.73145,-0.12939,0.58057,-2.611,0.641,0.099,ergonomis
2026-06-02 15:21:03.107,2297202563,647107,2,0.89087,0.16797,0.78149,-1.412,1.374,1.336,ergonomis
2026-06-02 15:21:03.307,2297202763,647307,1,0.72876,-0.14087,0.59155,-2.344,0.672,0.053,ergonomis
2026-06-02 15:21:03.307,2297202763,647307,2,0.89014,0.17017,0.78345,-0.588,0.992,1.725,ergonomis
2026-06-02 15:21:03.507,2297202963,647507,1,0.72412,-0.13647,0.58521,-1.435,0.786,0.145,ergonomis
2026-06-02 15:21:03.507,2297202963,647507,2,0.88574,0.1709,0.77808,0.45,1.13,1.275,ergonomis
2026-06-02 15:21:03.811,2297203267,647811,1,0.73633,-0.12964,0.58301,-1.969,0.832,-0.405,ergonomis
2026-06-02 15:21:03.811,2297203267,647811,2,0.88623,0.16309,0.78784,-1.061,1.588,0.992,ergonomis
2026-06-02 15:21:03.011,2297202467,648011,1,0.72485,-0.13403,0.57959,-1.427,1.374,0.015,ergonomis
2026-06-02 15:21:03.011,2297202467,648011,2,0.89258,0.16846,0.79102,-1.748,1.618,0.183,ergonomis
2026-06-02 15:21:04.211,2297203667,648211,1,0.71753,-0.13525,0.5918,-0.641,1.809,-0.275,ergonomis
2026-06-02 15:21:04.211,2297203667,648211,2,0.88281,0.17163,0.78833,-0.122,1.405,0.481,ergonomis
2026-06-02 15:21:04.451,2297203907,648451,1,0.72241,-0.12305,0.58838,-1.053,0.298,-0.504,ergonomis
2026-06-02 15:21:04.451,2297203907,648451,2,0.87793,0.17749,0.80347,1.076,1.023,0.924,ergonomis
2026-06-02 15:21:04.712,2297204168,648712,1,0.71753,-0.11792,0.57739,-1.237,0.229,-0.412,ergonomis
2026-06-02 15:21:04.712,2297204168,648712,2,0.88452,0.18433,0.79126,0.176,1.366,1.298,ergonomis
2026-06-02 15:21:04.912,2297204368,648912,1,0.7146,-0.12036,0.58765,-1.435,-0.214,-0.069,ergonomis
2026-06-02 15:21:04.912,2297204368,648912,2,0.88062,0.18457,0.80151,0.16,0.939,1.595,ergonomis
2026-06-02 15:21:05.160,2297204616,649160,1,0.73071,-0.10962,0.58374,-1.458,0.298,-0.229,ergonomis
2026-06-02 15:21:05.160,2297204616,649160,2,0.88037,0.17993,0.79541,-1.397,1.244,1.321,ergonomis
2026-06-02 15:21:05.360,2297204816,649360,1,0.7312,-0.11719,0.58716,-2.107,1.397,-0.313,ergonomis
2026-06-02 15:21:05.360,2297204816,649360,2,0.87915,0.17749,0.79077,-2.153,0.214,0.855,ergonomis
2026-06-02 15:21:05.701,2297205157,649701,1,0.72363,-0.11792,0.58716,-2.214,0.382,-0.58,ergonomis
2026-06-02 15:21:05.701,2297205157,649701,2,0.87573,0.17041,0.7959,-2.885,-0.718,1.298,ergonomis
2026-06-02 15:21:05.901,2297205357,649901,1,0.72729,-0.11963,0.57813,-1.824,1.473,-0.29,ergonomis
2026-06-02 15:21:05.901,2297205357,649901,2,0.8894,0.17651,0.79102,-1.023,3.16,1.771,ergonomis
2026-06-02 15:21:06.101,2297205557,650101,1,0.71582,-0.11035,0.59961,-0.427,4.466,-0.618,ergonomis
2026-06-02 15:21:06.101,2297205557,650101,2,0.87842,0.1626,0.79419,-2.458,3.481,1.031,ergonomis
2026-06-02 15:21:06.301,2297205757,650301,1,0.70605,-0.10767,0.60547,1.527,-1.351,1.55,ergonomis
2026-06-02 15:21:06.301,2297205757,650301,2,0.87573,0.17676,0.78784,-0.779,0.71,0.702,ergonomis
2026-06-02 15:21:06.501,2297205957,650501,1,0.71191,-0.1167,0.59399,1.336,1.809,-1.038,ergonomis
2026-06-02 15:21:06.501,2297205957,650501,2,0.87305,0.16846,0.80127,0.389,1.26,0.893,ergonomis
2026-06-02 15:21:06.701,2297206157,650701,1,0.71704,-0.09766,0.58643,-0.718,-0.305,0.534,ergonomis
2026-06-02 15:21:06.701,2297206157,650701,2,0.87744,0.17358,0.78223,0.481,0.802,0.962,ergonomis
2026-06-02 15:21:06.908,2297206364,650908,1,0.71973,-0.10132,0.59473,-1.809,-1.443,-0.435,ergonomis
2026-06-02 15:21:06.908,2297206364,650908,2,0.87744,0.177,0.80249,-0.099,0.641,1.267,ergonomis
2026-06-02 15:21:07.108,2297206564,651108,1,0.72388,-0.10303,0.59106,-1.443,-0.985,-0.489,ergonomis
2026-06-02 15:21:07.108,2297206564,651108,2,0.87402,0.18286,0.7854,1.992,0.718,1.786,ergonomis
2026-06-02 15:21:07.308,2297206764,651308,1,0.73413,-0.07593,0.59058,-2.443,0.313,1.489,ergonomis
2026-06-02 15:21:07.308,2297206764,651308,2,0.8855,0.18921,0.78833,-4.015,1.786,4.366,ergonomis
2026-06-02 15:21:07.508,2297206964,651508,1,0.73462,-0.12964,0.5791,-5.718,1.863,-1.145,ergonomis
2026-06-02 15:21:07.508,2297206964,651508,2,0.88037,0.15942,0.79565,-3.206,1.076,2.435,ergonomis
2026-06-02 15:21:07.708,2297207164,651708,1,0.70728,-0.13354,0.60059,-0.504,-0.153,-0.489,ergonomis
2026-06-02 15:21:07.708,2297207164,651708,2,0.87793,0.17749,0.79761,-2.809,-1.252,-0.153,ergonomis
2026-06-02 15:21:07.908,2297207364,651908,1,0.73413,-0.1123,0.56982,6.435,-0.786,-5.13,ergonomis
2026-06-02 15:21:07.908,2297207364,651908,2,0.89355,0.16528,0.78101,6.496,-1.13,-2.053,ergonomis
2026-06-02 15:21:08.108,2297207564,652108,1,0.73999,-0.04858,0.58423,2.137,1.977,1.0,ergonomis
2026-06-02 15:21:08.108,2297207564,652108,2,0.88892,0.2168,0.77124,-1.206,1.733,0.313,ergonomis
2026-06-02 15:21:08.308,2297207764,652308,1,0.72461,-0.0769,0.59985,-2.641,1.954,1.305,ergonomis
2026-06-02 15:21:08.308,2297207764,652308,2,0.88403,0.18872,0.78198,-2.443,1.779,2.748,ergonomis
2026-06-02 15:21:08.524,2297207980,652523,1,0.72119,-0.08325,0.5874,-1.481,0.565,1.771,ergonomis
2026-06-02 15:21:08.524,2297207980,652523,2,0.8833,0.1897,0.79395,0.183,1.084,2.427,ergonomis
2026-06-02 15:21:08.746,2297208202,652746,1,0.72632,-0.08862,0.58862,-2.267,-0.779,0.641,ergonomis
2026-06-02 15:21:08.746,2297208202,652746,2,0.88525,0.18555,0.78418,-1.489,0.763,2.137,ergonomis
2026-06-02 15:21:08.946,2297208402,652946,1,0.72412,-0.08936,0.58203,-1.626,-0.763,-0.511,ergonomis
2026-06-02 15:21:08.946,2297208402,652946,2,0.88672,0.18384,0.78564,1.198,1.153,1.42,ergonomis
2026-06-02 15:21:09.253,2297208709,653253,1,0.729,-0.08887,0.5896,-1.756,-1.527,0.389,ergonomis
2026-06-02 15:21:09.253,2297208709,653253,2,0.88721,0.18555,0.78735,0.443,0.489,1.786,ergonomis
2026-06-02 15:21:09.458,2297208914,653458,1,0.74097,-0.09277,0.57715,-1.832,-0.053,-1.191,ergonomis
2026-06-02 15:21:09.458,2297208914,653458,2,0.88403,0.177,0.79346,-0.809,1.031,1.405,ergonomis
2026-06-02 15:21:09.658,2297209114,653658,1,0.7356,-0.08252,0.57788,-2.802,0.107,-0.649,ergonomis
2026-06-02 15:21:09.658,2297209114,653658,2,0.88574,0.18091,0.78125,0.252,1.183,1.626,ergonomis
2026-06-02 15:21:09.860,2297209316,653860,1,0.70752,-0.08594,0.59814,-2.344,0.145,-0.58,ergonomis
2026-06-02 15:21:09.860,2297209316,653860,2,0.87476,0.17725,0.7998,0.137,-1.176,1.221,ergonomis
2026-06-02 15:21:10.060,2297209516,654060,1,0.7124,-0.09497,0.5979,-1.664,-4.13,-0.053,ergonomis
2026-06-02 15:21:10.060,2297209516,654060,2,0.87817,0.19409,0.78857,2.305,-6.374,2.924,ergonomis
2026-06-02 15:21:10.260,2297209716,654260,1,0.74731,-0.08374,0.55127,0.603,0.397,2.748,ergonomis
2026-06-02 15:21:10.260,2297209716,654260,2,0.90161,0.18774,0.74463,4.176,-13.26,7.122,ergonomis
2026-06-02 15:21:10.460,2297209916,654460,1,0.80371,-0.08228,0.48193,6.359,6.924,7.13,ergonomis
2026-06-02 15:21:10.460,2297209916,654460,2,0.88794,0.18604,0.76758,1.802,12.153,1.176,ergonomis
2026-06-02 15:21:10.661,2297210117,654661,1,0.72827,-0.08521,0.67285,2.802,10.626,0.489,ergonomis
2026-06-02 15:21:10.661,2297210117,654661,2,0.92505,0.17651,0.71509,-2.26,-8.412,2.504,ergonomis
2026-06-02 15:21:10.861,2297210317,654861,1,0.71777,-0.08228,0.61353,-3.924,-0.405,-2.107,ergonomis
2026-06-02 15:21:10.861,2297210317,654861,2,0.93652,0.19409,0.69604,2.634,-4.115,1.763,ergonomis
2026-06-02 15:21:11.061,2297210517,655061,1,0.65991,-0.07886,0.6145,-8.481,2.458,-2.55,non-ergonomis
2026-06-02 15:21:11.061,2297210517,655061,2,0.9187,0.18604,0.73682,9.534,0.863,1.786,non-ergonomis
2026-06-02 15:21:11.386,2297210842,655386,1,0.66211,-0.05322,0.63086,-8.031,-0.908,-6.084,non-ergonomis
2026-06-02 15:21:11.386,2297210842,655386,2,0.91235,0.18066,0.71338,1.061,-2.908,3.466,non-ergonomis
2026-06-02 15:21:11.586,2297211042,655586,1,0.67017,-0.06934,0.61914,-0.412,-2.809,-1.504,non-ergonomis
2026-06-02 15:21:11.586,2297211042,655586,2,0.91504,0.10718,0.67212,8.176,-9.908,5.87,non-ergonomis
2026-06-02 15:21:11.786,2297211242,655786,1,0.71143,-0.0686,0.56909,-6.107,-9.382,5.962,non-ergonomis
2026-06-02 15:21:11.786,2297211242,655786,2,0.9292,0.20215,0.6626,7.832,4.71,0.031,non-ergonomis
2026-06-02 15:21:11.986,2297211442,655986,1,0.7334,-0.08057,0.61572,-1.618,-2.794,0.924,non-ergonomis
2026-06-02 15:21:11.986,2297211442,655986,2,0.95435,0.17529,0.63794,3.565,-4.664,3.092,non-ergonomis
2026-06-02 15:21:12.186,2297211642,656186,1,0.73511,-0.08057,0.57373,-2.458,-3.053,1.634,non-ergonomis
2026-06-02 15:21:12.186,2297211642,656186,2,0.927,0.18872,0.65942,1.802,1.969,1.107,non-ergonomis
2026-06-02 15:21:12.386,2297211842,656386,1,0.74072,-0.07617,0.58008,-4.573,1.893,2.252,non-ergonomis
2026-06-02 15:21:12.386,2297211842,656386,2,0.93652,0.19067,0.64478,-2.29,3.931,1.649,non-ergonomis
2026-06-02 15:21:12.586,2297212042,656586,1,0.73608,-0.11035,0.59033,-3.397,4.626,-0.229,non-ergonomis
2026-06-02 15:21:12.586,2297212042,656586,2,0.93091,0.1731,0.6582,0.336,3.351,1.969,non-ergonomis
2026-06-02 15:21:12.786,2297212242,656786,1,0.72729,-0.09546,0.56934,-4.985,-2.16,-2.206,non-ergonomis
2026-06-02 15:21:12.786,2297212242,656786,2,0.92358,0.17969,0.68433,0.863,0.794,-0.405,non-ergonomis
2026-06-02 15:21:12.986,2297212442,656986,1,0.72632,-0.10303,0.58643,0.275,0.008,-0.221,non-ergonomis
2026-06-02 15:21:12.986,2297212442,656986,2,0.92725,0.18433,0.66479,-5.412,-0.641,-2.137,non-ergonomis
2026-06-02 15:21:13.205,2297212661,657205,1,0.72827,-0.0769,0.59351,-1.649,1.901,-1.099,non-ergonomis
2026-06-02 15:21:13.205,2297212661,657205,2,0.92578,0.18799,0.65186,1.076,2.534,2.466,non-ergonomis
2026-06-02 15:21:13.405,2297212861,657405,1,0.70728,-0.08496,0.58911,-4.221,3.466,0.443,non-ergonomis
2026-06-02 15:21:13.405,2297212861,657405,2,0.92285,0.18335,0.67041,-5.267,-2.756,2.649,non-ergonomis
2026-06-02 15:21:13.605,2297213061,657605,1,0.71997,-0.08032,0.57861,-5.321,-0.42,-2.481,non-ergonomis
2026-06-02 15:21:13.605,2297213061,657605,2,0.9248,0.17432,0.65552,-5.229,0.534,3.969,non-ergonomis
2026-06-02 15:21:13.805,2297213261,657805,1,0.74683,-0.14746,0.59668,2.954,3.321,7.168,non-ergonomis
2026-06-02 15:21:13.805,2297213261,657805,2,0.89868,0.19263,0.6792,1.412,2.13,-0.252,non-ergonomis
2026-06-02 15:21:13.005,2297212461,658005,1,0.70605,-0.08594,0.60547,0.977,-3.221,,non-ergonomis
2026-06-02 15:21:13.005,2297212461,658005,2,0.94873,0.16968,0.64673,-1.939,-2.008,1.534,non-ergonomis
2026-06-02 15:21:14.225,2297213681,658225,1,0.73193,-0.08643,0.57593,-6.618,1.611,-7.084,non-ergonomis
2026-06-02 15:21:14.225,2297213681,658225,2,0.93604,0.13696,0.64502,-2.229,4.794,1.321,non-ergonomis
2026-06-02 15:21:14.425,2297213881,658425,1,0.72095,-0.07813,0.59546,3.84,-3.687,3.771,non-ergonomis
2026-06-02 15:21:14.425,2297213881,658425,2,0.92383,0.18774,0.67529,3.611,5.0,2.137,non-ergonomis
2026-06-02 15:21:14.625,2297214081,658625,1,0.72388,-0.07471,0.58789,1.359,-1.214,-1.985,non-ergonomis
2026-06-02 15:21:14.625,2297214081,658625,2,0.91919,0.16162,0.68115,-8.71,-4.237,-2.046,non-ergonomis
2026-06-02 15:21:14.825,2297214281,658825,1,0.73022,-0.09473,0.5918,-7.679,-4.015,-0.908,non-ergonomis
2026-06-02 15:21:14.825,2297214281,658825,2,0.94824,0.12622,0.66968,-3.115,-4.023,0.382,non-ergonomis
2026-06-02 15:21:15.066,2297214522,659065,1,0.7373,-0.07983,0.58398,2.969,-2.191,3.771,non-ergonomis
2026-06-02 15:21:15.066,2297214522,659065,2,0.93213,0.16724,0.63086,-3.603,-3.328,0.466,non-ergonomis
2026-06-02 15:21:15.265,2297214721,659265,1,0.71704,-0.07544,0.58301,5.656,3.153,4.0,non-ergonomis
2026-06-02 15:21:15.265,2297214721,659265,2,0.9458,0.17822,0.62061,4.305,-0.237,0.458,non-ergonomis
2026-06-02 15:21:15.465,2297214921,659465,1,0.82813,-0.03247,0.49731,-5.435,-1.031,2.656,non-ergonomis
2026-06-02 15:21:15.465,2297214921,659465,2,0.92798,0.17432,0.65381,-3.008,2.863,2.756,non-ergonomis
2026-06-02 15:21:15.665,2297215121,659665,1,0.73071,-0.09766,0.56982,5.672,0.74,8.756,non-ergonomis
2026-06-02 15:21:15.665,2297215121,659665,2,0.93677,0.15723,0.63916,-11.664,1.649,2.603,non-ergonomis
2026-06-02 15:21:16.029,2297215485,660029,1,0.74512,-0.13184,0.56689,0.046,0.733,5.931,non-ergonomis
2026-06-02 15:21:16.029,2297215485,660029,2,0.90503,0.15503,0.66455,-3.588,0.069,1.137,non-ergonomis
2026-06-02 15:21:16.368,2297215824,660367,1,0.82544,-0.1123,0.52759,2.099,-5.298,-0.443,non-ergonomis
2026-06-02 15:21:16.368,2297215824,660367,2,0.92188,0.13672,0.66089,-2.916,1.695,2.344,non-ergonomis
2026-06-02 15:21:16.603,2297216059,660603,1,0.78003,-0.12354,0.55273,-3.71,-2.0,3.214,non-ergonomis
2026-06-02 15:21:16.603,2297216059,660603,2,0.95996,0.14575,0.59204,-10.023,0.802,-1.962,non-ergonomis
2026-06-02 15:21:16.803,2297216259,660803,1,0.75928,-0.14429,0.55908,-3.237,4.504,-5.221,non-ergonomis
2026-06-02 15:21:16.803,2297216259,660803,2,0.90552,0.14453,0.68481,4.473,7.191,2.962,non-ergonomis
2026-06-02 15:21:16.025,2297215481,661025,1,0.72437,-0.13916,0.59863,2.74,1.0,2.756,non-ergonomis
2026-06-02 15:21:16.025,2297215481,661025,2,0.90234,0.16187,0.66968,1.702,-1.198,4.221,non-ergonomis
2026-06-02 15:21:17.225,2297216681,661225,1,0.75586,-0.1355,0.54517,-2.58,-0.672,-8.893,non-ergonomis
2026-06-02 15:21:17.225,2297216681,661225,2,0.96069,0.09204,0.64233,0.229,2.053,-0.313,non-ergonomis
2026-06-02 15:21:17.492,2297216948,661492,1,0.76147,-0.10449,0.55762,-2.031,-1.244,-0.046,non-ergonomis
2026-06-02 15:21:17.492,2297216948,661492,2,0.93506,0.15503,0.65332,5.183,0.405,1.527,non-ergonomis
2026-06-02 15:21:17.692,2297217148,661692,1,0.73926,-0.10938,0.57324,-6.092,0.092,0.366,non-ergonomis
2026-06-02 15:21:17.692,2297217148,661692,2,0.93408,0.10889,0.67358,1.435,6.099,3.55,non-ergonomis
2026-06-02 15:21:17.912,2297217368,661912,1,0.72339,-0.13208,0.58667,-3.786,2.221,-1.153,non-ergonomis
2026-06-02 15:21:17.912,2297217368,661912,2,0.92651,0.12573,0.68091,2.931,-0.145,5.107,non-ergonomis
2026-06-02 15:21:18.112,2297217568,662112,1,0.72656,-0.13232,0.58716,-1.656,-1.809,-2.313,non-ergonomis
2026-06-02 15:21:18.112,2297217568,662112,2,0.9375,0.09644,0.66553,10.443,-3.84,13.206,non-ergonomis
2026-06-02 15:21:18.312,2297217768,662312,1,0.75464,-0.15527,0.57056,-0.763,-3.603,2.519,non-ergonomis
2026-06-02 15:21:18.312,2297217768,662312,2,0.9707,0.13599,0.604,8.13,-9.015,6.962,non-ergonomis
2026-06-02 15:21:18.523,2297217979,662523,1,0.77539,-0.1438,0.51172,-4.504,-6.573,2.137,non-ergonomis
2026-06-02 15:21:18.523,2297217979,662523,2,0.92969,0.06006,0.64014,5.863,-3.901,10.55,non-ergonomis
2026-06-02 15:21:18.723,2297218179,662723,1,0.77417,-0.14282,0.5166,-0.053,-5.366,4.687,non-ergonomis
2026-06-02 15:21:18.723,2297218179,662723,2,1.02783,0.03979,0.5144,5.534,-21.13,3.939,non-ergonomis
2026-06-02 15:21:19.160,2297218616,663160,1,0.72363,-0.10107,0.5752,3.023,-6.847,0.931,non-ergonomis
2026-06-02 15:21:19.160,2297218616,663160,2,1.00952,0.12476,0.56104,17.008,-11.924,14.321,non-ergonomis
2026-06-02 15:21:19.458,2297218914,663457,1,0.79077,-0.13354,0.49048,-4.74,8.168,-7.015,non-ergonomis
2026-06-02 15:21:19.458,2297218914,663457,2,0.96045,,0.57813,4.16,-1.031,13.198,non-ergonomis
2026-06-02 15:21:19.657,2297219113,663657,1,0.77417,-0.13623,0.4646,-7.969,-6.435,2.237,non-ergonomis
2026-06-02 15:21:19.657,2297219113,663657,2,0.93848,0.05688,0.5437,-4.725,-3.466,4.893,non-ergonomis
2026-06-02 15:21:19.857,2297219313,663857,1,0.86792,-0.12354,0.4314,-9.237,-5.504,-15.71,non-ergonomis
2026-06-02 15:21:19.857,2297219313,663857,2,0.98389,-0.01685,0.56836,-20.099,-7.275,-0.099,non-ergonomis
2026-06-02 15:21:20.068,2297219524,664068,1,0.86597,-0.06494,0.43311,-7.855,1.534,-16.008,non-ergonomis
2026-06-02 15:21:20.068,2297219524,664068,2,0.97778,-0.02954,0.55835,-20.863,-3.374,2.962,non-ergonomis
2026-06-02 15:21:20.345,2297219801,664345,1,0.91138,-0.03784,0.41187,-2.656,-6.198,-3.832,non-ergonomis
2026-06-02 15:21:20.345,2297219801,664345,2,0.97974,-0.03516,0.48438,-6.427,3.412,0.282,non-ergonomis
2026-06-02 15:21:20.611,2297220067,664611,1,0.89233,-0.07153,0.42236,1.023,2.947,10.939,non-ergonomis
2026-06-02 15:21:20.611,2297220067,664611,2,0.95605,-0.00415,0.50488,-3.053,1.908,2.321,non-ergonomis
2026-06-02 15:21:20.817,2297220273,664817,1,0.89526,-0.13281,0.40698,-2.069,6.214,7.336,non-ergonomis
2026-06-02 15:21:20.817,2297220273,664817,2,0.99438,-0.02051,0.51782,-4.794,5.344,2.206,non-ergonomis
2026-06-02 15:21:21.078,2297220534,665078,1,0.8606,-0.15845,0.42554,-5.679,-0.107,6.603,non-ergonomis
2026-06-02 15:21:21.078,2297220534,665078,2,0.98657,-0.05249,0.53784,0.847,3.702,2.786,non-ergonomis
2026-06-02 15:21:21.278,2297220734,665278,1,0.87646,-0.17065,0.41724,-3.374,2.061,7.115,non-ergonomis
2026-06-02 15:21:21.278,2297220734,665278,2,0.95361,-0.00439,0.55249,-4.809,4.672,-1.351,non-ergonomis
2026-06-02 15:21:21.582,2297221038,665581,1,0.854,-0.20459,0.44434,-6.061,6.168,-0.389,non-ergonomis
2026-06-02 15:21:21.582,2297221038,665581,2,1.00195,-0.03931,0.5459,9.237,11.351,-4.847,non-ergonomis
2026-06-02 15:21:21.943,2297221399,665943,1,0.84985,-0.12646,0.4519,6.015,0.863,7.092,non-ergonomis
2026-06-02 15:21:21.943,2297221399,665943,2,0.9231,0.0647,0.67285,-8.504,10.489,-5.45,non-ergonomis
2026-06-02 15:21:22.208,2297221664,666208,1,0.76636,-0.18457,0.53442,-1.183,8.557,-1.427,non-ergonomis
2026-06-02 15:21:22.208,2297221664,666208,2,0.93359,0.04346,0.64697,-1.122,8.656,-1.435,non-ergonomis
2026-06-02 15:21:22.408,2297221864,666408,1,0.78198,-0.16748,0.52417,0.229,-1.763,2.389,non-ergonomis
2026-06-02 15:21:22.408,2297221864,666408,2,0.9292,0.05859,0.67871,7.84,5.527,-1.58,non-ergonomis
2026-06-02 15:21:22.608,2297222064,666608,1,0.76709,-0.14771,0.5144,6.298,5.351,1.58,non-ergonomis
2026-06-02 15:21:22.608,2297222064,666608,2,0.92896,0.09839,0.70654,,7.771,-3.282,non-ergonomis
2026-06-02 15:21:22.808,2297222264,666808,1,0.75781,-0.13818,0.54517,-2.466,2.947,0.634,non-ergonomis
2026-06-02 15:21:22.808,2297222264,666808,2,0.93628,0.06982,0.69165,0.13,5.076,-0.321,non-ergonomis
2026-06-02 15:21:23.080,2297222536,667080,1,0.75439,-0.16333,0.55054,1.893,4.351,2.992,non-ergonomis
2026-06-02 15:21:23.080,2297222536,667080,2,0.91528,0.09644,0.72144,-0.122,2.328,-2.641,non-ergonomis
2026-06-02 15:21:23.280,2297222736,667280,1,0.74756,-0.13989,0.57056,6.092,4.015,3.252,non-ergonomis
2026-06-02 15:21:23.280,2297222736,667280,2,0.92017,0.11475,0.70435,2.779,3.389,-0.366,non-ergonomis
2026-06-02 15:21:23.480,2297222936,667480,1,0.74365,-0.1228,0.56616,-5.267,-0.55,1.863,non-ergonomis
2026-06-02 15:21:23.480,2297222936,667480,2,0.91406,0.11841,0.73315,-1.534,2.16,2.061,non-ergonomis
2026-06-02 15:21:23.680,2297223136,667680,1,0.74829,-0.17017,0.56421,-6.916,4.099,-0.092,non-ergonomis
2026-06-02 15:21:23.680,2297223136,667680,2,0.91748,0.10181,0.72925,-4.809,2.977,1.084,non-ergonomis
2026-06-02 15:21:23.880,2297223336,667880,1,0.73657,-0.16284,0.55518,-3.542,3.038,-1.924,non-ergonomis
2026-06-02 15:21:23.880,2297223336,667880,2,0.92261,0.09961,0.73291,-0.656,3.71,1.42,non-ergonomis
2026-06-02 15:21:24.080,2297223536,668080,1,0.72095,-0.15332,0.59033,-5.611,3.939,-0.328,non-ergonomis
2026-06-02 15:21:24.080,2297223536,668080,2,0.90723,0.10718,0.74707,-3.405,3.557,1.069,non-ergonomis
2026-06-02 15:21:24.280,2297223736,668280,1,0.71997,-0.18091,0.58716,-2.374,3.351,-0.71,non-ergonomis
2026-06-02 15:21:24.280,2297223736,668280,2,0.90015,0.11182,0.77222,-0.519,3.405,0.885,non-ergonomis
2026-06-02 15:21:24.480,2297223936,668480,1,0.70776,-0.16504,0.59106,-2.794,2.382,-1.634,non-ergonomis
2026-06-02 15:21:24.480,2297223936,668480,2,0.90405,0.09937,0.77271,-2.473,2.053,0.275,non-ergonomis
2026-06-02 15:21:24.680,2297224136,668680,1,0.70923,-0.17725,0.59204,-1.977,0.634,0.198,non-ergonomis
2026-06-02 15:21:24.680,2297224136,668680,2,0.89795,0.11206,0.76465,-0.985,1.42,0.366,non-ergonomis
2026-06-02 15:21:24.888,2297224344,668888,1,0.71143,-0.16504,0.58838,-1.74,1.405,0.237,non-ergonomis
2026-06-02 15:21:24.888,2297224344,668888,2,0.89893,0.1145,0.77026,-0.565,2.13,0.756,non-ergonomis
2026-06-02 15:21:25.088,2297224544,669088,1,0.71606,-0.17822,0.59644,0.977,2.687,-0.809,non-ergonomis
2026-06-02 15:21:25.088,2297224544,669088,2,0.90308,0.10352,0.78394,1.573,3.214,-0.443,non-ergonomis
2026-06-02 15:21:25.288,2297224744,669288,1,0.69214,-0.12866,0.60205,2.519,1.481,-0.122,non-ergonomis
2026-06-02 15:21:25.288,2297224744,669288,2,0.89551,0.12231,0.79419,4.305,2.656,0.237,non-ergonomis
2026-06-02 15:21:25.488,2297224944,669488,1,0.67334,-0.1355,0.62207,6.107,2.053,1.359,non-ergonomis
2026-06-02 15:21:25.488,2297224944,669488,2,0.89624,0.15112,0.77466,2.511,1.305,0.107,non-ergonomis
2026-06-02 15:21:25.740,2297225196,669740,1,0.6936,-0.11377,0.625,4.046,1.908,-0.137,non-ergonomis
2026-06-02 15:21:25.740,2297225196,669740,2,0.89453,0.13574,0.78955,-1.565,1.931,0.107,non-ergonomis
2026-06-02 15:21:25.940,2297225396,669940,1,0.67358,-0.11938,0.62646,2.229,0.71,1.611,non-ergonomis
2026-06-02 15:21:25.940,2297225396,669940,2,0.87622,0.14526,0.80762,-1.229,1.527,0.573,non-ergonomis
2026-06-02 15:21:26.140,2297225596,670140,1,0.69238,-0.10815,0.62329,-3.595,3.069,-0.206,non-ergonomis
2026-06-02 15:21:26.140,2297225596,670140,2,0.89014,0.12769,0.7915,2.832,3.305,2.901,non-ergonomis
2026-06-02 15:21:26.407,2297225863,670407,1,0.67578,-0.11865,0.64795,2.405,-0.13,2.802,non-ergonomis
2026-06-02 15:21:26.407,2297225863,670407,2,0.86963,0.16895,0.79224,5.046,4.962,3.0,non-ergonomis
2026-06-02 15:21:26.607,2297226063,670607,1,0.66895,-0.10229,0.62817,-3.107,4.031,2.122,non-ergonomis
2026-06-02 15:21:26.607,2297226063,670607,2,0.88574,0.14453,0.81689,-5.008,4.145,4.336,non-ergonomis
2026-06-02 15:21:26.807,2297226263,670807,1,0.65283,-0.13989,0.63794,-4.511,0.473,3.183,non-ergonomis
2026-06-02 15:21:26.807,2297226263,670807,2,0.87793,0.14502,0.82764,-4.924,0.725,2.275,non-ergonomis
2026-06-02 15:21:26.007,2297225463,671007,1,0.65723,-0.1438,0.67261,-2.214,1.664,-3.183,non-ergonomis
2026-06-02 15:21:26.007,2297225463,671007,2,0.91064,0.1145,0.78296,-4.466,-3.115,0.527,non-ergonomis
2026-06-02 15:21:27.207,2297226663,671207,1,0.64136,-0.15698,0.60596,1.374,-5.511,0.832,non-ergonomis
2026-06-02 15:21:27.207,2297226663,671207,2,0.87671,0.12524,0.81348,12.641,1.405,2.779,non-ergonomis
2026-06-02 15:21:27.407,2297226863,671407,1,0.68677,-0.09082,0.61206,2.443,0.16,0.481,non-ergonomis
2026-06-02 15:21:27.407,2297226863,671407,2,0.90381,0.11035,0.79834,-9.29,-0.046,1.71,non-ergonomis
2026-06-02 15:21:27.639,2297227095,671639,1,0.6748,-0.14111,0.6123,-6.344,3.687,0.603,non-ergonomis
2026-06-02 15:21:27.639,2297227095,671639,2,0.88818,0.13281,0.82178,-5.763,5.137,-4.122,non-ergonomis
2026-06-02 15:21:27.848,2297227304,671847,1,0.63574,-0.12891,0.64893,-3.29,3.992,-5.611,non-ergonomis
2026-06-02 15:21:27.848,2297227304,671847,2,0.86963,0.12109,0.82129,-1.107,0.443,-2.901,non-ergonomis
2026-06-02 15:21:28.047,2297227503,672047,1,0.64746,-0.11084,0.65405,5.366,1.466,-1.824,non-ergonomis
2026-06-02 15:21:28.047,2297227503,672047,2,0.86743,0.16113,0.81616,3.573,1.595,-2.664,non-ergonomis
2026-06-02 15:21:28.247,2297227703,672247,1,0.64014,-0.07373,0.65527,4.992,0.313,-0.481,non-ergonomis
2026-06-02 15:21:28.247,2297227703,672247,2,0.86792,0.18628,0.80786,-0.145,0.053,-0.069,non-ergonomis
2026-06-02 15:21:28.506,2297227962,672505,1,0.64941,-0.07007,0.65015,-1.534,-0.611,-1.641,non-ergonomis
2026-06-02 15:21:28.506,2297227962,672505,2,0.85205,0.16235,0.8064,-5.565,-2.634,0.641,non-ergonomis
2026-06-02 15:21:28.705,2297228161,672705,1,0.65845,-0.02344,0.64282,-7.756,2.496,-4.763,non-ergonomis
2026-06-02 15:21:28.705,2297228161,672705,2,0.85425,0.1084,0.8313,2.351,1.45,4.344,non-ergonomis
2026-06-02 15:21:28.905,2297228361,672905,1,0.56763,-0.06177,0.68066,-3.053,,4.244,non-ergonomis
2026-06-02 15:21:28.905,2297228361,672905,2,0.82935,0.24048,0.80688,1.183,-3.13,0.466,non-ergonomis
2026-06-02 15:21:29.124,2297228580,673124,1,0.6748,-0.07593,0.63232,7.229,-5.802,-3.794,non-ergonomis
2026-06-02 15:21:29.124,2297228580,673124,2,0.89648,0.1936,0.77881,2.153,-6.382,-2.099,non-ergonomis
2026-06-02 15:21:29.324,2297228780,673324,1,0.68872,-0.02612,0.62134,-2.725,2.412,-5.878,non-ergonomis
2026-06-02 15:21:29.324,2297228780,673324,2,0.89941,0.18555,0.7583,-4.115,0.588,-1.092,non-ergonomis
2026-06-02 15:21:29.524,2297228980,673524,1,0.6814,-0.02075,0.63672,4.679,3.412,1.756,non-ergonomis
2026-06-02 15:21:29.524,2297228980,673524,2,0.87231,0.2417,0.77441,10.145,6.107,3.542,non-ergonomis
2026-06-02 15:21:29.802,2297229258,673802,1,0.68066,-0.05859,0.62646,-9.901,1.023,-7.847,non-ergonomis
2026-06-02 15:21:29.802,2297229258,673802,2,0.88232,0.15039,0.79321,1.305,3.664,2.588,non-ergonomis
2026-06-02 15:21:29.002,2297228458,674002,1,0.65039,-0.07813,0.65186,3.702,-0.244,3.191,non-ergonomis
2026-06-02 15:21:29.002,2297228458,674002,2,0.87891,0.19995,0.79834,-1.977,-1.336,-1.519,non-ergonomis
2026-06-02 15:21:30.202,2297229658,674202,1,0.67065,-0.02319,0.64722,-2.573,-2.832,-0.809,non-ergonomis
2026-06-02 15:21:30.202,2297229658,674202,2,0.86035,0.19263,0.79663,-2.374,-1.802,2.366,non-ergonomis
2026-06-02 15:21:30.402,2297229858,674402,1,0.68579,-0.04639,0.625,-1.695,-1.687,2.237,non-ergonomis
2026-06-02 15:21:30.402,2297229858,674402,2,0.90088,0.20142,0.78394,0.45,-1.634,1.046,non-ergonomis
2026-06-02 15:21:30.602,2297230058,674602,1,0.68921,-0.04419,0.62207,-1.992,0.527,1.618,non-ergonomis
2026-06-02 15:21:30.602,2297230058,674602,2,0.90161,0.19556,0.77026,-0.489,0.87,1.74,non-ergonomis
2026-06-02 15:21:30.802,2297230258,674802,1,0.65405,-0.05762,0.62183,-2.45,1.237,2.42,non-ergonomis
2026-06-02 15:21:30.802,2297230258,674802,2,0.86597,0.19702,0.77563,-0.153,1.626,3.443,non-ergonomis
2026-06-02 15:21:30.002,2297229458,675002,1,0.69263,-0.06079,0.64551,-4.55,5.412,-3.901,non-ergonomis
2026-06-02 15:21:30.002,2297229458,675002,2,0.87451,0.12573,0.79297,2.328,2.916,4.908,non-ergonomis
2026-06-02 15:21:31.202,2297230658,675202,1,0.71899,-0.14404,0.604,5.023,0.206,6.466,non-ergonomis
2026-06-02 15:21:31.202,2297230658,675202,2,0.91821,0.23438,0.77417,14.015,4.008,-0.115,non-ergonomis
2026-06-02 15:21:31.402,2297230858,675402,1,0.65088,-0.0022,0.62109,-0.817,-2.313,2.947,non-ergonomis
2026-06-02 15:21:31.402,2297230858,675402,2,0.89868,0.19116,0.77515,-7.916,-2.824,7.298,non-ergonomis
2026-06-02 15:21:31.602,2297231058,675602,1,0.69385,-0.1311,0.62109,-9.656,1.115,-4.328,non-ergonomis
2026-06-02 15:21:31.602,2297231058,675602,2,0.9021,0.17212,0.75952,-10.229,3.344,0.733,non-ergonomis
2026-06-02 15:21:31.802,2297231258,675802,1,0.63892,-0.13501,0.65991,-3.374,4.458,-0.786,non-ergonomis
2026-06-02 15:21:31.802,2297231258,675802,2,0.87939,0.17285,0.77832,7.244,3.573,-3.855,non-ergonomis
2026-06-02 15:21:31.002,2297230458,676002,1,0.66602,-0.0271,0.64429,14.252,1.588,-2.847,non-ergonomis
2026-06-02 15:21:31.002,2297230458,676002,2,0.86011,0.22729,0.79297,6.603,5.397,-1.718,non-ergonomis
2026-06-02 15:21:32.202,2297231658,676202,1,0.63306,-0.10156,0.66528,-5.687,1.779,-2.985,non-ergonomis
2026-06-02 15:21:32.202,2297231658,676202,2,0.87988,0.20923,0.7998,1.626,-2.824,1.237,non-ergonomis
2026-06-02 15:21:32.402,2297231858,676402,1,0.67432,-0.00439,0.63232,-4.74,-3.496,-6.305,non-ergonomis
2026-06-02 15:21:32.402,2297231858,676402,2,0.8811,0.20264,0.78735,5.115,2.313,-1.405,non-ergonomis
2026-06-02 15:21:32.602,2297232058,676602,1,0.63843,0.03247,0.66846,-6.954,-1.511,-4.756,non-ergonomis
2026-06-02 15:21:32.602,2297232058,676602,2,0.89478,0.18848,0.77148,-7.008,-0.183,-2.092,non-ergonomis
2026-06-02 15:21:32.802,2297232258,676802,1,0.64648,0.01831,0.64624,-4.611,-5.29,-2.0,non-ergonomis
2026-06-02 15:21:32.802,2297232258,676802,2,0.87207,0.18213,0.79541,2.611,1.832,1.191,non-ergonomis
2026-06-02 15:21:32.002,2297231458,677002,1,0.64795,0.0144,0.63843,0.366,-1.389,2.519,non-ergonomis
2026-06-02 15:21:32.002,2297231458,677002,2,0.87769,0.23413,0.77588,-5.015,0.137,0.229,non-ergonomis
2026-06-02 15:21:33.202,2297232658,677202,1,0.67432,-0.01538,0.63843,-4.519,-1.427,1.771,non-ergonomis
2026-06-02 15:21:33.202,2297232658,677202,2,0.87842,0.21704,0.78003,-0.656,-0.031,2.397,non-ergonomis
2026-06-02 15:21:33.402,2297232858,677402,1,0.67285,-0.01343,0.62329,-2.931,-0.573,2.015,non-ergonomis
2026-06-02 15:21:33.402,2297232858,677402,2,0.8833,0.2229,0.78809,-2.489,0.87,2.214,non-ergonomis
2026-06-02 15:21:33.602,2297233058,677602,1,0.67578,-0.02734,0.63379,-3.679,0.573,0.664,non-ergonomis
2026-06-02 15:21:33.602,2297233058,677602,2,0.87695,0.20776,0.78687,-0.366,2.527,2.565,non-ergonomis
2026-06-02 15:21:33.819,2297233275,677819,1,0.67944,-0.03711,0.63184,-2.473,0.71,0.855,non-ergonomis
2026-06-02 15:21:33.819,2297233275,677819,2,0.87891,0.20435,0.78857,-0.511,1.344,1.496,non-ergonomis
2026-06-02 15:21:33.019,2297232475,678019,1,0.66626,-0.03955,0.63867,-0.214,0.427,0.443,non-ergonomis
2026-06-02 15:21:33.019,2297232475,678019,2,0.87134,0.21606,0.79199,-0.756,0.786,0.84,non-ergonomis
2026-06-02 15:21:34.219,2297233675,678219,1,0.66699,-0.03027,0.63672,-1.427,0.076,0.496,non-ergonomis
2026-06-02 15:21:34.219,2297233675,678219,2,0.87305,0.21191,0.78101,-1.702,0.382,1.053,non-ergonomis
2026-06-02 15:21:34.419,2297233875,678419,1,0.67822,-0.03149,0.63574,-1.336,-0.031,0.382,non-ergonomis
2026-06-02 15:21:34.419,2297233875,678419,2,0.87891,0.20947,0.79102,-1.168,0.771,1.603,non-ergonomis
2026-06-02 15:21:34.619,2297234075,678619,1,0.67676,-0.03833,0.63599,-1.817,-0.046,0.412,non-ergonomis
2026-06-02 15:21:34.619,2297234075,678619,2,0.87891,0.20654,0.79663,-1.725,0.237,1.366,non-ergonomis
2026-06-02 15:21:34.819,2297234275,678819,1,0.67236,-0.03711,0.63159,-1.382,0.168,-0.031,non-ergonomis
2026-06-02 15:21:34.819,2297234275,678819,2,0.87622,0.21582,0.79126,-1.344,0.496,1.053,non-ergonomis
2026-06-02 15:21:34.019,2297233475,679019,1,0.67554,-0.02173,0.6377,-1.13,0.634,-0.374,non-ergonomis
2026-06-02 15:21:34.019,2297233475,679019,2,0.87354,0.20557,0.78955,-1.618,1.221,1.168,non-ergonomis
2026-06-02 15:21:35.219,2297234675,679219,1,0.66895,-0.03174,0.6377,-2.237,-0.557,-0.008,non-ergonomis
2026-06-02 15:21:35.219,2297234675,679219,2,0.8772,0.21118,0.7915,-0.206,0.443,1.153,non-ergonomis
2026-06-02 15:21:35.419,2297234875,679419,1,0.6814,-0.03101,0.63721,-1.237,0.084,0.191,non-ergonomis
2026-06-02 15:21:35.419,2297234875,679419,2,0.87524,0.21362,0.78638,-0.336,0.847,1.344,non-ergonomis
2026-06-02 15:21:35.619,2297235075,679619,1,0.67822,-0.03394,0.62329,-1.611,-0.046,-0.466,non-ergonomis
2026-06-02 15:21:35.619,2297235075,679619,2,0.87451,0.20703,0.78247,0.221,1.084,2.26,non-ergonomis
2026-06-02 15:21:35.879,2297235335,679879,1,0.68042,-0.03735,0.63281,-0.557,0.015,-0.244,non-ergonomis
2026-06-02 15:21:35.879,2297235335,679879,2,0.87427,0.20874,0.78076,0.137,0.748,1.473,non-ergonomis
2026-06-02 15:21:36.157,2297235613,680156,1,0.68579,-0.02979,0.62964,-0.618,0.534,0.29,non-ergonomis
2026-06-02 15:21:36.157,2297235613,680156,2,0.87305,0.21973,0.78833,1.008,1.649,1.412,non-ergonomis
2026-06-02 15:21:36.356,2297235812,680356,1,0.68506,-0.03369,0.62988,-1.985,0.489,-0.344,non-ergonomis
2026-06-02 15:21:36.356,2297235812,680356,2,0.87427,0.21094,0.78809,-0.321,1.16,1.603,non-ergonomis
2026-06-02 15:21:36.556,2297236012,680556,1,0.6814,-0.03125,0.63525,-1.71,-0.359,0.229,non-ergonomis
2026-06-02 15:21:36.556,2297236012,680556,2,0.87329,0.21143,0.7937,-1.511,0.511,1.412,non-ergonomis
2026-06-02 15:21:36.775,2297236231,680774,1,0.67603,-0.02808,0.64014,-1.435,0.336,0.427,non-ergonomis
2026-06-02 15:21:36.775,2297236231,680774,2,0.87671,0.21729,0.78516,-2.13,0.763,1.015,non-ergonomis
2026-06-02 15:21:36.975,2297236431,680975,1,0.68652,-0.02686,0.63525,-0.931,0.504,-0.351,non-ergonomis
2026-06-02 15:21:36.975,2297236431,680975,2,0.87622,0.21777,0.79248,0.168,0.84,1.511,non-ergonomis
2026-06-02 15:21:37.175,2297236631,681175,1,0.67627,-0.03003,0.63281,-1.809,-0.092,0.718,non-ergonomis
2026-06-02 15:21:37.175,2297236631,681175,2,0.87329,0.21753,0.78589,-0.267,0.969,1.763,non-ergonomis
2026-06-02 15:21:37.375,2297236831,681375,1,0.6814,-0.02295,0.625,-1.542,-0.008,0.168,non-ergonomis
2026-06-02 15:21:37.375,2297236831,681375,2,0.87573,0.21216,0.79248,0.038,1.046,1.565,non-ergonomis
2026-06-02 15:21:37.575,2297237031,681575,1,0.6875,-0.02637,0.63257,-1.031,0.42,-0.504,non-ergonomis
2026-06-02 15:21:37.575,2297237031,681575,2,0.88086,0.21802,0.78345,0.855,1.298,1.863,non-ergonomis
2026-06-02 15:21:37.775,2297237231,681775,1,0.68311,-0.0271,0.62695,-0.71,0.611,0.015,non-ergonomis
2026-06-02 15:21:37.775,2297237231,681775,2,0.87402,0.21021,0.78979,-1.076,0.901,1.137,non-ergonomis
2026-06-02 15:21:37.003,2297236459,682002,1,0.69165,-0.02515,0.63135,-1.939,-0.45,-0.481,non-ergonomis
2026-06-02 15:21:37.003,2297236459,682002,2,0.87622,0.21558,0.79785,-1.305,1.031,1.221,non-ergonomis
2026-06-02 15:21:38.202,2297237658,682202,1,0.68604,-0.02563,0.61768,-2.771,-0.427,-0.122,non-ergonomis
2026-06-02 15:21:38.202,2297237658,682202,2,0.86816,0.2168,0.78101,-0.344,0.664,1.489,non-ergonomis
2026-06-02 15:21:38.402,2297237858,682402,1,0.68896,-0.02808,0.63379,-0.557,-0.252,-0.321,non-ergonomis
2026-06-02 15:21:38.402,2297237858,682402,2,0.87744,0.20898,0.78711,-1.58,0.038,0.962,non-ergonomis
2026-06-02 15:21:38.602,2297238058,682602,1,0.69385,-0.02344,0.61768,-1.504,-0.557,-0.183,non-ergonomis
2026-06-02 15:21:38.602,2297238058,682602,2,0.87988,0.20972,0.78369,-2.641,0.153,0.878,non-ergonomis
2026-06-02 15:21:38.829,2297238285,682829,1,0.69946,-0.03638,0.61572,-1.595,-0.168,-0.069,non-ergonomis
2026-06-02 15:21:38.829,2297238285,682829,2,0.87988,0.2063,0.78589,0.069,1.924,1.435,non-ergonomis
2026-06-02 15:21:39.078,2297238534,683078,1,0.68799,-0.02637,0.62158,-0.725,1.542,0.153,non-ergonomis
2026-06-02 15:21:39.078,2297238534,683078,2,0.87646,0.20972,0.79028,0.168,0.908,1.985,non-ergonomis
2026-06-02 15:21:39.278,2297238734,683278,1,0.69019,-0.03003,0.63037,-1.458,0.626,0.672,non-ergonomis
2026-06-02 15:21:39.278,2297238734,683278,2,0.88184,0.21289,0.77954,-1.115,0.649,1.458,non-ergonomis
2026-06-02 15:21:39.478,2297238934,683478,1,0.68848,-0.02637,0.63037,-1.008,0.397,-0.389,non-ergonomis
2026-06-02 15:21:39.478,2297238934,683478,2,0.87842,0.20581,0.77808,0.832,0.969,1.679,non-ergonomis
2026-06-02 15:21:39.678,2297239134,683678,1,0.69116,-0.02515,0.61963,-1.382,0.473,0.099,non-ergonomis
2026-06-02 15:21:39.678,2297239134,683678,2,0.87476,0.21729,0.79492,-0.687,0.817,1.359,non-ergonomis
2026-06-02 15:21:39.878,2297239334,683878,1,0.69043,-0.0249,0.62085,-2.58,0.527,0.069,non-ergonomis
2026-06-02 15:21:39.878,2297239334,683878,2,0.87231,0.22339,0.77393,-0.87,1.221,1.405,non-ergonomis
2026-06-02 15:21:40.078,2297239534,684078,1,0.68213,-0.02588,0.62744,-1.397,0.817,-0.107,non-ergonomis
2026-06-02 15:21:40.078,2297239534,684078,2,0.88452,0.21997,0.78271,-2.084,0.924,0.756,non-ergonomis
2026-06-02 15:21:40.278,2297239734,684278,1,0.67749,-0.02637,0.62256,-1.282,1.878,0.733,non-ergonomis
2026-06-02 15:21:40.278,2297239734,684278,2,0.88501,0.21875,0.79126,-1.198,0.618,0.55,non-ergonomis
2026-06-02 15:21:40.478,2297239934,684478,1,0.68408,-0.02075,0.62891,-2.618,-0.931,-0.031,non-ergonomis
2026-06-02 15:21:40.478,2297239934,684478,2,0.87549,0.21411,0.7854,-1.504,0.198,0.954,non-ergonomis
2026-06-02 15:21:40.678,2297240134,684678,1,0.68286,-0.01782,0.63452,-1.962,-0.176,0.42,non-ergonomis
2026-06-02 15:21:40.678,2297240134,684678,2,0.875,0.2168,0.77856,-0.366,0.763,1.557,non-ergonomis
2026-06-02 15:21:40.878,2297240334,684878,1,0.67627,-0.03247,0.62549,-2.099,-0.702,0.229,non-ergonomis
2026-06-02 15:21:40.878,2297240334,684878,2,0.88013,0.21411,0.78003,0.55,0.076,1.595,non-ergonomis
2026-06-02 15:21:41.078,2297240534,685078,1,0.6875,-0.02271,0.62573,-2.588,0.137,0.985,non-ergonomis
2026-06-02 15:21:41.078,2297240534,685078,2,0.87646,0.21777,0.77246,0.672,0.328,3.901,non-ergonomis
2026-06-02 15:21:41.278,2297240734,685278,1,0.70459,-0.0188,0.6106,-10.939,1.42,3.0,non-ergonomis
2026-06-02 15:21:41.278,2297240734,685278,2,0.88647,0.20679,0.77222,-9.122,-0.443,4.122,non-ergonomis
2026-06-02 15:21:41.478,2297240934,685478,1,0.68384,-0.09302,0.62183,-0.405,2.366,-0.313,non-ergonomis
2026-06-02 15:21:41.478,2297240934,685478,2,0.88232,0.18726,0.77417,2.137,1.473,1.786,non-ergonomis
2026-06-02 15:21:41.678,2297241134,685678,1,0.69458,-0.05273,0.63086,-1.198,1.221,0.198,non-ergonomis
2026-06-02 15:21:41.678,2297241134,685678,2,0.8772,0.19507,0.77832,-0.359,1.015,0.687,non-ergonomis
2026-06-02 15:21:41.878,2297241334,685878,1,0.68921,-0.05078,0.62842,-1.435,1.13,0.015,non-ergonomis
2026-06-02 15:21:41.878,2297241334,685878,2,0.88647,0.2063,0.77515,0.427,2.008,1.702,non-ergonomis
2026-06-02 15:21:42.078,2297241534,686078,1,0.68506,-0.06201,0.62671,-2.382,0.634,0.069,non-ergonomis
2026-06-02 15:21:42.078,2297241534,686078,2,0.87866,0.19214,0.78223,-1.046,1.229,1.122,non-ergonomis
2026-06-02 15:21:42.278,2297241734,686278,1,0.67969,-0.06372,0.63623,-1.374,0.198,0.435,non-ergonomis
2026-06-02 15:21:42.278,2297241734,686278,2,0.87939,0.20874,0.78467,-0.214,0.664,1.137,non-ergonomis
2026-06-02 15:21:42.494,2297241950,686494,1,0.6814,-0.06177,0.63257,-1.489,0.244,-0.328,non-ergonomis
2026-06-02 15:21:42.494,2297241950,686494,2,0.88965,0.20215,0.78809,-2.191,0.366,0.786,non-ergonomis
2026-06-02 15:21:42.694,2297242150,686694,1,0.68286,-0.05859,0.63232,-2.031,-0.183,-0.221,non-ergonomis
2026-06-02 15:21:42.694,2297242150,686694,2,0.8811,0.1958,0.79102,-2.748,0.618,0.679,non-ergonomis
2026-06-02 15:21:42.894,2297242350,686894,1,0.67798,-0.06152,0.62402,-1.557,0.023,-0.26,non-ergonomis
2026-06-02 15:21:42.894,2297242350,686894,2,0.88306,0.19897,0.78467,-0.351,0.748,0.985,non-ergonomis
2026-06-02 15:21:43.149,2297242605,687149,1,0.68896,-0.05615,0.63037,-2.137,-0.145,0.031,non-ergonomis
2026-06-02 15:21:43.149,2297242605,687149,2,0.8811,0.20337,0.78369,-1.374,0.305,1.038,non-ergonomis
2026-06-02 15:21:43.581,2297243037,687581,1,0.67871,-0.05908,0.62378,-0.824,0.824,0.084,non-ergonomis
2026-06-02 15:21:43.581,2297243037,687581,2,0.87646,0.20703,0.78979,0.176,1.198,1.679,non-ergonomis
2026-06-02 15:21:43.842,2297243298,687842,1,0.67993,-0.0647,0.62646,-2.206,1.481,-0.313,non-ergonomis
2026-06-02 15:21:43.842,2297243298,687842,2,0.87915,0.21069,0.78833,-0.611,1.214,1.435,non-ergonomis
2026-06-02 15:21:44.286,2297243742,688286,1,0.67944,-0.0625,0.6272,-2.107,0.023,0.435,non-ergonomis
2026-06-02 15:21:44.286,2297243742,688286,2,0.88525,0.20947,0.78369,0.763,0.473,1.099,non-ergonomis
2026-06-02 15:21:44.594,2297244050,688594,1,0.68335,-0.05396,0.62769,-1.565,-0.176,-0.443,non-ergonomis
2026-06-02 15:21:44.594,2297244050,688594,2,0.8877,0.20508,0.7959,0.023,0.618,1.687,non-ergonomis
2026-06-02 15:21:44.960,2297244416,688960,1,0.68042,-0.0481,0.63623,-3.26,0.916,-0.206,non-ergonomis
2026-06-02 15:21:44.960,2297244416,688960,2,0.88062,0.20264,0.79761,0.115,1.931,1.87,non-ergonomis
2026-06-02 15:21:45.324,2297244780,689324,1,0.67236,-0.0686,0.64111,-1.496,0.107,-0.16,non-ergonomis
2026-06-02 15:21:45.324,2297244780,689324,2,0.88379,0.198,0.79541,-1.55,-0.061,0.969,non-ergonomis
2026-06-02 15:21:48.420,2297247876,692420,1,0.68066,-0.05835,0.61914,-1.389,1.084,-0.176,non-ergonomis
2026-06-02 15:21:48.420,2297247876,692420,2,0.87866,0.20264,0.79468,0.206,1.977,2.237,non-ergonomis
2026-06-02 15:21:48.625,2297248081,692625,1,0.67627,-0.05371,0.64233,-2.756,0.939,1.191,non-ergonomis
2026-06-02 15:21:48.625,2297248081,692625,2,0.87305,0.20654,0.79297,0.359,1.397,2.481,non-ergonomis
2026-06-02 15:21:48.825,2297248281,692825,1,0.66992,-0.06128,0.6377,-2.115,0.015,-0.336,non-ergonomis
2026-06-02 15:21:48.825,2297248281,692825,2,0.87549,0.20288,0.79272,-0.443,1.038,1.443,non-ergonomis
2026-06-02 15:21:49.086,2297248542,693086,1,0.67676,-0.05811,0.6355,-1.603,0.29,-0.031,non-ergonomis
2026-06-02 15:21:49.086,2297248542,693086,2,0.88037,0.20239,0.79785,-0.939,0.992,1.13,non-ergonomis
2026-06-02 15:21:49.306,2297248762,693305,1,0.6665,-0.0603,0.63525,-2.092,0.916,-0.489,non-ergonomis
2026-06-02 15:21:49.306,2297248762,693305,2,0.8811,0.20288,0.78442,-0.061,2.252,1.557,non-ergonomis
2026-06-02 15:21:49.505,2297248961,693505,1,0.66992,-0.05762,0.6377,-3.916,0.313,-0.023,non-ergonomis
2026-06-02 15:21:49.505,2297248961,693505,2,0.87036,0.19775,0.80176,-1.191,1.511,1.664,non-ergonomis
2026-06-02 15:21:49.705,2297249161,693705,1,0.66333,-0.06616,0.64233,-1.718,0.359,0.267,non-ergonomis
2026-06-02 15:21:49.705,2297249161,693705,2,0.87646,0.2063,0.79517,-0.053,0.985,1.634,non-ergonomis
2026-06-02 15:21:49.905,2297249361,693905,1,0.66675,-0.06885,0.6377,-2.099,0.053,-0.023,non-ergonomis
2026-06-02 15:21:49.905,2297249361,693905,2,0.8772,0.20435,0.79224,-1.221,0.26,1.252,non-ergonomis
2026-06-02 15:21:50.105,2297249561,694105,1,0.67529,-0.05469,0.63428,-2.031,0.13,-0.534,non-ergonomis
2026-06-02 15:21:50.105,2297249561,694105,2,0.87524,0.21118,0.79199,-0.672,0.573,1.351,non-ergonomis
2026-06-02 15:21:50.305,2297249761,694305,1,0.66797,-0.06982,0.63818,-1.679,-0.305,-0.214,non-ergonomis
2026-06-02 15:21:50.305,2297249761,694305,2,0.8811,0.19946,0.79663,-0.634,0.679,1.176,non-ergonomis
2026-06-02 15:21:50.505,2297249961,694505,1,0.67261,-0.06079,0.62891,-1.832,-0.336,-0.214,non-ergonomis
2026-06-02 15:21:50.505,2297249961,694505,2,0.87573,0.20728,0.78247,-1.511,0.527,0.733,non-ergonomis
2026-06-02 15:21:50.705,2297250161,694705,1,0.6792,-0.06494,0.63257,-1.466,0.076,-0.298,non-ergonomis
2026-06-02 15:21:50.705,2297250161,694705,2,0.87305,0.2041,0.79053,-1.13,0.771,1.389,non-ergonomis
2026-06-02 15:21:50.905,2297250361,694905,1,0.67261,-0.05884,0.63843,-1.855,0.573,-0.237,non-ergonomis
2026-06-02 15:21:50.905,2297250361,694905,2,0.88135,0.2124,0.78418,0.969,1.344,2.046,non-ergonomis
2026-06-02 15:21:51.126,2297250582,695126,1,0.67334,-0.06372,0.63892,-0.916,0.366,0.046,non-ergonomis
2026-06-02 15:21:51.126,2297250582,695126,2,0.87842,0.20557,0.7876,0.878,1.374,1.649,non-ergonomis
2026-06-02 15:21:51.433,2297250889,695433,1,0.67212,-0.05054,0.62769,-0.641,0.527,-0.702,non-ergonomis
2026-06-02 15:21:51.433,2297250889,695433,2,0.87231,0.21069,0.7876,0.527,1.137,0.443,non-ergonomis
2026-06-02 15:21:51.633,2297251089,695633,1,0.6731,-0.04297,0.63428,-0.206,0.809,-0.267,non-ergonomis
2026-06-02 15:21:51.633,2297251089,695633,2,0.87573,0.21948,0.79517,-0.145,1.351,0.977,non-ergonomis
2026-06-02 15:21:51.889,2297251345,695889,1,0.66284,-0.03809,0.64478,-0.565,0.954,-0.244,non-ergonomis
2026-06-02 15:21:51.889,2297251345,695889,2,0.87793,0.21704,0.79395,0.847,1.519,1.26,non-ergonomis
2026-06-02 15:21:52.089,2297251545,696089,1,0.6626,-0.03516,0.64722,-1.107,0.702,0.794,non-ergonomis
2026-06-02 15:21:52.089,2297251545,696089,2,0.87109,0.22046,0.79102,-1.481,0.969,1.42,non-ergonomis
2026-06-02 15:21:52.289,2297251745,696289,1,0.6709,-0.0498,0.64063,-1.748,0.237,0.863,non-ergonomis
2026-06-02 15:21:52.289,2297251745,696289,2,0.87183,0.21924,0.80396,-1.038,0.794,1.748,non-ergonomis
2026-06-02 15:21:52.489,2297251945,696489,1,0.66919,-0.04883,0.63428,-2.748,-0.214,-0.107,non-ergonomis
2026-06-02 15:21:52.489,2297251945,696489,2,0.87451,0.21582,0.79492,-0.817,0.893,1.603,non-ergonomis
2026-06-02 15:21:52.689,2297252145,696689,1,0.67236,-0.03662,0.63062,-0.656,0.603,-0.145,non-ergonomis
2026-06-02 15:21:52.689,2297252145,696689,2,0.87085,0.21191,0.78809,-0.87,0.748,1.618,non-ergonomis
2026-06-02 15:21:52.889,2297252345,696889,1,0.66602,-0.04932,0.64355,-2.145,-0.214,0.122,non-ergonomis
2026-06-02 15:21:52.889,2297252345,696889,2,0.87695,0.22046,0.78418,-2.244,,0.847,non-ergonomis
2026-06-02 15:21:53.095,2297252551,697095,1,0.6709,-0.04932,0.6333,-1.649,0.351,-0.687,non-ergonomis
2026-06-02 15:21:53.095,2297252551,697095,2,0.8667,0.22119,0.79639,-1.863,0.718,0.718,non-ergonomis
2026-06-02 15:21:53.425,2297252881,697425,1,0.67358,-0.04272,0.64307,-1.947,-0.412,-0.107,non-ergonomis
2026-06-02 15:21:53.425,2297252881,697425,2,0.87256,0.21802,0.78589,-1.344,0.527,1.038,non-ergonomis
2026-06-02 15:21:53.625,2297253081,697625,1,0.67017,-0.03931,0.64087,-1.489,-0.229,0.344,non-ergonomis
2026-06-02 15:21:53.625,2297253081,697625,2,0.87817,0.21802,0.79272,-0.84,0.802,1.824,non-ergonomis
2026-06-02 15:21:53.884,2297253340,697884,1,0.67578,-0.04224,0.63696,-1.427,0.359,0.611,non-ergonomis
2026-06-02 15:21:53.884,2297253340,697884,2,0.87305,0.22095,0.79468,-0.588,0.802,1.908,non-ergonomis
2026-06-02 15:21:54.427,2297253883,698427,1,0.66772,-0.04932,0.64233,-1.794,0.008,0.405,non-ergonomis
2026-06-02 15:21:54.427,2297253883,698427,2,0.87964,0.21143,0.79004,-2.084,0.176,1.145,non-ergonomis
2026-06-02 15:21:54.637,2297254093,698637,1,0.67383,-0.0481,0.63696,-1.328,0.405,-0.321,non-ergonomis
2026-06-02 15:21:54.637,2297254093,698637,2,0.87012,0.2146,0.78394,0.16,1.16,1.473,non-ergonomis
2026-06-02 15:21:54.857,2297254313,698857,1,0.6748,-0.05322,0.63843,-1.794,0.771,-0.023,non-ergonomis
2026-06-02 15:21:54.857,2297254313,698857,2,0.86987,0.21436,0.802,-0.504,0.74,1.244,non-ergonomis
2026-06-02 15:21:55.057,2297254513,699057,1,0.67578,-0.04663,0.63525,-1.71,0.214,-0.504,non-ergonomis
2026-06-02 15:21:55.057,2297254513,699057,2,0.87402,0.21118,0.7876,-0.389,1.061,1.511,non-ergonomis
2026-06-02 15:21:55.257,2297254713,699257,1,0.66895,-0.04956,0.63892,-1.252,0.611,-0.153,non-ergonomis
2026-06-02 15:21:55.257,2297254713,699257,2,0.87915,0.21753,0.78833,-1.031,0.954,1.275,non-ergonomis
2026-06-02 15:21:55.510,2297254966,699510,1,0.68091,-0.04956,0.63843,-1.664,0.366,0.389,non-ergonomis
2026-06-02 15:21:55.510,2297254966,699510,2,0.87964,0.20996,0.79395,-0.527,0.779,1.557,non-ergonomis
2026-06-02 15:21:55.710,2297255166,699710,1,0.67627,-0.05127,0.63794,-1.794,0.137,0.366,non-ergonomis
2026-06-02 15:21:55.710,2297255166,699710,2,0.87329,0.21802,0.7854,-2.145,0.382,0.908,non-ergonomis
2026-06-02 15:21:55.970,2297255426,699969,1,0.67383,-0.04272,0.63721,-2.092,0.16,-0.107,non-ergonomis
2026-06-02 15:21:55.970,2297255426,699969,2,0.87891,0.20752,0.78979,-0.962,0.771,1.267,non-ergonomis
2026-06-02 15:21:56.274,2297255730,700274,1,0.68237,-0.05298,0.63379,-1.29,-0.168,-0.702,non-ergonomis
2026-06-02 15:21:56.274,2297255730,700274,2,0.88062,0.21875,0.78174,-1.55,0.603,1.076,non-ergonomis
2026-06-02 15:21:56.523,2297255979,700523,1,0.68359,-0.04102,0.62866,-2.206,-0.275,-0.305,non-ergonomis
2026-06-02 15:21:56.523,2297255979,700523,2,0.87305,0.21289,0.78174,-0.664,1.069,0.924,non-ergonomis
2026-06-02 15:21:56.723,2297256179,700723,1,0.67822,-0.05347,0.63257,-1.374,-0.252,-0.405,non-ergonomis
2026-06-02 15:21:56.723,2297256179,700723,2,0.87646,0.21606,0.80176,-0.565,0.573,1.137,non-ergonomis
2026-06-02 15:21:56.923,2297256379,700923,1,0.68652,-0.03906,0.62939,-1.084,0.473,-0.168,non-ergonomis
2026-06-02 15:21:56.923,2297256379,700923,2,0.87671,0.21411,0.78369,0.206,1.366,1.641,non-ergonomis
2026-06-02 15:21:57.123,2297256579,701123,1,0.6792,-0.04175,0.62695,-1.87,,0.176,non-ergonomis
2026-06-02 15:21:57.123,2297256579,701123,2,0.88086,0.22363,0.79175,-0.473,0.198,2.015,non-ergonomis
2026-06-02 15:21:57.323,2297256779,701323,1,0.68408,-0.04907,0.62915,-2.321,-1.031,-0.031,non-ergonomis
2026-06-02 15:21:57.323,2297256779,701323,2,0.86938,0.22363,0.78101,-2.29,-2.412,1.916,non-ergonomis
2026-06-02 15:21:57.569,2297257025,701569,1,0.68018,-0.03369,0.63599,-3.183,-5.588,-0.031,non-ergonomis
2026-06-02 15:21:57.569,2297257025,701569,2,0.88623,0.21191,0.77832,1.695,-2.893,5.069,non-ergonomis
2026-06-02 15:21:57.769,2297257225,701769,1,0.70483,-0.02881,0.60571,-7.412,-4.389,4.771,non-ergonomis
2026-06-02 15:21:57.769,2297257225,701769,2,0.88281,0.20264,0.75586,-3.695,-3.26,7.786,non-ergonomis
2026-06-02 15:21:57.969,2297257425,701969,1,0.74072,-0.08154,0.57544,-24.718,-3.87,-2.702,non-ergonomis
2026-06-02 15:21:57.969,2297257425,701969,2,0.90552,0.13037,0.73853,-4.153,-3.863,9.382,non-ergonomis
2026-06-02 15:21:58.169,2297257625,702169,1,0.74634,-0.16187,0.55835,-8.275,-2.534,1.458,non-ergonomis
2026-06-02 15:21:58.169,2297257625,702169,2,0.91504,0.14868,0.7168,-3.74,-0.954,4.42,non-ergonomis
2026-06-02 15:21:58.369,2297257825,702369,1,0.70435,-0.14331,0.56641,-8.031,2.916,3.794,non-ergonomis
2026-06-02 15:21:58.369,2297257825,702369,2,0.92212,0.1228,0.74268,2.603,3.351,7.328,non-ergonomis
2026-06-02 15:21:58.575,2297258031,702575,1,0.7229,-0.1875,0.59399,12.351,1.229,7.969,non-ergonomis
2026-06-02 15:21:58.575,2297258031,702575,2,0.91089,0.1123,0.73877,9.947,3.206,2.748,non-ergonomis
2026-06-02 15:21:58.888,2297258344,702888,1,0.72656,-0.12305,0.60547,6.611,2.679,3.863,non-ergonomis
2026-06-02 15:21:58.888,2297258344,702888,2,0.91138,0.11597,0.73047,12.733,5.527,6.824,non-ergonomis
2026-06-02 15:21:59.088,2297258544,703088,1,0.70459,-0.12842,0.60596,2.252,1.244,7.427,non-ergonomis
2026-06-02 15:21:59.088,2297258544,703088,2,0.90015,0.13965,0.75537,1.176,2.084,4.908,non-ergonomis
2026-06-02 15:21:59.288,2297258744,703288,1,0.68433,-0.17456,0.61694,-1.427,1.198,1.023,non-ergonomis
2026-06-02 15:21:59.288,2297258744,703288,2,0.91943,0.11938,0.74731,-7.092,-1.107,-1.275,non-ergonomis
2026-06-02 15:21:59.521,2297258977,703521,1,0.65234,-0.14819,0.63794,-2.664,-1.954,-0.962,non-ergonomis
2026-06-02 15:21:59.521,2297258977,703521,2,0.94312,0.11719,0.74121,-12.443,-5.679,-3.046,non-ergonomis
2026-06-02 15:21:59.721,2297259177,703721,1,0.69922,-0.15674,0.57153,-1.382,-7.252,-0.008,non-ergonomis
2026-06-02 15:21:59.721,2297259177,703721,2,0.91992,0.13306,0.72656,10.672,1.221,-0.221,non-ergonomis
2026-06-02 15:21:59.921,2297259377,703921,1,0.7312,-0.1145,0.58569,11.153,2.023,3.313,non-ergonomis
2026-06-02 15:21:59.921,2297259377,703921,2,0.90381,0.14575,0.73169,-11.992,1.305,-2.076,non-ergonomis
2026-06-02 15:22:00.146,2297259602,704146,1,0.72559,-0.09497,0.61841,-0.733,1.55,-2.313,non-ergonomis
2026-06-02 15:22:00.146,2297259602,704146,2,0.90991,0.12036,0.75073,2.542,3.771,1.855,non-ergonomis
2026-06-02 15:22:00.346,2297259802,704346,1,0.71387,-0.10645,0.59668,-2.076,1.84,-1.611,non-ergonomis
2026-06-02 15:22:00.346,2297259802,704346,2,0.90649,0.1604,0.73828,3.664,6.443,-0.672,non-ergonomis
2026-06-02 15:22:00.556,2297260012,704556,1,0.68823,-0.08716,0.62012,-3.504,2.252,-3.145,non-ergonomis
2026-06-02 15:22:00.556,2297260012,704556,2,0.88623,0.15625,0.75928,-4.969,1.023,-1.481,non-ergonomis
2026-06-02 15:22:00.756,2297260212,704756,1,0.71021,-0.07861,0.61108,-2.137,1.733,-1.45,non-ergonomis
2026-06-02 15:22:00.756,2297260212,704756,2,0.89429,0.1731,0.76514,-0.718,2.656,-2.092,non-ergonomis
2026-06-02 15:22:00.956,2297260412,704956,1,0.68262,-0.07178,0.63086,-0.542,1.122,-2.366,non-ergonomis
2026-06-02 15:22:00.956,2297260412,704956,2,0.88403,0.17603,0.771,-1.489,1.359,0.137,non-ergonomis
2026-06-02 15:22:01.156,2297260612,705156,1,0.70239,-0.0752,0.62036,2.534,3.977,-0.26,non-ergonomis
2026-06-02 15:22:01.156,2297260612,705156,2,0.8855,0.19116,0.76514,0.87,3.893,-0.679,non-ergonomis
2026-06-02 15:22:01.356,2297260812,705356,1,0.68237,-0.03564,0.65186,6.389,3.603,0.389,non-ergonomis
2026-06-02 15:22:01.356,2297260812,705356,2,0.87891,0.198,0.78296,-0.878,3.069,0.481,non-ergonomis
2026-06-02 15:22:01.556,2297261012,705556,1,0.66113,-0.02246,0.65161,-7.542,0.267,-0.519,non-ergonomis
2026-06-02 15:22:01.556,2297261012,705556,2,0.87891,0.19019,0.78833,-11.687,0.893,2.641,non-ergonomis
2026-06-02 15:22:01.790,2297261246,705789,1,0.67041,-0.09033,0.64893,-9.771,3.595,-2.275,non-ergonomis
2026-06-02 15:22:01.790,2297261246,705789,2,0.88892,0.15552,0.80054,-8.779,1.908,1.687,non-ergonomis
2026-06-02 15:22:01.989,2297261445,705989,1,0.6582,-0.09448,0.6377,-4.351,0.328,-1.481,non-ergonomis
2026-06-02 15:22:01.989,2297261445,705989,2,0.87622,0.15771,0.79419,-1.206,1.893,0.511,non-ergonomis
2026-06-02 15:22:02.189,2297261645,706189,1,0.64282,-0.08423,0.63989,-0.427,-0.229,-1.313,non-ergonomis
2026-06-02 15:22:02.189,2297261645,706189,2,0.88062,0.1665,0.80127,-2.229,-1.069,-1.74,non-ergonomis
2026-06-02 15:22:02.411,2297261867,706411,1,0.66699,-0.06299,0.63452,0.076,-1.008,-1.198,non-ergonomis
2026-06-02 15:22:02.411,2297261867,706411,2,0.88428,0.1875,0.79395,0.573,-0.672,-0.58,non-ergonomis
2026-06-02 15:22:02.611,2297262067,706611,1,0.67358,-0.06543,0.62451,-0.908,-1.527,0.015,non-ergonomis
2026-06-02 15:22:02.611,2297262067,706611,2,0.88135,0.19556,0.78882,-2.351,-0.031,-0.092,non-ergonomis
2026-06-02 15:22:02.811,2297262267,706811,1,0.67212,-0.06641,0.63208,-0.718,0.084,0.763,non-ergonomis
2026-06-02 15:22:02.811,2297262267,706811,2,0.87671,0.18604,0.79004,0.198,0.939,0.748,non-ergonomis
2026-06-02 15:22:03.053,2297262509,707053,1,0.67847,-0.06519,0.64014,-0.679,0.893,-0.13,non-ergonomis
2026-06-02 15:22:03.053,2297262509,707053,2,0.88403,0.19238,0.79639,-0.931,0.55,0.924,non-ergonomis
2026-06-02 15:22:03.253,2297262709,707253,1,0.67871,-0.06201,0.63403,-1.84,-0.374,0.13,non-ergonomis
2026-06-02 15:22:03.253,2297262709,707253,2,0.88477,0.2002,0.78516,0.328,0.489,1.573,non-ergonomis
2026-06-02 15:22:03.453,2297262909,707453,1,0.67334,-0.06519,0.63281,-1.603,0.176,-0.053,non-ergonomis
2026-06-02 15:22:03.453,2297262909,707453,2,0.88159,0.19312,0.78345,0.405,1.344,1.519,non-ergonomis
2026-06-02 15:22:03.653,2297263109,707653,1,0.6626,-0.05835,0.65015,-0.252,2.366,1.351,non-ergonomis
2026-06-02 15:22:03.653,2297263109,707653,2,0.8877,0.19043,0.79175,0.229,1.061,1.855,non-ergonomis
2026-06-02 15:22:03.853,2297263309,707853,1,0.67773,-0.06104,0.646,0.802,0.672,0.534,non-ergonomis
2026-06-02 15:22:03.853,2297263309,707853,2,0.88379,0.20898,0.77661,0.046,1.519,1.359,non-ergonomis
2026-06-02 15:22:04.250,2297263706,708250,1,0.66309,-0.07959,0.64087,-2.527,1.313,0.229,non-ergonomis
2026-06-02 15:22:04.250,2297263706,708250,2,0.87964,0.19629,0.78711,-1.42,1.809,1.802,non-ergonomis
2026-06-02 15:22:04.450,2297263906,708450,1,0.66016,-0.07178,0.64502,-1.053,0.809,0.321,non-ergonomis
2026-06-02 15:22:04.450,2297263906,708450,2,0.87866,0.19556,0.78564,0.924,1.58,1.71,non-ergonomis
2026-06-02 15:22:04.650,2297264106,708650,1,0.65527,-0.07031,0.64844,-2.237,-0.023,-0.962,non-ergonomis
2026-06-02 15:22:04.650,2297264106,708650,2,0.88281,0.20557,0.78979,2.084,1.519,2.908,non-ergonomis
2026-06-02 15:22:04.887,2297264343,708887,1,0.66479,-0.0752,0.64038,-8.87,1.496,-2.366,non-ergonomis
2026-06-02 15:22:04.887,2297264343,708887,2,0.86914,0.18652,0.79639,-2.924,3.244,0.412,non-ergonomis
2026-06-02 15:22:05.174,2297264630,709174,1,0.63989,-0.0813,0.65601,-0.847,1.046,0.573,non-ergonomis
2026-06-02 15:22:05.174,2297264630,709174,2,0.88574,0.22192,0.78394,3.198,3.435,2.397,non-ergonomis
2026-06-02 15:22:05.374,2297264830,709374,1,0.65625,-0.05347,0.65112,-2.84,-0.832,-4.679,non-ergonomis
2026-06-02 15:22:05.374,2297264830,709374,2,0.85889,0.18945,0.81396,-8.595,-0.542,3.084,non-ergonomis
2026-06-02 15:22:05.574,2297265030,709574,1,0.6687,-0.11035,0.64771,-4.29,0.328,1.916,non-ergonomis
2026-06-02 15:22:05.574,2297265030,709574,2,0.87207,0.17041,0.80273,-4.443,0.046,0.702,non-ergonomis
2026-06-02 15:22:05.774,2297265230,709774,1,0.66138,-0.09619,0.64185,-2.137,0.466,-2.069,non-ergonomis
2026-06-02 15:22:05.774,2297265230,709774,2,0.87866,0.18335,0.80469,-1.939,-0.153,-1.679,non-ergonomis
2026-06-02 15:22:05.974,2297265430,709974,1,0.66235,-0.0752,0.64258,2.458,-1.473,-0.992,non-ergonomis
2026-06-02 15:22:05.974,2297265430,709974,2,0.87207,0.19922,0.81323,5.924,0.221,1.939,non-ergonomis
2026-06-02 15:22:06.174,2297265630,710174,1,0.67578,-0.052,0.64038,-0.557,-0.649,-1.267,non-ergonomis
2026-06-02 15:22:06.174,2297265630,710174,2,0.87646,0.19727,0.79834,-3.092,0.176,2.634,non-ergonomis
2026-06-02 15:22:06.410,2297265866,710410,1,0.67969,-0.07959,0.61719,-8.802,2.603,0.061,non-ergonomis
2026-06-02 15:22:06.410,2297265866,710410,2,0.8833,0.18164,0.80054,-5.962,1.817,1.916,non-ergonomis
2026-06-02 15:22:06.610,2297266066,710610,1,0.6665,-0.09155,0.63867,-3.053,2.229,-2.557,non-ergonomis
2026-06-02 15:22:06.610,2297266066,710610,2,0.87695,0.18188,0.81104,1.13,1.985,0.802,non-ergonomis
2026-06-02 15:22:06.810,2297266266,710810,1,0.6543,-0.08008,0.6521,-1.305,0.908,-0.374,non-ergonomis
2026-06-02 15:22:06.810,2297266266,710810,2,0.8623,0.19629,0.81494,-0.107,1.763,1.969,non-ergonomis
2026-06-02 15:22:06.018,2297265474,711018,1,0.64868,-0.07397,0.64917,-2.496,0.252,-0.084,non-ergonomis
2026-06-02 15:22:06.018,2297265474,711018,2,0.87158,0.17822,0.80713,-0.962,0.847,2.313,non-ergonomis
2026-06-02 15:22:07.218,2297266674,711218,1,0.65649,-0.08643,0.64941,-2.901,-0.206,0.435,non-ergonomis
2026-06-02 15:22:07.218,2297266674,711218,2,0.8728,0.18262,0.81543,-0.298,0.443,2.817,non-ergonomis
2026-06-02 15:22:07.930,2297267386,711930,1,0.66821,-0.07544,0.63013,-1.023,0.427,-0.183,non-ergonomis
2026-06-02 15:22:07.930,2297267386,711930,2,0.87793,0.18481,0.78882,-1.359,1.214,1.168,non-ergonomis
2026-06-02 15:22:08.168,2297267624,712168,1,0.6665,-0.08057,0.64185,-2.397,0.374,0.328,non-ergonomis
2026-06-02 15:22:08.168,2297267624,712168,2,0.87671,0.17993,0.79688,-1.649,0.595,1.282,non-ergonomis
2026-06-02 15:22:08.368,2297267824,712368,1,0.64429,-0.08667,0.63892,-1.962,-1.511,1.252,non-ergonomis
2026-06-02 15:22:08.368,2297267824,712368,2,0.87646,0.17773,0.80322,-3.267,-1.176,0.74,non-ergonomis
2026-06-02 15:22:08.568,2297268024,712568,1,0.66968,-0.07471,0.63818,-0.924,-0.763,-0.435,non-ergonomis
2026-06-02 15:22:08.568,2297268024,712568,2,0.88623,0.18213,0.79053,-1.542,-0.153,1.015,non-ergonomis
2026-06-02 15:22:08.768,2297268224,712768,1,0.67651,-0.07642,0.62646,-2.29,-0.298,0.336,non-ergonomis
2026-06-02 15:22:08.768,2297268224,712768,2,0.88647,0.18066,0.78589,-1.382,0.824,1.336,non-ergonomis
2026-06-02 15:22:08.968,2297268424,712968,1,0.66992,-0.07593,0.63135,-1.626,-0.076,-0.206,non-ergonomis
2026-06-02 15:22:08.968,2297268424,712968,2,0.88452,0.18091,0.78931,-0.26,1.038,1.542,non-ergonomis
2026-06-02 15:22:09.168,2297268624,713168,1,0.67114,-0.07617,0.63257,-1.267,1.16,0.137,non-ergonomis
2026-06-02 15:22:09.168,2297268624,713168,2,0.87036,0.17676,0.7959,0.931,1.298,2.679,non-ergonomis
2026-06-02 15:22:09.368,2297268824,713368,1,0.66675,-0.09399,0.62207,-2.611,0.565,-0.42,non-ergonomis
2026-06-02 15:22:09.368,2297268824,713368,2,0.87915,0.17993,0.79199,-0.198,0.947,1.191,non-ergonomis
2026-06-02 15:22:09.568,2297269024,713568,1,0.66821,-0.08228,0.6355,-1.374,0.809,-0.588,non-ergonomis
2026-06-02 15:22:09.568,2297269024,713568,2,0.88037,0.18311,0.80005,-0.824,0.588,1.336,non-ergonomis
2026-06-02 15:22:09.768,2297269224,713768,1,0.67114,-0.07886,0.63452,0.389,1.473,-0.58,non-ergonomis
2026-06-02 15:22:09.768,2297269224,713768,2,0.88721,0.18457,0.78467,0.168,1.198,0.42,non-ergonomis
2026-06-02 15:22:09.968,2297269424,713968,1,0.66943,-0.08008,0.6311,-3.832,2.16,0.71,non-ergonomis
2026-06-02 15:22:09.968,2297269424,713968,2,0.8772,0.19043,0.79541,-0.092,2.84,1.679,non-ergonomis
2026-06-02 15:22:10.168,2297269624,714168,1,0.65405,-0.07739,0.62378,-3.16,0.817,-0.58,non-ergonomis
2026-06-02 15:22:10.168,2297269624,714168,2,0.87598,0.17749,0.81445,-0.122,1.832,1.55,non-ergonomis
2026-06-02 15:22:10.368,2297269824,714368,1,0.64966,-0.09863,0.65527,1.565,1.038,0.176,non-ergonomis
2026-06-02 15:22:10.368,2297269824,714368,2,0.87231,0.17969,0.79688,2.0,0.878,0.076,non-ergonomis
2026-06-02 15:22:10.568,2297270024,714568,1,0.66724,-0.06152,0.64307,3.595,-0.336,-1.366,non-ergonomis
2026-06-02 15:22:10.568,2297270024,714568,2,0.8728,0.20825,0.79541,2.038,0.008,-0.061,non-ergonomis
2026-06-02 15:22:10.768,2297270224,714768,1,0.65796,-0.05566,0.64502,-0.244,0.183,-1.061,non-ergonomis
2026-06-02 15:22:10.768,2297270224,714768,2,0.86987,0.20166,0.7937,-1.13,0.275,0.656,non-ergonomis
2026-06-02 15:22:10.968,2297270424,714968,1,0.6604,-0.04688,0.65503,-1.771,-2.046,0.924,non-ergonomis
2026-06-02 15:22:10.968,2297270424,714968,2,0.88062,0.20264,0.79932,-1.458,-0.176,1.198,non-ergonomis
2026-06-02 15:22:11.168,2297270624,715168,1,0.67065,-0.06592,0.64478,0.733,-0.763,0.924,non-ergonomis
2026-06-02 15:22:11.168,2297270624,715168,2,0.87305,0.20093,0.79639,-2.55,-0.252,-0.153,non-ergonomis
2026-06-02 15:22:11.368,2297270824,715368,1,0.67383,-0.04761,0.63599,1.191,-2.298,0.206,non-ergonomis
2026-06-02 15:22:11.368,2297270824,715368,2,0.88428,0.20239,0.78467,-1.046,-1.092,0.328,non-ergonomis
2026-06-02 15:22:11.568,2297271024,715568,1,0.6875,-0.04126,0.62744,-1.214,-0.985,0.969,non-ergonomis
2026-06-02 15:22:11.568,2297271024,715568,2,0.88452,0.21387,0.7793,-1.603,0.336,0.916,non-ergonomis
2026-06-02 15:22:11.768,2297271224,715768,1,0.67871,-0.04663,0.63501,-0.55,0.809,0.153,non-ergonomis
2026-06-02 15:22:11.768,2297271224,715768,2,0.87622,0.20947,0.77661,0.313,1.611,2.084,non-ergonomis
2026-06-02 15:22:11.968,2297271424,715968,1,0.67578,-0.04102,0.62329,-1.695,1.359,0.473,non-ergonomis
2026-06-02 15:22:11.968,2297271424,715968,2,0.87964,0.20239,0.79028,0.092,1.405,1.687,non-ergonomis
2026-06-02 15:22:12.168,2297271624,716168,1,0.68018,-0.05054,0.62842,-0.229,1.137,0.489,non-ergonomis
2026-06-02 15:22:12.168,2297271624,716168,2,0.87207,0.20117,0.78589,-0.076,1.458,1.267,non-ergonomis
2026-06-02 15:22:12.368,2297271824,716368,1,0.68018,-0.03711,0.63428,0.366,1.595,0.55,non-ergonomis
2026-06-02 15:22:12.368,2297271824,716368,2,0.8772,0.2041,0.78003,-0.229,2.153,1.153,non-ergonomis
2026-06-02 15:22:12.568,2297272024,716568,1,0.66211,-0.03955,0.64966,-0.802,0.992,0.595,non-ergonomis
2026-06-02 15:22:12.568,2297272024,716568,2,0.87158,0.20825,0.79736,-0.435,1.366,1.237,non-ergonomis
2026-06-02 15:22:12.768,2297272224,716768,1,0.67188,-0.03979,0.64282,-1.649,0.58,0.191,non-ergonomis
2026-06-02 15:22:12.768,2297272224,716768,2,0.87451,0.21484,0.78784,-0.244,1.092,1.405,non-ergonomis
2026-06-02 15:22:12.968,2297272424,716968,1,0.66895,-0.03784,0.62988,-1.511,0.168,0.214,non-ergonomis
2026-06-02 15:22:12.968,2297272424,716968,2,0.87354,0.2168,0.78442,-0.328,0.878,1.435,non-ergonomis
2026-06-02 15:22:13.168,2297272624,717168,1,0.67505,-0.0354,0.63745,-2.397,-0.046,0.229,non-ergonomis
2026-06-02 15:22:13.168,2297272624,717168,2,0.87402,0.21411,0.7937,-0.504,0.435,1.824,non-ergonomis
2026-06-02 15:22:13.368,2297272824,717368,1,0.66821,-0.04077,0.63818,-2.565,-0.588,1.176,non-ergonomis
2026-06-02 15:22:13.368,2297272824,717368,2,0.87671,0.20874,0.79199,-2.183,0.053,1.473,non-ergonomis
2026-06-02 15:22:13.568,2297273024,717568,1,0.68311,-0.04443,0.63037,-2.16,0.282,0.229,non-ergonomis
2026-06-02 15:22:13.568,2297273024,717568,2,0.87354,0.20459,0.77661,-1.427,0.893,1.26,non-ergonomis
2026-06-02 15:22:13.768,2297273224,717768,1,0.67163,-0.03906,0.63696,-1.359,0.198,0.947,non-ergonomis
2026-06-02 15:22:13.768,2297273224,717768,2,0.87988,0.21655,0.78247,-0.26,0.656,1.954,non-ergonomis
2026-06-02 15:22:13.968,2297273424,717968,1,0.68188,-0.04614,0.62305,-1.702,-0.183,0.252,non-ergonomis
2026-06-02 15:22:13.968,2297273424,717968,2,0.87964,0.2019,0.79175,-1.511,0.916,1.794,non-ergonomis
2026-06-02 15:22:14.168,2297273624,718168,1,0.67822,-0.052,0.63159,-1.809,0.053,0.573,non-ergonomis
2026-06-02 15:22:14.168,2297273624,718168,2,0.87573,0.20752,0.78052,-0.534,0.794,1.366,non-ergonomis
2026-06-02 15:22:14.368,2297273824,718368,1,0.68311,-0.0459,0.625,0.824,0.534,0.618,non-ergonomis
2026-06-02 15:22:14.368,2297273824,718368,2,0.87964,0.21387,0.7771,-0.832,0.511,0.847,non-ergonomis
2026-06-02 15:22:14.568,2297274024,718568,1,0.68188,-0.04224,0.62842,-0.42,0.084,-0.16,non-ergonomis
2026-06-02 15:22:14.568,2297274024,718568,2,0.88403,0.21167,0.7915,-1.145,1.015,0.702,non-ergonomis
2026-06-02 15:22:14.768,2297274224,718768,1,0.67847,-0.03638,0.62817,-2.985,-0.244,-0.863,non-ergonomis
2026-06-02 15:22:14.768,2297274224,718768,2,0.88281,0.21216,0.79102,-1.076,0.473,0.779,non-ergonomis
2026-06-02 15:22:14.968,2297274424,718968,1,0.67993,-0.05029,0.63037,-1.145,0.504,0.603,non-ergonomis
2026-06-02 15:22:14.968,2297274424,718968,2,0.87305,0.21704,0.78418,-0.206,1.046,1.168,non-ergonomis
2026-06-02 15:22:15.168,2297274624,719168,1,0.677,-0.0332,0.63257,-2.489,0.687,-0.802,non-ergonomis
2026-06-02 15:22:15.168,2297274624,719168,2,0.87622,0.21509,0.78809,2.481,1.893,2.115,non-ergonomis
2026-06-02 15:22:15.368,2297274824,719368,1,0.67163,-0.0376,0.62964,-1.267,0.359,0.427,non-ergonomis
2026-06-02 15:22:15.368,2297274824,719368,2,0.88208,0.21948,0.7771,-0.824,0.786,1.382,non-ergonomis
2026-06-02 15:22:15.568,2297275024,719568,1,0.6748,-0.04395,0.63623,-2.397,0.153,0.298,non-ergonomis
2026-06-02 15:22:15.568,2297275024,719568,2,0.87695,0.20239,0.78687,-1.366,0.389,1.947,non-ergonomis
2026-06-02 15:22:15.768,2297275224,719768,1,0.67725,-0.04199,0.63452,-1.977,-0.695,0.824,non-ergonomis
2026-06-02 15:22:15.768,2297275224,719768,2,0.87402,0.21606,0.79321,-0.504,0.481,1.595,non-ergonomis
2026-06-02 15:22:15.968,2297275424,719968,1,0.67334,-0.04077,0.62866,-4.107,-0.588,0.29,non-ergonomis
2026-06-02 15:22:15.968,2297275424,719968,2,0.88062,0.21606,0.79102,1.115,0.321,2.221,non-ergonomis
2026-06-02 15:22:16.168,2297275624,720168,1,0.68579,-0.05908,0.62646,1.473,-0.313,1.237,non-ergonomis
2026-06-02 15:22:16.168,2297275624,720168,2,0.88306,0.22559,0.77271,-0.298,1.603,1.992,non-ergonomis
2026-06-02 15:22:16.368,2297275824,720368,1,0.6853,-0.05664,0.62061,-4.214,0.847,0.389,non-ergonomis
2026-06-02 15:22:16.368,2297275824,720368,2,0.87817,0.20435,0.77515,-2.809,0.71,2.748,non-ergonomis
2026-06-02 15:22:16.568,2297276024,720568,1,0.67163,-0.05933,0.62622,-1.794,-0.313,1.099,non-ergonomis
2026-06-02 15:22:16.568,2297276024,720568,2,0.87183,0.21265,0.78857,-2.641,-0.206,1.603,non-ergonomis
2026-06-02 15:22:16.768,2297276224,720768,1,0.67896,-0.06738,0.62817,-1.29,-0.45,0.473,non-ergonomis
2026-06-02 15:22:16.768,2297276224,720768,2,0.87744,0.21069,0.78589,-1.427,0.122,0.679,non-ergonomis
2026-06-02 15:22:16.968,2297276424,720968,1,0.68311,-0.05835,0.6333,0.092,0.038,-0.954,non-ergonomis
2026-06-02 15:22:16.968,2297276424,720968,2,0.87891,0.2146,0.77808,3.702,1.29,1.191,non-ergonomis
2026-06-02 15:22:17.168,2297276624,721168,1,0.67529,-0.04712,0.63428,-0.221,-2.71,0.832,non-ergonomis
2026-06-02 15:22:17.168,2297276624,721168,2,0.88623,0.20068,0.78809,9.252,-3.115,3.237,non-ergonomis
2026-06-02 15:22:17.368,2297276824,721368,1,0.69019,-0.03613,0.60059,0.832,3.527,-0.977,non-ergonomis
2026-06-02 15:22:17.368,2297276824,721368,2,0.89307,0.22559,0.7688,-19.534,0.939,1.221,non-ergonomis
2026-06-02 15:22:17.568,2297277024,721568,1,0.64893,-0.07446,0.64038,-12.733,6.893,-15.695,non-ergonomis
2026-06-02 15:22:17.568,2297277024,721568,2,0.88867,0.12769,0.78467,-3.985,3.878,-1.557,non-ergonomis
2026-06-02 15:22:17.768,2297277224,721768,1,0.67847,-0.0437,0.63745,4.603,1.153,6.366,non-ergonomis
2026-06-02 15:22:17.768,2297277224,721768,2,0.87305,0.24683,0.78247,-1.427,1.389,-2.969,non-ergonomis
2026-06-02 15:22:17.984,2297277440,721984,1,0.67383,-0.00879,0.64453,-2.344,-1.382,-2.107,non-ergonomis
2026-06-02 15:22:17.984,2297277440,721984,2,0.87256,0.20483,0.79492,-0.076,1.229,3.603,non-ergonomis
2026-06-02 15:22:18.184,2297277640,722184,1,0.6604,-0.04761,0.64502,-2.969,-0.786,0.481,non-ergonomis
2026-06-02 15:22:18.184,2297277640,722184,2,0.87622,0.21191,0.78809,0.336,0.092,1.305,non-ergonomis
2026-06-02 15:22:18.384,2297277840,722384,1,0.6748,-0.03076,0.63013,-1.359,-0.069,-0.176,non-ergonomis
2026-06-02 15:22:18.384,2297277840,722384,2,0.8833,0.20605,0.79395,-0.466,0.74,1.611,non-ergonomis
2026-06-02 15:22:18.584,2297278040,722584,1,0.67627,-0.03564,0.64282,-1.153,0.611,-0.153,non-ergonomis
2026-06-02 15:22:18.584,2297278040,722584,2,0.87036,0.20142,0.78931,0.809,0.855,1.565,non-ergonomis
2026-06-02 15:22:18.784,2297278240,722784,1,0.66821,-0.03784,0.6167,0.053,0.931,0.008,non-ergonomis
2026-06-02 15:22:18.784,2297278240,722784,2,0.87378,0.20703,0.78296,0.863,1.496,0.908,non-ergonomis
2026-06-02 15:22:18.020,2297277476,723020,1,0.66919,-0.01855,0.64893,-0.725,-0.145,0.008,non-ergonomis
2026-06-02 15:22:18.020,2297277476,723020,2,0.87134,0.21167,0.77588,-1.718,0.595,0.664,non-ergonomis
2026-06-02 15:22:19.282,2297278738,723282,1,0.66919,-0.02734,0.65112,-1.71,0.863,-0.626,non-ergonomis
2026-06-02 15:22:19.282,2297278738,723282,2,0.88794,0.2146,0.76855,-7.176,-5.282,4.74,non-ergonomis
2026-06-02 15:22:19.675,2297279131,723674,1,0.65527,-0.02222,0.65576,-5.412,-1.191,-0.26,non-ergonomis
2026-06-02 15:22:19.675,2297279131,723674,2,0.88403,0.16992,0.77612,-2.389,-3.107,1.977,non-ergonomis
2026-06-02 15:22:19.874,2297279330,723874,1,0.7124,-0.07642,0.59985,0.328,-5.641,9.71,non-ergonomis
2026-06-02 15:22:19.874,2297279330,723874,2,0.88452,0.24634,0.74976,-8.893,3.328,0.237,non-ergonomis
2026-06-02 15:22:20.214,2297279670,724214,1,0.65796,-0.04468,0.64429,-7.45,3.725,-4.565,non-ergonomis
2026-06-02 15:22:20.214,2297279670,724214,2,0.87573,0.18652,0.79224,0.351,3.382,3.198,non-ergonomis
2026-06-02 15:22:20.483,2297279939,724483,1,0.66626,-0.06787,0.63794,-3.649,-0.519,-0.916,non-ergonomis
2026-06-02 15:22:20.483,2297279939,724483,2,0.87695,0.20386,0.79419,-3.588,0.527,0.328,non-ergonomis
2026-06-02 15:22:20.683,2297280139,724683,1,0.65381,-0.06665,0.64014,-2.771,0.527,0.748,non-ergonomis
2026-06-02 15:22:20.683,2297280139,724683,2,0.88037,0.21069,0.78149,-0.473,-0.107,1.672,non-ergonomis
2026-06-02 15:22:20.883,2297280339,724883,1,0.66895,-0.0459,0.63916,-2.893,-0.573,-1.87,non-ergonomis
2026-06-02 15:22:20.883,2297280339,724883,2,0.88477,0.20483,0.76953,-4.076,-0.863,0.748,non-ergonomis
2026-06-02 15:22:21.109,2297280565,725109,1,0.67578,-0.05664,0.62988,-1.252,0.878,-0.466,non-ergonomis
2026-06-02 15:22:21.109,2297280565,725109,2,0.88525,0.19385,0.76978,1.458,0.962,0.763,non-ergonomis
2026-06-02 15:22:21.309,2297280765,725309,1,0.66187,-0.06445,0.63062,0.206,0.13,-1.534,non-ergonomis
2026-06-02 15:22:21.309,2297280765,725309,2,0.88818,0.20068,0.77783,-0.931,-0.237,0.16,non-ergonomis
2026-06-02 15:22:21.512,2297280968,725512,1,0.68652,-0.05933,0.62231,-1.916,0.656,-0.099,non-ergonomis
2026-06-02 15:22:21.512,2297280968,725512,2,0.8811,0.2019,0.77124,3.344,2.122,1.466,non-ergonomis
2026-06-02 15:22:21.712,2297281168,725712,1,0.67554,-0.04102,0.6394,0.939,0.061,-0.061,non-ergonomis
2026-06-02 15:22:21.712,2297281168,725712,2,0.88159,0.21265,0.77466,-1.267,0.153,0.969,non-ergonomis
2026-06-02 15:22:21.912,2297281368,725912,1,0.67505,-0.03711,0.62524,-0.565,-0.359,1.389,non-ergonomis
2026-06-02 15:22:21.912,2297281368,725912,2,0.88574,0.22607,0.75513,-2.053,-0.496,2.099,non-ergonomis
2026-06-02 15:22:22.112,2297281568,726112,1,0.67944,-0.05127,0.63281,-3.13,-0.237,-0.794,non-ergonomis
2026-06-02 15:22:22.112,2297281568,726112,2,0.88208,0.21582,0.76929,2.435,0.588,1.565,non-ergonomis
2026-06-02 15:22:22.312,2297281768,726312,1,0.68774,-0.04565,0.61694,0.496,0.244,-1.031,non-ergonomis
2026-06-02 15:22:22.312,2297281768,726312,2,0.8855,0.21338,0.76172,0.198,0.916,0.962,non-ergonomis
2026-06-02 15:22:22.512,2297281968,726512,1,0.68188,-0.052,0.62744,-2.878,0.557,-1.16,non-ergonomis
2026-06-02 15:22:22.512,2297281968,726512,2,0.88159,0.2168,0.77539,1.397,1.733,1.649,non-ergonomis
2026-06-02 15:22:22.712,2297282168,726712,1,0.69263,-0.03149,0.62061,-2.198,0.191,-1.16,non-ergonomis
2026-06-02 15:22:22.712,2297282168,726712,2,0.88916,0.20874,0.76123,-1.137,0.916,1.847,non-ergonomis
2026-06-02 15:22:22.912,2297282368,726912,1,0.68311,-0.04346,0.62964,-1.496,0.656,-0.031,non-ergonomis
2026-06-02 15:22:22.912,2297282368,726912,2,0.88525,0.21216,0.77856,-0.382,1.061,1.153,non-ergonomis
2026-06-02 15:22:23.112,2297282568,727112,1,0.69092,-0.03613,0.62085,-0.885,0.489,-0.557,non-ergonomis
2026-06-02 15:22:23.112,2297282568,727112,2,0.8811,0.21289,0.77246,-2.229,0.313,0.534,non-ergonomis
2026-06-02 15:22:23.370,2297282826,727370,1,0.69336,-0.03296,0.62524,-0.008,0.725,-0.015,non-ergonomis
2026-06-02 15:22:23.370,2297282826,727370,2,0.88232,0.21753,0.7644,-1.344,0.771,0.427,non-ergonomis
2026-06-02 15:22:23.570,2297283026,727570,1,0.68359,-0.03833,0.62866,2.45,1.618,1.588,non-ergonomis
2026-06-02 15:22:23.570,2297283026,727570,2,0.8667,0.23584,0.77686,4.824,2.489,1.58,non-ergonomis
2026-06-02 15:22:23.770,2297283226,727770,1,0.68604,-0.01196,0.62671,-0.496,4.71,-1.802,non-ergonomis
2026-06-02 15:22:23.770,2297283226,727770,2,0.88867,0.22388,0.76489,-2.206,2.252,1.519,non-ergonomis
2026-06-02 15:22:23.970,2297283426,727970,1,0.66187,-0.02686,0.63843,-3.344,1.252,0.046,non-ergonomis
2026-06-02 15:22:23.970,2297283426,727970,2,0.8855,0.22559,0.78003,-2.931,-2.847,2.74,non-ergonomis
2026-06-02 15:22:24.170,2297283626,728170,1,0.68774,0.00146,0.61328,0.458,0.168,4.214,non-ergonomis
2026-06-02 15:22:24.170,2297283626,728170,2,0.86377,0.29517,0.7688,-2.214,4.603,2.985,non-ergonomis
2026-06-02 15:22:24.370,2297283826,728370,1,0.65234,-0.03589,0.65503,-7.954,8.366,-13.099,non-ergonomis
2026-06-02 15:22:24.370,2297283826,728370,2,0.87109,0.16504,0.80615,-6.885,6.023,-2.939,non-ergonomis
2026-06-02 15:22:24.570,2297284026,728570,1,0.63892,-0.00537,0.67456,-2.824,1.26,4.099,non-ergonomis
2026-06-02 15:22:24.570,2297284026,728570,2,0.84546,0.27222,0.80615,1.84,2.527,-2.511,non-ergonomis
2026-06-02 15:22:24.832,2297284288,728832,1,0.65527,0.01196,0.67041,3.359,0.29,-1.626,non-ergonomis
2026-06-02 15:22:24.832,2297284288,728832,2,0.8606,0.23486,0.81982,-0.351,0.298,2.13,non-ergonomis
2026-06-02 15:22:25.179,2297284635,729178,1,0.65063,-0.00024,0.65894,-3.305,-0.855,-1.198,non-ergonomis
2026-06-02 15:22:25.179,2297284635,729178,2,0.8689,0.24683,0.80737,-1.0,-0.229,2.137,non-ergonomis
2026-06-02 15:22:25.378,2297284834,729378,1,0.64624,0.00732,0.67188,-1.809,-1.542,0.969,non-ergonomis
2026-06-02 15:22:25.378,2297284834,729378,2,0.87012,0.23145,0.81396,-5.244,-4.557,4.511,non-ergonomis
2026-06-02 15:22:25.771,2297285227,729771,1,0.67578,-0.01929,0.63599,-2.702,-5.626,7.901,non-ergonomis
2026-06-02 15:22:25.771,2297285227,729771,2,0.8999,0.20898,0.76123,12.046,0.916,6.221,non-ergonomis
2026-06-02 15:22:25.971,2297285427,729971,1,0.67188,-0.01147,0.64673,-0.321,1.443,0.313,non-ergonomis
2026-06-02 15:22:25.971,2297285427,729971,2,0.87744,0.23071,0.77295,-9.359,1.908,2.321,non-ergonomis
2026-06-02 15:22:26.171,2297285627,730171,1,0.65112,-0.06714,0.65063,-9.122,5.069,-6.748,non-ergonomis
2026-06-02 15:22:26.171,2297285627,730171,2,0.88232,0.15747,0.78857,-7.168,3.023,1.107,non-ergonomis
2026-06-02 15:22:26.371,2297285827,730371,1,0.66016,-0.06641,0.65527,1.672,1.954,4.809,non-ergonomis
2026-06-02 15:22:26.371,2297285827,730371,2,0.86963,0.22241,0.79761,-1.725,1.947,-1.382,non-ergonomis
2026-06-02 15:22:26.650,2297286106,730650,1,0.64917,-0.04297,0.65259,-1.45,0.038,-1.13,non-ergonomis
2026-06-02 15:22:26.650,2297286106,730650,2,0.86963,0.22388,0.79614,-1.466,0.718,0.389,non-ergonomis
2026-06-02 15:22:26.988,2297286444,730987,1,0.65332,-0.03027,0.64697,-0.557,0.84,-1.55,non-ergonomis
2026-06-02 15:22:26.988,2297286444,730987,2,0.86572,0.21704,0.79907,-0.473,1.061,0.359,non-ergonomis
2026-06-02 15:22:27.187,2297286643,731187,1,0.64478,-0.02759,0.6543,-0.382,0.664,-0.015,non-ergonomis
2026-06-02 15:22:27.187,2297286643,731187,2,0.86938,0.21558,0.80713,-0.786,1.099,0.511,non-ergonomis
2026-06-02 15:22:27.387,2297286843,731387,1,0.6499,-0.02173,0.6626,-1.473,0.229,-0.779,non-ergonomis
2026-06-02 15:22:27.387,2297286843,731387,2,0.87354,0.21753,0.80103,-0.863,1.0,1.519,non-ergonomis
2026-06-02 15:22:27.620,2297287076,731620,1,0.64673,-0.02466,0.65112,-1.908,0.107,0.168,non-ergonomis
2026-06-02 15:22:27.620,2297287076,731620,2,0.87134,0.22339,0.80566,-1.145,0.756,1.298,non-ergonomis
2026-06-02 15:22:27.820,2297287276,731820,1,0.64722,-0.03442,0.65991,-1.305,-0.092,0.198,non-ergonomis
2026-06-02 15:22:27.820,2297287276,731820,2,0.86157,0.21118,0.80103,-2.168,0.695,0.893,non-ergonomis
2026-06-02 15:22:27.020,2297286476,732020,1,0.64893,-0.01538,0.65625,-1.481,-0.145,0.824,non-ergonomis
2026-06-02 15:22:27.020,2297286476,732020,2,0.86279,0.22803,0.7981,-0.481,0.565,1.481,non-ergonomis
2026-06-02 15:22:28.220,2297287676,732220,1,0.64844,-0.02905,0.65015,-1.511,-0.458,-0.405,non-ergonomis
2026-06-02 15:22:28.220,2297287676,732220,2,0.86719,0.2229,0.80225,-1.328,0.336,1.336,non-ergonomis
2026-06-02 15:22:28.420,2297287876,732420,1,0.65674,-0.02612,0.65063,-1.71,-0.176,-0.069,non-ergonomis
2026-06-02 15:22:28.420,2297287876,732420,2,0.87012,0.22339,0.80249,-0.389,0.557,1.481,non-ergonomis
2026-06-02 15:22:28.620,2297288076,732620,1,0.65771,-0.02612,0.65869,-1.214,0.458,0.107,non-ergonomis
2026-06-02 15:22:28.620,2297288076,732620,2,0.86963,0.21729,0.80078,0.305,1.069,1.733,non-ergonomis
2026-06-02 15:22:28.928,2297288384,732928,1,0.65601,-0.02173,0.65161,-1.908,0.29,-0.015,non-ergonomis
2026-06-02 15:22:28.928,2297288384,732928,2,0.86816,0.22485,0.7981,0.115,1.191,1.603,non-ergonomis
2026-06-02 15:22:29.128,2297288584,733128,1,0.64868,-0.03418,0.65063,-1.58,0.221,-0.328,non-ergonomis
2026-06-02 15:22:29.128,2297288584,733128,2,0.87061,0.21875,0.80493,-0.672,0.901,1.374,non-ergonomis
2026-06-02 15:22:29.336,2297288792,733336,1,0.65137,-0.02344,0.65161,-1.611,0.458,-0.107,non-ergonomis
2026-06-02 15:22:29.336,2297288792,733336,2,0.86426,0.21899,0.80176,-0.71,0.969,1.069,non-ergonomis
2026-06-02 15:22:29.536,2297288992,733536,1,0.65381,-0.01758,0.66138,-1.107,0.855,-0.137,non-ergonomis
2026-06-02 15:22:29.536,2297288992,733536,2,0.87012,0.23047,0.79517,-0.458,0.954,1.527,non-ergonomis
2026-06-02 15:22:29.739,2297289195,733739,1,0.65503,-0.021,0.65845,-2.099,-0.015,-0.023,non-ergonomis
2026-06-02 15:22:29.739,2297289195,733739,2,0.86401,0.22388,0.80688,-0.71,0.802,1.366,non-ergonomis
2026-06-02 15:22:29.939,2297289395,733939,1,0.65454,-0.01953,0.65332,-1.985,0.122,0.122,non-ergonomis
2026-06-02 15:22:29.939,2297289395,733939,2,0.86987,0.22339,0.80029,-1.229,0.519,1.305,non-ergonomis
2026-06-02 15:22:30.139,2297289595,734139,1,0.64771,-0.01953,0.64722,-1.748,0.107,0.198,non-ergonomis
2026-06-02 15:22:30.139,2297289595,734139,2,0.86816,0.22266,0.80542,-0.573,1.122,1.481,non-ergonomis
2026-06-02 15:22:30.339,2297289795,734339,1,0.65991,-0.01367,0.64526,-1.916,0.275,0.229,non-ergonomis
2026-06-02 15:22:30.339,2297289795,734339,2,0.87598,0.22339,0.79858,-0.504,1.046,1.412,non-ergonomis
2026-06-02 15:22:30.541,2297289997,734541,1,0.65283,-0.02539,0.65356,-1.565,0.252,0.16,non-ergonomis
2026-06-02 15:22:30.541,2297289997,734541,2,0.86353,0.22681,0.80176,-1.504,0.366,0.893,non-ergonomis
2026-06-02 15:22:30.834,2297290290,734834,1,0.6582,-0.02954,0.65552,-1.496,0.145,-0.237,non-ergonomis
2026-06-02 15:22:30.834,2297290290,734834,2,0.86816,0.22998,0.79858,-0.443,0.565,1.13,non-ergonomis
2026-06-02 15:22:31.034,2297290490,735034,1,0.66089,-0.02539,0.64795,-1.74,0.389,-0.26,non-ergonomis
2026-06-02 15:22:31.034,2297290490,735034,2,0.86719,0.22485,0.79517,-0.779,0.557,1.382,non-ergonomis
2026-06-02 15:22:31.234,2297290690,735234,1,0.65381,-0.02271,0.64795,-1.718,0.069,-0.183,non-ergonomis
2026-06-02 15:22:31.234,2297290690,735234,2,0.86719,0.21729,0.80103,-1.023,0.893,1.496,non-ergonomis
2026-06-02 15:22:31.542,2297290998,735542,1,0.66211,-0.02344,0.65332,-2.191,-0.16,-0.672,non-ergonomis
2026-06-02 15:22:31.542,2297290998,735542,2,0.86938,0.22461,0.78833,-1.282,0.366,1.351,non-ergonomis
2026-06-02 15:22:31.742,2297291198,735742,1,0.66089,-0.02588,0.63843,-2.221,-0.573,-0.023,non-ergonomis
2026-06-02 15:22:31.742,2297291198,735742,2,0.87109,0.22632,0.79297,-0.435,0.695,1.145,non-ergonomis
2026-06-02 15:22:31.942,2297291398,735942,1,0.65967,-0.02002,0.64331,-1.466,0.298,-0.046,non-ergonomis
2026-06-02 15:22:31.942,2297291398,735942,2,0.87573,0.22754,0.78784,-1.092,0.45,1.496,non-ergonomis
2026-06-02 15:22:32.183,2297291639,736183,1,0.66333,-0.02417,0.64575,-1.794,0.672,-0.435,non-ergonomis
2026-06-02 15:22:32.183,2297291639,736183,2,0.8689,0.22046,0.79956,0.122,0.817,1.382,non-ergonomis
2026-06-02 15:22:32.671,2297292127,736671,1,0.65698,-0.01904,0.64624,-1.038,0.229,-0.305,non-ergonomis
2026-06-02 15:22:32.671,2297292127,736671,2,0.86621,0.23779,0.79028,-0.313,0.916,0.733,non-ergonomis
2026-06-02 15:22:32.871,2297292327,736871,1,0.6543,-0.0105,0.64673,-0.611,0.664,-0.725,non-ergonomis
2026-06-02 15:22:32.871,2297292327,736871,2,0.87476,0.2417,0.7915,-0.366,1.13,1.29,non-ergonomis
2026-06-02 15:22:33.071,2297292527,737071,1,0.65479,-0.00415,0.63989,-1.626,0.87,-0.305,non-ergonomis
2026-06-02 15:22:33.071,2297292527,737071,2,0.86499,0.2356,0.79517,-0.695,1.244,1.809,non-ergonomis
2026-06-02 15:22:33.271,2297292727,737271,1,0.65039,-0.01392,0.64624,-1.847,0.214,-0.198,non-ergonomis
2026-06-02 15:22:33.271,2297292727,737271,2,0.86841,0.23364,0.79443,-1.191,0.58,1.855,non-ergonomis
2026-06-02 15:22:33.471,2297292927,737471,1,0.65454,-0.01587,0.64673,-3.87,1.931,0.107,non-ergonomis
2026-06-02 15:22:33.471,2297292927,737471,2,0.87158,0.22778,0.80029,-1.176,1.122,1.168,non-ergonomis
2026-06-02 15:22:33.671,2297293127,737671,1,0.65503,-0.01978,0.65649,-3.809,0.603,-0.137,non-ergonomis
2026-06-02 15:22:33.671,2297293127,737671,2,0.86938,0.23779,0.7915,-1.237,0.55,1.198,non-ergonomis
2026-06-02 15:22:33.871,2297293327,737871,1,0.64893,-0.02173,0.64966,-3.122,-0.397,-0.504,non-ergonomis
2026-06-02 15:22:33.871,2297293327,737871,2,0.87793,0.23315,0.78955,-1.069,1.115,2.053,non-ergonomis
2026-06-02 15:22:34.071,2297293527,738071,1,0.65259,-0.02734,0.64771,-2.618,-0.947,0.534,non-ergonomis
2026-06-02 15:22:34.071,2297293527,738071,2,0.87598,0.22876,0.78149,-1.786,0.13,1.878,non-ergonomis
2026-06-02 15:22:34.271,2297293727,738271,1,0.66284,-0.02441,0.65747,-3.366,-1.198,-0.183,non-ergonomis
2026-06-02 15:22:34.271,2297293727,738271,2,0.87842,0.21948,0.79321,-1.527,0.237,1.916,non-ergonomis
2026-06-02 15:22:34.550,2297294006,738550,1,0.66431,-0.02832,0.63916,-0.916,0.023,-0.504,non-ergonomis
2026-06-02 15:22:34.550,2297294006,738550,2,0.87866,0.22339,0.7793,-1.344,0.802,1.336,non-ergonomis
2026-06-02 15:22:34.750,2297294206,738750,1,0.6626,-0.03076,0.65308,-1.885,0.962,-0.023,non-ergonomis
2026-06-02 15:22:34.750,2297294206,738750,2,0.87036,0.22144,0.78979,-0.435,1.115,1.214,non-ergonomis
2026-06-02 15:22:34.950,2297294406,738950,1,0.66431,-0.02588,0.64453,-0.229,0.29,-0.122,non-ergonomis
2026-06-02 15:22:34.950,2297294406,738950,2,0.87354,0.22632,0.78979,-0.122,1.183,1.901,non-ergonomis
2026-06-02 15:22:35.150,2297294606,739150,1,0.66113,-0.01929,0.64722,-1.389,0.084,0.076,non-ergonomis
2026-06-02 15:22:35.150,2297294606,739150,2,0.87866,0.22485,0.78418,-1.229,0.824,1.382,non-ergonomis
2026-06-02 15:22:35.350,2297294806,739350,1,0.66895,-0.01782,0.64624,-0.832,-0.351,0.931,non-ergonomis
2026-06-02 15:22:35.350,2297294806,739350,2,0.87476,0.22119,0.7937,-0.924,0.855,1.954,non-ergonomis
2026-06-02 15:22:35.586,2297295042,739585,1,0.66455,-0.03149,0.64722,-1.351,0.771,0.931,non-ergonomis
2026-06-02 15:22:35.586,2297295042,739585,2,0.87817,0.22388,0.78955,-1.107,0.656,1.321,non-ergonomis
2026-06-02 15:22:35.785,2297295241,739785,1,0.66626,-0.02661,0.64429,-1.527,0.817,0.985,non-ergonomis
2026-06-02 15:22:35.785,2297295241,739785,2,0.87061,0.22192,0.7915,-0.252,0.763,1.802,non-ergonomis
2026-06-02 15:22:35.985,2297295441,739985,1,0.66797,-0.02515,0.64453,-2.0,0.412,0.168,non-ergonomis
2026-06-02 15:22:35.985,2297295441,739985,2,0.87134,0.22705,0.79102,0.802,1.183,2.229,non-ergonomis
2026-06-02 15:22:36.185,2297295641,740185,1,0.66846,-0.02393,0.64453,-0.649,0.405,-0.527,non-ergonomis
2026-06-02 15:22:36.185,2297295641,740185,2,0.87744,0.22778,0.78955,-0.435,1.16,1.397,non-ergonomis
2026-06-02 15:22:36.385,2297295841,740385,1,0.6626,-0.03027,0.64185,-1.435,0.023,-0.305,non-ergonomis
2026-06-02 15:22:36.385,2297295841,740385,2,0.87671,0.22998,0.79883,-1.45,0.267,0.542,non-ergonomis
2026-06-02 15:22:36.585,2297296041,740585,1,0.66846,-0.01099,0.63843,-1.229,0.084,-0.092,non-ergonomis
2026-06-02 15:22:36.585,2297296041,740585,2,0.87622,0.229,0.78125,-0.076,0.771,1.389,non-ergonomis
2026-06-02 15:22:36.785,2297296241,740785,1,0.66309,-0.02515,0.64136,-1.695,0.031,-0.115,non-ergonomis
2026-06-02 15:22:36.785,2297296241,740785,2,0.86768,0.2334,0.78638,-0.427,1.0,1.405,non-ergonomis
2026-06-02 15:22:36.985,2297296441,740985,1,0.66968,-0.01758,0.65063,-2.061,0.473,-0.198,non-ergonomis
2026-06-02 15:22:36.985,2297296441,740985,2,0.87573,0.22778,0.7937,-0.313,0.771,1.405,non-ergonomis
2026-06-02 15:22:37.185,2297296641,741185,1,0.65723,-0.0271,0.64478,-1.366,0.779,0.099,non-ergonomis
2026-06-02 15:22:37.185,2297296641,741185,2,0.87061,0.22925,0.78662,-0.069,1.137,1.435,non-ergonomis
2026-06-02 15:22:37.385,2297296841,741385,1,0.66235,-0.01538,0.64502,-2.565,-0.061,-0.061,non-ergonomis
2026-06-02 15:22:37.385,2297296841,741385,2,0.87207,0.22632,0.78687,-1.29,0.366,1.221,non-ergonomis
2026-06-02 15:22:37.585,2297297041,741585,1,0.66504,-0.02197,0.63623,-1.863,-0.092,-0.023,non-ergonomis
2026-06-02 15:22:37.585,2297297041,741585,2,0.86987,0.22192,0.79321,-0.87,0.824,1.427,non-ergonomis
2026-06-02 15:22:37.785,2297297241,741785,1,0.67358,-0.0271,0.64746,-1.45,0.183,-0.061,non-ergonomis
2026-06-02 15:22:37.785,2297297241,741785,2,0.87207,0.23828,0.77832,-0.855,0.748,1.359,non-ergonomis
2026-06-02 15:22:37.986,2297297442,741986,1,0.67017,-0.02783,0.63721,-2.45,-0.511,-0.084,non-ergonomis
2026-06-02 15:22:37.986,2297297442,741986,2,0.87744,0.22681,0.78687,-1.374,0.733,1.183,non-ergonomis
2026-06-02 15:22:38.217,2297297673,742217,1,0.67285,-0.02588,0.63892,-1.985,,-0.519,non-ergonomis
2026-06-02 15:22:38.217,2297297673,742217,2,0.87549,0.22729,0.78394,-1.481,1.008,1.282,non-ergonomis
2026-06-02 15:22:38.443,2297297899,742443,1,0.6731,-0.0249,0.64038,-2.29,0.221,-0.107,non-ergonomis
2026-06-02 15:22:38.443,2297297899,742443,2,0.87354,0.22998,0.78833,-1.748,0.626,1.435,non-ergonomis
2026-06-02 15:22:38.643,2297298099,742643,1,0.67212,-0.01685,0.6394,-2.023,1.168,0.183,non-ergonomis
2026-06-02 15:22:38.643,2297298099,742643,2,0.87231,0.2251,0.78247,0.099,1.466,1.924,non-ergonomis
2026-06-02 15:22:38.843,2297298299,742843,1,0.66797,-0.03394,0.64185,-1.756,0.977,0.168,non-ergonomis
2026-06-02 15:22:38.843,2297298299,742843,2,0.87451,0.2312,0.78052,-0.374,0.87,1.664,non-ergonomis
2026-06-02 15:22:41.393,2297300849,745393,1,0.66626,-0.0271,0.64404,-2.542,-0.214,-0.229,non-ergonomis
2026-06-02 15:22:41.393,2297300849,745393,2,0.87671,0.22607,0.78271,-1.351,0.603,1.237,non-ergonomis
2026-06-02 15:22:41.593,2297301049,745593,1,0.66919,-0.0293,0.64038,-1.069,0.26,-0.229,non-ergonomis
2026-06-02 15:22:41.593,2297301049,745593,2,0.87646,0.23022,0.78613,-1.229,0.763,1.206,non-ergonomis
2026-06-02 15:22:41.793,2297301249,745793,1,0.67822,-0.03003,0.63477,-2.206,-0.321,-0.336,non-ergonomis
2026-06-02 15:22:41.793,2297301249,745793,2,0.86938,0.23022,0.78735,-1.198,0.878,1.26,non-ergonomis
2026-06-02 15:22:42.105,2297301561,746105,1,0.67798,-0.03296,0.64429,-1.42,0.031,-0.504,non-ergonomis
2026-06-02 15:22:42.105,2297301561,746105,2,0.88013,0.23486,0.7832,-0.618,0.656,1.344,non-ergonomis
2026-06-02 15:22:42.324,2297301780,746324,1,0.67773,-0.02466,0.63745,-1.626,1.206,0.031,non-ergonomis
2026-06-02 15:22:42.324,2297301780,746324,2,0.87134,0.22339,0.78735,-0.42,1.031,1.534,non-ergonomis
2026-06-02 15:22:42.524,2297301980,746524,1,0.67554,-0.02295,0.64258,-2.336,0.763,0.275,non-ergonomis
2026-06-02 15:22:42.524,2297301980,746524,2,0.87402,0.229,0.7793,-1.282,0.206,1.29,non-ergonomis
2026-06-02 15:22:45.198,2297304654,749198,1,0.67847,-0.02393,0.63501,-1.748,0.115,0.115,non-ergonomis
2026-06-02 15:22:45.198,2297304654,749198,2,0.87695,0.23242,0.78174,-2.053,0.466,1.321,non-ergonomis
2026-06-02 15:22:45.398,2297304854,749398,1,0.68188,-0.0271,0.62866,-1.664,-0.168,-0.084,non-ergonomis
2026-06-02 15:22:45.398,2297304854,749398,2,0.87842,0.2312,0.78247,-0.863,0.802,1.221,non-ergonomis
2026-06-02 15:22:45.598,2297305054,749598,1,0.67798,-0.02954,0.64111,-1.214,0.992,-0.046,non-ergonomis
2026-06-02 15:22:45.598,2297305054,749598,2,0.87573,0.22778,0.77344,-0.481,1.137,1.298,non-ergonomis
2026-06-02 15:22:45.798,2297305254,749798,1,0.6665,-0.02808,0.64502,-1.069,1.137,0.107,non-ergonomis
2026-06-02 15:22:45.798,2297305254,749798,2,0.8772,0.23511,0.78198,-0.74,0.863,1.359,non-ergonomis
2026-06-02 15:22:46.050,2297305506,750049,1,0.67041,-0.02759,0.64551,-1.496,0.481,0.031,non-ergonomis
2026-06-02 15:22:46.050,2297305506,750049,2,0.87354,0.23145,0.77881,-0.519,0.802,1.588,non-ergonomis
2026-06-02 15:22:46.290,2297305746,750290,1,0.6709,-0.0249,0.63745,-1.817,0.405,0.26,non-ergonomis
2026-06-02 15:22:46.290,2297305746,750290,2,0.87402,0.23486,0.78076,-0.557,1.053,1.344,non-ergonomis
2026-06-02 15:22:46.490,2297305946,750490,1,0.68018,-0.02368,0.62964,-2.435,0.237,,non-ergonomis
2026-06-02 15:22:46.490,2297305946,750490,2,0.875,0.22949,0.78906,-1.74,0.779,1.275,non-ergonomis
2026-06-02 15:22:46.690,2297306146,750690,1,0.66772,-0.02222,0.63599,-1.939,0.206,-0.321,non-ergonomis
2026-06-02 15:22:46.690,2297306146,750690,2,0.87695,0.22461,0.78149,-0.771,0.794,1.504,non-ergonomis
2026-06-02 15:22:46.890,2297306346,750890,1,0.67603,-0.02124,0.63599,-1.733,0.107,-0.374,non-ergonomis
2026-06-02 15:22:46.890,2297306346,750890,2,0.87891,0.23438,0.77466,-0.557,1.076,1.573,non-ergonomis
2026-06-02 15:22:47.090,2297306546,751090,1,0.66406,-0.02686,0.6394,-1.802,0.053,0.237,non-ergonomis
2026-06-02 15:22:47.090,2297306546,751090,2,0.87451,0.23779,0.78149,-2.176,-1.29,3.817,non-ergonomis
2026-06-02 15:22:47.307,2297306763,751307,1,0.64502,-0.0376,0.63672,-13.214,-1.534,-7.351,non-ergonomis
2026-06-02 15:22:47.307,2297306763,751307,2,0.8999,0.1665,0.76245,8.641,-3.763,4.305,non-ergonomis
2026-06-02 15:22:47.526,2297306982,751526,1,0.71143,-0.04736,0.62256,7.542,-5.481,12.183,non-ergonomis
2026-06-02 15:22:47.526,2297306982,751526,2,0.90039,0.26099,0.72632,7.473,0.466,4.061,non-ergonomis
2026-06-02 15:22:47.726,2297307182,751726,1,0.71802,-0.03027,0.60254,-4.42,-0.832,-1.084,non-ergonomis
2026-06-02 15:22:47.726,2297307182,751726,2,0.90381,0.20776,0.74902,-5.053,,3.702,non-ergonomis
2026-06-02 15:22:47.926,2297307382,751926,1,0.69043,-0.0625,0.62695,-8.366,1.008,-3.74,non-ergonomis
2026-06-02 15:22:47.926,2297307382,751926,2,0.9021,0.16187,0.73071,-2.137,-0.321,1.977,non-ergonomis
2026-06-02 15:22:48.126,2297307582,752126,1,0.70532,-0.06836,0.6123,-3.053,0.053,1.969,non-ergonomis
2026-06-02 15:22:48.126,2297307582,752126,2,0.89038,0.20508,0.74341,-6.137,1.45,1.969,non-ergonomis
2026-06-02 15:22:48.331,2297307787,752331,1,0.69263,-0.06958,0.61987,-5.924,3.145,-6.42,non-ergonomis
2026-06-02 15:22:48.331,2297307787,752331,2,0.8999,0.15698,0.75708,-5.45,2.198,0.573,non-ergonomis
2026-06-02 15:22:48.531,2297307987,752531,1,0.69824,-0.09009,0.61133,-2.183,-1.977,2.489,non-ergonomis
2026-06-02 15:22:48.531,2297307987,752531,2,0.89551,0.20972,0.76025,-1.58,0.45,-0.611,non-ergonomis
2026-06-02 15:22:48.754,2297308210,752754,1,0.69678,-0.05786,0.61426,-0.954,-0.374,-0.084,non-ergonomis
2026-06-02 15:22:48.754,2297308210,752754,2,0.8999,0.19995,0.76465,-0.328,0.702,1.901,non-ergonomis
2026-06-02 15:22:48.954,2297308410,752954,1,0.70044,-0.07666,0.60718,-0.939,0.275,1.641,non-ergonomis
2026-06-02 15:22:48.954,2297308410,752954,2,0.8938,0.18604,0.74536,0.832,1.618,1.84,non-ergonomis
2026-06-02 15:22:49.154,2297308610,753154,1,0.69971,-0.07861,0.60913,-0.29,0.931,-0.115,non-ergonomis
2026-06-02 15:22:49.154,2297308610,753154,2,0.89502,0.19946,0.74829,-0.046,1.031,0.611,non-ergonomis
2026-06-02 15:22:49.354,2297308810,753354,1,0.70386,-0.07227,0.60889,1.42,1.534,0.771,non-ergonomis
2026-06-02 15:22:49.354,2297308810,753354,2,0.88696,0.19946,0.75269,0.122,1.855,0.351,non-ergonomis
2026-06-02 15:22:49.554,2297309010,753554,1,0.68945,-0.05005,0.60986,-0.763,0.031,0.588,non-ergonomis
2026-06-02 15:22:49.554,2297309010,753554,2,0.8916,0.21704,0.76074,0.099,1.748,1.42,non-ergonomis
2026-06-02 15:22:49.754,2297309210,753754,1,0.69141,-0.05127,0.62817,-2.13,-0.107,0.443,non-ergonomis
2026-06-02 15:22:49.754,2297309210,753754,2,0.88647,0.20361,0.7583,0.031,0.939,2.191,non-ergonomis
2026-06-02 15:22:49.954,2297309410,753954,1,0.69165,-0.06543,0.61353,-1.901,-0.023,0.687,non-ergonomis
2026-06-02 15:22:49.954,2297309410,753954,2,0.8916,0.20093,0.76929,-0.305,1.023,1.534,non-ergonomis
2026-06-02 15:22:50.155,2297309611,754155,1,0.69238,-0.06348,0.62183,-1.969,-0.115,0.237,non-ergonomis
2026-06-02 15:22:50.155,2297309611,754155,2,0.89063,0.19507,0.75732,-1.084,1.031,1.168,non-ergonomis
2026-06-02 15:22:50.355,2297309811,754355,1,0.70459,-0.05933,0.60864,-2.198,0.031,-0.328,non-ergonomis
2026-06-02 15:22:50.355,2297309811,754355,2,0.89453,0.19556,0.75024,-2.679,0.695,0.931,non-ergonomis
2026-06-02 15:22:50.555,2297310011,754555,1,0.69849,-0.06177,0.61304,-1.672,-0.443,-0.008,non-ergonomis
2026-06-02 15:22:50.555,2297310011,754555,2,0.89453,0.20386,0.75781,-2.55,-0.13,1.153,non-ergonomis
2026-06-02 15:22:50.755,2297310211,754755,1,0.70459,-0.06055,0.6106,-1.206,-0.878,0.053,non-ergonomis
2026-06-02 15:22:50.755,2297310211,754755,2,0.89258,0.19922,0.76001,-0.992,0.603,1.122,non-ergonomis
2026-06-02 15:22:50.955,2297310411,754955,1,0.70239,-0.06226,0.60693,-0.771,-0.481,-0.504,non-ergonomis
2026-06-02 15:22:50.955,2297310411,754955,2,0.89648,0.19897,0.75977,-1.13,1.374,0.908,non-ergonomis
2026-06-02 15:22:51.193,2297310649,755193,1,0.7002,-0.0603,0.61182,-0.069,1.412,0.298,non-ergonomis
2026-06-02 15:22:51.193,2297310649,755193,2,0.89502,0.19922,0.77002,6.389,2.695,2.55,non-ergonomis
2026-06-02 15:22:51.436,2297310892,755436,1,0.70166,-0.05981,0.60938,-0.122,0.038,1.221,non-ergonomis
2026-06-02 15:22:51.436,2297310892,755436,2,0.88965,0.21411,0.76074,0.656,1.74,0.603,non-ergonomis
2026-06-02 15:22:51.636,2297311092,755636,1,0.69336,-0.06104,0.61499,-1.084,1.382,0.282,non-ergonomis
2026-06-02 15:22:51.636,2297311092,755636,2,0.88257,0.21338,0.76099,-0.878,0.618,0.794,non-ergonomis
2026-06-02 15:22:51.856,2297311312,755856,1,0.6936,-0.0625,0.63086,-4.076,0.275,1.672,non-ergonomis
2026-06-02 15:22:51.856,2297311312,755856,2,0.88892,0.21655,0.77417,-0.038,-0.504,0.924,non-ergonomis
2026-06-02 15:22:52.056,2297311512,756056,1,0.70288,-0.07056,0.59766,-2.221,2.969,0.42,non-ergonomis
2026-06-02 15:22:52.056,2297311512,756056,2,0.88892,0.22534,0.74731,-0.595,0.679,0.687,non-ergonomis
2026-06-02 15:22:52.256,2297311712,756256,1,0.67676,-0.08057,0.62598,-2.031,1.908,0.214,non-ergonomis
2026-06-02 15:22:52.256,2297311712,756256,2,0.88574,0.22485,0.7522,-0.855,1.206,0.863,non-ergonomis
2026-06-02 15:22:52.456,2297311912,756456,1,0.67871,-0.06836,0.63525,-1.626,1.634,-1.397,non-ergonomis
2026-06-02 15:22:52.456,2297311912,756456,2,0.88574,0.22559,0.76563,-0.221,1.527,0.664,non-ergonomis
2026-06-02 15:22:52.656,2297312112,756656,1,0.68701,-0.07471,0.62183,-3.244,0.664,0.931,non-ergonomis
2026-06-02 15:22:52.656,2297312112,756656,2,0.88379,0.22925,0.75439,-0.542,1.603,1.55,non-ergonomis
2026-06-02 15:22:52.856,2297312312,756856,1,0.68481,-0.08325,0.62915,-0.573,0.855,0.382,non-ergonomis
2026-06-02 15:22:52.856,2297312312,756856,2,0.88403,0.23145,0.75879,2.511,2.992,1.42,non-ergonomis
2026-06-02 15:22:53.056,2297312512,757056,1,0.68506,-0.06714,0.61987,-1.672,-0.557,-0.763,non-ergonomis
2026-06-02 15:22:53.056,2297312512,757056,2,0.87573,0.23364,0.77002,-0.038,2.282,1.573,non-ergonomis
2026-06-02 15:22:53.270,2297312726,757270,1,0.6792,-0.06836,0.64063,-0.115,0.336,-0.542,non-ergonomis
2026-06-02 15:22:53.270,2297312726,757270,2,0.87891,0.22607,0.76318,-1.298,0.809,1.214,non-ergonomis
2026-06-02 15:22:55.003,2297314459,760003,1,0.68213,-0.073,0.62817,-1.595,0.137,-0.435,non-ergonomis
2026-06-02 15:22:55.003,2297314459,760003,2,0.87305,0.23682,0.77759,-1.084,0.252,1.344,non-ergonomis
2026-06-02 15:22:56.203,2297315659,760203,1,0.68774,-0.06665,0.63232,-0.969,-0.176,-0.641,non-ergonomis
2026-06-02 15:22:56.203,2297315659,760203,2,0.88818,0.22363,0.75244,-2.046,-1.031,1.511,non-ergonomis
2026-06-02 15:22:56.538,2297315994,760538,1,0.7019,-0.04785,0.6145,-2.046,-0.824,0.511,non-ergonomis
2026-06-02 15:22:56.538,2297315994,760538,2,0.88794,0.23145,0.74292,0.13,2.168,5.206,non-ergonomis
2026-06-02 15:22:56.738,2297316194,760738,1,0.69604,-0.08105,0.59497,-10.786,0.382,2.282,non-ergonomis
2026-06-02 15:22:56.738,2297316194,760738,2,0.88818,0.20435,0.76318,-1.924,4.16,5.962,non-ergonomis
2026-06-02 15:22:57.049,2297316505,761049,1,0.68726,-0.1792,0.60669,-19.015,-2.947,-7.084,non-ergonomis
2026-06-02 15:22:57.049,2297316505,761049,2,0.89185,0.16699,0.78906,-7.84,-1.221,-0.702,non-ergonomis
2026-06-02 15:22:57.249,2297316705,761249,1,0.69434,-0.13428,0.60352,-1.74,1.588,-7.061,non-ergonomis
2026-06-02 15:22:57.249,2297316705,761249,2,0.89038,0.17261,0.78296,1.908,2.191,-1.679,non-ergonomis
2026-06-02 15:22:57.449,2297316905,761449,1,0.6731,-0.09741,0.63599,-0.702,2.275,-1.702,non-ergonomis
2026-06-02 15:22:57.449,2297316905,761449,2,0.87524,0.19385,0.78662,-0.466,-0.802,3.008,non-ergonomis
2026-06-02 15:22:57.715,2297317171,761714,1,0.68457,-0.10205,0.63525,4.237,-1.198,2.916,non-ergonomis
2026-06-02 15:22:57.715,2297317171,761714,2,0.87573,0.20166,0.77905,3.687,-0.847,4.374,non-ergonomis
2026-06-02 15:22:57.914,2297317370,761914,1,0.70801,-0.10864,0.61328,-3.924,-2.153,0.008,non-ergonomis
2026-06-02 15:22:57.914,2297317370,761914,2,0.89307,0.18604,0.76514,-2.74,-0.901,2.626,non-ergonomis
2026-06-02 15:22:58.114,2297317570,762114,1,0.70776,-0.11914,0.59814,-0.855,-0.374,1.267,non-ergonomis
2026-06-02 15:22:58.114,2297317570,762114,2,0.89697,0.19653,0.77417,0.565,2.115,1.992,non-ergonomis
2026-06-02 15:22:58.314,2297317770,762314,1,0.70264,-0.11328,0.59717,-1.008,1.733,1.107,non-ergonomis
2026-06-02 15:22:58.314,2297317770,762314,2,0.87988,0.18384,0.78076,3.183,3.489,3.061,non-ergonomis
2026-06-02 15:22:58.514,2297317970,762514,1,0.6936,-0.10083,0.62329,1.473,-0.458,2.55,non-ergonomis
2026-06-02 15:22:58.514,2297317970,762514,2,0.88013,0.19556,0.78027,0.344,2.679,3.374,non-ergonomis
2026-06-02 15:22:58.714,2297318170,762714,1,0.69922,-0.11499,0.61841,1.42,3.221,2.145,non-ergonomis
2026-06-02 15:22:58.714,2297318170,762714,2,0.88379,0.18066,0.78809,3.168,3.046,4.252,non-ergonomis
2026-06-02 15:22:58.914,2297318370,762914,1,0.68652,-0.1123,0.62207,2.031,1.649,3.42,non-ergonomis
2026-06-02 15:22:58.914,2297318370,762914,2,0.88428,0.18457,0.77856,0.305,2.977,1.672,non-ergonomis
2026-06-02 15:22:59.114,2297318570,763114,1,0.68018,-0.0957,0.62866,-1.58,2.496,1.71,non-ergonomis
2026-06-02 15:22:59.114,2297318570,763114,2,0.87329,0.19873,0.80762,0.809,2.939,1.58,non-ergonomis
2026-06-02 15:22:59.314,2297318770,763314,1,0.66895,-0.09717,0.64551,-1.511,0.405,-0.397,non-ergonomis
2026-06-02 15:22:59.314,2297318770,763314,2,0.88599,0.18408,0.7981,-1.115,-0.71,0.489,non-ergonomis
2026-06-02 15:22:59.514,2297318970,763514,1,0.66699,-0.10132,0.62671,-0.122,-1.176,0.496,non-ergonomis
2026-06-02 15:22:59.514,2297318970,763514,2,0.87427,0.18408,0.79175,-3.046,-0.901,0.794,non-ergonomis
2026-06-02 15:22:59.714,2297319170,763714,1,0.69092,-0.11548,0.61279,-1.863,2.053,1.702,non-ergonomis
2026-06-02 15:22:59.714,2297319170,763714,2,0.88794,0.19238,0.7832,-2.023,0.115,-0.588,non-ergonomis
2026-06-02 15:22:59.915,2297319371,763914,1,0.69043,-0.10205,0.61304,-5.076,0.786,1.0,non-ergonomis
2026-06-02 15:22:59.915,2297319371,763914,2,0.87744,0.19263,0.79639,-0.771,0.29,0.855,non-ergonomis
2026-06-02 15:23:00.114,2297319570,764114,1,0.67627,-0.10889,0.62451,-0.802,-1.198,1.672,non-ergonomis
2026-06-02 15:23:00.114,2297319570,764114,2,0.87695,0.19678,0.78149,-1.374,0.42,1.076,non-ergonomis
2026-06-02 15:23:00.314,2297319770,764314,1,0.68945,-0.11621,0.60498,-4.29,-0.252,0.824,non-ergonomis
2026-06-02 15:23:00.314,2297319770,764314,2,0.88525,0.2002,0.77612,0.664,1.405,1.939,non-ergonomis
2026-06-02 15:23:00.514,2297319970,764514,1,0.6936,-0.12817,0.61987,-0.313,0.481,-3.466,non-ergonomis
2026-06-02 15:23:00.514,2297319970,764514,2,0.87134,0.18994,0.78564,1.038,1.282,0.496,non-ergonomis
2026-06-02 15:23:00.714,2297320170,764714,1,0.68823,-0.10742,0.62354,-1.847,-0.061,0.405,non-ergonomis
2026-06-02 15:23:00.714,2297320170,764714,2,0.87964,0.20654,0.7749,0.099,1.053,-0.26,non-ergonomis
2026-06-02 15:23:00.941,2297320397,764941,1,0.6897,-0.11401,0.61475,0.13,-0.534,-0.344,non-ergonomis
2026-06-02 15:23:00.941,2297320397,764941,2,0.86987,0.22046,0.78247,0.344,0.969,0.756,non-ergonomis
2026-06-02 15:23:01.141,2297320597,765141,1,0.6897,-0.10034,0.61597,0.389,0.573,-0.481,non-ergonomis
2026-06-02 15:23:01.141,2297320597,765141,2,0.88037,0.20728,0.77832,-3.076,-0.55,-0.107,non-ergonomis
2026-06-02 15:23:01.392,2297320848,765392,1,0.69336,-0.10864,0.61646,0.015,-1.336,0.618,non-ergonomis
2026-06-02 15:23:01.392,2297320848,765392,2,0.87573,0.21899,0.77783,0.198,0.573,1.282,non-ergonomis
2026-06-02 15:23:01.592,2297321048,765592,1,0.698,-0.09717,0.62744,-3.046,-1.061,-0.985,non-ergonomis
2026-06-02 15:23:01.592,2297321048,765592,2,0.87256,0.21582,0.78296,1.153,0.435,2.038,non-ergonomis
2026-06-02 15:23:01.792,2297321248,765792,1,0.69702,-0.10742,0.60986,-3.191,0.275,0.153,non-ergonomis
2026-06-02 15:23:01.792,2297321248,765792,2,0.8877,0.21021,0.77856,-0.084,2.229,1.534,non-ergonomis
2026-06-02 15:23:01.992,2297321448,765992,1,0.68945,-0.09546,0.62891,-3.443,1.695,1.038,non-ergonomis
2026-06-02 15:23:01.992,2297321448,765992,2,0.87793,0.22021,0.77856,-0.641,3.198,2.229,non-ergonomis
2026-06-02 15:23:02.192,2297321648,766192,1,0.677,-0.11084,0.62329,-2.237,0.328,0.939,non-ergonomis
2026-06-02 15:23:02.192,2297321648,766192,2,0.8728,0.21851,0.7915,1.473,1.817,2.214,non-ergonomis
2026-06-02 15:23:02.392,2297321848,766392,1,0.68213,-0.11841,0.60498,-4.962,1.092,2.962,non-ergonomis
2026-06-02 15:23:02.392,2297321848,766392,2,0.87476,0.21802,0.78198,-1.71,2.885,1.954,non-ergonomis
2026-06-02 15:23:02.685,2297322141,766685,1,0.68066,-0.1355,0.61816,-1.863,0.244,0.382,non-ergonomis
2026-06-02 15:23:02.685,2297322141,766685,2,0.86719,0.21118,0.8042,-2.198,1.191,2.366,non-ergonomis
2026-06-02 15:23:02.885,2297322341,766885,1,0.68262,-0.12915,0.63013,-1.458,0.58,0.573,non-ergonomis
2026-06-02 15:23:02.885,2297322341,766885,2,0.86865,0.20972,0.80103,-2.328,0.992,1.969,non-ergonomis
2026-06-02 15:23:03.085,2297322541,767085,1,0.67822,-0.13477,0.63257,-2.992,0.397,0.588,non-ergonomis
2026-06-02 15:23:03.085,2297322541,767085,2,0.87793,0.20605,0.79443,-1.756,-1.244,1.863,non-ergonomis
2026-06-02 15:23:03.285,2297322741,767285,1,0.67651,-0.14502,0.63574,-1.573,0.679,-0.366,non-ergonomis
2026-06-02 15:23:03.285,2297322741,767285,2,0.88062,0.19385,0.78784,-1.779,0.053,-0.214,non-ergonomis
2026-06-02 15:23:03.485,2297322941,767485,1,0.67554,-0.12378,0.62378,-1.084,0.305,-0.87,non-ergonomis
2026-06-02 15:23:03.485,2297322941,767485,2,0.87061,0.21729,0.7959,0.695,1.405,0.626,non-ergonomis
2026-06-02 15:23:03.685,2297323141,767685,1,0.68506,-0.12036,0.62427,0.611,0.458,0.573,non-ergonomis
2026-06-02 15:23:03.685,2297323141,767685,2,0.87793,0.21948,0.78101,-0.237,0.641,1.489,non-ergonomis
2026-06-02 15:23:03.885,2297323341,767885,1,0.69092,-0.10596,0.62036,-0.939,-0.298,-0.046,non-ergonomis
2026-06-02 15:23:03.885,2297323341,767885,2,0.87817,0.20508,0.77734,-1.092,1.427,2.771,non-ergonomis
2026-06-02 15:23:04.085,2297323541,768085,1,0.67651,-0.125,0.62622,-3.466,0.107,1.275,non-ergonomis
2026-06-02 15:23:04.085,2297323541,768085,2,0.87793,0.21045,0.7854,0.435,1.321,2.435,non-ergonomis
2026-06-02 15:23:04.285,2297323741,768285,1,0.68945,-0.13086,0.62354,-2.489,1.214,-0.053,non-ergonomis
2026-06-02 15:23:04.285,2297323741,768285,2,0.87476,0.20728,0.79419,0.687,1.466,1.519,non-ergonomis
2026-06-02 15:23:04.485,2297323941,768485,1,0.68115,-0.12915,0.62109,-1.405,-0.046,-0.374,non-ergonomis
2026-06-02 15:23:04.485,2297323941,768485,2,0.87256,0.20996,0.7937,-0.427,-0.076,1.359,non-ergonomis
2026-06-02 15:23:05.373,2297324829,769373,1,0.70093,-0.14185,0.61108,-2.298,0.244,-0.42,non-ergonomis
2026-06-02 15:23:05.373,2297324829,769373,2,0.88135,0.19336,0.77979,-0.504,0.664,0.565,non-ergonomis
2026-06-02 15:23:06.339,2297325795,770339,1,0.68872,-0.1167,0.62964,-0.191,1.038,-1.183,non-ergonomis
2026-06-02 15:23:06.339,2297325795,770339,2,0.875,0.19751,0.79053,-1.023,1.092,0.573,non-ergonomis
2026-06-02 15:23:06.607,2297326063,770607,1,0.68579,-0.12354,0.62329,-1.053,0.214,-0.26,non-ergonomis
2026-06-02 15:23:06.607,2297326063,770607,2,0.88354,0.19678,0.78711,-1.557,0.885,0.779,non-ergonomis
2026-06-02 15:23:06.899,2297326355,770899,1,0.67847,-0.11768,0.62036,-1.687,1.008,0.198,non-ergonomis
2026-06-02 15:23:06.899,2297326355,770899,2,0.87964,0.20166,0.77393,-0.137,1.168,1.634,non-ergonomis
2026-06-02 15:23:07.225,2297326681,771225,1,0.67578,-0.11426,0.62524,-1.275,0.443,-0.435,non-ergonomis
2026-06-02 15:23:07.225,2297326681,771225,2,0.87598,0.20581,0.78174,-0.748,0.573,1.542,non-ergonomis
2026-06-02 15:23:07.425,2297326881,771425,1,0.65112,-0.12598,0.66455,-8.237,-7.031,-3.023,non-ergonomis
2026-06-02 15:23:07.425,2297326881,771425,2,0.86548,0.20361,0.77173,-7.313,-6.069,3.382,non-ergonomis
2026-06-02 15:23:07.625,2297327081,771625,1,0.69238,-0.15161,0.55688,-13.527,-1.198,-3.176,non-ergonomis
2026-06-02 15:23:07.625,2297327081,771625,2,0.89844,0.18262,0.76807,1.885,-3.008,4.305,non-ergonomis
2026-06-02 15:23:07.825,2297327281,771825,1,0.73901,-0.13574,0.58643,4.069,0.702,4.099,non-ergonomis
2026-06-02 15:23:07.825,2297327281,771825,2,0.89502,0.19067,0.75513,-1.282,0.58,2.618,non-ergonomis
2026-06-02 15:23:07.025,2297326481,772025,1,0.70972,-0.13818,0.60425,-1.542,-0.176,2.962,non-ergonomis
2026-06-02 15:23:07.025,2297326481,772025,2,0.89771,0.17017,0.75464,-0.71,2.038,3.099,non-ergonomis
2026-06-02 15:23:08.225,2297327681,772225,1,0.70508,-0.14795,0.6084,-3.214,1.992,0.122,non-ergonomis
2026-06-02 15:23:08.225,2297327681,772225,2,0.89185,0.19165,0.76465,-3.969,0.275,1.634,non-ergonomis
2026-06-02 15:23:08.425,2297327881,772425,1,0.69849,-0.16675,0.61792,-3.328,0.985,-1.893,non-ergonomis
2026-06-02 15:23:08.425,2297327881,772425,2,0.90747,0.15137,0.7439,1.389,0.603,0.992,non-ergonomis
2026-06-02 15:23:08.625,2297328081,772625,1,0.7168,-0.14966,0.58057,8.931,0.618,5.198,non-ergonomis
2026-06-02 15:23:08.625,2297328081,772625,2,0.88843,0.22095,0.74268,9.351,6.145,1.626,non-ergonomis
2026-06-02 15:23:08.825,2297328281,772825,1,0.69897,-0.13428,0.60864,-3.0,6.534,-5.786,non-ergonomis
2026-06-02 15:23:08.825,2297328281,772825,2,0.8916,0.19067,0.77539,-17.084,0.618,-1.42,non-ergonomis
2026-06-02 15:23:08.025,2297327481,773025,1,0.70288,-0.15479,0.60547,-9.046,-2.611,-1.481,non-ergonomis
2026-06-02 15:23:08.025,2297327481,773025,2,0.87695,0.20605,0.78125,11.229,4.58,1.565,non-ergonomis
2026-06-02 15:23:09.225,2297328681,773225,1,0.68774,-0.1084,0.62354,7.092,1.176,3.802,non-ergonomis
2026-06-02 15:23:09.225,2297328681,773225,2,0.87598,0.22437,0.77441,-0.198,1.733,0.412,non-ergonomis
2026-06-02 15:23:09.425,2297328881,773425,1,0.70508,-0.1084,0.6189,-0.977,1.008,0.053,non-ergonomis
2026-06-02 15:23:09.425,2297328881,773425,2,0.87573,0.20239,0.79321,-0.573,2.595,1.534,non-ergonomis
2026-06-02 15:23:09.625,2297329081,773625,1,0.68555,-0.12329,0.62866,-0.473,0.321,0.618,non-ergonomis
2026-06-02 15:23:09.625,2297329081,773625,2,0.87524,0.20483,0.78711,-1.969,0.802,0.275,non-ergonomis
2026-06-02 15:23:09.825,2297329281,773825,1,0.68579,-0.1106,0.61157,-2.511,-0.344,0.008,non-ergonomis
2026-06-02 15:23:09.825,2297329281,773825,2,0.87695,0.20459,0.7793,-0.931,0.824,1.115,non-ergonomis
2026-06-02 15:23:10.084,2297329540,774084,1,0.69824,-0.1062,0.62085,-1.244,-0.282,-0.107,non-ergonomis
2026-06-02 15:23:10.084,2297329540,774084,2,0.88354,0.21191,0.77954,-0.015,0.71,1.718,non-ergonomis
2026-06-02 15:23:10.469,2297329925,774469,1,0.69678,-0.104,0.61792,-0.908,0.282,-0.504,non-ergonomis
2026-06-02 15:23:10.469,2297329925,774469,2,0.87793,0.21387,0.78662,-0.901,1.046,1.023,non-ergonomis
2026-06-02 15:23:10.669,2297330125,774669,1,0.69604,-0.11108,0.61841,-1.344,-0.267,-0.176,non-ergonomis
2026-06-02 15:23:10.669,2297330125,774669,2,0.87769,0.21729,0.78418,-0.656,0.71,1.069,non-ergonomis
2026-06-02 15:23:10.869,2297330325,774869,1,0.68945,-0.10742,0.62109,-1.71,0.618,-0.328,non-ergonomis
