datetime,epoch_ms,ts_millis,mpu_id,ax,ay,az,gx,gy,gz,label
2026-06-02 16:29:50.274,2301329730,310274,1,1.06396,-0.06738,0.07886,-1.924,3.74,-1.267,ergonomis
2026-06-02 16:29:50.274,2301329730,310274,2,0.83618,0.18433,0.90747,7.916,12.985,-1.389,ergonomis
2026-06-02 16:29:50.474,2301329930,310474,1,1.03052,-0.0542,0.15625,-10.26,2.466,-1.695,ergonomis
2026-06-02 16:29:50.474,2301329930,310474,2,0.77954,0.13086,0.99219,-21.55,-3.672,-3.725,ergonomis
2026-06-02 16:29:50.674,2301330130,310674,1,1.00659,-0.08423,0.18799,-4.321,7.359,7.649,ergonomis
2026-06-02 16:29:50.674,2301330130,310674,2,0.80884,0.19092,0.91431,-16.588,-5.511,-1.931,ergonomis
2026-06-02 16:29:50.874,2301330330,310874,1,0.99805,-0.12427,0.20483,-5.595,-2.107,-3.557,ergonomis
2026-06-02 16:29:50.874,2301330330,310874,2,0.78394,0.17676,0.95703,7.023,5.511,1.893,ergonomis
2026-06-02 16:29:50.074,2301329530,311074,1,1.0105,-0.08032,0.18555,0.519,0.107,0.534,ergonomis
2026-06-02 16:29:50.074,2301329530,311074,2,0.80518,0.16431,0.96094,1.74,2.137,3.397,ergonomis
2026-06-02 16:29:51.366,2301330822,311366,1,1.03223,-0.09033,0.14966,0.031,-4.336,0.389,ergonomis
2026-06-02 16:29:51.366,2301330822,311366,2,0.802,0.17188,0.93408,-0.55,-1.008,0.626,ergonomis
2026-06-02 16:29:51.566,2301331022,311566,1,1.02661,-0.04321,0.1311,4.321,-1.947,1.588,ergonomis
2026-06-02 16:29:51.566,2301331022,311566,2,0.80493,0.18921,0.90845,-0.664,0.924,0.046,ergonomis
2026-06-02 16:29:51.840,2301331296,311840,1,1.00122,-0.07275,0.17603,-3.626,-3.237,-0.893,ergonomis
2026-06-02 16:29:51.840,2301331296,311840,2,0.80664,0.17578,0.95044,-4.885,-6.687,2.603,ergonomis
2026-06-02 16:29:51.040,2301330496,312040,1,1.03564,-0.08374,0.1377,2.176,-0.687,3.634,ergonomis
2026-06-02 16:29:51.040,2301330496,312040,2,0.8208,0.17456,0.91455,6.87,5.267,0.718,ergonomis
2026-06-02 16:29:52.240,2301331696,312240,1,1.02441,-0.07642,0.14502,5.687,-3.176,-1.435,ergonomis
2026-06-02 16:29:52.240,2301331696,312240,2,0.80176,0.17358,0.92822,-3.664,-2.191,-1.527,ergonomis
2026-06-02 16:29:52.440,2301331896,312440,1,1.0354,-0.05615,0.1106,1.641,1.382,1.244,ergonomis
2026-06-02 16:29:52.440,2301331896,312440,2,0.82495,0.17236,0.89966,-6.252,-3.137,0.122,ergonomis
2026-06-02 16:29:52.640,2301332096,312640,1,1.0249,-0.06348,0.12646,-1.214,1.137,1.855,ergonomis
2026-06-02 16:29:52.640,2301332096,312640,2,0.81519,0.19873,0.91699,-3.198,0.275,0.939,ergonomis
2026-06-02 16:29:52.840,2301332296,312840,1,1.03076,-0.07373,0.13843,-3.969,2.145,-1.344,ergonomis
2026-06-02 16:29:52.840,2301332296,312840,2,0.80615,0.17505,0.9353,0.229,2.763,0.473,ergonomis
2026-06-02 16:29:52.040,2301331496,313040,1,1.02002,-0.06641,0.15161,-4.847,3.023,-0.672,ergonomis
2026-06-02 16:29:52.040,2301331496,313040,2,0.80762,0.17383,0.94214,-5.076,-0.679,0.038,ergonomis
2026-06-02 16:29:53.240,2301332696,313240,1,1.02075,-0.05981,0.15234,-3.832,2.809,0.565,ergonomis
2026-06-02 16:29:53.240,2301332696,313240,2,0.81958,0.18359,0.93018,-1.229,1.023,2.618,ergonomis
2026-06-02 16:29:53.440,2301332896,313440,1,1.0127,-0.09082,0.16333,-9.771,0.763,5.443,ergonomis
2026-06-02 16:29:53.440,2301332896,313440,2,0.8147,0.16626,0.92896,-6.481,-0.29,1.382,ergonomis
2026-06-02 16:29:53.640,2301333096,313640,1,1.01245,-0.11182,0.16089,-6.069,0.885,-1.748,ergonomis
2026-06-02 16:29:53.640,2301333096,313640,2,0.81323,0.15918,0.93774,1.252,0.664,1.137,ergonomis
2026-06-02 16:29:53.840,2301333296,313840,1,1.00269,-0.10547,0.15771,-1.382,-1.107,-2.924,ergonomis
2026-06-02 16:29:53.840,2301333296,313840,2,0.81714,0.15942,0.92383,-5.527,-0.275,-1.443,ergonomis
2026-06-02 16:29:53.044,2301332500,314044,1,1.01758,-0.0835,0.16235,-2.58,3.672,-0.008,ergonomis
2026-06-02 16:29:53.044,2301332500,314044,2,0.81543,0.18115,0.91577,-1.252,3.252,1.252,ergonomis
2026-06-02 16:29:54.248,2301333704,314247,1,1.01025,-0.09937,0.17627,-0.992,2.916,1.122,ergonomis
2026-06-02 16:29:54.248,2301333704,314247,2,0.80347,0.17065,0.93018,-2.916,0.679,0.763,ergonomis
2026-06-02 16:29:54.483,2301333939,314483,1,1.01367,-0.104,0.17871,-1.725,0.695,1.527,ergonomis
2026-06-02 16:29:54.483,2301333939,314483,2,0.80713,0.17383,0.94409,-1.916,1.038,1.916,ergonomis
2026-06-02 16:29:54.683,2301334139,314683,1,1.00317,-0.10693,0.18433,-1.733,-0.55,0.702,ergonomis
2026-06-02 16:29:54.683,2301334139,314683,2,0.80493,0.16724,0.94775,-2.191,-0.344,1.252,ergonomis
2026-06-02 16:29:54.079,2301333535,315078,1,0.99927,-0.10181,0.17212,-1.305,0.412,0.519,ergonomis
2026-06-02 16:29:54.079,2301333535,315078,2,0.8042,0.16626,0.92432,-2.237,-0.099,2.015,ergonomis
2026-06-02 16:29:55.278,2301334734,315278,1,1.01953,-0.10913,0.17041,-1.473,-1.397,-1.87,ergonomis
2026-06-02 16:29:55.278,2301334734,315278,2,0.82104,0.15112,0.93335,-0.847,-1.038,1.916,ergonomis
2026-06-02 16:29:55.478,2301334934,315478,1,1.02026,-0.09497,0.15991,-2.687,0.885,0.588,ergonomis
2026-06-02 16:29:55.478,2301334934,315478,2,0.823,0.15161,0.91919,-2.969,0.053,1.863,ergonomis
2026-06-02 16:29:55.678,2301335134,315678,1,1.01611,-0.11523,0.15942,-2.687,1.702,-0.588,ergonomis
2026-06-02 16:29:55.678,2301335134,315678,2,0.80835,0.15771,0.94067,-2.092,0.924,1.382,ergonomis
2026-06-02 16:29:55.927,2301335383,315927,1,1.01636,-0.11255,0.17383,-2.565,2.321,-0.29,ergonomis
2026-06-02 16:29:55.927,2301335383,315927,2,0.82495,0.14648,0.93677,4.321,2.061,3.29,ergonomis
2026-06-02 16:29:56.257,2301335713,316257,1,1.01367,-0.09033,0.17773,-2.901,0.359,0.771,ergonomis
2026-06-02 16:29:56.257,2301335713,316257,2,0.80273,0.146,0.92358,-3.832,-0.649,1.29,ergonomis
2026-06-02 16:29:56.604,2301336060,316604,1,1.00903,-0.10913,0.18091,0.237,-1.893,-0.771,ergonomis
2026-06-02 16:29:56.604,2301336060,316604,2,0.81079,0.15845,0.93677,-0.763,0.382,1.427,ergonomis
2026-06-02 16:29:56.804,2301336260,316804,1,1.01685,-0.104,0.16553,0.908,-1.695,0.092,ergonomis
2026-06-02 16:29:56.804,2301336260,316804,2,0.81494,0.16919,0.92749,-0.695,1.122,1.16,ergonomis
2026-06-02 16:29:56.005,2301335461,317005,1,1.01416,-0.09961,0.17358,-1.16,-0.397,-0.588,ergonomis
2026-06-02 16:29:56.005,2301335461,317005,2,0.81738,0.15698,0.9314,-3.466,-0.885,0.557,ergonomis
2026-06-02 16:29:57.205,2301336661,317205,1,1.01929,-0.09302,0.15332,-2.664,0.557,2.145,ergonomis
2026-06-02 16:29:57.205,2301336661,317205,2,0.81909,0.16675,0.91479,-2.053,0.565,1.702,ergonomis
2026-06-02 16:29:57.405,2301336861,317405,1,1.01807,-0.11597,0.16211,-1.389,0.527,-0.847,ergonomis
2026-06-02 16:29:57.405,2301336861,317405,2,0.8147,0.16235,0.9231,1.527,2.29,1.267,ergonomis
2026-06-02 16:29:57.605,2301337061,317605,1,1.01392,-0.10474,0.15552,-3.58,2.611,0.382,ergonomis
2026-06-02 16:29:57.605,2301337061,317605,2,0.83057,0.15332,0.92822,-0.908,-0.824,1.191,ergonomis
2026-06-02 16:29:57.805,2301337261,317805,1,1.01489,-0.11108,0.16895,-1.298,-0.321,0.649,ergonomis
2026-06-02 16:29:57.805,2301337261,317805,2,0.81006,0.16064,0.927,0.351,2.153,2.0,ergonomis
2026-06-02 16:29:57.005,2301336461,318005,1,1.01196,-0.11597,0.16553,-1.855,1.084,-0.145,ergonomis
2026-06-02 16:29:57.005,2301336461,318005,2,0.8147,0.1626,0.92969,-0.527,0.679,1.748,ergonomis
2026-06-02 16:29:58.205,2301337661,318205,1,1.00903,-0.12158,0.16602,-1.847,0.29,-0.344,ergonomis
2026-06-02 16:29:58.205,2301337661,318205,2,0.82056,0.16016,0.92822,-0.71,0.931,1.71,ergonomis
2026-06-02 16:29:58.405,2301337861,318405,1,1.01367,-0.11328,0.1687,-1.817,-0.45,0.344,ergonomis
2026-06-02 16:29:58.405,2301337861,318405,2,0.81494,0.16284,0.92627,-1.809,0.336,1.313,ergonomis
2026-06-02 16:29:58.605,2301338061,318605,1,1.0144,-0.11011,0.16455,-1.947,,-0.71,ergonomis
2026-06-02 16:29:58.605,2301338061,318605,2,0.82251,0.15308,0.91943,0.435,1.366,1.198,ergonomis
2026-06-02 16:29:58.805,2301338261,318805,1,1.01416,-0.10718,0.16333,-1.611,0.107,0.168,ergonomis
2026-06-02 16:29:58.805,2301338261,318805,2,0.81055,0.16187,0.91382,-0.664,1.076,1.237,ergonomis
2026-06-02 16:29:58.005,2301337461,319005,1,1.0022,-0.11401,0.16235,-1.397,0.893,-0.443,ergonomis
2026-06-02 16:29:58.005,2301337461,319005,2,0.82251,0.16406,0.92529,-1.916,0.015,1.313,ergonomis
2026-06-02 16:29:59.205,2301338661,319205,1,1.02515,-0.08765,0.16992,-9.45,1.603,3.687,ergonomis
2026-06-02 16:29:59.205,2301338661,319205,2,0.81689,0.1582,0.91602,-6.74,-1.626,2.374,ergonomis
2026-06-02 16:29:59.405,2301338861,319405,1,1.00317,-0.13989,0.16772,-0.687,0.366,-1.794,ergonomis
2026-06-02 16:29:59.405,2301338861,319405,2,0.81738,0.14624,0.91895,1.756,1.672,1.42,ergonomis
2026-06-02 16:29:59.605,2301339061,319605,1,1.01099,-0.125,0.1709,0.282,-1.046,-0.756,ergonomis
2026-06-02 16:29:59.605,2301339061,319605,2,0.81909,0.15161,0.9209,-0.603,0.893,0.84,ergonomis
2026-06-02 16:29:59.805,2301339261,319805,1,1.02002,-0.10864,0.15771,-0.954,0.237,-0.656,ergonomis
2026-06-02 16:29:59.805,2301339261,319805,2,0.81787,0.15308,0.93018,-0.137,1.137,0.962,ergonomis
2026-06-02 16:29:59.005,2301338461,320005,1,1.01416,-0.10913,0.15845,-1.542,0.519,-0.458,ergonomis
2026-06-02 16:29:59.005,2301338461,320005,2,0.82422,0.15137,0.92456,-0.924,0.588,1.237,ergonomis
2026-06-02 16:30:00.205,2301339661,320205,1,1.00854,-0.1228,0.16504,0.527,0.458,-1.962,ergonomis
2026-06-02 16:30:00.205,2301339661,320205,2,0.8269,0.14917,0.91504,-0.641,1.695,-1.221,ergonomis
2026-06-02 16:30:00.405,2301339861,320405,1,1.05127,-0.08936,0.12695,3.656,2.466,-1.344,ergonomis
2026-06-02 16:30:00.405,2301339861,320405,2,0.8064,0.18262,0.92041,4.664,2.794,-0.122,ergonomis
2026-06-02 16:30:00.605,2301340061,320605,1,1.02295,-0.07104,0.16895,-1.023,0.344,-0.137,ergonomis
2026-06-02 16:30:00.605,2301340061,320605,2,0.81934,0.18604,0.92651,1.122,1.908,2.298,ergonomis
2026-06-02 16:30:00.809,2301340265,320809,1,1.01831,-0.08521,0.15991,-1.664,2.542,-0.229,ergonomis
2026-06-02 16:30:00.809,2301340265,320809,2,0.81592,0.1748,0.93188,-2.031,1.015,1.351,ergonomis
2026-06-02 16:30:00.158,2301339614,321158,1,1.02026,-0.09253,0.16431,-0.756,0.679,-0.305,ergonomis
2026-06-02 16:30:00.158,2301339614,321158,2,0.81201,0.17407,0.92212,1.122,2.061,1.397,ergonomis
2026-06-02 16:30:01.358,2301340814,321358,1,1.02026,-0.09033,0.17188,-1.344,0.802,-0.573,ergonomis
2026-06-02 16:30:01.358,2301340814,321358,2,0.81177,0.18115,0.92749,-0.58,0.885,1.145,ergonomis
2026-06-02 16:30:01.558,2301341014,321558,1,1.01196,-0.08423,0.17041,-1.656,0.198,-0.076,ergonomis
2026-06-02 16:30:01.558,2301341014,321558,2,0.81128,0.18872,0.92798,-0.458,1.198,1.244,ergonomis
2026-06-02 16:30:01.758,2301341214,321758,1,1.01416,-0.07227,0.17529,-1.206,-0.168,-0.443,ergonomis
2026-06-02 16:30:01.758,2301341214,321758,2,0.8103,0.18628,0.92676,1.168,2.351,1.847,ergonomis
2026-06-02 16:30:01.958,2301341414,321958,1,1.01807,-0.07837,0.1687,0.504,-0.656,0.015,ergonomis
2026-06-02 16:30:01.958,2301341414,321958,2,0.80542,0.18018,0.92773,0.443,1.435,1.962,ergonomis
2026-06-02 16:30:01.158,2301340614,322158,1,1.01367,-0.07935,0.15405,-1.649,0.229,-0.389,ergonomis
2026-06-02 16:30:01.158,2301340614,322158,2,0.80664,0.17822,0.92896,-0.008,1.282,0.595,ergonomis
2026-06-02 16:30:02.358,2301341814,322358,1,1.02002,-0.07153,0.15576,-1.962,-0.145,0.244,ergonomis
2026-06-02 16:30:02.358,2301341814,322358,2,0.80737,0.17896,0.92871,-1.473,0.084,1.053,ergonomis
2026-06-02 16:30:02.558,2301342014,322558,1,1.01709,-0.06885,0.1687,-1.679,-0.061,-0.107,ergonomis
2026-06-02 16:30:02.558,2301342014,322558,2,0.81323,0.18823,0.9248,-0.611,0.641,2.046,ergonomis
2026-06-02 16:30:02.771,2301342227,322770,1,1.01831,-0.07349,0.16089,-2.122,-0.13,-0.198,ergonomis
2026-06-02 16:30:02.771,2301342227,322770,2,0.81641,0.18457,0.93457,-2.45,0.435,1.771,ergonomis
2026-06-02 16:30:02.970,2301342426,322970,1,1.01294,-0.07544,0.16504,-1.481,0.527,0.313,ergonomis
2026-06-02 16:30:02.970,2301342426,322970,2,0.80713,0.18237,0.92505,0.031,1.305,1.947,ergonomis
2026-06-02 16:30:02.170,2301341626,323170,1,1.02271,-0.07886,0.16064,-2.672,-0.557,0.313,ergonomis
2026-06-02 16:30:02.170,2301341626,323170,2,0.80957,0.19189,0.9292,-0.168,1.168,1.855,ergonomis
2026-06-02 16:30:03.370,2301342826,323370,1,1.01514,-0.08911,0.1521,-1.71,0.076,0.221,ergonomis
2026-06-02 16:30:03.370,2301342826,323370,2,0.8064,0.17627,0.9209,-0.282,1.053,1.618,ergonomis
2026-06-02 16:30:03.570,2301343026,323570,1,1.01904,-0.08618,0.15332,-1.618,-0.718,0.053,ergonomis
2026-06-02 16:30:03.570,2301343026,323570,2,0.80835,0.17212,0.92993,-0.687,0.58,1.718,ergonomis
2026-06-02 16:30:03.770,2301343226,323770,1,1.03149,-0.08203,0.14355,-2.687,-0.42,-0.328,ergonomis
2026-06-02 16:30:03.770,2301343226,323770,2,0.81396,0.17578,0.93311,-0.481,0.45,2.626,ergonomis
2026-06-02 16:30:03.970,2301343426,323970,1,1.02905,-0.073,0.14404,1.038,0.405,-0.511,ergonomis
2026-06-02 16:30:03.970,2301343426,323970,2,0.81226,0.19067,0.91699,1.137,2.534,2.626,ergonomis
2026-06-02 16:30:03.170,2301342626,324170,1,1.02881,-0.08276,0.14893,-7.275,-1.122,0.466,ergonomis
2026-06-02 16:30:03.170,2301342626,324170,2,0.81421,0.16992,0.92261,-6.076,-2.489,2.382,ergonomis
2026-06-02 16:30:04.370,2301343826,324370,1,1.02197,-0.08203,0.12939,-6.313,-3.26,-0.214,ergonomis
2026-06-02 16:30:04.370,2301343826,324370,2,0.8291,0.16455,0.91113,-2.809,0.939,2.351,ergonomis
2026-06-02 16:30:04.570,2301344026,324570,1,1.02563,-0.10449,0.11646,-0.87,-2.015,2.771,ergonomis
2026-06-02 16:30:04.570,2301344026,324570,2,0.80713,0.16919,0.9397,3.344,3.901,0.84,ergonomis
2026-06-02 16:30:04.770,2301344226,324770,1,1.04468,-0.0686,0.12354,-6.992,4.221,1.328,ergonomis
2026-06-02 16:30:04.770,2301344226,324770,2,0.82202,0.15088,0.9165,-9.031,-2.679,2.328,ergonomis
2026-06-02 16:30:04.970,2301344426,324970,1,1.03003,-0.11694,0.12012,-2.641,-0.954,0.809,ergonomis
2026-06-02 16:30:04.970,2301344426,324970,2,0.82129,0.13354,0.92236,-1.962,0.794,1.359,ergonomis
2026-06-02 16:30:04.170,2301343626,325170,1,1.02466,-0.11108,0.12427,-2.275,-0.214,-0.527,ergonomis
2026-06-02 16:30:04.170,2301343626,325170,2,0.82446,0.13672,0.93042,-3.924,-1.26,0.947,ergonomis
2026-06-02 16:30:05.370,2301344826,325370,1,1.02295,-0.09888,0.12646,-0.29,-0.649,-0.321,ergonomis
2026-06-02 16:30:05.370,2301344826,325370,2,0.82202,0.14966,0.9165,-2.214,-0.053,1.45,ergonomis
2026-06-02 16:30:05.570,2301345026,325570,1,1.03101,-0.10742,0.12183,0.046,-0.595,-0.725,ergonomis
2026-06-02 16:30:05.570,2301345026,325570,2,0.81885,0.13989,0.92065,-1.382,0.779,0.244,ergonomis
2026-06-02 16:30:05.770,2301345226,325770,1,1.0249,-0.11401,0.12451,-0.282,-0.962,1.74,ergonomis
2026-06-02 16:30:05.770,2301345226,325770,2,0.82544,0.14941,0.90747,-1.809,-0.046,0.817,ergonomis
2026-06-02 16:30:05.970,2301345426,325970,1,1.03198,-0.11621,0.12695,0.13,-1.611,-2.008,ergonomis
2026-06-02 16:30:05.970,2301345426,325970,2,0.8186,0.14136,0.91089,-0.924,0.504,0.061,ergonomis
2026-06-02 16:30:05.170,2301344626,326170,1,1.03711,-0.10815,0.10571,2.496,-1.069,0.718,ergonomis
2026-06-02 16:30:05.170,2301344626,326170,2,0.8269,0.16333,0.91284,2.786,2.267,1.153,ergonomis
2026-06-02 16:30:06.370,2301345826,326370,1,1.0415,-0.09375,0.09106,-1.718,-0.084,-0.618,ergonomis
2026-06-02 16:30:06.370,2301345826,326370,2,0.82129,0.16382,0.91699,-1.542,0.809,2.176,ergonomis
2026-06-02 16:30:06.570,2301346026,326570,1,1.03247,-0.09937,0.09546,-3.137,0.71,0.947,ergonomis
2026-06-02 16:30:06.570,2301346026,326570,2,0.82275,0.16064,0.91382,-0.183,2.023,3.664,ergonomis
2026-06-02 16:30:06.770,2301346226,326770,1,1.04126,-0.08936,0.09131,-8.29,-0.198,-6.489,ergonomis
2026-06-02 16:30:06.770,2301346226,326770,2,0.82056,0.14893,0.91724,-2.855,-0.74,5.702,ergonomis
2026-06-02 16:30:06.970,2301346426,326970,1,1.04492,-0.09253,0.11084,-1.939,-3.023,1.191,ergonomis
2026-06-02 16:30:06.970,2301346426,326970,2,0.80615,0.13159,0.93042,-1.397,1.427,3.573,ergonomis
2026-06-02 16:30:06.170,2301345626,327170,1,1.03809,-0.10474,0.08594,-1.176,-0.534,2.641,ergonomis
2026-06-02 16:30:06.170,2301345626,327170,2,0.82202,0.12354,0.92041,-2.038,-0.908,1.641,ergonomis
2026-06-02 16:30:07.370,2301346826,327370,1,1.04736,-0.10352,0.07178,0.58,-0.405,-0.198,ergonomis
2026-06-02 16:30:07.370,2301346826,327370,2,0.82788,0.13843,0.9126,-0.16,0.969,-0.374,ergonomis
2026-06-02 16:30:07.570,2301347026,327570,1,1.0354,-0.08887,0.08618,-0.58,0.733,-0.863,ergonomis
2026-06-02 16:30:07.570,2301347026,327570,2,0.81641,0.13867,0.92163,-1.046,1.061,0.466,ergonomis
2026-06-02 16:30:07.770,2301347226,327770,1,1.03711,-0.09595,0.09473,-1.389,1.756,-0.573,ergonomis
2026-06-02 16:30:07.770,2301347226,327770,2,0.82324,0.14136,0.91772,-0.466,0.908,0.595,ergonomis
2026-06-02 16:30:07.983,2301347439,327983,1,1.03784,-0.09229,0.09912,-1.099,0.924,-0.71,ergonomis
2026-06-02 16:30:07.983,2301347439,327983,2,0.81909,0.15039,0.92114,-0.672,0.824,0.695,ergonomis
2026-06-02 16:30:07.183,2301346639,328183,1,1.03687,-0.09058,0.09058,-1.321,0.443,-0.702,ergonomis
2026-06-02 16:30:07.183,2301346639,328183,2,0.81958,0.14697,0.91919,-0.374,0.649,0.672,ergonomis
2026-06-02 16:30:08.383,2301347839,328383,1,1.03638,-0.09033,0.09644,-1.481,0.298,-0.496,ergonomis
2026-06-02 16:30:08.383,2301347839,328383,2,0.82837,0.15381,0.90649,-0.557,0.733,1.122,ergonomis
2026-06-02 16:30:08.583,2301348039,328583,1,1.03857,-0.08911,0.08984,-1.649,0.977,-0.191,ergonomis
2026-06-02 16:30:08.583,2301348039,328583,2,0.82104,0.15747,0.92554,-0.45,1.244,1.076,ergonomis
2026-06-02 16:30:08.783,2301348239,328783,1,1.03955,-0.08789,0.10156,-2.519,1.183,-0.069,ergonomis
2026-06-02 16:30:08.783,2301348239,328783,2,0.8252,0.15723,0.91772,-0.763,0.771,1.176,ergonomis
2026-06-02 16:30:08.983,2301348439,328983,1,1.03711,-0.07983,0.09595,-1.985,0.664,-0.092,ergonomis
2026-06-02 16:30:08.983,2301348439,328983,2,0.81958,0.15479,0.91431,-0.405,1.389,0.985,ergonomis
2026-06-02 16:30:08.183,2301347639,329183,1,1.03394,-0.08691,0.11401,-1.702,1.351,0.191,ergonomis
2026-06-02 16:30:08.183,2301347639,329183,2,0.81787,0.15918,0.92969,-0.656,1.183,2.015,ergonomis
2026-06-02 16:30:09.383,2301348839,329383,1,1.04395,-0.08398,0.09619,-3.817,2.489,2.023,ergonomis
2026-06-02 16:30:09.383,2301348839,329383,2,0.81201,0.13599,0.9082,-1.336,-0.458,,ergonomis
2026-06-02 16:30:09.583,2301349039,329583,1,1.03027,-0.09595,0.11475,-0.809,2.061,1.763,ergonomis
2026-06-02 16:30:09.583,2301349039,329583,2,0.81543,0.14087,0.92651,-4.687,-0.42,-1.924,ergonomis
2026-06-02 16:30:09.783,2301349239,329783,1,1.02979,-0.09399,0.12817,7.504,4.611,6.107,ergonomis
2026-06-02 16:30:09.783,2301349239,329783,2,0.80518,0.20532,0.92407,-4.412,2.954,1.145,ergonomis
2026-06-02 16:30:09.989,2301349445,329988,1,1.021,-0.09399,0.13843,-7.733,3.901,-1.832,ergonomis
2026-06-02 16:30:09.989,2301349445,329988,2,0.80444,0.16284,0.94385,-9.817,-0.145,1.023,ergonomis
2026-06-02 16:30:09.188,2301348644,330188,1,1.00806,-0.11084,0.16162,1.359,2.847,2.489,ergonomis
2026-06-02 16:30:09.188,2301348644,330188,2,0.80493,0.17163,0.9541,2.687,5.809,2.672,ergonomis
2026-06-02 16:30:10.388,2301349844,330388,1,1.01074,-0.11865,0.17993,-0.534,2.542,-0.145,ergonomis
2026-06-02 16:30:10.388,2301349844,330388,2,0.7998,0.18213,0.94165,0.191,1.45,1.252,ergonomis
2026-06-02 16:30:10.588,2301350044,330588,1,1.01782,-0.11328,0.17236,-2.656,0.603,-1.588,ergonomis
2026-06-02 16:30:10.588,2301350044,330588,2,0.79956,0.15967,0.94849,-2.229,-0.695,1.389,ergonomis
2026-06-02 16:30:10.788,2301350244,330788,1,1.02417,-0.10547,0.15405,-0.702,-0.229,0.382,ergonomis
2026-06-02 16:30:10.788,2301350244,330788,2,0.79858,0.17456,0.94482,0.305,0.42,1.519,ergonomis
2026-06-02 16:30:10.988,2301350444,330988,1,1.01465,-0.11157,0.1521,-1.328,-0.832,-0.626,ergonomis
2026-06-02 16:30:10.988,2301350444,330988,2,0.80396,0.17407,0.94189,2.115,1.977,1.962,ergonomis
2026-06-02 16:30:10.188,2301349644,331188,1,1.01196,-0.10376,0.15405,-2.099,0.565,-0.519,ergonomis
2026-06-02 16:30:10.188,2301349644,331188,2,0.8042,0.16357,0.94409,-1.015,0.183,1.534,ergonomis
2026-06-02 16:30:11.388,2301350844,331388,1,1.0188,-0.1123,0.15942,-1.84,0.053,-0.405,ergonomis
2026-06-02 16:30:11.388,2301350844,331388,2,0.80396,0.17969,0.9436,-0.214,1.321,1.634,ergonomis
2026-06-02 16:30:11.588,2301351044,331588,1,1.02026,-0.10864,0.15503,-3.321,0.107,-0.366,ergonomis
2026-06-02 16:30:11.588,2301351044,331588,2,0.802,0.17554,0.93164,1.489,2.214,1.374,ergonomis
2026-06-02 16:30:11.797,2301351253,331797,1,1.02368,-0.09814,0.15405,-0.45,0.802,-0.878,ergonomis
2026-06-02 16:30:11.797,2301351253,331797,2,0.802,0.16968,0.93188,-0.557,0.992,1.145,ergonomis
2026-06-02 16:30:11.997,2301351453,331997,1,1.02197,-0.10181,0.15894,-2.267,0.42,-0.137,ergonomis
2026-06-02 16:30:11.997,2301351453,331997,2,0.7998,0.17065,0.94312,-0.756,1.145,1.313,ergonomis
2026-06-02 16:30:11.197,2301350653,332197,1,1.01514,-0.10034,0.14819,-1.55,0.824,0.534,ergonomis
2026-06-02 16:30:11.197,2301350653,332197,2,0.80542,0.1748,0.94092,0.298,1.321,1.58,ergonomis
2026-06-02 16:30:12.504,2301351960,332504,1,1.01587,-0.10815,0.14941,-1.359,0.733,-0.443,ergonomis
2026-06-02 16:30:12.504,2301351960,332504,2,0.80371,0.17554,0.94312,-0.786,0.779,1.412,ergonomis
2026-06-02 16:30:12.704,2301352160,332704,1,1.01392,-0.10669,0.15674,-2.672,0.496,-0.382,ergonomis
2026-06-02 16:30:12.704,2301352160,332704,2,0.8042,0.17285,0.94482,-1.626,0.107,1.588,ergonomis
2026-06-02 16:30:12.904,2301352360,332904,1,1.02295,-0.0918,0.15308,-0.824,0.206,0.031,ergonomis
2026-06-02 16:30:12.904,2301352360,332904,2,0.80005,0.17334,0.93506,-2.0,0.359,0.649,ergonomis
2026-06-02 16:30:12.104,2301351560,333104,1,1.01855,-0.1106,0.14844,-1.275,0.893,-0.099,ergonomis
2026-06-02 16:30:12.104,2301351560,333104,2,0.80835,0.16772,0.93677,-1.374,0.237,1.008,ergonomis
2026-06-02 16:30:13.304,2301352760,333304,1,1.02515,-0.10376,0.15894,-3.191,0.489,-0.282,ergonomis
2026-06-02 16:30:13.304,2301352760,333304,2,0.80933,0.17017,0.94849,-2.656,0.16,0.74,ergonomis
2026-06-02 16:30:13.504,2301352960,333504,1,1.01929,-0.11841,0.14966,-0.618,0.634,-0.641,ergonomis
2026-06-02 16:30:13.504,2301352960,333504,2,0.80811,0.17041,0.93677,-2.718,-0.137,0.962,ergonomis
2026-06-02 16:30:13.704,2301353160,333704,1,1.01367,-0.10425,0.14966,-0.695,0.26,0.252,ergonomis
2026-06-02 16:30:13.704,2301353160,333704,2,0.80933,0.17407,0.93872,0.435,1.366,1.412,ergonomis
2026-06-02 16:30:13.904,2301353360,333904,1,1.01416,-0.10229,0.15771,-2.832,0.191,-0.122,ergonomis
2026-06-02 16:30:13.904,2301353360,333904,2,0.79834,0.17554,0.9458,-0.527,0.794,1.908,ergonomis
2026-06-02 16:30:13.104,2301352560,334104,1,1.02197,-0.1062,0.15967,-1.321,0.153,-0.321,ergonomis
2026-06-02 16:30:13.104,2301352560,334104,2,0.80591,0.17261,0.94189,-2.733,-0.595,1.344,ergonomis
2026-06-02 16:30:14.304,2301353760,334304,1,1.02075,-0.11108,0.15308,-1.176,,0.305,ergonomis
2026-06-02 16:30:14.304,2301353760,334304,2,0.80493,0.17407,0.9458,-0.84,1.023,1.252,ergonomis
2026-06-02 16:30:14.504,2301353960,334504,1,1.02197,-0.1106,0.15039,-1.611,0.389,0.031,ergonomis
2026-06-02 16:30:14.504,2301353960,334504,2,0.80347,0.1731,0.94043,-0.725,0.679,1.412,ergonomis
2026-06-02 16:30:14.704,2301354160,334704,1,1.01489,-0.10474,0.15771,-1.519,0.489,-0.389,ergonomis
2026-06-02 16:30:14.704,2301354160,334704,2,0.80493,0.17432,0.94751,-1.176,0.855,0.603,ergonomis
2026-06-02 16:30:14.904,2301354360,334904,1,1.021,-0.1062,0.15918,-2.481,0.802,-0.473,ergonomis
2026-06-02 16:30:14.904,2301354360,334904,2,0.802,0.16821,0.94458,-0.832,1.076,1.145,ergonomis
2026-06-02 16:30:14.104,2301353560,335104,1,1.01782,-0.10498,0.15796,-0.672,0.771,-0.313,ergonomis
2026-06-02 16:30:14.104,2301353560,335104,2,0.79956,0.17871,0.94312,0.511,1.687,1.237,ergonomis
2026-06-02 16:30:15.304,2301354760,335304,1,1.0188,-0.10449,0.15796,-1.939,-0.168,0.053,ergonomis
2026-06-02 16:30:15.304,2301354760,335304,2,0.8042,0.18799,0.9458,-2.412,0.198,1.389,ergonomis
2026-06-02 16:30:15.504,2301354960,335504,1,1.00513,-0.09473,0.15771,-0.511,0.389,-0.038,ergonomis
2026-06-02 16:30:15.504,2301354960,335504,2,0.82861,0.16943,0.92285,1.313,1.443,1.908,ergonomis
2026-06-02 16:30:15.704,2301355160,335704,1,1.02393,-0.10669,0.14673,-3.252,0.397,0.473,ergonomis
2026-06-02 16:30:15.704,2301355160,335704,2,0.80054,0.16968,0.94043,-2.115,0.779,1.191,ergonomis
2026-06-02 16:30:15.904,2301355360,335904,1,1.02686,-0.09961,0.16772,-4.58,1.641,0.145,ergonomis
2026-06-02 16:30:15.904,2301355360,335904,2,0.80273,0.16919,0.94849,-2.42,0.542,1.252,ergonomis
2026-06-02 16:30:15.104,2301354560,336104,1,1.01245,-0.1123,0.16577,-0.115,1.992,-0.466,ergonomis
2026-06-02 16:30:15.104,2301354560,336104,2,0.81079,0.16992,0.94849,-1.748,0.641,0.702,ergonomis
2026-06-02 16:30:16.304,2301355760,336304,1,1.01855,-0.10449,0.15698,-2.351,0.565,-0.466,ergonomis
2026-06-02 16:30:16.304,2301355760,336304,2,0.7998,0.17578,0.94507,-1.389,0.763,1.435,ergonomis
2026-06-02 16:30:16.504,2301355960,336504,1,1.0127,-0.1123,0.16895,-1.947,1.122,0.168,ergonomis
2026-06-02 16:30:16.504,2301355960,336504,2,0.80469,0.16724,0.93945,-0.725,0.786,1.366,ergonomis
2026-06-02 16:30:16.704,2301356160,336704,1,1.0127,-0.10327,0.16992,-2.374,0.443,-0.183,ergonomis
2026-06-02 16:30:16.704,2301356160,336704,2,0.80225,0.17139,0.94824,-1.229,0.855,1.168,ergonomis
2026-06-02 16:30:16.904,2301356360,336904,1,1.0144,-0.10278,0.1731,-1.443,0.626,-0.153,ergonomis
2026-06-02 16:30:16.904,2301356360,336904,2,0.80542,0.17627,0.94971,-1.916,0.519,0.878,ergonomis
2026-06-02 16:30:16.104,2301355560,337104,1,1.01025,-0.10034,0.17114,-1.58,-0.275,0.29,ergonomis
2026-06-02 16:30:16.104,2301355560,337104,2,0.79785,0.17627,0.93408,-1.939,1.023,0.931,ergonomis
2026-06-02 16:30:17.304,2301356760,337304,1,1.00757,-0.10645,0.17041,-3.336,0.702,-0.008,ergonomis
2026-06-02 16:30:17.304,2301356760,337304,2,0.80371,0.17432,0.93726,-0.023,2.084,1.595,ergonomis
2026-06-02 16:30:17.504,2301356960,337504,1,1.01807,-0.09399,0.17456,-0.252,0.29,-0.298,ergonomis
2026-06-02 16:30:17.504,2301356960,337504,2,0.81323,0.1687,0.93921,-2.168,-0.115,1.0,ergonomis
2026-06-02 16:30:17.704,2301357160,337704,1,1.01929,-0.1001,0.1687,-0.351,-0.328,0.038,ergonomis
2026-06-02 16:30:17.704,2301357160,337704,2,0.8042,0.16797,0.93726,-0.023,1.26,1.603,ergonomis
2026-06-02 16:30:17.904,2301357360,337904,1,1.01489,-0.10449,0.1582,-2.878,-0.344,-0.076,ergonomis
2026-06-02 16:30:17.904,2301357360,337904,2,0.80298,0.17969,0.93652,2.053,2.435,2.115,ergonomis
2026-06-02 16:30:17.104,2301356560,338104,1,1.01367,-0.10327,0.16919,-1.321,0.718,-0.557,ergonomis
2026-06-02 16:30:17.104,2301356560,338104,2,0.79858,0.17285,0.93823,-1.863,0.504,1.649,ergonomis
2026-06-02 16:30:18.364,2301357820,338364,1,1.02319,-0.10352,0.1582,-0.206,0.122,0.908,ergonomis
2026-06-02 16:30:18.364,2301357820,338364,2,0.79761,0.17627,0.94043,-1.901,-0.198,1.031,ergonomis
2026-06-02 16:30:18.564,2301358020,338564,1,1.00879,-0.10327,0.16675,-1.87,-0.153,0.221,ergonomis
2026-06-02 16:30:18.564,2301358020,338564,2,0.80518,0.17285,0.93945,-0.603,0.74,1.656,ergonomis
2026-06-02 16:30:18.764,2301358220,338764,1,1.01611,-0.10132,0.17529,-1.763,-0.336,0.046,ergonomis
2026-06-02 16:30:18.764,2301358220,338764,2,0.80249,0.17505,0.93848,-0.969,1.214,1.237,ergonomis
2026-06-02 16:30:18.964,2301358420,338964,1,1.02124,-0.10474,0.16699,-2.672,0.832,0.038,ergonomis
2026-06-02 16:30:18.964,2301358420,338964,2,0.80859,0.16968,0.94702,-0.542,1.374,0.427,ergonomis
2026-06-02 16:30:18.164,2301357620,339164,1,1.00439,-0.1062,0.16968,-1.542,0.672,-0.55,ergonomis
2026-06-02 16:30:18.164,2301357620,339164,2,0.80713,0.17505,0.93872,-0.969,0.962,1.176,ergonomis
2026-06-02 16:30:19.364,2301358820,339364,1,1.00879,-0.1145,0.16333,0.496,0.863,-0.802,ergonomis
2026-06-02 16:30:19.364,2301358820,339364,2,0.80713,0.177,0.94141,0.092,1.13,1.145,ergonomis
2026-06-02 16:30:19.564,2301359020,339564,1,1.01904,-0.09277,0.1748,-2.282,0.924,-0.534,ergonomis
2026-06-02 16:30:19.564,2301359020,339564,2,0.80273,0.17334,0.94458,-1.962,0.405,1.221,ergonomis
2026-06-02 16:30:19.764,2301359220,339764,1,1.00879,-0.11621,0.16528,-1.069,1.183,-0.634,ergonomis
2026-06-02 16:30:19.764,2301359220,339764,2,0.80225,0.18262,0.94043,0.031,0.763,2.053,ergonomis
2026-06-02 16:30:19.964,2301359420,339964,1,1.01196,-0.09546,0.17432,-0.969,-0.206,-0.221,ergonomis
2026-06-02 16:30:19.964,2301359420,339964,2,0.80078,0.18335,0.94214,1.061,2.229,1.947,ergonomis
2026-06-02 16:30:19.186,2301358642,340186,1,1.01929,-0.10645,0.16748,-1.863,0.252,-0.031,ergonomis
2026-06-02 16:30:19.186,2301358642,340186,2,0.80347,0.1814,0.94263,-0.649,1.046,2.145,ergonomis
2026-06-02 16:30:20.386,2301359842,340386,1,1.0144,-0.09521,0.17041,-1.649,0.275,0.252,ergonomis
2026-06-02 16:30:20.386,2301359842,340386,2,0.80469,0.17432,0.94531,-1.779,-0.038,1.71,ergonomis
2026-06-02 16:30:20.586,2301360042,340586,1,1.01172,-0.09717,0.16504,-2.176,-0.534,0.237,ergonomis
2026-06-02 16:30:20.586,2301360042,340586,2,0.80029,0.17651,0.93726,-1.473,0.458,1.779,ergonomis
2026-06-02 16:30:20.786,2301360242,340786,1,1.01904,-0.10254,0.16992,-1.832,-0.847,0.305,ergonomis
2026-06-02 16:30:20.786,2301360242,340786,2,0.80591,0.17065,0.94263,-1.466,0.336,1.954,ergonomis
2026-06-02 16:30:20.986,2301360442,340986,1,1.0271,-0.10059,0.15552,-1.336,-0.153,0.527,ergonomis
2026-06-02 16:30:20.986,2301360442,340986,2,0.80444,0.16479,0.93408,-0.641,1.008,1.71,ergonomis
2026-06-02 16:30:20.186,2301359642,341186,1,1.01416,-0.11108,0.15503,-1.221,0.588,0.191,ergonomis
2026-06-02 16:30:20.186,2301359642,341186,2,0.81152,0.16553,0.94336,-0.267,1.031,1.42,ergonomis
2026-06-02 16:30:21.386,2301360842,341386,1,1.02759,-0.10254,0.16431,-2.534,0.908,-0.542,ergonomis
2026-06-02 16:30:21.386,2301360842,341386,2,0.8042,0.17383,0.93823,-0.42,1.351,1.076,ergonomis
2026-06-02 16:30:21.586,2301361042,341586,1,1.01831,-0.11426,0.15479,-0.336,0.748,-0.809,ergonomis
2026-06-02 16:30:21.586,2301361042,341586,2,0.81055,0.17822,0.93872,0.45,1.351,1.595,ergonomis
2026-06-02 16:30:21.786,2301361242,341786,1,1.01587,-0.10083,0.15918,-3.344,0.634,-0.55,ergonomis
2026-06-02 16:30:21.786,2301361242,341786,2,0.80688,0.17236,0.94971,-0.458,1.244,1.16,ergonomis
2026-06-02 16:30:21.987,2301361443,341987,1,1.01978,-0.09546,0.16333,-0.969,0.221,0.076,ergonomis
2026-06-02 16:30:21.987,2301361443,341987,2,0.80396,0.17627,0.94092,-1.229,0.496,1.74,ergonomis
2026-06-02 16:30:21.187,2301360643,342187,1,1.01416,-0.10303,0.15552,-2.244,0.328,0.153,ergonomis
2026-06-02 16:30:21.187,2301360643,342187,2,0.80542,0.17114,0.94409,-1.206,0.969,1.74,ergonomis
2026-06-02 16:30:22.387,2301361843,342387,1,1.02319,-0.10107,0.15405,-1.534,0.573,0.313,ergonomis
2026-06-02 16:30:22.387,2301361843,342387,2,0.81152,0.1792,0.94312,-1.084,0.969,1.733,ergonomis
2026-06-02 16:30:22.587,2301362043,342587,1,1.0166,-0.11255,0.15649,-1.534,0.252,-0.191,ergonomis
2026-06-02 16:30:22.587,2301362043,342587,2,0.80933,0.16602,0.93408,-0.473,0.504,1.351,ergonomis
2026-06-02 16:30:22.787,2301362243,342787,1,1.0166,-0.10059,0.15649,-2.656,0.115,-0.718,ergonomis
2026-06-02 16:30:22.787,2301362243,342787,2,0.80566,0.17334,0.94263,-1.947,0.443,1.237,ergonomis
2026-06-02 16:30:22.987,2301362443,342987,1,1.01807,-0.11401,0.15698,-0.374,0.084,-0.168,ergonomis
2026-06-02 16:30:22.987,2301362443,342987,2,0.80981,0.1709,0.93408,0.939,2.176,1.695,ergonomis
2026-06-02 16:30:22.187,2301361643,343187,1,1.01782,-0.10083,0.1604,-2.336,0.313,-0.061,ergonomis
2026-06-02 16:30:22.187,2301361643,343187,2,0.80933,0.17188,0.93042,-1.672,0.252,2.366,ergonomis
2026-06-02 16:30:23.387,2301362843,343387,1,1.02344,-0.10278,0.1582,-0.969,-0.405,,ergonomis
2026-06-02 16:30:23.387,2301362843,343387,2,0.80054,0.16943,0.93359,-0.489,0.901,1.603,ergonomis
2026-06-02 16:30:23.587,2301363043,343587,1,1.01538,-0.1062,0.15405,-2.573,0.702,0.511,ergonomis
2026-06-02 16:30:23.587,2301363043,343587,2,0.80859,0.16162,0.92676,-2.344,0.084,1.137,ergonomis
2026-06-02 16:30:23.787,2301363243,343787,1,1.0188,-0.10132,0.14697,-2.046,1.947,0.565,ergonomis
2026-06-02 16:30:23.787,2301363243,343787,2,0.80884,0.16235,0.93384,-0.168,1.519,1.45,ergonomis
2026-06-02 16:30:23.032,2301362488,344031,1,1.01074,-0.10962,0.16553,-2.389,1.55,0.031,ergonomis
2026-06-02 16:30:23.032,2301362488,344031,2,0.81445,0.15869,0.92627,0.122,1.679,1.16,ergonomis
2026-06-02 16:30:24.231,2301363687,344231,1,1.0188,-0.10107,0.16602,-1.954,0.947,-0.176,ergonomis
2026-06-02 16:30:24.231,2301363687,344231,2,0.8042,0.17676,0.94775,-0.824,1.221,0.939,ergonomis
2026-06-02 16:30:24.431,2301363887,344431,1,1.01685,-0.11621,0.16943,-1.679,1.153,0.061,ergonomis
2026-06-02 16:30:24.431,2301363887,344431,2,0.80688,0.17065,0.94312,0.099,1.489,1.176,ergonomis
2026-06-02 16:30:24.631,2301364087,344631,1,1.00806,-0.09888,0.17676,-1.405,1.496,-0.008,ergonomis
2026-06-02 16:30:24.631,2301364087,344631,2,0.80884,0.1731,0.94458,-0.992,1.496,0.908,ergonomis
2026-06-02 16:30:24.831,2301364287,344831,1,1.01758,-0.104,0.17285,-1.756,1.023,-0.214,ergonomis
2026-06-02 16:30:24.831,2301364287,344831,2,0.802,0.17676,0.93677,-0.13,1.695,0.977,ergonomis
2026-06-02 16:30:24.031,2301363487,345031,1,1.00708,-0.09839,0.18018,-1.298,0.916,-0.244,ergonomis
2026-06-02 16:30:24.031,2301363487,345031,2,0.79883,0.17896,0.94287,-1.611,0.924,1.145,ergonomis
2026-06-02 16:30:25.231,2301364687,345231,1,1.0144,-0.09937,0.16992,-1.534,0.305,-0.069,ergonomis
2026-06-02 16:30:25.231,2301364687,345231,2,0.79883,0.18018,0.9436,-0.107,1.74,1.389,ergonomis
2026-06-02 16:30:25.450,2301364906,345450,1,1.00073,-0.10767,0.18311,-1.878,0.855,0.031,ergonomis
2026-06-02 16:30:25.450,2301364906,345450,2,0.80225,0.17627,0.94507,-1.588,0.45,1.267,ergonomis
2026-06-02 16:30:25.650,2301365106,345650,1,1.01196,-0.10254,0.17407,-1.649,0.153,0.076,ergonomis
2026-06-02 16:30:25.650,2301365106,345650,2,0.80811,0.16846,0.94336,-1.313,0.565,1.26,ergonomis
2026-06-02 16:30:25.850,2301365306,345850,1,1.01074,-0.11011,0.17749,-1.427,0.046,0.038,ergonomis
2026-06-02 16:30:25.850,2301365306,345850,2,0.80615,0.17773,0.93896,-0.45,0.573,1.763,ergonomis
2026-06-02 16:30:25.050,2301364506,346050,1,1.00513,-0.10327,0.16968,-1.267,0.053,-0.168,ergonomis
2026-06-02 16:30:25.050,2301364506,346050,2,0.80054,0.18384,0.94849,-1.046,0.878,1.504,ergonomis
2026-06-02 16:30:26.250,2301365706,346250,1,1.01001,-0.10205,0.1748,-1.931,0.412,0.527,ergonomis
2026-06-02 16:30:26.250,2301365706,346250,2,0.80322,0.17041,0.93823,-0.786,1.221,1.641,ergonomis
2026-06-02 16:30:26.450,2301365906,346450,1,1.00879,-0.10474,0.1792,-2.45,0.061,0.412,ergonomis
2026-06-02 16:30:26.450,2301365906,346450,2,0.80225,0.17505,0.94629,-0.229,1.107,1.679,ergonomis
2026-06-02 16:30:26.650,2301366106,346650,1,1.01343,-0.10864,0.17407,-1.382,0.305,0.092,ergonomis
2026-06-02 16:30:26.650,2301366106,346650,2,0.7981,0.17773,0.92944,-0.504,1.366,1.588,ergonomis
2026-06-02 16:30:26.850,2301366306,346850,1,1.01245,-0.11401,0.1814,-1.939,-0.847,0.122,ergonomis
2026-06-02 16:30:26.850,2301366306,346850,2,0.80518,0.14746,0.93848,-2.649,0.191,2.405,ergonomis
2026-06-02 16:30:26.050,2301365506,347050,1,1.0,-0.11084,0.15405,-6.183,-6.435,1.794,ergonomis
2026-06-02 16:30:26.050,2301365506,347050,2,0.79883,0.16479,0.97314,-3.008,0.611,2.275,ergonomis
2026-06-02 16:30:27.250,2301366706,347250,1,1.01025,-0.11768,0.15454,-3.092,0.107,0.954,ergonomis
2026-06-02 16:30:27.250,2301366706,347250,2,0.80981,0.15088,0.94043,-5.466,-2.252,2.168,ergonomis
2026-06-02 16:30:27.464,2301366920,347464,1,1.01489,-0.13525,0.15576,-6.901,-1.985,-1.641,ergonomis
2026-06-02 16:30:27.464,2301366920,347464,2,0.81592,0.13379,0.94556,-2.641,-2.29,1.473,ergonomis
2026-06-02 16:30:27.664,2301367120,347664,1,1.02441,-0.12451,0.14087,3.817,-2.321,-2.656,ergonomis
2026-06-02 16:30:27.664,2301367120,347664,2,0.81763,0.15576,0.92676,1.153,0.374,-0.832,ergonomis
2026-06-02 16:30:27.864,2301367320,347864,1,1.03101,-0.03271,0.15698,-10.313,-5.26,-1.069,ergonomis
2026-06-02 16:30:27.864,2301367320,347864,2,0.80225,0.1438,0.92578,-10.649,-5.939,2.191,ergonomis
2026-06-02 16:30:27.064,2301366520,348064,1,1.03638,-0.10352,0.12354,1.588,-1.863,1.443,ergonomis
2026-06-02 16:30:27.064,2301366520,348064,2,0.80811,0.17896,0.93237,-5.733,-2.053,0.519,ergonomis
2026-06-02 16:30:28.264,2301367720,348264,1,1.03589,-0.10986,0.11182,-0.779,0.626,-1.786,ergonomis
2026-06-02 16:30:28.264,2301367720,348264,2,0.81909,0.14575,0.92407,-1.489,0.198,1.626,ergonomis
2026-06-02 16:30:28.464,2301367920,348464,1,1.03369,-0.10669,0.11401,-2.145,1.42,0.618,ergonomis
2026-06-02 16:30:28.464,2301367920,348464,2,0.81445,0.15063,0.93457,-0.481,1.969,1.275,ergonomis
2026-06-02 16:30:28.664,2301368120,348664,1,1.02563,-0.10669,0.125,-1.771,1.328,0.756,ergonomis
2026-06-02 16:30:28.664,2301368120,348664,2,0.81299,0.16089,0.92651,-0.214,2.45,1.038,ergonomis
2026-06-02 16:30:28.864,2301368320,348864,1,1.03052,-0.10815,0.13354,-1.817,2.786,0.267,ergonomis
2026-06-02 16:30:28.864,2301368320,348864,2,0.81445,0.15308,0.93457,-1.099,1.901,1.176,ergonomis
2026-06-02 16:30:28.064,2301367520,349064,1,1.02783,-0.10181,0.13477,-4.321,1.023,0.824,ergonomis
2026-06-02 16:30:28.064,2301367520,349064,2,0.81006,0.15527,0.93848,-3.916,-1.076,1.107,ergonomis
2026-06-02 16:30:29.282,2301368738,349282,1,1.03198,-0.11255,0.13037,6.252,0.489,0.901,ergonomis
2026-06-02 16:30:29.282,2301368738,349282,2,0.80713,0.17432,0.9209,4.74,4.908,1.702,ergonomis
2026-06-02 16:30:29.482,2301368938,349482,1,1.02441,-0.10938,0.14063,-2.336,2.359,-1.13,ergonomis
2026-06-02 16:30:29.482,2301368938,349482,2,0.80322,0.16821,0.93457,2.824,2.366,2.519,ergonomis
2026-06-02 16:30:29.682,2301369138,349682,1,1.0293,-0.10815,0.13354,-6.092,0.405,-2.092,ergonomis
2026-06-02 16:30:29.682,2301369138,349682,2,0.80859,0.15259,0.94043,-0.901,0.603,-0.076,ergonomis
2026-06-02 16:30:29.882,2301369338,349882,1,1.02539,-0.07935,0.13989,1.221,0.45,-1.275,ergonomis
2026-06-02 16:30:29.882,2301369338,349882,2,0.81445,0.17749,0.92822,-2.26,0.321,0.328,ergonomis
2026-06-02 16:30:29.082,2301368538,350082,1,1.02856,-0.09717,0.13989,-2.71,0.977,0.008,ergonomis
2026-06-02 16:30:29.082,2301368538,350082,2,0.80493,0.15356,0.94165,-1.573,0.779,1.893,ergonomis
2026-06-02 16:30:30.453,2301369909,350453,1,1.02344,-0.11279,0.13623,-1.29,1.168,0.038,ergonomis
2026-06-02 16:30:30.453,2301369909,350453,2,0.8042,0.16431,0.94238,-1.313,0.855,0.924,ergonomis
2026-06-02 16:30:30.653,2301370109,350653,1,1.01587,-0.10864,0.1377,-2.191,0.878,-0.366,ergonomis
2026-06-02 16:30:30.653,2301370109,350653,2,0.80396,0.1748,0.9458,-0.611,0.664,0.931,ergonomis
2026-06-02 16:30:30.853,2301370309,350853,1,1.02368,-0.10352,0.14746,-1.992,0.947,-0.908,ergonomis
2026-06-02 16:30:30.853,2301370309,350853,2,0.80542,0.17749,0.94385,0.298,0.573,1.115,ergonomis
2026-06-02 16:30:30.053,2301369509,351053,1,1.02026,-0.09692,0.13135,-2.878,0.435,-1.244,ergonomis
2026-06-02 16:30:30.053,2301369509,351053,2,0.80762,0.17651,0.93823,-0.977,0.534,1.023,ergonomis
2026-06-02 16:30:31.253,2301370709,351253,1,1.01685,-0.09937,0.14307,-1.84,0.412,-0.214,ergonomis
2026-06-02 16:30:31.253,2301370709,351253,2,0.8064,0.1814,0.92944,-1.023,0.389,1.718,ergonomis
2026-06-02 16:30:31.453,2301370909,351453,1,1.02173,-0.09448,0.14258,-2.634,0.237,0.366,ergonomis
2026-06-02 16:30:31.453,2301370909,351453,2,0.80811,0.1709,0.94263,-1.015,0.885,2.618,ergonomis
2026-06-02 16:30:31.750,2301371206,351750,1,1.02319,-0.10376,0.14136,-1.244,-1.046,1.176,ergonomis
2026-06-02 16:30:31.750,2301371206,351750,2,0.8103,0.16895,0.92847,-1.473,0.374,2.786,ergonomis
2026-06-02 16:30:31.999,2301371455,351999,1,1.02783,-0.10693,0.13306,-3.336,-0.099,0.817,ergonomis
2026-06-02 16:30:31.999,2301371455,351999,2,0.80933,0.15967,0.93921,-0.702,0.855,2.252,ergonomis
2026-06-02 16:30:31.199,2301370655,352199,1,1.02319,-0.1106,0.12744,-1.924,-0.267,0.611,ergonomis
2026-06-02 16:30:31.199,2301370655,352199,2,0.8147,0.15747,0.93115,-3.221,-0.107,1.573,ergonomis
2026-06-02 16:30:32.399,2301371855,352399,1,1.02637,-0.11548,0.13623,0.359,-0.473,0.611,ergonomis
2026-06-02 16:30:32.399,2301371855,352399,2,0.81616,0.16333,0.94141,-2.809,0.443,3.13,ergonomis
2026-06-02 16:30:32.679,2301372135,352679,1,1.02393,-0.1228,0.13257,-12.26,-0.481,1.695,ergonomis
2026-06-02 16:30:32.679,2301372135,352679,2,0.7998,0.13477,0.95264,-0.076,1.649,1.672,ergonomis
2026-06-02 16:30:32.923,2301372379,352923,1,0.98096,-0.1333,0.08203,1.733,10.084,-0.924,ergonomis
2026-06-02 16:30:32.923,2301372379,352923,2,0.81079,0.14697,0.92993,0.275,1.565,0.527,ergonomis
2026-06-02 16:30:32.123,2301371579,353123,1,1.02466,-0.12939,0.13818,-3.595,1.595,-2.069,ergonomis
2026-06-02 16:30:32.123,2301371579,353123,2,0.81543,0.15088,0.93555,0.84,1.969,1.336,ergonomis
2026-06-02 16:30:33.355,2301372811,353355,1,1.00439,-0.13623,0.12769,-7.664,2.489,-3.382,ergonomis
2026-06-02 16:30:33.355,2301372811,353355,2,0.8147,0.15479,0.95068,-2.718,-0.84,0.458,ergonomis
2026-06-02 16:30:33.572,2301373028,353572,1,1.01465,-0.13623,0.12988,-2.076,-0.321,-0.931,ergonomis
2026-06-02 16:30:33.572,2301373028,353572,2,0.8064,0.15405,0.93042,-1.321,1.084,1.412,ergonomis
2026-06-02 16:30:34.479,2301373935,354479,1,1.01953,-0.12256,0.1416,-1.794,0.45,-0.13,ergonomis
2026-06-02 16:30:34.479,2301373935,354479,2,0.81006,0.1582,0.94189,0.397,1.443,1.29,ergonomis
2026-06-02 16:30:34.747,2301374203,354747,1,1.02002,-0.11475,0.1438,-2.649,0.458,0.252,ergonomis
2026-06-02 16:30:34.747,2301374203,354747,2,0.81226,0.14966,0.93091,-1.893,0.611,0.756,ergonomis
2026-06-02 16:30:34.947,2301374403,354947,1,1.01904,-0.12207,0.13696,-1.13,-0.679,-0.237,ergonomis
2026-06-02 16:30:34.947,2301374403,354947,2,0.80981,0.15771,0.94116,-0.901,0.893,1.458,ergonomis
2026-06-02 16:30:34.147,2301373603,355147,1,1.02734,-0.11499,0.13965,-0.947,0.008,-0.366,ergonomis
2026-06-02 16:30:34.147,2301373603,355147,2,0.81006,0.1521,0.94336,-1.443,0.389,1.489,ergonomis
2026-06-02 16:30:35.347,2301374803,355347,1,1.02881,-0.12329,0.13745,-0.374,-1.641,-0.221,ergonomis
2026-06-02 16:30:35.347,2301374803,355347,2,0.81055,0.15063,0.91724,-1.336,1.069,1.153,ergonomis
2026-06-02 16:30:35.547,2301375003,355547,1,1.02759,-0.11133,0.13086,-1.031,-1.855,-1.076,ergonomis
2026-06-02 16:30:35.547,2301375003,355547,2,0.80469,0.15869,0.95215,-2.145,0.046,1.672,ergonomis
2026-06-02 16:30:35.835,2301375291,355835,1,1.02612,-0.12109,0.11401,0.229,-3.817,-0.282,ergonomis
2026-06-02 16:30:35.835,2301375291,355835,2,0.81738,0.16235,0.94556,-0.595,1.466,1.344,ergonomis
2026-06-02 16:30:35.035,2301374491,356035,1,1.02588,-0.11206,0.10229,-1.29,-0.962,0.473,ergonomis
2026-06-02 16:30:35.035,2301374491,356035,2,0.80908,0.15088,0.92578,-0.687,-0.198,1.817,ergonomis
2026-06-02 16:30:36.235,2301375691,356235,1,1.02686,-0.11206,0.09399,-2.008,-1.198,-0.076,ergonomis
2026-06-02 16:30:36.235,2301375691,356235,2,0.81519,0.15234,0.92163,-0.962,0.183,1.802,ergonomis
2026-06-02 16:30:36.438,2301375894,356438,1,1.03589,-0.13354,0.07642,-2.321,-0.71,-0.832,ergonomis
2026-06-02 16:30:36.438,2301375894,356438,2,0.83203,0.13208,0.92163,-4.115,-1.481,-2.809,ergonomis
2026-06-02 16:30:36.640,2301376096,356640,1,1.04858,-0.09009,0.11865,9.916,-4.206,-5.733,ergonomis
2026-06-02 16:30:36.640,2301376096,356640,2,0.81177,0.17725,0.91162,2.74,2.969,-0.947,ergonomis
2026-06-02 16:30:36.876,2301376332,356876,1,1.05249,-0.06201,0.10156,1.229,-2.71,0.55,ergonomis
2026-06-02 16:30:36.876,2301376332,356876,2,0.80884,0.16968,0.92236,-2.573,0.878,-0.763,ergonomis
2026-06-02 16:30:36.079,2301375535,357079,1,1.04297,-0.09009,0.10034,-0.786,3.107,0.74,ergonomis
2026-06-02 16:30:36.079,2301375535,357079,2,0.80371,0.16968,0.91577,3.359,5.046,1.565,ergonomis
2026-06-02 16:30:37.279,2301376735,357279,1,1.03198,-0.0896,0.10352,-3.473,1.099,0.344,ergonomis
2026-06-02 16:30:37.279,2301376735,357279,2,0.80005,0.17236,0.93481,-3.221,-0.45,1.206,ergonomis
2026-06-02 16:30:37.479,2301376935,357479,1,1.0415,-0.09717,0.10156,-0.878,-0.229,0.924,ergonomis
2026-06-02 16:30:37.479,2301376935,357479,2,0.81323,0.17627,0.93823,-0.122,1.725,1.427,ergonomis
2026-06-02 16:30:37.679,2301377135,357679,1,1.04004,-0.09106,0.104,-1.878,-0.344,-0.13,ergonomis
2026-06-02 16:30:37.679,2301377135,357679,2,0.81226,0.17212,0.9353,-1.687,0.42,1.611,ergonomis
2026-06-02 16:30:37.879,2301377335,357879,1,1.03784,-0.09448,0.09302,-1.42,0.153,-0.16,ergonomis
2026-06-02 16:30:37.879,2301377335,357879,2,0.80786,0.16943,0.92993,-0.771,0.374,1.389,ergonomis
2026-06-02 16:30:37.079,2301376535,358079,1,1.03687,-0.09131,0.0979,-1.626,0.664,-0.015,ergonomis
2026-06-02 16:30:37.079,2301376535,358079,2,0.80737,0.1731,0.92871,-0.588,1.359,1.466,ergonomis
2026-06-02 16:30:38.279,2301377735,358279,1,1.0354,-0.09473,0.10522,-1.908,0.87,-0.023,ergonomis
2026-06-02 16:30:38.279,2301377735,358279,2,0.80957,0.16895,0.93066,-0.702,0.847,1.595,ergonomis
2026-06-02 16:30:38.479,2301377935,358479,1,1.03052,-0.09448,0.09424,-1.649,-0.267,-0.282,ergonomis
2026-06-02 16:30:38.479,2301377935,358479,2,0.80859,0.17578,0.92212,-0.939,0.931,1.038,ergonomis
2026-06-02 16:30:38.679,2301378135,358679,1,1.0332,-0.0874,0.09351,-1.939,0.565,-0.115,ergonomis
2026-06-02 16:30:38.679,2301378135,358679,2,0.80884,0.17261,0.94092,-1.687,0.275,1.458,ergonomis
2026-06-02 16:30:38.879,2301378335,358879,1,1.03271,-0.09277,0.10034,-1.649,0.519,0.321,ergonomis
2026-06-02 16:30:38.879,2301378335,358879,2,0.81323,0.17236,0.93677,-0.847,1.26,1.733,ergonomis
2026-06-02 16:30:38.079,2301377535,359079,1,1.03882,-0.09375,0.09644,-1.588,0.74,0.366,ergonomis
2026-06-02 16:30:38.079,2301377535,359079,2,0.80762,0.1687,0.94678,-0.405,0.893,1.458,ergonomis
2026-06-02 16:30:39.279,2301378735,359279,1,1.03101,-0.09424,0.10352,-2.817,0.847,0.511,ergonomis
2026-06-02 16:30:39.279,2301378735,359279,2,0.81006,0.17798,0.93823,-0.115,1.443,1.847,ergonomis
2026-06-02 16:30:39.479,2301378935,359479,1,1.03442,-0.10742,0.09717,-2.16,1.137,-0.687,ergonomis
2026-06-02 16:30:39.479,2301378935,359479,2,0.8103,0.17578,0.93872,0.947,1.794,1.229,ergonomis
2026-06-02 16:30:39.679,2301379135,359679,1,1.03442,-0.09009,0.10376,-0.779,1.008,-0.45,ergonomis
2026-06-02 16:30:39.679,2301379135,359679,2,0.80713,0.17554,0.93091,-0.427,1.229,0.664,ergonomis
2026-06-02 16:30:39.879,2301379335,359879,1,1.03247,-0.08984,0.10132,-1.496,0.008,-0.328,ergonomis
2026-06-02 16:30:39.879,2301379335,359879,2,0.80859,0.16919,0.93286,-0.031,1.107,1.351,ergonomis
2026-06-02 16:30:39.079,2301378535,360079,1,1.03491,-0.08618,0.10962,-1.878,-0.13,-0.313,ergonomis
2026-06-02 16:30:39.079,2301378535,360079,2,0.81348,0.1748,0.93481,-1.053,0.641,1.466,ergonomis
2026-06-02 16:30:40.279,2301379735,360279,1,1.03223,-0.08594,0.10156,-2.183,0.634,0.229,ergonomis
2026-06-02 16:30:40.279,2301379735,360279,2,0.80811,0.17651,0.93433,-0.87,0.977,1.618,ergonomis
2026-06-02 16:30:40.479,2301379935,360479,1,1.03345,-0.08447,0.09985,-1.847,0.366,0.176,ergonomis
2026-06-02 16:30:40.479,2301379935,360479,2,0.80566,0.16626,0.94556,-1.229,1.023,1.191,ergonomis
2026-06-02 16:30:40.679,2301380135,360679,1,1.03418,-0.09839,0.10156,-1.519,0.489,0.13,ergonomis
2026-06-02 16:30:40.679,2301380135,360679,2,0.80542,0.17749,0.92725,0.336,1.336,1.748,ergonomis
2026-06-02 16:30:40.879,2301380335,360879,1,1.04028,-0.08618,0.09912,-2.29,0.733,0.031,ergonomis
2026-06-02 16:30:40.879,2301380335,360879,2,0.80762,0.17822,0.9314,-0.855,1.214,1.412,ergonomis
2026-06-02 16:30:41.434,2301380890,361434,1,1.03491,-0.08618,0.1084,-1.443,0.481,0.069,ergonomis
2026-06-02 16:30:41.434,2301380890,361434,2,0.8103,0.17407,0.93555,-0.29,1.237,1.427,ergonomis
2026-06-02 16:30:42.640,2301382096,362640,1,1.03296,-0.09595,0.10938,-1.198,0.305,-0.069,ergonomis
2026-06-02 16:30:42.640,2301382096,362640,2,0.80493,0.1709,0.93335,-1.458,0.87,1.252,ergonomis
2026-06-02 16:30:42.921,2301382377,362921,1,1.03027,-0.09326,0.10083,-1.847,0.534,-0.115,ergonomis
2026-06-02 16:30:42.921,2301382377,362921,2,0.80493,0.1709,0.9353,-1.267,0.947,1.038,ergonomis
2026-06-02 16:30:42.121,2301381577,363121,1,1.03296,-0.09741,0.1001,-1.901,-0.053,0.099,ergonomis
2026-06-02 16:30:42.121,2301381577,363121,2,0.8125,0.17407,0.92993,-1.015,0.939,1.344,ergonomis
2026-06-02 16:30:43.321,2301382777,363321,1,1.03613,-0.09961,0.10913,-2.122,0.305,-0.374,ergonomis
2026-06-02 16:30:43.321,2301382777,363321,2,0.8042,0.17212,0.93433,-1.092,0.832,0.878,ergonomis
2026-06-02 16:30:43.772,2301383228,363771,1,1.03979,-0.09448,0.10278,-1.458,-0.145,-0.038,ergonomis
2026-06-02 16:30:43.772,2301383228,363771,2,0.80518,0.16406,0.94043,0.183,1.504,1.679,ergonomis
2026-06-02 16:30:43.971,2301383427,363971,1,1.03857,-0.09253,0.09448,-1.481,0.435,0.145,ergonomis
2026-06-02 16:30:43.971,2301383427,363971,2,0.80615,0.17407,0.93994,-2.099,0.504,1.305,ergonomis
2026-06-02 16:30:43.171,2301382627,364171,1,1.03052,-0.09619,0.104,-0.985,-0.183,0.466,ergonomis
2026-06-02 16:30:43.171,2301382627,364171,2,0.80933,0.17114,0.92773,-1.282,0.687,1.267,ergonomis
2026-06-02 16:30:44.371,2301383827,364371,1,1.03638,-0.10034,0.10059,-2.008,-0.206,-0.26,ergonomis
2026-06-02 16:30:44.371,2301383827,364371,2,0.80933,0.17017,0.94019,-1.725,0.382,1.084,ergonomis
2026-06-02 16:30:44.571,2301384027,364571,1,1.03735,-0.10059,0.09131,-1.71,0.344,0.214,ergonomis
2026-06-02 16:30:44.571,2301384027,364571,2,0.80322,0.17383,0.93286,-0.321,0.87,1.42,ergonomis
2026-06-02 16:30:44.771,2301384227,364771,1,1.03271,-0.09668,0.09595,-1.847,-0.038,0.023,ergonomis
2026-06-02 16:30:44.771,2301384227,364771,2,0.80811,0.16992,0.93335,-1.099,0.496,1.695,ergonomis
2026-06-02 16:30:44.971,2301384427,364971,1,1.03784,-0.09521,0.09741,-1.832,0.55,-0.511,ergonomis
2026-06-02 16:30:44.971,2301384427,364971,2,0.81006,0.17554,0.93164,-0.145,1.061,1.489,ergonomis
2026-06-02 16:30:44.171,2301383627,365171,1,1.03076,-0.09717,0.09351,-2.031,0.588,-0.176,ergonomis
2026-06-02 16:30:44.171,2301383627,365171,2,0.80786,0.1709,0.93823,-0.817,0.885,1.328,ergonomis
2026-06-02 16:30:45.371,2301384827,365371,1,1.03174,-0.10083,0.10132,-1.71,0.71,-0.267,ergonomis
2026-06-02 16:30:45.371,2301384827,365371,2,0.80933,0.17334,0.92651,-0.122,1.405,1.221,ergonomis
2026-06-02 16:30:45.571,2301385027,365571,1,1.03394,-0.1001,0.10571,-1.626,0.443,-0.382,ergonomis
2026-06-02 16:30:45.571,2301385027,365571,2,0.81372,0.17065,0.93408,0.038,1.351,1.252,ergonomis
2026-06-02 16:30:45.771,2301385227,365771,1,1.0332,-0.09448,0.09351,-2.046,0.359,0.099,ergonomis
2026-06-02 16:30:45.771,2301385227,365771,2,0.80713,0.17676,0.93164,-0.87,0.809,1.389,ergonomis
2026-06-02 16:30:46.396,2301385852,366396,1,1.03491,-0.0957,0.10645,-1.534,0.435,0.038,ergonomis
2026-06-02 16:30:46.396,2301385852,366396,2,0.81152,0.17236,0.93921,-0.58,0.969,1.389,ergonomis
2026-06-02 16:30:46.596,2301386052,366596,1,1.03906,-0.08765,0.0957,-1.473,-0.069,-0.45,ergonomis
2026-06-02 16:30:46.596,2301386052,366596,2,0.80664,0.17725,0.92578,-1.412,0.595,1.198,ergonomis
2026-06-02 16:30:46.796,2301386252,366796,1,1.03711,-0.09375,0.10156,-1.519,0.221,0.099,ergonomis
2026-06-02 16:30:46.796,2301386252,366796,2,0.80664,0.17285,0.92505,-0.947,0.664,1.649,ergonomis
2026-06-02 16:30:46.996,2301386452,366996,1,1.04102,-0.09351,0.10547,-1.015,-0.084,-0.214,ergonomis
2026-06-02 16:30:46.996,2301386452,366996,2,0.80518,0.17188,0.92114,-1.504,0.901,0.893,ergonomis
2026-06-02 16:30:46.196,2301385652,367196,1,1.03687,-0.09644,0.09204,-1.763,0.229,0.321,ergonomis
2026-06-02 16:30:46.196,2301385652,367196,2,0.80835,0.16943,0.93652,-1.244,0.634,1.466,ergonomis
2026-06-02 16:30:47.396,2301386852,367396,1,1.03247,-0.09302,0.09961,-1.695,-0.046,-0.16,ergonomis
2026-06-02 16:30:47.396,2301386852,367396,2,0.81079,0.16943,0.92944,-1.069,0.924,1.282,ergonomis
2026-06-02 16:30:47.734,2301387190,367734,1,1.02881,-0.09814,0.09888,-1.634,1.221,-0.107,ergonomis
2026-06-02 16:30:47.734,2301387190,367734,2,0.81519,0.17456,0.92871,-0.267,0.74,1.374,ergonomis
2026-06-02 16:30:47.934,2301387390,367934,1,1.03735,-0.09595,0.09351,-1.725,0.313,-0.183,ergonomis
2026-06-02 16:30:47.934,2301387390,367934,2,0.80908,0.17676,0.93604,-1.328,0.351,1.198,ergonomis
2026-06-02 16:30:47.134,2301386590,368134,1,1.03223,-0.09619,0.09595,-1.878,0.351,-0.534,ergonomis
2026-06-02 16:30:47.134,2301386590,368134,2,0.80859,0.17188,0.93164,-1.153,0.534,1.534,ergonomis
2026-06-02 16:30:48.334,2301387790,368334,1,1.03809,-0.08447,0.10107,-1.58,0.321,-0.366,ergonomis
2026-06-02 16:30:48.334,2301387790,368334,2,0.80737,0.1792,0.93286,-1.053,0.802,1.252,ergonomis
2026-06-02 16:30:48.534,2301387990,368534,1,1.03711,-0.09058,0.09937,-1.847,-0.634,-0.145,ergonomis
2026-06-02 16:30:48.534,2301387990,368534,2,0.80908,0.18018,0.94409,-1.573,0.382,2.145,ergonomis
2026-06-02 16:30:48.734,2301388190,368734,1,1.03906,-0.08862,0.10327,-2.45,-1.74,0.817,ergonomis
2026-06-02 16:30:48.734,2301388190,368734,2,0.80664,0.16309,0.91968,-4.183,-1.634,3.908,ergonomis
2026-06-02 16:30:48.934,2301388390,368934,1,1.04272,-0.09546,0.08887,-1.817,-3.336,-0.061,ergonomis
2026-06-02 16:30:48.934,2301388390,368934,2,0.82227,0.15503,0.91577,-1.939,-0.626,3.87,ergonomis
2026-06-02 16:30:48.134,2301387590,369134,1,1.05054,-0.09302,0.052,-0.962,-3.305,-0.198,ergonomis
2026-06-02 16:30:48.134,2301387590,369134,2,0.82446,0.1416,0.92603,-1.511,0.542,1.359,ergonomis
2026-06-02 16:30:49.334,2301388790,369334,1,1.05249,-0.0874,0.06787,-0.954,-1.756,-0.237,ergonomis
2026-06-02 16:30:49.334,2301388790,369334,2,0.81934,0.15161,0.92603,-1.71,0.733,1.046,ergonomis
2026-06-02 16:30:49.534,2301388990,369534,1,1.04248,-0.08154,0.05078,-2.13,0.649,-0.183,ergonomis
2026-06-02 16:30:49.534,2301388990,369534,2,0.83057,0.15698,0.91846,-2.275,0.695,1.412,ergonomis
2026-06-02 16:30:49.734,2301389190,369734,1,1.0498,-0.10083,0.06055,-2.099,-1.031,-0.817,ergonomis
2026-06-02 16:30:49.734,2301389190,369734,2,0.81519,0.13965,0.9187,-3.26,1.137,1.191,ergonomis
2026-06-02 16:30:49.934,2301389390,369934,1,1.04785,-0.09424,0.04736,-1.595,-0.931,-0.58,ergonomis
2026-06-02 16:30:49.934,2301389390,369934,2,0.81299,0.14429,0.92407,-1.779,0.511,1.924,ergonomis
2026-06-02 16:30:49.134,2301388590,370134,1,1.04639,-0.0835,0.05566,-2.351,0.26,1.786,ergonomis
2026-06-02 16:30:49.134,2301388590,370134,2,0.81909,0.14087,0.92188,-2.595,0.214,2.466,ergonomis
2026-06-02 16:30:50.334,2301389790,370334,1,1.04712,-0.09399,0.05664,-1.702,-1.008,-0.756,ergonomis
2026-06-02 16:30:50.334,2301389790,370334,2,0.81519,0.13721,0.92334,-2.443,-0.725,1.672,ergonomis
2026-06-02 16:30:50.534,2301389990,370534,1,1.04907,-0.08911,0.03589,-1.321,0.26,-0.145,ergonomis
2026-06-02 16:30:50.534,2301389990,370534,2,0.82593,0.13916,0.92139,0.641,0.908,2.702,ergonomis
2026-06-02 16:30:50.734,2301390190,370734,1,1.05078,-0.09082,0.04517,-1.847,-0.42,-0.26,ergonomis
2026-06-02 16:30:50.734,2301390190,370734,2,0.82764,0.13379,0.92603,-1.0,0.573,2.038,ergonomis
2026-06-02 16:30:50.934,2301390390,370934,1,1.05005,-0.09595,0.03345,-1.519,0.008,0.359,ergonomis
2026-06-02 16:30:50.934,2301390390,370934,2,0.82129,0.13306,0.91772,-0.84,0.901,1.656,ergonomis
2026-06-02 16:30:51.414,2301390870,371414,1,1.0481,-0.09302,0.03516,-1.71,0.603,0.313,ergonomis
2026-06-02 16:30:51.414,2301390870,371414,2,0.83032,0.125,0.91772,-0.137,0.893,1.779,ergonomis
2026-06-02 16:30:51.614,2301391070,371614,1,1.05249,-0.09839,0.03589,-1.405,0.588,0.092,ergonomis
2026-06-02 16:30:51.614,2301391070,371614,2,0.83057,0.12622,0.92017,-0.71,0.718,0.756,ergonomis
2026-06-02 16:30:51.814,2301391270,371814,1,1.05347,-0.09326,0.04443,-2.191,0.58,-0.397,ergonomis
2026-06-02 16:30:51.814,2301391270,371814,2,0.82349,0.12695,0.91382,-0.87,0.321,1.038,ergonomis
2026-06-02 16:30:51.026,2301390482,372026,1,1.04907,-0.09155,0.04663,-1.153,0.382,0.008,ergonomis
2026-06-02 16:30:51.026,2301390482,372026,2,0.82251,0.13452,0.91626,-1.137,0.351,1.672,ergonomis
2026-06-02 16:30:52.394,2301391850,372394,1,1.05444,-0.09521,0.04028,-1.038,0.519,0.16,ergonomis
2026-06-02 16:30:52.394,2301391850,372394,2,0.83447,0.13135,0.91162,-0.634,1.099,1.885,ergonomis
2026-06-02 16:30:52.594,2301392050,372594,1,1.04736,-0.09033,0.03809,-1.939,1.42,-0.015,ergonomis
2026-06-02 16:30:52.594,2301392050,372594,2,0.82397,0.13379,0.9187,0.061,1.275,1.771,ergonomis
2026-06-02 16:30:52.794,2301392250,372794,1,1.04785,-0.09277,0.04785,-1.878,1.588,0.603,ergonomis
2026-06-02 16:30:52.794,2301392250,372794,2,0.83057,0.13672,0.9187,0.443,1.725,1.443,ergonomis
2026-06-02 16:30:52.994,2301392450,372994,1,1.05103,-0.09326,0.04932,-1.267,1.153,0.053,ergonomis
2026-06-02 16:30:52.994,2301392450,372994,2,0.82397,0.13062,0.91699,1.145,1.985,1.359,ergonomis
2026-06-02 16:30:52.194,2301391650,373194,1,1.04443,-0.09741,0.05518,-1.786,2.298,-0.076,ergonomis
2026-06-02 16:30:52.194,2301391650,373194,2,0.82324,0.13306,0.91284,-0.664,1.489,0.901,ergonomis
2026-06-02 16:30:53.394,2301392850,373394,1,1.04321,-0.10059,0.05835,-1.947,1.824,-0.313,ergonomis
2026-06-02 16:30:53.394,2301392850,373394,2,0.82861,0.14136,0.92212,-0.557,1.275,1.092,ergonomis
2026-06-02 16:30:53.594,2301393050,373594,1,1.04761,-0.09326,0.06152,-1.672,1.565,-0.313,ergonomis
2026-06-02 16:30:53.594,2301393050,373594,2,0.81958,0.14136,0.9165,0.252,1.832,0.855,ergonomis
2026-06-02 16:30:53.794,2301393250,373794,1,1.05054,-0.09277,0.05933,-0.748,1.389,0.267,ergonomis
2026-06-02 16:30:53.794,2301393250,373794,2,0.82056,0.15039,0.9165,1.656,2.687,2.481,ergonomis
2026-06-02 16:30:53.994,2301393450,373994,1,1.04102,-0.09326,0.07837,-2.626,1.183,-0.038,ergonomis
2026-06-02 16:30:53.994,2301393450,373994,2,0.81934,0.14575,0.90869,0.863,2.313,1.969,ergonomis
2026-06-02 16:30:53.194,2301392650,374194,1,1.04541,-0.08691,0.08447,-0.763,0.153,-0.344,ergonomis
2026-06-02 16:30:53.194,2301392650,374194,2,0.81665,0.15063,0.92139,-2.618,0.031,0.71,ergonomis
2026-06-02 16:30:54.394,2301393850,374394,1,1.04614,-0.09106,0.07422,-1.786,0.702,0.153,ergonomis
2026-06-02 16:30:54.394,2301393850,374394,2,0.82349,0.13745,0.92676,-2.473,-0.023,0.733,ergonomis
2026-06-02 16:30:54.594,2301394050,374594,1,1.04517,-0.09131,0.07227,-1.092,0.107,0.275,ergonomis
2026-06-02 16:30:54.594,2301394050,374594,2,0.81738,0.14233,0.91821,-0.008,1.206,1.786,ergonomis
2026-06-02 16:30:54.794,2301394250,374794,1,1.04468,-0.08203,0.07324,-2.366,0.336,-0.031,ergonomis
2026-06-02 16:30:54.794,2301394250,374794,2,0.82324,0.14551,0.91284,-0.427,1.427,2.015,ergonomis
2026-06-02 16:30:54.994,2301394450,374994,1,1.04419,-0.09351,0.06787,-1.832,0.427,0.244,ergonomis
2026-06-02 16:30:54.994,2301394450,374994,2,0.82617,0.14038,0.91943,-0.489,1.221,1.237,ergonomis
2026-06-02 16:30:54.194,2301393650,375194,1,1.04199,-0.09521,0.07031,-2.29,0.641,0.191,ergonomis
2026-06-02 16:30:54.194,2301393650,375194,2,0.81909,0.1438,0.93164,0.931,2.107,1.229,ergonomis
2026-06-02 16:30:55.394,2301394850,375394,1,1.04468,-0.0896,0.08252,-1.863,0.779,-0.42,ergonomis
2026-06-02 16:30:55.394,2301394850,375394,2,0.81934,0.14063,0.91675,-1.26,0.649,0.74,ergonomis
2026-06-02 16:30:55.628,2301395084,375628,1,1.03906,-0.08716,0.07935,-1.725,0.351,-0.55,ergonomis
2026-06-02 16:30:55.628,2301395084,375628,2,0.82178,0.14868,0.91284,0.351,1.611,1.13,ergonomis
2026-06-02 16:30:55.828,2301395284,375828,1,1.04004,-0.08569,0.08032,-2.092,1.061,-0.504,ergonomis
2026-06-02 16:30:55.828,2301395284,375828,2,0.82178,0.15283,0.92017,-1.046,0.099,1.397,ergonomis
2026-06-02 16:30:55.028,2301394484,376028,1,1.04834,-0.08667,0.07886,-2.069,0.641,-0.305,ergonomis
2026-06-02 16:30:55.028,2301394484,376028,2,0.82153,0.15356,0.92407,-0.076,1.008,1.626,ergonomis
2026-06-02 16:30:56.228,2301395684,376228,1,1.04175,-0.08716,0.08325,-1.817,-0.092,-0.153,ergonomis
2026-06-02 16:30:56.228,2301395684,376228,2,0.82153,0.15527,0.92578,-0.382,1.061,1.435,ergonomis
2026-06-02 16:30:56.428,2301395884,376428,1,1.03882,-0.07983,0.07837,-1.87,0.031,0.336,ergonomis
2026-06-02 16:30:56.428,2301395884,376428,2,0.82129,0.15308,0.92969,-1.519,0.489,1.412,ergonomis
2026-06-02 16:30:56.628,2301396084,376628,1,1.04541,-0.07813,0.07617,-1.603,0.252,0.015,ergonomis
2026-06-02 16:30:56.628,2301396084,376628,2,0.82031,0.14697,0.91992,-0.023,1.275,1.397,ergonomis
2026-06-02 16:30:56.828,2301396284,376828,1,1.03613,-0.08496,0.07739,-1.344,-0.336,-0.015,ergonomis
2026-06-02 16:30:56.828,2301396284,376828,2,0.82129,0.1543,0.92578,-0.695,1.115,1.733,ergonomis
2026-06-02 16:30:56.028,2301395484,377028,1,1.03809,-0.09033,0.0835,-1.321,0.679,0.206,ergonomis
2026-06-02 16:30:56.028,2301395484,377028,2,0.82666,0.15625,0.92725,0.237,1.794,2.008,ergonomis
2026-06-02 16:30:57.228,2301396684,377228,1,1.04004,-0.09277,0.08569,-1.542,0.221,0.298,ergonomis
2026-06-02 16:30:57.228,2301396684,377228,2,0.82446,0.14551,0.92065,-1.214,0.725,1.557,ergonomis
2026-06-02 16:30:57.428,2301396884,377428,1,1.0415,-0.09082,0.07764,-2.382,0.466,0.313,ergonomis
2026-06-02 16:30:57.428,2301396884,377428,2,0.81543,0.14746,0.92188,-1.901,0.405,1.351,ergonomis
2026-06-02 16:30:57.628,2301397084,377628,1,1.03857,-0.09058,0.08813,-1.573,0.099,0.176,ergonomis
2026-06-02 16:30:57.628,2301397084,377628,2,0.82617,0.14893,0.91992,0.557,1.969,1.939,ergonomis
2026-06-02 16:30:57.828,2301397284,377828,1,1.04614,-0.09106,0.07666,-2.023,0.901,0.084,ergonomis
2026-06-02 16:30:57.828,2301397284,377828,2,0.82422,0.14233,0.91479,-1.008,0.771,1.206,ergonomis
2026-06-02 16:30:57.028,2301396484,378028,1,1.04102,-0.08276,0.09302,-1.534,0.282,-0.443,ergonomis
2026-06-02 16:30:57.028,2301396484,378028,2,0.82251,0.14331,0.90967,-0.252,1.153,1.244,ergonomis
2026-06-02 16:30:58.228,2301397684,378228,1,1.04126,-0.08472,0.08984,-1.58,0.427,0.076,ergonomis
2026-06-02 16:30:58.228,2301397684,378228,2,0.81714,0.15088,0.92773,-1.626,0.481,1.229,ergonomis
2026-06-02 16:30:58.428,2301397884,378428,1,1.03613,-0.09277,0.08301,-2.191,0.809,-0.122,ergonomis
2026-06-02 16:30:58.428,2301397884,378428,2,0.82275,0.15649,0.9248,-1.046,1.298,0.947,ergonomis
2026-06-02 16:30:58.649,2301398105,378649,1,1.03833,-0.08325,0.09009,-1.656,0.672,-0.229,ergonomis
2026-06-02 16:30:58.649,2301398105,378649,2,0.82031,0.15479,0.93286,-2.26,0.275,0.901,ergonomis
2026-06-02 16:30:58.849,2301398305,378849,1,1.04126,-0.0874,0.09399,-1.534,0.237,0.282,ergonomis
2026-06-02 16:30:58.849,2301398305,378849,2,0.8313,0.14111,0.91406,-3.618,-0.588,1.939,ergonomis
2026-06-02 16:30:58.123,2301397579,379123,1,1.03735,-0.10034,0.08691,-5.16,-0.298,0.183,ergonomis
2026-06-02 16:30:58.123,2301397579,379123,2,0.83179,0.14185,0.90527,-0.527,1.015,3.0,ergonomis
2026-06-02 16:30:59.323,2301398779,379323,1,1.04736,-0.08154,0.08228,-5.588,-0.656,2.939,ergonomis
2026-06-02 16:30:59.323,2301398779,379323,2,0.82202,0.1416,0.92334,-1.13,1.427,3.481,ergonomis
2026-06-02 16:30:59.523,2301398979,379523,1,1.03638,-0.11743,0.10205,-4.939,0.756,0.58,ergonomis
2026-06-02 16:30:59.523,2301398979,379523,2,0.8252,0.12329,0.92798,0.817,2.626,2.45,ergonomis
2026-06-02 16:30:59.723,2301399179,379723,1,1.03735,-0.11963,0.10083,-1.168,2.099,0.847,ergonomis
2026-06-02 16:30:59.723,2301399179,379723,2,0.82422,0.12183,0.91064,-3.137,-0.107,0.252,ergonomis
2026-06-02 16:30:59.971,2301399427,379971,1,1.04272,-0.12036,0.09717,-2.046,-0.885,0.069,ergonomis
2026-06-02 16:30:59.971,2301399427,379971,2,0.823,0.12964,0.91187,0.191,1.924,1.687,ergonomis
2026-06-02 16:31:00.253,2301399709,380253,1,1.03882,-0.12622,0.08789,-0.489,0.71,0.397,ergonomis
2026-06-02 16:31:00.253,2301399709,380253,2,0.83032,0.1272,0.91479,-2.42,0.046,1.412,ergonomis
2026-06-02 16:31:00.484,2301399940,380484,1,1.0376,-0.11133,0.09863,-2.061,1.13,2.55,ergonomis
2026-06-02 16:31:00.484,2301399940,380484,2,0.82104,0.1333,0.91113,-2.137,0.313,0.229,ergonomis
2026-06-02 16:31:00.092,2301399548,381092,1,1.03345,-0.11548,0.09961,0.107,0.397,-1.153,ergonomis
2026-06-02 16:31:00.092,2301399548,381092,2,0.8269,0.12695,0.92358,0.153,0.84,1.534,ergonomis
2026-06-02 16:31:01.292,2301400748,381292,1,1.03442,-0.10815,0.1084,-1.13,0.061,-0.412,ergonomis
2026-06-02 16:31:01.292,2301400748,381292,2,0.81934,0.12866,0.91479,-2.176,-0.145,1.45,ergonomis
2026-06-02 16:31:01.492,2301400948,381492,1,1.03125,-0.11426,0.09888,-0.542,-0.672,-0.13,ergonomis
2026-06-02 16:31:01.492,2301400948,381492,2,0.83154,0.12646,0.91724,-1.031,0.313,1.771,ergonomis
2026-06-02 16:31:01.692,2301401148,381692,1,1.03296,-0.11328,0.10156,-1.031,0.229,-0.168,ergonomis
2026-06-02 16:31:01.692,2301401148,381692,2,0.82935,0.12646,0.91968,-0.71,0.74,1.42,ergonomis
2026-06-02 16:31:01.892,2301401348,381892,1,1.03467,-0.1106,0.1084,-0.702,0.656,0.519,ergonomis
2026-06-02 16:31:01.892,2301401348,381892,2,0.83496,0.12646,0.90845,-0.588,1.053,1.382,ergonomis
2026-06-02 16:31:01.092,2301400548,382092,1,1.03442,-0.11279,0.09985,-0.557,-0.069,-0.863,ergonomis
2026-06-02 16:31:01.092,2301400548,382092,2,0.82471,0.12842,0.90625,-1.191,0.496,0.519,ergonomis
2026-06-02 16:31:02.292,2301401748,382292,1,1.03271,-0.09937,0.09912,-0.405,1.084,-0.053,ergonomis
2026-06-02 16:31:02.292,2301401748,382292,2,0.82227,0.14087,0.92358,-1.702,0.969,0.267,ergonomis
2026-06-02 16:31:02.492,2301401948,382492,1,1.0271,-0.10107,0.09912,-1.389,0.702,-0.282,ergonomis
2026-06-02 16:31:02.492,2301401948,382492,2,0.83325,0.13208,0.91162,-0.656,0.84,1.076,ergonomis
2026-06-02 16:31:02.692,2301402148,382692,1,1.0271,-0.10107,0.09985,-1.573,0.313,-0.626,ergonomis
2026-06-02 16:31:02.692,2301402148,382692,2,0.82349,0.13916,0.91846,-1.084,0.893,1.099,ergonomis
2026-06-02 16:31:02.892,2301402348,382892,1,1.02832,-0.10522,0.10107,-1.542,0.511,0.084,ergonomis
2026-06-02 16:31:02.892,2301402348,382892,2,0.82129,0.14307,0.91431,-0.267,1.389,1.489,ergonomis
2026-06-02 16:31:02.092,2301401548,383092,1,1.02979,-0.10889,0.104,-1.397,0.511,-0.282,ergonomis
2026-06-02 16:31:02.092,2301401548,383092,2,0.82666,0.12695,0.91138,-0.145,1.16,0.954,ergonomis
2026-06-02 16:31:03.292,2301402748,383292,1,1.03418,-0.10571,0.10449,-1.053,0.763,-0.466,ergonomis
2026-06-02 16:31:03.292,2301402748,383292,2,0.82861,0.1311,0.91895,-1.412,0.496,0.924,ergonomis
2026-06-02 16:31:03.492,2301402948,383492,1,1.03174,-0.10791,0.11279,-2.168,0.382,-0.74,ergonomis
2026-06-02 16:31:03.492,2301402948,383492,2,0.8291,0.14478,0.92798,-0.145,0.924,1.336,ergonomis
2026-06-02 16:31:03.692,2301403148,383692,1,1.03149,-0.09204,0.10669,-1.229,0.359,-0.252,ergonomis
2026-06-02 16:31:03.692,2301403148,383692,2,0.82251,0.1377,0.91187,-0.511,0.832,1.115,ergonomis
2026-06-02 16:31:03.892,2301403348,383892,1,1.03223,-0.09546,0.11353,-2.29,0.206,0.779,ergonomis
2026-06-02 16:31:03.892,2301403348,383892,2,0.83252,0.13452,0.91479,-2.206,0.374,1.511,ergonomis
2026-06-02 16:31:03.092,2301402548,384092,1,1.03638,-0.10254,0.09985,-4.74,0.26,1.466,ergonomis
2026-06-02 16:31:03.092,2301402548,384092,2,0.83008,0.13599,0.91016,-1.58,1.099,2.344,ergonomis
2026-06-02 16:31:04.292,2301403748,384292,1,1.03174,-0.11499,0.10767,-2.702,0.771,-0.168,ergonomis
2026-06-02 16:31:04.292,2301403748,384292,2,0.82007,0.13379,0.92261,0.496,1.313,2.069,ergonomis
2026-06-02 16:31:04.492,2301403948,384492,1,1.03296,-0.1123,0.09766,-0.55,0.122,-0.527,ergonomis
2026-06-02 16:31:04.492,2301403948,384492,2,0.81812,0.13306,0.91846,-2.298,0.313,0.313,ergonomis
2026-06-02 16:31:04.692,2301404148,384692,1,1.03394,-0.10034,0.10425,-0.206,0.405,-0.771,ergonomis
2026-06-02 16:31:04.692,2301404148,384692,2,0.82129,0.13916,0.92334,-1.29,0.969,0.221,ergonomis
2026-06-02 16:31:04.892,2301404348,384892,1,1.03613,-0.09863,0.10474,-1.641,0.687,-0.779,ergonomis
2026-06-02 16:31:04.892,2301404348,384892,2,0.82202,0.14429,0.92676,-0.863,0.924,1.176,ergonomis
2026-06-02 16:31:04.092,2301403548,385092,1,1.03271,-0.10522,0.10815,-1.718,0.29,-0.214,ergonomis
2026-06-02 16:31:04.092,2301403548,385092,2,0.82666,0.14111,0.91919,-0.702,1.137,1.412,ergonomis
2026-06-02 16:31:05.292,2301404748,385292,1,1.03564,-0.10181,0.11353,-1.229,0.473,-0.092,ergonomis
2026-06-02 16:31:05.292,2301404748,385292,2,0.83081,0.13672,0.90771,-0.809,0.939,1.351,ergonomis
2026-06-02 16:31:05.492,2301404948,385492,1,1.03564,-0.09888,0.10571,-1.817,0.145,0.031,ergonomis
2026-06-02 16:31:05.492,2301404948,385492,2,0.81763,0.13745,0.92163,-1.412,0.481,1.313,ergonomis
2026-06-02 16:31:05.692,2301405148,385692,1,1.03369,-0.10132,0.10815,-1.122,0.794,-0.45,ergonomis
2026-06-02 16:31:05.692,2301405148,385692,2,0.82886,0.13623,0.9187,-0.405,0.794,0.542,ergonomis
2026-06-02 16:31:05.892,2301405348,385892,1,1.03027,-0.0896,0.11841,-0.618,-0.725,-0.084,ergonomis
2026-06-02 16:31:05.892,2301405348,385892,2,0.81787,0.14526,0.92188,-1.947,-0.092,0.863,ergonomis
2026-06-02 16:31:05.092,2301404548,386092,1,1.04004,-0.0957,0.09888,-1.817,0.305,0.183,ergonomis
2026-06-02 16:31:05.092,2301404548,386092,2,0.82593,0.15112,0.91113,-1.641,0.137,1.542,ergonomis
2026-06-02 16:31:06.292,2301405748,386292,1,1.0332,-0.09204,0.10938,-1.252,0.282,-0.099,ergonomis
2026-06-02 16:31:06.292,2301405748,386292,2,0.82593,0.13843,0.9187,-0.947,0.611,1.779,ergonomis
2026-06-02 16:31:06.492,2301405948,386492,1,1.03784,-0.10376,0.11401,-3.244,0.802,-0.55,ergonomis
2026-06-02 16:31:06.492,2301405948,386492,2,0.81885,0.13501,0.92505,-2.527,-0.527,0.733,ergonomis
2026-06-02 16:31:06.692,2301406148,386692,1,1.03369,-0.08765,0.11401,-1.366,-0.397,0.16,ergonomis
2026-06-02 16:31:06.692,2301406148,386692,2,0.81836,0.1416,0.91431,-1.321,0.466,0.443,ergonomis
2026-06-02 16:31:06.892,2301406348,386892,1,1.04077,-0.09619,0.12061,-2.672,-1.565,-0.053,ergonomis
2026-06-02 16:31:06.892,2301406348,386892,2,0.82764,0.13745,0.92407,-2.893,-0.565,0.962,ergonomis
2026-06-02 16:31:06.092,2301405548,387092,1,1.04028,-0.0835,0.09937,-2.023,1.649,0.023,ergonomis
2026-06-02 16:31:06.092,2301405548,387092,2,0.82764,0.14795,0.90039,-0.29,1.756,1.29,ergonomis
2026-06-02 16:31:07.292,2301406748,387292,1,1.0293,-0.09961,0.11304,-1.779,1.389,-1.038,ergonomis
2026-06-02 16:31:07.292,2301406748,387292,2,0.82495,0.14697,0.91211,1.015,1.649,1.603,ergonomis
2026-06-02 16:31:07.494,2301406950,387494,1,1.02563,-0.0896,0.11255,-1.672,0.962,-0.374,ergonomis
2026-06-02 16:31:07.494,2301406950,387494,2,0.82593,0.15356,0.91699,-0.099,1.504,1.519,ergonomis
2026-06-02 16:31:07.694,2301407150,387694,1,1.02979,-0.08716,0.11475,-2.298,0.099,-0.519,ergonomis
2026-06-02 16:31:07.694,2301407150,387694,2,0.82617,0.15063,0.90894,0.183,1.809,1.275,ergonomis
2026-06-02 16:31:07.894,2301407350,387894,1,1.0249,-0.07764,0.12402,-1.824,-0.244,-0.26,ergonomis
2026-06-02 16:31:07.894,2301407350,387894,2,0.82202,0.146,0.91382,-2.542,-0.099,1.26,ergonomis
2026-06-02 16:31:07.094,2301406550,388094,1,1.03735,-0.08984,0.10913,-1.74,0.802,-0.695,ergonomis
2026-06-02 16:31:07.094,2301406550,388094,2,0.82031,0.14893,0.91797,-1.695,0.595,1.183,ergonomis
2026-06-02 16:31:08.294,2301407750,388294,1,1.03076,-0.08911,0.1145,-1.313,0.374,0.359,ergonomis
2026-06-02 16:31:08.294,2301407750,388294,2,0.82715,0.14795,0.91357,-0.397,0.702,1.496,ergonomis
2026-06-02 16:31:08.494,2301407950,388494,1,1.04004,-0.09106,0.11646,-1.573,0.122,-0.16,ergonomis
2026-06-02 16:31:08.494,2301407950,388494,2,0.82373,0.15552,0.92212,-0.962,0.573,1.328,ergonomis
2026-06-02 16:31:08.694,2301408150,388694,1,1.03784,-0.08521,0.11182,-1.733,0.519,0.053,ergonomis
2026-06-02 16:31:08.694,2301408150,388694,2,0.81592,0.14429,0.9187,-1.092,0.824,1.305,ergonomis
2026-06-02 16:31:08.894,2301408350,388894,1,1.03125,-0.08887,0.11865,-1.71,0.321,0.046,ergonomis
2026-06-02 16:31:08.894,2301408350,388894,2,0.82324,0.15137,0.90649,-1.466,0.397,1.58,ergonomis
2026-06-02 16:31:08.094,2301407550,389094,1,1.03491,-0.08618,0.11865,-1.771,0.29,0.008,ergonomis
2026-06-02 16:31:08.094,2301407550,389094,2,0.81836,0.15308,0.91675,-0.244,1.588,1.45,ergonomis
2026-06-02 16:31:09.294,2301408750,389294,1,1.02588,-0.0896,0.11401,-1.779,0.725,-0.053,ergonomis
2026-06-02 16:31:09.294,2301408750,389294,2,0.82764,0.14795,0.91235,-0.359,1.389,1.588,ergonomis
2026-06-02 16:31:09.494,2301408950,389494,1,1.03394,-0.08789,0.10352,-1.183,0.214,-0.267,ergonomis
2026-06-02 16:31:09.494,2301408950,389494,2,0.82202,0.15454,0.91528,-1.458,0.611,0.87,ergonomis
2026-06-02 16:31:09.911,2301409367,389911,1,1.03198,-0.08032,0.11768,-2.015,0.321,-0.435,ergonomis
2026-06-02 16:31:09.911,2301409367,389911,2,0.82349,0.15283,0.91797,-1.183,0.901,0.969,ergonomis
2026-06-02 16:31:09.131,2301408587,390131,1,1.03589,-0.08545,0.11597,-2.29,0.359,0.168,ergonomis
2026-06-02 16:31:09.131,2301408587,390131,2,0.82568,0.15283,0.91089,-0.908,0.74,1.84,ergonomis
2026-06-02 16:31:10.331,2301409787,390331,1,1.03613,-0.0835,0.1167,-1.359,-0.176,0.153,ergonomis
2026-06-02 16:31:10.331,2301409787,390331,2,0.82568,0.15161,0.90869,-0.084,1.588,1.42,ergonomis
2026-06-02 16:31:10.531,2301409987,390531,1,1.03638,-0.07788,0.10669,-1.878,-0.29,0.176,ergonomis
2026-06-02 16:31:10.531,2301409987,390531,2,0.82251,0.14771,0.90771,-1.45,0.779,1.481,ergonomis
2026-06-02 16:31:10.731,2301410187,390731,1,1.03394,-0.08887,0.11841,-1.573,0.534,-0.145,ergonomis
2026-06-02 16:31:10.731,2301410187,390731,2,0.83081,0.15234,0.91602,-0.893,0.74,1.458,ergonomis
2026-06-02 16:31:10.931,2301410387,390931,1,1.03223,-0.08521,0.11792,-0.969,0.771,-0.069,ergonomis
2026-06-02 16:31:10.931,2301410387,390931,2,0.82373,0.14893,0.9021,-0.603,0.733,1.328,ergonomis
2026-06-02 16:31:10.131,2301409587,391131,1,1.0271,-0.08447,0.11621,-1.489,-0.527,0.344,ergonomis
2026-06-02 16:31:10.131,2301409587,391131,2,0.82739,0.14844,0.90796,-0.893,0.061,1.771,ergonomis
2026-06-02 16:31:11.331,2301410787,391331,1,1.03687,-0.08643,0.11157,-2.473,-0.435,-0.008,ergonomis
2026-06-02 16:31:11.331,2301410787,391331,2,0.82813,0.14575,0.91382,-0.779,0.565,2.221,ergonomis
2026-06-02 16:31:11.531,2301410987,391531,1,1.04395,-0.09277,0.09814,1.649,0.924,-0.649,ergonomis
2026-06-02 16:31:11.531,2301410987,391531,2,0.83228,0.14673,0.91138,2.817,2.588,1.382,ergonomis
2026-06-02 16:31:11.731,2301411187,391731,1,1.03027,-0.08374,0.11597,-2.069,0.122,0.969,ergonomis
2026-06-02 16:31:11.731,2301411187,391731,2,0.81934,0.1543,0.91064,-0.863,0.74,2.359,ergonomis
2026-06-02 16:31:11.931,2301411387,391931,1,1.03198,-0.09668,0.1084,-1.153,0.817,0.679,ergonomis
2026-06-02 16:31:11.931,2301411387,391931,2,0.82837,0.14233,0.91113,-0.168,1.603,2.0,ergonomis
2026-06-02 16:31:11.131,2301410587,392131,1,1.0354,-0.09253,0.10864,-2.511,0.595,-0.137,ergonomis
2026-06-02 16:31:11.131,2301410587,392131,2,0.82861,0.1416,0.91968,-1.702,0.481,1.206,ergonomis
2026-06-02 16:31:12.331,2301411787,392331,1,1.03711,-0.09351,0.11035,-1.115,0.321,-0.443,ergonomis
2026-06-02 16:31:12.331,2301411787,392331,2,0.81909,0.14429,0.92798,-1.511,0.496,1.053,ergonomis
2026-06-02 16:31:12.637,2301412093,392637,1,1.03345,-0.09229,0.11157,-2.046,0.527,0.038,ergonomis
2026-06-02 16:31:12.637,2301412093,392637,2,0.83008,0.14868,0.90332,-0.046,1.244,1.405,ergonomis
2026-06-02 16:31:12.837,2301412293,392837,1,1.03467,-0.08447,0.10864,-1.924,0.099,-0.26,ergonomis
2026-06-02 16:31:12.837,2301412293,392837,2,0.82495,0.14868,0.91553,-1.45,0.626,1.282,ergonomis
2026-06-02 16:31:12.037,2301411493,393037,1,1.03101,-0.08716,0.10449,-3.115,0.58,0.176,ergonomis
2026-06-02 16:31:12.037,2301411493,393037,2,0.83545,0.1438,0.90503,-0.58,1.305,1.573,ergonomis
2026-06-02 16:31:13.237,2301412693,393237,1,1.02686,-0.08423,0.11182,-1.0,0.198,-0.481,ergonomis
2026-06-02 16:31:13.237,2301412693,393237,2,0.81763,0.15332,0.91431,0.076,1.366,1.191,ergonomis
2026-06-02 16:31:13.437,2301412893,393437,1,1.03418,-0.08228,0.10913,-2.168,-0.397,0.107,ergonomis
2026-06-02 16:31:13.437,2301412893,393437,2,0.83716,0.14551,0.91113,-0.977,-0.901,1.87,ergonomis
2026-06-02 16:31:13.637,2301413093,393637,1,1.0293,-0.0918,0.11255,-3.069,-0.695,0.672,ergonomis
2026-06-02 16:31:13.637,2301413093,393637,2,0.83228,0.15479,0.90381,-2.588,-0.023,1.481,ergonomis
2026-06-02 16:31:13.837,2301413293,393837,1,1.04199,-0.0835,0.10889,-6.298,1.145,2.557,ergonomis
2026-06-02 16:31:13.837,2301413293,393837,2,0.82959,0.14258,0.91333,-2.466,0.893,1.198,ergonomis
2026-06-02 16:31:13.037,2301412493,394037,1,1.03394,-0.08521,0.104,0.885,-1.061,-5.015,ergonomis
2026-06-02 16:31:13.037,2301412493,394037,2,0.83301,0.12744,0.9248,-3.069,-3.168,-0.153,ergonomis
2026-06-02 16:31:14.237,2301413693,394237,1,1.04175,-0.06104,0.10498,5.931,-0.916,-3.168,ergonomis
2026-06-02 16:31:14.237,2301413693,394237,2,0.82446,0.15063,0.90063,-4.519,-4.985,-0.176,ergonomis
2026-06-02 16:31:14.437,2301413893,394437,1,1.04395,-0.05713,0.09082,3.046,-0.885,-2.489,ergonomis
2026-06-02 16:31:14.437,2301413893,394437,2,0.8457,0.15381,0.89453,1.534,-2.069,0.397,ergonomis
2026-06-02 16:31:14.637,2301414093,394637,1,1.03687,-0.04541,0.08667,-2.527,0.87,0.359,ergonomis
2026-06-02 16:31:14.637,2301414093,394637,2,0.8313,0.15625,0.9021,-2.336,-0.076,1.267,ergonomis
2026-06-02 16:31:14.837,2301414293,394837,1,1.03564,-0.0647,0.10327,1.313,-0.771,-0.588,ergonomis
2026-06-02 16:31:14.837,2301414293,394837,2,0.83643,0.16895,0.90332,-1.847,-0.366,1.672,ergonomis
2026-06-02 16:31:14.037,2301413493,395037,1,1.02686,-0.0625,0.104,-3.679,1.466,1.855,ergonomis
2026-06-02 16:31:14.037,2301413493,395037,2,0.84009,0.16699,0.88916,4.611,4.336,1.481,ergonomis
2026-06-02 16:31:15.237,2301414693,395237,1,1.04712,-0.04346,0.08984,-2.221,0.046,-0.198,ergonomis
2026-06-02 16:31:15.237,2301414693,395237,2,0.84058,0.16284,0.88452,1.893,3.061,2.382,ergonomis
2026-06-02 16:31:15.437,2301414893,395437,1,1.03906,-0.06177,0.09717,-1.122,-0.511,1.435,ergonomis
2026-06-02 16:31:15.437,2301414893,395437,2,0.84644,0.16284,0.89355,-0.931,1.023,1.519,ergonomis
2026-06-02 16:31:15.637,2301415093,395637,1,1.04028,-0.06738,0.10742,-0.626,-0.748,-0.466,ergonomis
2026-06-02 16:31:15.637,2301415093,395637,2,0.83862,0.15894,0.88721,-0.87,0.916,1.802,ergonomis
2026-06-02 16:31:15.837,2301415293,395837,1,1.04028,-0.05347,0.08838,0.855,0.809,0.763,ergonomis
2026-06-02 16:31:15.837,2301415293,395837,2,0.8335,0.15674,0.90356,-4.176,-1.115,1.145,ergonomis
2026-06-02 16:31:15.046,2301414502,396046,1,1.04614,-0.04395,0.08521,-1.168,0.84,2.0,ergonomis
2026-06-02 16:31:15.046,2301414502,396046,2,0.8335,0.16504,0.87988,-2.824,-0.405,1.405,ergonomis
2026-06-02 16:31:16.246,2301415702,396246,1,1.04077,-0.07275,0.10034,-0.908,-0.252,-0.397,ergonomis
2026-06-02 16:31:16.246,2301415702,396246,2,0.83301,0.15283,0.90015,-0.099,1.771,1.809,ergonomis
2026-06-02 16:31:16.446,2301415902,396446,1,1.0332,-0.07397,0.10205,-2.26,-0.305,-0.244,ergonomis
2026-06-02 16:31:16.446,2301415902,396446,2,0.83911,0.15918,0.88599,2.885,3.802,1.183,ergonomis
2026-06-02 16:31:16.646,2301416102,396646,1,1.03809,-0.06763,0.11084,-3.313,1.099,-0.504,ergonomis
2026-06-02 16:31:16.646,2301416102,396646,2,0.84155,0.15723,0.88062,-1.534,2.29,1.221,ergonomis
2026-06-02 16:31:16.846,2301416302,396846,1,1.03638,-0.04736,0.09277,-10.489,1.847,2.908,ergonomis
2026-06-02 16:31:16.846,2301416302,396846,2,0.85156,0.16089,0.90625,2.534,4.42,2.107,ergonomis
2026-06-02 16:31:16.046,2301415502,397046,1,1.03662,-0.05688,0.0813,-6.374,-3.107,-1.87,ergonomis
2026-06-02 16:31:16.046,2301415502,397046,2,0.82275,0.14771,0.92432,-2.718,-0.824,2.359,ergonomis
2026-06-02 16:31:17.246,2301416702,397246,1,1.03345,-0.08325,0.08569,-0.878,0.611,2.55,ergonomis
2026-06-02 16:31:17.246,2301416702,397246,2,0.84961,0.15234,0.88452,0.794,1.695,3.374,ergonomis
2026-06-02 16:31:17.446,2301416902,397446,1,1.03516,-0.06494,0.0791,-2.099,2.817,0.916,ergonomis
2026-06-02 16:31:17.446,2301416902,397446,2,0.84424,0.14551,0.90381,-0.641,2.328,2.756,ergonomis
2026-06-02 16:31:17.747,2301417203,397747,1,1.03589,-0.06787,0.11011,-2.939,2.634,1.389,ergonomis
2026-06-02 16:31:17.747,2301417203,397747,2,0.83081,0.15674,0.896,-2.389,0.863,1.771,ergonomis
2026-06-02 16:31:17.947,2301417403,397947,1,1.03052,-0.12598,0.11157,-10.099,1.847,-3.168,ergonomis
2026-06-02 16:31:17.947,2301417403,397947,2,0.80908,0.13257,0.94458,0.603,3.137,0.321,ergonomis
2026-06-02 16:31:17.147,2301416603,398147,1,1.0293,-0.07642,0.11792,-0.481,1.802,0.527,ergonomis
2026-06-02 16:31:17.147,2301416603,398147,2,0.82202,0.15503,0.90161,-0.427,2.107,0.038,ergonomis
2026-06-02 16:31:18.347,2301417803,398347,1,1.02954,-0.08594,0.12256,-1.763,0.931,1.366,ergonomis
2026-06-02 16:31:18.347,2301417803,398347,2,0.82715,0.1543,0.91357,-0.672,1.389,2.099,ergonomis
2026-06-02 16:31:18.547,2301418003,398547,1,1.03418,-0.09058,0.11426,-1.84,0.214,-0.137,ergonomis
2026-06-02 16:31:18.547,2301418003,398547,2,0.82593,0.1499,0.91016,-0.336,1.092,1.962,ergonomis
2026-06-02 16:31:18.747,2301418203,398747,1,1.02173,-0.09253,0.11401,-2.382,0.481,0.458,ergonomis
2026-06-02 16:31:18.747,2301418203,398747,2,0.82788,0.14453,0.92358,-0.863,0.817,1.679,ergonomis
2026-06-02 16:31:18.947,2301418403,398947,1,1.02783,-0.1001,0.11768,-2.183,0.832,0.84,ergonomis
2026-06-02 16:31:18.947,2301418403,398947,2,0.82568,0.14722,0.90649,-0.16,1.901,1.16,ergonomis
2026-06-02 16:31:18.149,2301417605,399149,1,1.03076,-0.10376,0.11914,-2.107,0.565,-0.466,ergonomis
2026-06-02 16:31:18.149,2301417605,399149,2,0.8291,0.14233,0.92041,0.183,1.252,1.206,ergonomis
2026-06-02 16:31:19.349,2301418805,399349,1,1.03296,-0.09326,0.12061,-2.137,0.16,-0.015,ergonomis
2026-06-02 16:31:19.349,2301418805,399349,2,0.82275,0.14307,0.90747,-0.481,1.092,1.504,ergonomis
2026-06-02 16:31:19.549,2301419005,399549,1,1.03223,-0.09717,0.12012,-2.221,0.084,0.13,ergonomis
2026-06-02 16:31:19.549,2301419005,399549,2,0.83398,0.14258,0.91406,-0.74,1.16,1.458,ergonomis
2026-06-02 16:31:19.749,2301419205,399749,1,1.02515,-0.09985,0.11646,-1.809,0.679,-0.069,ergonomis
2026-06-02 16:31:19.749,2301419205,399749,2,0.81958,0.15063,0.92065,-1.061,0.786,1.374,ergonomis
2026-06-02 16:31:19.949,2301419405,399949,1,1.03003,-0.09644,0.11768,-1.611,0.489,-0.244,ergonomis
2026-06-02 16:31:19.949,2301419405,399949,2,0.8252,0.15186,0.91626,0.046,1.038,1.504,ergonomis
2026-06-02 16:31:19.151,2301418607,400150,1,1.03027,-0.09717,0.11987,-1.435,-0.092,-0.435,ergonomis
2026-06-02 16:31:19.151,2301418607,400150,2,0.82764,0.14307,0.91675,-1.031,0.092,1.794,ergonomis
2026-06-02 16:31:20.378,2301419834,400378,1,1.03101,-0.08838,0.12012,-1.847,-0.389,-0.344,ergonomis
2026-06-02 16:31:20.378,2301419834,400378,2,0.82739,0.14575,0.91138,-1.824,0.168,1.145,ergonomis
2026-06-02 16:31:20.578,2301420034,400578,1,1.03247,-0.09424,0.11475,-0.878,-0.206,-0.481,ergonomis
2026-06-02 16:31:20.578,2301420034,400578,2,0.83203,0.14429,0.9165,-0.313,0.504,1.336,ergonomis
2026-06-02 16:31:20.778,2301420234,400778,1,1.03418,-0.09033,0.11621,-1.779,-0.252,0.046,ergonomis
2026-06-02 16:31:20.778,2301420234,400778,2,0.82593,0.14697,0.90942,-1.58,0.374,1.305,ergonomis
2026-06-02 16:31:20.978,2301420434,400978,1,1.03027,-0.09473,0.11035,-1.641,0.107,-0.053,ergonomis
2026-06-02 16:31:20.978,2301420434,400978,2,0.82837,0.14331,0.90063,-0.809,0.84,1.183,ergonomis
2026-06-02 16:31:20.178,2301419634,401178,1,1.02637,-0.09277,0.11694,-1.771,0.313,0.198,ergonomis
2026-06-02 16:31:20.178,2301419634,401178,2,0.82568,0.14258,0.90649,-0.435,1.496,1.427,ergonomis
2026-06-02 16:31:21.378,2301420834,401378,1,1.02954,-0.09229,0.10742,-2.061,0.351,0.038,ergonomis
2026-06-02 16:31:21.378,2301420834,401378,2,0.83008,0.14697,0.90576,-1.137,0.901,1.267,ergonomis
2026-06-02 16:31:21.578,2301421034,401578,1,1.03149,-0.09448,0.10352,-2.153,0.26,-0.206,ergonomis
2026-06-02 16:31:21.578,2301421034,401578,2,0.82861,0.14648,0.90479,-0.977,0.969,1.26,ergonomis
2026-06-02 16:31:21.778,2301421234,401778,1,1.03638,-0.08838,0.11011,-1.794,0.641,-0.061,ergonomis
2026-06-02 16:31:21.778,2301421234,401778,2,0.82129,0.14722,0.90698,-0.473,1.466,1.008,ergonomis
2026-06-02 16:31:21.978,2301421434,401978,1,1.0293,-0.09521,0.1189,-1.924,0.87,-0.252,ergonomis
2026-06-02 16:31:21.978,2301421434,401978,2,0.83325,0.14648,0.90601,-0.748,1.153,1.153,ergonomis
2026-06-02 16:31:21.178,2301420634,402178,1,1.04028,-0.0957,0.12158,-1.695,0.695,-0.229,ergonomis
2026-06-02 16:31:21.178,2301420634,402178,2,0.82813,0.14355,0.91284,-1.076,0.58,1.29,ergonomis
2026-06-02 16:31:22.378,2301421834,402378,1,1.03027,-0.09009,0.1228,-1.901,0.412,-0.145,ergonomis
2026-06-02 16:31:22.378,2301421834,402378,2,0.82983,0.15308,0.9082,-1.221,0.45,1.115,ergonomis
2026-06-02 16:31:22.578,2301422034,402578,1,1.03516,-0.09082,0.11816,-1.473,0.618,-0.092,ergonomis
2026-06-02 16:31:22.578,2301422034,402578,2,0.83447,0.15039,0.89966,-0.565,0.786,1.466,ergonomis
2026-06-02 16:31:22.880,2301422336,402880,1,1.02832,-0.08154,0.11719,-1.504,0.504,0.443,ergonomis
2026-06-02 16:31:22.880,2301422336,402880,2,0.83057,0.14648,0.90308,-1.427,0.305,1.672,ergonomis
2026-06-02 16:31:22.080,2301421536,403080,1,1.02612,-0.09082,0.12549,-1.939,0.351,0.076,ergonomis
2026-06-02 16:31:22.080,2301421536,403080,2,0.8252,0.14697,0.90747,-0.733,0.931,1.695,ergonomis
2026-06-02 16:31:23.328,2301422784,403328,1,1.03369,-0.09302,0.11475,-1.344,0.221,-0.031,ergonomis
2026-06-02 16:31:23.328,2301422784,403328,2,0.83398,0.15381,0.90942,-0.824,0.718,1.656,ergonomis
2026-06-02 16:31:23.528,2301422984,403528,1,1.03149,-0.09595,0.1123,-1.382,0.252,0.176,ergonomis
2026-06-02 16:31:23.528,2301422984,403528,2,0.82739,0.14502,0.91357,-0.573,0.74,1.405,ergonomis
2026-06-02 16:31:23.728,2301423184,403728,1,1.0271,-0.09204,0.11768,-2.069,0.198,0.214,ergonomis
2026-06-02 16:31:23.728,2301423184,403728,2,0.82837,0.14453,0.91455,-0.611,1.092,1.649,ergonomis
2026-06-02 16:31:23.928,2301423384,403928,1,1.03198,-0.08643,0.11719,-1.763,0.58,0.366,ergonomis
2026-06-02 16:31:23.928,2301423384,403928,2,0.83301,0.14648,0.91113,-0.794,1.679,2.015,ergonomis
2026-06-02 16:31:23.128,2301422584,404128,1,1.03052,-0.1084,0.11279,-3.176,1.634,0.092,ergonomis
2026-06-02 16:31:23.128,2301422584,404128,2,0.82788,0.146,0.90674,0.634,1.702,1.382,ergonomis
2026-06-02 16:31:24.328,2301423784,404328,1,1.03149,-0.10156,0.11621,-1.046,0.55,-0.931,ergonomis
2026-06-02 16:31:24.328,2301423784,404328,2,0.82813,0.14038,0.90112,1.092,1.649,0.908,ergonomis
2026-06-02 16:31:24.528,2301423984,404528,1,1.02588,-0.09497,0.10938,-3.511,0.832,-1.351,ergonomis
2026-06-02 16:31:24.528,2301423984,404528,2,0.83862,0.15234,0.9082,-2.206,-0.771,1.13,ergonomis
2026-06-02 16:31:24.728,2301424184,404728,1,1.03638,-0.09644,0.11133,-1.794,0.664,-0.977,ergonomis
2026-06-02 16:31:24.728,2301424184,404728,2,0.82715,0.14404,0.90771,1.656,2.198,0.885,ergonomis
2026-06-02 16:31:24.928,2301424384,404928,1,1.02905,-0.09497,0.12183,-0.634,1.061,0.443,ergonomis
2026-06-02 16:31:24.928,2301424384,404928,2,0.83081,0.14941,0.90552,0.023,2.626,1.565,ergonomis
2026-06-02 16:31:24.128,2301423584,405128,1,1.02979,-0.08887,0.11987,-3.275,1.191,-0.122,ergonomis
2026-06-02 16:31:24.128,2301423584,405128,2,0.823,0.15234,0.91357,-0.214,1.794,1.313,ergonomis
2026-06-02 16:31:25.328,2301424784,405328,1,1.03052,-0.09668,0.13232,-1.702,1.206,0.214,ergonomis
2026-06-02 16:31:25.328,2301424784,405328,2,0.82837,0.15039,0.9165,-0.924,0.557,1.397,ergonomis
2026-06-02 16:31:25.528,2301424984,405528,1,1.01733,-0.09326,0.12939,-1.992,0.321,-0.092,ergonomis
2026-06-02 16:31:25.528,2301424984,405528,2,0.82202,0.14941,0.91602,-1.176,0.969,1.305,ergonomis
2026-06-02 16:31:25.728,2301425184,405728,1,1.02539,-0.08643,0.13989,-0.771,0.214,-0.176,ergonomis
2026-06-02 16:31:25.728,2301425184,405728,2,0.82593,0.15503,0.90967,0.435,1.137,1.42,ergonomis
2026-06-02 16:31:25.928,2301425384,405928,1,1.02808,-0.08984,0.12256,-1.84,-0.115,-0.29,ergonomis
2026-06-02 16:31:25.928,2301425384,405928,2,0.82446,0.14868,0.91113,-1.618,0.389,1.412,ergonomis
2026-06-02 16:31:25.128,2301424584,406128,1,1.03003,-0.09106,0.13477,-1.321,0.13,0.275,ergonomis
2026-06-02 16:31:25.128,2301424584,406128,2,0.8252,0.14917,0.91748,-1.244,0.588,1.718,ergonomis
2026-06-02 16:31:26.328,2301425784,406328,1,1.0354,-0.08545,0.12354,-1.321,0.244,0.084,ergonomis
2026-06-02 16:31:26.328,2301425784,406328,2,0.82568,0.1543,0.90625,-1.069,0.679,1.466,ergonomis
2026-06-02 16:31:26.528,2301425984,406528,1,1.02759,-0.09424,0.13062,-1.794,0.733,0.298,ergonomis
2026-06-02 16:31:26.528,2301425984,406528,2,0.83057,0.14697,0.90845,-0.458,0.885,1.489,ergonomis
2026-06-02 16:31:26.728,2301426184,406728,1,1.02979,-0.09375,0.12695,-1.84,0.351,-0.244,ergonomis
2026-06-02 16:31:26.728,2301426184,406728,2,0.82935,0.14819,0.91162,-0.458,1.275,1.244,ergonomis
2026-06-02 16:31:26.928,2301426384,406928,1,1.02612,-0.09058,0.12915,-1.947,0.878,-0.191,ergonomis
2026-06-02 16:31:26.928,2301426384,406928,2,0.82178,0.15454,0.91016,-0.427,1.298,0.939,ergonomis
2026-06-02 16:31:26.128,2301425584,407128,1,1.02588,-0.09595,0.13818,-1.573,0.603,-0.427,ergonomis
2026-06-02 16:31:26.128,2301425584,407128,2,0.82251,0.14819,0.91968,-0.359,1.145,0.939,ergonomis
2026-06-02 16:31:27.328,2301426784,407328,1,1.02954,-0.08496,0.1333,-1.725,0.351,-0.008,ergonomis
2026-06-02 16:31:27.328,2301426784,407328,2,0.82568,0.15186,0.90503,-0.267,1.076,1.344,ergonomis
2026-06-02 16:31:27.528,2301426984,407528,1,1.02148,-0.09082,0.12549,-1.603,0.008,0.053,ergonomis
2026-06-02 16:31:27.528,2301426984,407528,2,0.82446,0.15503,0.91479,-1.183,0.771,1.344,ergonomis
2026-06-02 16:31:27.728,2301427184,407728,1,1.02588,-0.09009,0.12671,-1.84,0.588,0.534,ergonomis
2026-06-02 16:31:27.728,2301427184,407728,2,0.83008,0.15161,0.91382,-1.565,0.939,1.29,ergonomis
2026-06-02 16:31:27.928,2301427384,407928,1,1.02417,-0.09375,0.13086,-1.443,0.382,0.092,ergonomis
2026-06-02 16:31:27.928,2301427384,407928,2,0.8313,0.15186,0.91577,-0.183,0.977,1.687,ergonomis
2026-06-02 16:31:28.263,2301427719,408263,1,1.02295,-0.09131,0.1272,-1.931,0.153,-0.099,ergonomis
2026-06-02 16:31:28.263,2301427719,408263,2,0.82593,0.15356,0.90576,-0.87,0.824,1.26,ergonomis
2026-06-02 16:31:28.463,2301427919,408463,1,1.02856,-0.0957,0.13135,-1.45,0.405,0.298,ergonomis
2026-06-02 16:31:28.463,2301427919,408463,2,0.83618,0.1499,0.90649,-1.496,0.427,1.435,ergonomis
2026-06-02 16:31:28.663,2301428119,408663,1,1.02026,-0.08643,0.13745,-2.038,0.198,0.489,ergonomis
2026-06-02 16:31:28.663,2301428119,408663,2,0.83765,0.15283,0.90576,-2.466,-0.214,0.802,ergonomis
2026-06-02 16:31:28.863,2301428319,408863,1,1.02856,-0.1062,0.14282,-2.595,-0.626,1.008,ergonomis
2026-06-02 16:31:28.863,2301428319,408863,2,0.82617,0.15503,0.92065,0.504,2.153,1.725,ergonomis
2026-06-02 16:31:28.063,2301427519,409063,1,1.02466,-0.10425,0.13257,-0.924,-0.534,0.618,ergonomis
2026-06-02 16:31:28.063,2301427519,409063,2,0.82715,0.14453,0.90161,-0.458,0.832,1.061,ergonomis
2026-06-02 16:31:29.263,2301428719,409263,1,1.0354,-0.09766,0.12598,-2.183,1.74,-0.145,ergonomis
2026-06-02 16:31:29.263,2301428719,409263,2,0.83472,0.14355,0.9104,-1.519,1.534,0.466,ergonomis
2026-06-02 16:31:29.463,2301428919,409463,1,1.02368,-0.1001,0.14258,-1.748,1.962,0.023,ergonomis
2026-06-02 16:31:29.463,2301428919,409463,2,0.8186,0.15112,0.90845,-0.794,1.679,1.015,ergonomis
2026-06-02 16:31:29.663,2301429119,409663,1,1.03516,-0.104,0.12476,-1.344,1.061,-0.267,ergonomis
2026-06-02 16:31:29.663,2301429119,409663,2,0.8252,0.14575,0.90967,-0.954,1.336,1.351,ergonomis
2026-06-02 16:31:29.869,2301429325,409869,1,1.02441,-0.09985,0.1333,-1.565,0.527,0.397,ergonomis
2026-06-02 16:31:29.869,2301429325,409869,2,0.8208,0.14844,0.91309,-0.695,1.29,1.313,ergonomis
2026-06-02 16:31:29.069,2301428525,410069,1,1.02368,-0.10327,0.13013,-1.282,0.374,0.099,ergonomis
2026-06-02 16:31:29.069,2301428525,410069,2,0.82642,0.14355,0.91602,-0.603,1.214,1.71,ergonomis
2026-06-02 16:31:30.269,2301429725,410269,1,1.02881,-0.09961,0.13672,-2.466,0.481,0.366,ergonomis
2026-06-02 16:31:30.269,2301429725,410269,2,0.82544,0.1499,0.91626,-0.168,1.275,1.519,ergonomis
2026-06-02 16:31:30.481,2301429937,410480,1,1.02441,-0.10376,0.14063,-1.855,0.275,0.061,ergonomis
2026-06-02 16:31:30.481,2301429937,410480,2,0.82471,0.14722,0.90723,-1.641,0.71,1.435,ergonomis
2026-06-02 16:31:30.680,2301430136,410680,1,1.01855,-0.09839,0.14941,-3.382,0.229,0.779,ergonomis
2026-06-02 16:31:30.680,2301430136,410680,2,0.82324,0.14111,0.91479,-2.092,0.718,1.832,ergonomis
2026-06-02 16:31:30.880,2301430336,410880,1,1.02295,-0.09961,0.13574,-0.336,0.145,-0.344,ergonomis
2026-06-02 16:31:30.880,2301430336,410880,2,0.8291,0.14673,0.91479,-0.504,0.809,1.344,ergonomis
2026-06-02 16:31:30.080,2301429536,411080,1,1.02466,-0.10522,0.14355,-1.489,0.183,-0.275,ergonomis
2026-06-02 16:31:30.080,2301429536,411080,2,0.8208,0.15088,0.92334,-1.351,0.496,1.282,ergonomis
2026-06-02 16:31:31.280,2301430736,411280,1,1.02417,-0.10425,0.14478,-1.611,-0.351,-0.321,ergonomis
2026-06-02 16:31:31.280,2301430736,411280,2,0.81958,0.1416,0.91748,-0.939,0.458,1.664,ergonomis
2026-06-02 16:31:31.480,2301430936,411480,1,1.02441,-0.09863,0.13721,-1.603,-0.405,-0.069,ergonomis
2026-06-02 16:31:31.480,2301430936,411480,2,0.82861,0.14526,0.92114,-1.023,0.374,1.588,ergonomis
2026-06-02 16:31:31.680,2301431136,411680,1,1.02954,-0.10449,0.12085,-2.557,0.641,0.168,ergonomis
2026-06-02 16:31:31.680,2301431136,411680,2,0.81812,0.14502,0.90576,0.084,1.603,2.0,ergonomis
2026-06-02 16:31:31.880,2301431336,411880,1,1.02173,-0.10864,0.13135,-1.863,0.443,-0.489,ergonomis
2026-06-02 16:31:31.880,2301431336,411880,2,0.82349,0.14502,0.92529,-1.046,1.13,0.969,ergonomis
2026-06-02 16:31:31.080,2301430536,412080,1,1.02783,-0.09912,0.12622,-1.229,0.725,0.069,ergonomis
2026-06-02 16:31:31.080,2301430536,412080,2,0.82593,0.14648,0.91284,-1.008,1.649,0.863,ergonomis
2026-06-02 16:31:32.280,2301431736,412280,1,1.01831,-0.11084,0.14429,-1.611,0.618,-0.672,ergonomis
2026-06-02 16:31:32.280,2301431736,412280,2,0.82471,0.14063,0.91064,-0.718,0.885,1.137,ergonomis
2026-06-02 16:31:32.480,2301431936,412480,1,1.02612,-0.09985,0.13892,-1.725,-0.015,-0.244,ergonomis
2026-06-02 16:31:32.480,2301431936,412480,2,0.82495,0.1416,0.90942,-0.641,0.939,1.267,ergonomis
2026-06-02 16:31:32.680,2301432136,412680,1,1.02881,-0.09644,0.14282,-1.687,0.092,-0.191,ergonomis
2026-06-02 16:31:32.680,2301432136,412680,2,0.83032,0.15112,0.91675,-0.412,1.069,1.557,ergonomis
2026-06-02 16:31:32.880,2301432336,412880,1,1.0271,-0.10327,0.13501,-1.435,0.092,0.015,ergonomis
2026-06-02 16:31:32.880,2301432336,412880,2,0.82568,0.14282,0.91357,-0.947,1.115,1.458,ergonomis
2026-06-02 16:31:32.080,2301431536,413080,1,1.02246,-0.09985,0.14258,-1.626,0.397,-0.16,ergonomis
2026-06-02 16:31:32.080,2301431536,413080,2,0.82129,0.14038,0.92041,-0.618,0.794,1.344,ergonomis
2026-06-02 16:31:33.320,2301432776,413320,1,1.03247,-0.10303,0.13257,-1.45,0.412,-0.13,ergonomis
2026-06-02 16:31:33.320,2301432776,413320,2,0.82861,0.15356,0.91577,-0.672,0.832,1.267,ergonomis
2026-06-02 16:31:33.520,2301432976,413520,1,1.02759,-0.09839,0.14136,-1.221,0.527,,ergonomis
2026-06-02 16:31:33.520,2301432976,413520,2,0.81958,0.14502,0.91064,-1.336,1.053,0.985,ergonomis
2026-06-02 16:31:33.720,2301433176,413720,1,1.02319,-0.09839,0.13745,-2.237,0.336,0.252,ergonomis
2026-06-02 16:31:33.720,2301433176,413720,2,0.82007,0.1377,0.91919,-0.565,1.092,1.618,ergonomis
2026-06-02 16:31:33.920,2301433376,413920,1,1.0188,-0.10693,0.13037,-1.832,0.359,0.046,ergonomis
2026-06-02 16:31:33.920,2301433376,413920,2,0.82642,0.14331,0.91162,-0.153,1.374,1.366,ergonomis
2026-06-02 16:31:33.120,2301432576,414120,1,1.0188,-0.10474,0.13721,-2.015,0.435,-0.053,ergonomis
2026-06-02 16:31:33.120,2301432576,414120,2,0.83472,0.14233,0.9043,-0.71,1.305,1.145,ergonomis
2026-06-02 16:31:34.347,2301433803,414347,1,1.02417,-0.09814,0.13477,-1.489,0.466,-0.527,ergonomis
2026-06-02 16:31:34.347,2301433803,414347,2,0.82324,0.14795,0.91919,-0.519,0.954,0.802,ergonomis
2026-06-02 16:31:34.547,2301434003,414547,1,1.01929,-0.09595,0.12915,-2.084,0.122,-0.611,ergonomis
2026-06-02 16:31:34.547,2301434003,414547,2,0.82275,0.14746,0.91553,0.076,1.115,1.321,ergonomis
2026-06-02 16:31:34.747,2301434203,414747,1,1.02319,-0.09839,0.13721,-1.756,0.351,-0.298,ergonomis
2026-06-02 16:31:34.747,2301434203,414747,2,0.82788,0.15308,0.91602,-0.725,0.939,1.511,ergonomis
2026-06-02 16:31:34.958,2301434414,414958,1,1.02222,-0.10205,0.1394,-1.588,0.557,-0.053,ergonomis
2026-06-02 16:31:34.958,2301434414,414958,2,0.82129,0.14795,0.91479,-0.977,0.802,1.076,ergonomis
2026-06-02 16:31:34.158,2301433614,415158,1,1.02612,-0.09595,0.13477,-1.473,0.153,-0.153,ergonomis
2026-06-02 16:31:34.158,2301433614,415158,2,0.82251,0.15039,0.91162,-0.771,0.924,1.534,ergonomis
2026-06-02 16:31:35.358,2301434814,415358,1,1.02612,-0.09277,0.13965,-1.053,0.183,-0.214,ergonomis
2026-06-02 16:31:35.358,2301434814,415358,2,0.82837,0.14722,0.91846,-0.985,0.611,1.198,ergonomis
2026-06-02 16:31:35.558,2301435014,415558,1,1.02173,-0.09448,0.13428,-1.267,0.603,-0.427,ergonomis
2026-06-02 16:31:35.558,2301435014,415558,2,0.82764,0.14795,0.91431,-0.893,0.351,1.115,ergonomis
2026-06-02 16:31:35.758,2301435214,415758,1,1.03638,-0.10205,0.14673,-1.58,-1.595,0.992,ergonomis
2026-06-02 16:31:35.758,2301435214,415758,2,0.82275,0.15625,0.91602,-0.985,0.832,2.427,ergonomis
2026-06-02 16:31:35.958,2301435414,415958,1,1.02124,-0.09937,0.13306,-4.137,-0.763,0.969,ergonomis
2026-06-02 16:31:35.958,2301435414,415958,2,0.82813,0.14722,0.91602,-0.832,1.16,3.519,ergonomis
2026-06-02 16:31:35.158,2301434614,416158,1,1.02271,-0.10889,0.11694,-1.969,0.985,1.092,ergonomis
2026-06-02 16:31:35.158,2301434614,416158,2,0.83521,0.13477,0.90479,-0.252,1.756,1.779,ergonomis
2026-06-02 16:31:36.358,2301435814,416358,1,1.03516,-0.12061,0.11865,-0.84,2.458,-1.603,ergonomis
2026-06-02 16:31:36.358,2301435814,416358,2,0.82813,0.1499,0.91333,0.664,2.092,0.756,ergonomis
2026-06-02 16:31:36.558,2301436014,416558,1,1.02393,-0.1062,0.13306,-2.122,1.45,1.275,ergonomis
2026-06-02 16:31:36.558,2301436014,416558,2,0.8291,0.14844,0.9082,0.359,0.863,1.153,ergonomis
2026-06-02 16:31:36.758,2301436214,416758,1,1.02222,-0.10181,0.12866,-1.427,-0.26,-1.145,ergonomis
2026-06-02 16:31:36.758,2301436214,416758,2,0.8252,0.1438,0.91455,-0.397,1.237,1.137,ergonomis
2026-06-02 16:31:36.958,2301436414,416958,1,1.0249,-0.10132,0.13013,-2.916,0.626,0.084,ergonomis
2026-06-02 16:31:36.958,2301436414,416958,2,0.83398,0.14111,0.92578,-1.13,0.374,1.107,ergonomis
2026-06-02 16:31:36.158,2301435614,417158,1,1.02539,-0.09668,0.13843,-1.153,0.847,-0.702,ergonomis
2026-06-02 16:31:36.158,2301435614,417158,2,0.82422,0.15161,0.89893,0.282,1.534,1.069,ergonomis
2026-06-02 16:31:37.370,2301436826,417370,1,1.02393,-0.10229,0.13525,-1.725,-0.298,-0.496,ergonomis
2026-06-02 16:31:37.370,2301436826,417370,2,0.82788,0.14819,0.91235,-1.084,0.076,1.55,ergonomis
2026-06-02 16:31:37.570,2301437026,417570,1,1.01782,-0.09644,0.13965,-1.427,0.359,-0.023,ergonomis
2026-06-02 16:31:37.570,2301437026,417570,2,0.82251,0.15283,0.91187,-0.878,0.908,1.389,ergonomis
2026-06-02 16:31:37.770,2301437226,417770,1,1.02075,-0.09302,0.1333,-1.832,-0.168,-0.122,ergonomis
2026-06-02 16:31:37.770,2301437226,417770,2,0.8291,0.14722,0.91016,-1.45,0.076,1.595,ergonomis
2026-06-02 16:31:37.970,2301437426,417970,1,1.02026,-0.09131,0.13477,-2.084,-0.061,-0.504,ergonomis
2026-06-02 16:31:37.970,2301437426,417970,2,0.8291,0.14429,0.90576,-0.962,0.863,1.198,ergonomis
2026-06-02 16:31:37.170,2301436626,418170,1,1.02368,-0.09766,0.12744,-2.267,0.557,-0.802,ergonomis
2026-06-02 16:31:37.170,2301436626,418170,2,0.823,0.14355,0.90479,-0.55,1.206,1.282,ergonomis
2026-06-02 16:31:38.370,2301437826,418370,1,1.05151,-0.08496,0.12012,-4.725,0.282,0.26,ergonomis
2026-06-02 16:31:38.370,2301437826,418370,2,0.80542,0.15674,0.91748,-2.053,0.565,1.389,ergonomis
2026-06-02 16:31:38.570,2301438026,418570,1,1.02832,-0.08789,0.11987,-1.076,1.42,0.145,ergonomis
2026-06-02 16:31:38.570,2301438026,418570,2,0.8269,0.14941,0.89673,-0.176,1.275,0.229,ergonomis
2026-06-02 16:31:38.770,2301438226,418770,1,1.02197,-0.08716,0.1311,-1.26,0.153,0.137,ergonomis
2026-06-02 16:31:38.770,2301438226,418770,2,0.80688,0.14844,0.90674,-2.26,3.382,-0.573,ergonomis
2026-06-02 16:31:38.970,2301438426,418970,1,1.021,-0.09912,0.12256,-1.336,1.214,-0.405,ergonomis
2026-06-02 16:31:38.970,2301438426,418970,2,0.82983,0.15259,0.89917,-1.863,1.275,1.176,ergonomis
2026-06-02 16:31:38.186,2301437642,419186,1,1.02515,-0.09399,0.13037,-1.718,0.55,0.847,ergonomis
2026-06-02 16:31:38.186,2301437642,419186,2,0.82983,0.16089,0.91699,-0.802,1.496,1.015,ergonomis
2026-06-02 16:31:39.386,2301438842,419386,1,1.021,-0.09839,0.13794,-0.183,0.824,0.145,ergonomis
2026-06-02 16:31:39.386,2301438842,419386,2,0.82886,0.15137,0.91309,0.664,2.321,1.183,ergonomis
2026-06-02 16:31:39.586,2301439042,419586,1,1.01709,-0.09302,0.13892,-2.023,0.878,-0.191,ergonomis
2026-06-02 16:31:39.586,2301439042,419586,2,0.82544,0.14966,0.91406,-1.198,1.0,0.985,ergonomis
2026-06-02 16:31:39.786,2301439242,419786,1,1.02393,-0.08936,0.14404,-1.221,0.702,0.115,ergonomis
2026-06-02 16:31:39.786,2301439242,419786,2,0.83179,0.15234,0.91309,-1.092,1.267,0.45,ergonomis
2026-06-02 16:31:39.986,2301439442,419986,1,1.021,-0.09912,0.14233,-2.229,0.679,-0.282,ergonomis
2026-06-02 16:31:39.986,2301439442,419986,2,0.82642,0.15674,0.91724,-0.809,0.893,1.443,ergonomis
2026-06-02 16:31:39.186,2301438642,420186,1,1.02002,-0.09229,0.14502,-2.198,0.313,0.84,ergonomis
2026-06-02 16:31:39.186,2301438642,420186,2,0.82739,0.16553,0.9209,-2.191,0.336,1.863,ergonomis
2026-06-02 16:31:40.386,2301439842,420386,1,1.02271,-0.10693,0.15356,-1.756,0.565,-0.885,ergonomis
2026-06-02 16:31:40.386,2301439842,420386,2,0.82422,0.14697,0.91699,-0.939,0.481,1.26,ergonomis
2026-06-02 16:31:40.586,2301440042,420586,1,1.02295,-0.09375,0.14771,-1.244,0.924,-0.107,ergonomis
2026-06-02 16:31:40.586,2301440042,420586,2,0.82422,0.16772,0.9043,-0.641,0.832,1.443,ergonomis
2026-06-02 16:31:40.786,2301440242,420786,1,1.0188,-0.08765,0.14819,-1.435,-0.038,-0.557,ergonomis
2026-06-02 16:31:40.786,2301440242,420786,2,0.823,0.15894,0.91284,-0.832,0.038,1.756,ergonomis
2026-06-02 16:31:40.986,2301440442,420986,1,1.02539,-0.09619,0.14551,-1.221,-0.115,-0.115,ergonomis
2026-06-02 16:31:40.986,2301440442,420986,2,0.82007,0.15283,0.90332,-1.053,0.466,2.008,ergonomis
2026-06-02 16:31:40.186,2301439642,421186,1,1.02563,-0.09717,0.13989,-2.145,0.122,0.198,ergonomis
2026-06-02 16:31:40.186,2301439642,421186,2,0.82666,0.15039,0.90796,-0.924,0.679,1.947,ergonomis
2026-06-02 16:31:41.386,2301440842,421386,1,0.99438,-0.10132,0.146,-6.496,3.092,0.542,ergonomis
2026-06-02 16:31:41.386,2301440842,421386,2,0.85254,0.13281,0.91602,-1.321,-0.023,2.443,ergonomis
2026-06-02 16:31:41.586,2301441042,421586,1,1.01465,-0.09668,0.15015,-1.534,1.344,1.008,ergonomis
2026-06-02 16:31:41.586,2301441042,421586,2,0.8374,0.1499,0.90527,-0.069,1.229,1.908,ergonomis
2026-06-02 16:31:41.786,2301441242,421786,1,1.01953,-0.10181,0.14209,-1.855,0.344,-0.137,ergonomis
2026-06-02 16:31:41.786,2301441242,421786,2,0.82837,0.146,0.91895,-0.786,1.137,1.809,ergonomis
2026-06-02 16:31:41.986,2301441442,421986,1,1.02222,-0.10132,0.14429,-1.252,0.458,0.237,ergonomis
2026-06-02 16:31:41.986,2301441442,421986,2,0.83105,0.15625,0.90747,0.145,1.55,0.992,ergonomis
2026-06-02 16:31:41.186,2301440642,422186,1,1.02612,-0.10376,0.14941,-2.145,0.183,-0.626,ergonomis
2026-06-02 16:31:41.186,2301440642,422186,2,0.82324,0.15527,0.8999,-0.809,0.733,1.435,ergonomis
2026-06-02 16:31:42.386,2301441842,422386,1,1.02026,-0.09937,0.14355,-1.756,0.046,-0.198,ergonomis
2026-06-02 16:31:42.386,2301441842,422386,2,0.82715,0.15039,0.91235,-0.687,1.092,1.305,ergonomis
2026-06-02 16:31:42.586,2301442042,422586,1,1.02051,-0.09937,0.14453,-1.756,0.382,-0.031,ergonomis
2026-06-02 16:31:42.586,2301442042,422586,2,0.82153,0.15039,0.90161,-0.786,1.313,1.099,ergonomis
2026-06-02 16:31:42.786,2301442242,422786,1,1.01245,-0.09814,0.15283,-1.0,0.359,0.359,ergonomis
2026-06-02 16:31:42.786,2301442242,422786,2,0.8252,0.15869,0.91553,0.252,1.252,1.664,ergonomis
2026-06-02 16:31:42.986,2301442442,422986,1,1.02588,-0.09741,0.14819,-1.649,-0.008,-0.084,ergonomis
2026-06-02 16:31:42.986,2301442442,422986,2,0.8252,0.14844,0.91235,-2.664,-0.244,1.42,ergonomis
2026-06-02 16:31:42.186,2301441642,423186,1,1.0188,-0.09961,0.14355,-1.626,0.687,-0.214,ergonomis
2026-06-02 16:31:42.186,2301441642,423186,2,0.82886,0.15625,0.91113,-0.489,0.794,1.924,ergonomis
2026-06-02 16:31:43.386,2301442842,423386,1,1.02222,-0.09448,0.1499,-1.878,0.16,-0.305,ergonomis
2026-06-02 16:31:43.386,2301442842,423386,2,0.82739,0.14746,0.90967,-1.496,0.641,1.443,ergonomis
2026-06-02 16:31:43.586,2301443042,423586,1,1.02368,-0.09839,0.14331,-1.763,0.389,0.45,ergonomis
2026-06-02 16:31:43.586,2301443042,423586,2,0.83081,0.14722,0.90381,-0.496,1.443,1.382,ergonomis
2026-06-02 16:31:43.786,2301443242,423786,1,1.0188,-0.09692,0.14355,-2.374,0.443,0.595,ergonomis
2026-06-02 16:31:43.786,2301443242,423786,2,0.83618,0.14819,0.91235,-1.336,0.489,2.137,ergonomis
2026-06-02 16:31:43.986,2301443442,423986,1,1.01904,-0.1062,0.14404,-2.634,-0.611,-0.519,ergonomis
2026-06-02 16:31:43.986,2301443442,423986,2,0.81665,0.15112,0.91211,-0.115,1.282,1.786,ergonomis
2026-06-02 16:31:43.186,2301442642,424186,1,1.02417,-0.1106,0.14282,-6.786,0.885,-1.649,ergonomis
2026-06-02 16:31:43.186,2301442642,424186,2,0.83447,0.13892,0.9021,-2.924,-0.634,0.023,ergonomis
2026-06-02 16:31:44.386,2301443842,424386,1,1.02515,-0.10718,0.1499,-1.107,-0.168,0.038,ergonomis
2026-06-02 16:31:44.386,2301443842,424386,2,0.82446,0.15015,0.90503,-1.252,0.641,1.122,ergonomis
2026-06-02 16:31:44.586,2301444042,424586,1,1.02539,-0.09766,0.14331,-1.191,2.305,-0.794,ergonomis
2026-06-02 16:31:44.586,2301444042,424586,2,0.83154,0.15796,0.89429,-0.115,1.664,1.924,ergonomis
2026-06-02 16:31:44.786,2301444242,424786,1,1.01758,-0.10596,0.15356,-1.718,1.282,0.328,ergonomis
2026-06-02 16:31:44.786,2301444242,424786,2,0.82837,0.14966,0.90942,0.084,2.664,1.115,ergonomis
2026-06-02 16:31:44.058,2301443514,425058,1,1.01685,-0.11304,0.15405,-2.023,0.885,0.038,ergonomis
2026-06-02 16:31:44.058,2301443514,425058,2,0.81934,0.15405,0.91553,-0.504,1.603,1.099,ergonomis
2026-06-02 16:31:45.258,2301444714,425258,1,1.01538,-0.11792,0.15991,-2.565,0.16,0.321,ergonomis
2026-06-02 16:31:45.258,2301444714,425258,2,0.83301,0.13916,0.90552,-2.305,0.313,-0.389,ergonomis
2026-06-02 16:31:45.458,2301444914,425458,1,1.03589,-0.10156,0.13501,0.137,1.702,0.786,ergonomis
2026-06-02 16:31:45.458,2301444914,425458,2,0.81958,0.14209,0.89429,0.573,-0.328,3.305,ergonomis
2026-06-02 16:31:45.658,2301445114,425658,1,1.00293,-0.10938,0.1377,-0.13,-4.603,3.046,ergonomis
2026-06-02 16:31:45.658,2301445114,425658,2,0.82813,0.15356,0.92969,-2.924,2.092,1.252,ergonomis
2026-06-02 16:31:45.858,2301445314,425858,1,1.02222,-0.11743,0.14307,-2.031,-0.618,-1.229,ergonomis
2026-06-02 16:31:45.858,2301445314,425858,2,0.83203,0.1416,0.92358,-3.84,-1.198,2.168,ergonomis
2026-06-02 16:31:45.058,2301444514,426058,1,1.01196,-0.11719,0.15552,2.122,5.351,1.0,ergonomis
2026-06-02 16:31:45.058,2301444514,426058,2,0.82275,0.12622,0.89746,1.29,2.702,2.198,ergonomis
2026-06-02 16:31:46.276,2301445732,426276,1,1.03198,-0.12476,0.13623,-4.817,2.649,-1.023,ergonomis
2026-06-02 16:31:46.276,2301445732,426276,2,0.8208,0.13867,0.91992,1.496,2.687,0.366,ergonomis
2026-06-02 16:31:46.476,2301445932,426476,1,1.01514,-0.12012,0.14282,-1.908,1.145,-1.893,ergonomis
2026-06-02 16:31:46.476,2301445932,426476,2,0.8186,0.14771,0.90796,1.435,1.87,-0.038,ergonomis
2026-06-02 16:31:46.676,2301446132,426676,1,1.02051,-0.10815,0.15405,-0.237,-0.443,-0.328,ergonomis
2026-06-02 16:31:46.676,2301446132,426676,2,0.82715,0.14551,0.92676,-1.084,1.267,0.557,ergonomis
2026-06-02 16:31:46.876,2301446332,426876,1,1.01978,-0.10767,0.14795,1.481,0.023,0.42,ergonomis
2026-06-02 16:31:46.876,2301446332,426876,2,0.81763,0.16138,0.9187,0.137,0.71,0.443,ergonomis
2026-06-02 16:31:46.076,2301445532,427076,1,1.02539,-0.09985,0.14771,-1.466,-0.176,0.374,ergonomis
2026-06-02 16:31:46.076,2301445532,427076,2,0.81982,0.16724,0.91357,-1.351,-0.42,1.725,ergonomis
2026-06-02 16:31:47.276,2301446732,427276,1,1.02637,-0.09888,0.13672,-2.084,0.061,-0.534,ergonomis
2026-06-02 16:31:47.276,2301446732,427276,2,0.82202,0.16357,0.91724,-0.527,0.969,1.863,ergonomis
2026-06-02 16:31:47.476,2301446932,427476,1,1.02148,-0.12524,0.14819,-0.863,-0.176,-2.275,ergonomis
2026-06-02 16:31:47.476,2301446932,427476,2,0.82227,0.14868,0.92773,-0.107,0.061,0.45,ergonomis
2026-06-02 16:31:47.676,2301447132,427676,1,1.02759,-0.09302,0.13403,-1.466,0.893,1.634,ergonomis
2026-06-02 16:31:47.676,2301447132,427676,2,0.82129,0.16992,0.91138,0.191,1.84,1.71,ergonomis
2026-06-02 16:31:47.876,2301447332,427876,1,1.02148,-0.10913,0.14551,-2.641,0.802,0.374,ergonomis
2026-06-02 16:31:47.876,2301447332,427876,2,0.81689,0.15991,0.92383,0.023,1.221,1.901,ergonomis
2026-06-02 16:31:47.076,2301446532,428076,1,1.03784,-0.0791,0.15186,-2.176,5.053,0.168,ergonomis
2026-06-02 16:31:47.076,2301446532,428076,2,0.82153,0.15771,0.92847,-1.603,1.13,0.939,ergonomis
2026-06-02 16:31:48.276,2301447732,428276,1,1.00854,-0.10864,0.1665,-3.214,2.076,,ergonomis
2026-06-02 16:31:48.276,2301447732,428276,2,0.82153,0.15234,0.91455,1.534,3.046,1.511,ergonomis
2026-06-02 16:31:48.476,2301447932,428476,1,1.01416,-0.10474,0.16943,-2.527,1.74,-0.649,ergonomis
2026-06-02 16:31:48.476,2301447932,428476,2,0.80835,0.15845,0.91748,-1.382,1.099,0.901,ergonomis
2026-06-02 16:31:48.676,2301448132,428676,1,1.01489,-0.11621,0.16992,-1.977,1.191,-0.481,ergonomis
2026-06-02 16:31:48.676,2301448132,428676,2,0.81396,0.15552,0.92554,0.702,2.267,0.641,ergonomis
2026-06-02 16:31:48.876,2301448332,428876,1,1.01709,-0.10425,0.1748,-2.534,0.328,-0.595,ergonomis
2026-06-02 16:31:48.876,2301448332,428876,2,0.81372,0.16357,0.92651,-0.427,0.939,1.168,ergonomis
2026-06-02 16:31:48.076,2301447532,429076,1,1.01855,-0.11523,0.16919,-2.832,-0.069,0.015,ergonomis
2026-06-02 16:31:48.076,2301447532,429076,2,0.8208,0.15796,0.92188,-1.344,0.458,1.122,ergonomis
2026-06-02 16:31:49.276,2301448732,429276,1,1.02344,-0.10913,0.16846,-2.557,0.725,0.076,ergonomis
2026-06-02 16:31:49.276,2301448732,429276,2,0.81543,0.15601,0.91699,-0.87,1.198,1.137,ergonomis
2026-06-02 16:31:49.476,2301448932,429476,1,1.00684,-0.1062,0.1748,-0.649,-0.313,0.008,ergonomis
2026-06-02 16:31:49.476,2301448932,429476,2,0.81396,0.15771,0.92749,-2.191,0.649,-0.145,ergonomis
2026-06-02 16:31:49.676,2301449132,429676,1,1.01782,-0.10913,0.14478,-2.733,-1.053,0.313,ergonomis
2026-06-02 16:31:49.676,2301449132,429676,2,0.82202,0.15186,0.91284,0.947,2.321,4.802,ergonomis
2026-06-02 16:31:49.876,2301449332,429876,1,1.00708,-0.10938,0.16748,-0.74,-0.366,0.237,ergonomis
2026-06-02 16:31:49.876,2301449332,429876,2,0.83105,0.17358,0.93945,-5.481,1.023,-0.908,ergonomis
2026-06-02 16:31:49.076,2301448532,430076,1,1.01001,-0.10449,0.15845,-1.504,0.901,0.45,ergonomis
2026-06-02 16:31:49.076,2301448532,430076,2,0.82251,0.1604,0.91211,-1.153,-0.702,3.061,ergonomis
2026-06-02 16:31:50.276,2301449732,430276,1,1.02026,-0.11768,0.15796,-1.366,-1.076,-1.389,ergonomis
2026-06-02 16:31:50.276,2301449732,430276,2,0.81934,0.1438,0.91943,-0.389,0.763,1.305,ergonomis
2026-06-02 16:31:50.476,2301449932,430476,1,1.02026,-0.10645,0.16187,-1.687,-0.603,-0.336,ergonomis
2026-06-02 16:31:50.476,2301449932,430476,2,0.82056,0.15308,0.91602,-0.809,0.618,1.687,ergonomis
2026-06-02 16:31:50.676,2301450132,430676,1,1.02197,-0.10571,0.15283,-1.664,-0.328,-0.122,ergonomis
2026-06-02 16:31:50.676,2301450132,430676,2,0.81543,0.16943,0.93018,-1.42,0.58,0.718,ergonomis
2026-06-02 16:31:50.934,2301450390,430933,1,1.0127,-0.10254,0.1499,0.275,1.916,0.084,ergonomis
2026-06-02 16:31:50.934,2301450390,430933,2,0.79297,0.16797,0.94116,3.092,0.565,-1.359,ergonomis
2026-06-02 16:31:50.133,2301449589,431133,1,0.95386,-0.08545,0.09644,7.214,46.122,3.069,ergonomis
2026-06-02 16:31:50.133,2301449589,431133,2,0.71899,0.25024,0.94531,21.252,14.015,-3.786,ergonomis
2026-06-02 16:31:51.333,2301450789,431333,1,0.91406,-0.09155,0.59546,-6.527,71.855,-9.145,non-ergonomis
2026-06-02 16:31:51.333,2301450789,431333,2,0.81201,0.19702,0.93262,-36.458,18.282,-40.626,non-ergonomis
2026-06-02 16:31:51.533,2301450989,431533,1,0.7522,-0.08447,0.45215,0.473,-8.137,2.481,non-ergonomis
2026-06-02 16:31:51.533,2301450989,431533,2,0.73877,0.25854,1.06519,-2.954,-0.084,4.511,non-ergonomis
2026-06-02 16:31:51.733,2301451189,431733,1,0.80688,-0.12231,0.49487,-7.313,6.351,6.443,non-ergonomis
2026-06-02 16:31:51.733,2301451189,431733,2,0.65112,0.24536,1.03296,1.985,2.13,-0.176,non-ergonomis
2026-06-02 16:31:51.933,2301451389,431933,1,0.82324,-0.11963,0.56006,-0.664,0.55,2.206,non-ergonomis
2026-06-02 16:31:51.933,2301451389,431933,2,0.73633,0.25928,1.03174,-4.015,-2.931,0.008,non-ergonomis
2026-06-02 16:31:51.133,2301450589,432133,1,0.80103,-0.11572,0.50903,-5.908,-3.504,-5.084,non-ergonomis
2026-06-02 16:31:51.133,2301450589,432133,2,0.7312,0.21924,1.05078,-7.198,-4.786,1.511,non-ergonomis
2026-06-02 16:31:52.333,2301451789,432333,1,0.8103,-0.14233,0.50781,-0.046,-2.069,-1.557,non-ergonomis
2026-06-02 16:31:52.333,2301451789,432333,2,0.72803,0.23657,1.02832,6.511,2.237,3.748,non-ergonomis
2026-06-02 16:31:52.533,2301451989,432533,1,0.84033,-0.10278,0.5,-2.229,-3.557,-1.939,non-ergonomis
2026-06-02 16:31:52.533,2301451989,432533,2,0.74146,0.24316,1.02295,-2.038,-0.756,1.046,non-ergonomis
2026-06-02 16:31:52.733,2301452189,432733,1,0.8396,-0.09766,0.48486,-0.748,-0.26,-1.344,non-ergonomis
2026-06-02 16:31:52.733,2301452189,432733,2,0.7395,0.24023,1.01929,-2.13,0.031,1.191,non-ergonomis
2026-06-02 16:31:52.933,2301452389,432933,1,0.83008,-0.09717,0.48877,-1.634,0.595,1.137,non-ergonomis
2026-06-02 16:31:52.933,2301452389,432933,2,0.74097,0.23755,1.01733,-0.74,1.847,1.45,non-ergonomis
2026-06-02 16:31:52.133,2301451589,433133,1,0.82886,-0.09863,0.48682,-2.038,0.748,-0.573,non-ergonomis
2026-06-02 16:31:52.133,2301451589,433133,2,0.73535,0.23999,1.01489,-2.634,0.374,1.557,non-ergonomis
2026-06-02 16:31:53.333,2301452789,433333,1,0.82764,-0.09863,0.4939,-0.443,1.176,-0.58,non-ergonomis
2026-06-02 16:31:53.333,2301452789,433333,2,0.74536,0.24585,1.00635,0.008,0.87,1.198,non-ergonomis
2026-06-02 16:31:53.533,2301452989,433533,1,0.82715,-0.09741,0.48145,-1.397,-0.053,-0.481,non-ergonomis
2026-06-02 16:31:53.533,2301452989,433533,2,0.73584,0.24219,1.01587,0.015,0.489,1.275,non-ergonomis
2026-06-02 16:31:53.733,2301453189,433733,1,0.83276,-0.10254,0.49561,-1.397,-0.183,0.023,non-ergonomis
2026-06-02 16:31:53.733,2301453189,433733,2,0.74243,0.24048,1.01758,2.023,1.702,2.038,non-ergonomis
2026-06-02 16:31:53.933,2301453389,433933,1,0.83081,-0.07568,0.49097,-2.221,-0.756,-0.817,non-ergonomis
2026-06-02 16:31:53.933,2301453389,433933,2,0.7395,0.24219,1.00781,-3.969,-0.435,2.244,non-ergonomis
2026-06-02 16:31:53.133,2301452589,434133,1,0.83667,-0.11328,0.48682,-5.641,-0.985,3.137,non-ergonomis
2026-06-02 16:31:53.133,2301452589,434133,2,0.7395,0.22681,1.02417,1.595,1.87,2.397,non-ergonomis
2026-06-02 16:31:54.333,2301453789,434333,1,0.85132,-0.09424,0.48218,-18.771,-6.046,3.427,non-ergonomis
2026-06-02 16:31:54.333,2301453789,434333,2,0.74292,0.22363,1.01904,-14.344,-4.725,0.962,non-ergonomis
2026-06-02 16:31:54.533,2301453989,434533,1,0.83936,-0.18848,0.46875,-1.214,-0.176,0.443,non-ergonomis
2026-06-02 16:31:54.533,2301453989,434533,2,0.74121,0.20142,1.01953,2.511,3.542,3.649,non-ergonomis
2026-06-02 16:31:54.733,2301454189,434733,1,0.84326,-0.15601,0.45508,1.443,0.702,1.786,non-ergonomis
2026-06-02 16:31:54.733,2301454189,434733,2,0.74707,0.2168,1.00854,-0.061,0.534,2.168,non-ergonomis
2026-06-02 16:31:54.933,2301454389,434933,1,0.84888,-0.15039,0.45483,0.13,1.145,-2.672,non-ergonomis
2026-06-02 16:31:54.933,2301454389,434933,2,0.7417,0.20508,1.02295,-2.153,1.298,0.412,non-ergonomis
2026-06-02 16:31:54.158,2301453614,435158,1,0.85815,-0.14063,0.46802,-1.183,0.985,-1.321,non-ergonomis
2026-06-02 16:31:54.158,2301453614,435158,2,0.73462,0.22925,0.99658,4.099,4.366,-0.038,non-ergonomis
2026-06-02 16:31:55.358,2301454814,435358,1,0.85278,-0.13452,0.45435,-2.534,3.069,-2.771,non-ergonomis
2026-06-02 16:31:55.358,2301454814,435358,2,0.74927,0.21021,1.01978,1.305,0.985,0.511,non-ergonomis
2026-06-02 16:31:55.558,2301455014,435558,1,0.8418,-0.12744,0.46899,1.58,1.282,-1.031,non-ergonomis
2026-06-02 16:31:55.558,2301455014,435558,2,0.74707,0.22607,1.01245,-0.183,1.611,-0.565,non-ergonomis
2026-06-02 16:31:55.758,2301455214,435758,1,0.83398,-0.12378,0.47266,0.458,0.557,-1.809,non-ergonomis
2026-06-02 16:31:55.758,2301455214,435758,2,0.74512,0.23193,1.00635,-1.298,-1.168,0.183,non-ergonomis
2026-06-02 16:31:55.958,2301455414,435958,1,0.83472,-0.10962,0.49146,0.26,0.298,-3.664,non-ergonomis
2026-06-02 16:31:55.958,2301455414,435958,2,0.73535,0.22852,1.0105,1.069,0.29,0.527,non-ergonomis
2026-06-02 16:31:55.158,2301454614,436158,1,0.84302,-0.09619,0.46729,-1.748,-0.969,-1.794,non-ergonomis
2026-06-02 16:31:55.158,2301454614,436158,2,0.74438,0.23706,1.00195,-0.321,0.458,1.069,non-ergonomis
2026-06-02 16:31:56.358,2301455814,436358,1,0.83643,-0.09497,0.46387,-3.351,1.221,-1.031,non-ergonomis
2026-06-02 16:31:56.358,2301455814,436358,2,0.75146,0.23364,1.00586,-0.779,0.084,2.031,non-ergonomis
2026-06-02 16:31:56.727,2301456183,436727,1,0.84253,-0.11572,0.47461,-0.573,2.45,-1.069,non-ergonomis
2026-06-02 16:31:56.727,2301456183,436727,2,0.74927,0.22437,1.00586,-0.267,0.122,0.115,non-ergonomis
2026-06-02 16:31:56.927,2301456383,436927,1,0.82153,-0.07031,0.479,4.145,-0.29,1.702,non-ergonomis
2026-06-02 16:31:56.927,2301456383,436927,2,0.73145,0.2627,1.00684,-0.275,2.687,2.504,non-ergonomis
2026-06-02 16:31:56.127,2301455583,437127,1,0.84351,-0.08398,0.46582,-2.176,2.313,5.763,non-ergonomis
2026-06-02 16:31:56.127,2301455583,437127,2,0.74951,0.23608,1.0,-3.229,-0.191,4.595,non-ergonomis
2026-06-02 16:31:57.327,2301456783,437327,1,0.84399,-0.11353,0.46167,-3.656,-0.794,-1.015,non-ergonomis
2026-06-02 16:31:57.327,2301456783,437327,2,0.75146,0.21436,1.0127,-2.137,0.863,0.588,non-ergonomis
2026-06-02 16:31:57.527,2301456983,437527,1,0.83398,-0.10864,0.47168,-2.061,0.267,0.786,non-ergonomis
2026-06-02 16:31:57.527,2301456983,437527,2,0.75146,0.22559,0.99707,-0.595,0.947,1.26,non-ergonomis
2026-06-02 16:31:57.727,2301457183,437727,1,0.83594,-0.11304,0.47095,-3.298,1.252,-1.031,non-ergonomis
2026-06-02 16:31:57.727,2301457183,437727,2,0.74609,0.22876,1.00952,-2.16,0.679,-0.618,non-ergonomis
2026-06-02 16:31:57.927,2301457383,437927,1,0.84131,-0.10034,0.47437,-2.198,1.076,-3.023,non-ergonomis
2026-06-02 16:31:57.927,2301457383,437927,2,0.74585,0.22461,1.01196,-2.031,0.145,0.298,non-ergonomis
2026-06-02 16:31:57.127,2301456583,438127,1,0.83887,-0.10181,0.47681,-2.634,0.786,-1.405,non-ergonomis
2026-06-02 16:31:57.127,2301456583,438127,2,0.74756,0.23315,1.00342,-0.71,0.595,0.412,non-ergonomis
2026-06-02 16:31:58.327,2301457783,438327,1,0.83252,-0.09546,0.48242,-2.809,-0.573,-1.443,non-ergonomis
2026-06-02 16:31:58.327,2301457783,438327,2,0.74683,0.22339,1.00146,-2.641,0.122,1.489,non-ergonomis
2026-06-02 16:31:58.527,2301457983,438527,1,0.84497,-0.09521,0.46948,-0.878,-0.176,-0.557,non-ergonomis
2026-06-02 16:31:58.527,2301457983,438527,2,0.74976,0.22778,1.00146,0.038,1.481,2.198,non-ergonomis
2026-06-02 16:31:58.727,2301458183,438727,1,0.84937,-0.09595,0.47241,-2.298,-0.023,-0.435,non-ergonomis
2026-06-02 16:31:58.727,2301458183,438727,2,0.75024,0.22388,1.00269,-0.305,0.947,1.809,non-ergonomis
2026-06-02 16:31:58.927,2301458383,438927,1,0.84155,-0.104,0.46021,-0.374,0.206,0.42,non-ergonomis
2026-06-02 16:31:58.927,2301458383,438927,2,0.74585,0.2417,0.9978,1.275,2.282,2.45,non-ergonomis
2026-06-02 16:31:58.127,2301457583,439127,1,0.84033,-0.09619,0.47339,-4.176,1.092,-1.962,non-ergonomis
2026-06-02 16:31:58.127,2301457583,439127,2,0.75122,0.20996,0.99854,-1.061,-0.122,1.809,non-ergonomis
2026-06-02 16:31:59.327,2301458783,439327,1,0.84595,-0.0896,0.46753,-1.038,0.206,1.763,non-ergonomis
2026-06-02 16:31:59.327,2301458783,439327,2,0.75098,0.23315,0.99146,-1.336,0.466,1.275,non-ergonomis
2026-06-02 16:31:59.527,2301458983,439527,1,0.84497,-0.10254,0.47217,-3.038,0.366,-1.985,non-ergonomis
2026-06-02 16:31:59.527,2301458983,439527,2,0.76245,0.23145,1.00464,-0.855,0.275,1.634,non-ergonomis
2026-06-02 16:31:59.727,2301459183,439727,1,0.83496,-0.10449,0.47583,-1.954,-0.176,0.115,non-ergonomis
2026-06-02 16:31:59.727,2301459183,439727,2,0.75977,0.23096,0.99707,-1.397,0.557,0.412,non-ergonomis
2026-06-02 16:31:59.927,2301459383,439927,1,0.84033,-0.09961,0.47119,-2.046,-0.122,-0.565,non-ergonomis
2026-06-02 16:31:59.927,2301459383,439927,2,0.75684,0.23462,0.99731,-0.687,1.069,1.351,non-ergonomis
2026-06-02 16:31:59.127,2301458583,440127,1,0.84644,-0.11084,0.46973,-2.221,-0.489,-0.435,non-ergonomis
2026-06-02 16:31:59.127,2301458583,440127,2,0.75171,0.22925,1.00488,-0.756,0.298,1.718,non-ergonomis
2026-06-02 16:32:00.327,2301459783,440327,1,0.84863,-0.10229,0.46021,-1.641,-0.137,-0.008,non-ergonomis
2026-06-02 16:32:00.327,2301459783,440327,2,0.75879,0.22266,0.99365,-1.473,0.893,0.756,non-ergonomis
2026-06-02 16:32:00.527,2301459983,440527,1,0.84839,-0.09961,0.46899,-1.29,0.122,0.038,non-ergonomis
2026-06-02 16:32:00.527,2301459983,440527,2,0.75244,0.22241,1.00073,-1.344,1.832,2.099,non-ergonomis
2026-06-02 16:32:00.727,2301460183,440727,1,0.84619,-0.10327,0.46655,-1.176,0.29,0.87,non-ergonomis
2026-06-02 16:32:00.727,2301460183,440727,2,0.76001,0.2229,1.00586,-1.046,1.244,1.756,non-ergonomis
2026-06-02 16:32:00.927,2301460383,440927,1,0.85156,-0.09937,0.46313,-0.519,0.336,0.374,non-ergonomis
2026-06-02 16:32:00.927,2301460383,440927,2,0.75244,0.22046,1.0022,-1.282,1.206,1.725,non-ergonomis
2026-06-02 16:32:00.127,2301459583,441127,1,0.84229,-0.10254,0.46851,-1.84,0.618,0.061,non-ergonomis
2026-06-02 16:32:00.127,2301459583,441127,2,0.75,0.22046,0.99072,-0.824,0.863,1.74,non-ergonomis
2026-06-02 16:32:01.327,2301460783,441327,1,0.84058,-0.10815,0.47217,-2.092,0.641,0.107,non-ergonomis
2026-06-02 16:32:01.327,2301460783,441327,2,0.74927,0.22485,0.99512,-2.084,1.099,0.496,non-ergonomis
2026-06-02 16:32:01.527,2301460983,441527,1,0.84521,-0.09937,0.46216,-2.0,-0.092,0.466,non-ergonomis
2026-06-02 16:32:01.527,2301460983,441527,2,0.74634,0.22656,0.99683,-0.595,1.0,1.763,non-ergonomis
2026-06-02 16:32:01.727,2301461183,441727,1,0.84277,-0.10303,0.46826,-1.527,0.412,-0.504,non-ergonomis
2026-06-02 16:32:01.727,2301461183,441727,2,0.7522,0.22046,0.99634,-0.031,1.359,1.603,non-ergonomis
2026-06-02 16:32:01.993,2301461449,441992,1,0.84692,-0.09912,0.46582,-2.084,0.817,-0.008,non-ergonomis
2026-06-02 16:32:01.993,2301461449,441992,2,0.74878,0.21777,1.01318,-1.656,0.55,0.931,non-ergonomis
2026-06-02 16:32:01.192,2301460648,442192,1,0.85034,-0.10474,0.46973,-1.695,0.313,-0.267,non-ergonomis
2026-06-02 16:32:01.192,2301460648,442192,2,0.74878,0.2146,1.01099,-1.595,0.748,0.679,non-ergonomis
2026-06-02 16:32:02.392,2301461848,442392,1,0.84497,-0.104,0.46729,-1.855,-0.099,0.336,non-ergonomis
2026-06-02 16:32:02.392,2301461848,442392,2,0.75024,0.21094,0.99121,-1.084,0.481,1.84,non-ergonomis
2026-06-02 16:32:02.592,2301462048,442592,1,0.85181,-0.104,0.46558,-1.756,-0.16,0.145,non-ergonomis
2026-06-02 16:32:02.592,2301462048,442592,2,0.75146,0.22046,1.00366,-0.565,1.198,1.992,non-ergonomis
2026-06-02 16:32:02.792,2301462248,442792,1,0.8457,-0.10864,0.4624,-1.634,0.924,-0.122,non-ergonomis
2026-06-02 16:32:02.792,2301462248,442792,2,0.75757,0.22046,0.99951,-0.366,0.504,1.763,non-ergonomis
2026-06-02 16:32:02.992,2301462448,442992,1,0.84375,-0.10278,0.47144,-1.55,0.115,-0.427,non-ergonomis
2026-06-02 16:32:02.992,2301462448,442992,2,0.75146,0.21582,0.99927,-0.588,0.763,1.519,non-ergonomis
2026-06-02 16:32:02.192,2301461648,443192,1,0.84937,-0.10034,0.46655,-1.542,0.351,-0.282,non-ergonomis
2026-06-02 16:32:02.192,2301461648,443192,2,0.75537,0.21899,1.0061,-2.168,0.809,1.107,non-ergonomis
2026-06-02 16:32:03.392,2301462848,443392,1,0.85205,-0.104,0.46631,-1.71,-0.221,0.061,non-ergonomis
2026-06-02 16:32:03.392,2301462848,443392,2,0.75464,0.22119,1.00415,-0.252,0.779,1.031,non-ergonomis
2026-06-02 16:32:03.592,2301463048,443592,1,0.84326,-0.09448,0.48608,-3.26,-0.916,0.267,non-ergonomis
2026-06-02 16:32:03.592,2301463048,443592,2,0.75,0.2168,0.99561,-0.87,-0.794,2.29,non-ergonomis
2026-06-02 16:32:03.792,2301463248,443792,1,0.84399,-0.09839,0.4563,-0.55,1.344,-0.305,non-ergonomis
2026-06-02 16:32:03.792,2301463248,443792,2,0.7478,0.22656,0.99219,-1.542,1.534,0.542,non-ergonomis
2026-06-02 16:32:03.992,2301463448,443992,1,0.84937,-0.10596,0.45947,-3.901,0.794,0.137,non-ergonomis
2026-06-02 16:32:03.992,2301463448,443992,2,0.7644,0.22583,0.99561,1.725,1.313,2.71,non-ergonomis
2026-06-02 16:32:03.192,2301462648,444192,1,0.85059,-0.11084,0.46899,-1.466,0.26,-0.733,non-ergonomis
2026-06-02 16:32:03.192,2301462648,444192,2,0.75146,0.21533,1.0083,-1.527,0.542,0.603,non-ergonomis
2026-06-02 16:32:04.392,2301463848,444392,1,0.84058,-0.09741,0.47241,-2.382,1.092,0.282,non-ergonomis
2026-06-02 16:32:04.392,2301463848,444392,2,0.75488,0.2207,1.00024,-0.366,0.634,1.656,non-ergonomis
2026-06-02 16:32:04.592,2301464048,444592,1,0.84595,-0.10693,0.47046,-1.977,0.725,-0.634,non-ergonomis
2026-06-02 16:32:04.592,2301464048,444592,2,0.75122,0.21875,1.00635,-1.45,0.626,0.832,non-ergonomis
2026-06-02 16:32:04.792,2301464248,444792,1,0.84741,-0.10083,0.47119,-1.282,0.351,-0.023,non-ergonomis
2026-06-02 16:32:04.792,2301464248,444792,2,0.75269,0.22266,0.99683,-0.519,1.023,1.763,non-ergonomis
2026-06-02 16:32:04.992,2301464448,444992,1,0.8457,-0.10132,0.46655,-1.985,0.389,-0.145,non-ergonomis
2026-06-02 16:32:04.992,2301464448,444992,2,0.75391,0.2229,1.00024,-0.992,1.183,1.672,non-ergonomis
2026-06-02 16:32:04.192,2301463648,445192,1,0.83862,-0.09888,0.47363,-1.496,0.023,0.595,non-ergonomis
2026-06-02 16:32:04.192,2301463648,445192,2,0.75146,0.22046,1.00586,-0.901,1.107,2.344,non-ergonomis
2026-06-02 16:32:05.392,2301464848,445392,1,0.84839,-0.10327,0.45923,-1.16,-0.26,-0.145,non-ergonomis
2026-06-02 16:32:05.392,2301464848,445392,2,0.75391,0.21143,0.99487,-1.389,0.901,1.374,non-ergonomis
2026-06-02 16:32:05.592,2301465048,445592,1,0.84424,-0.1084,0.46606,-1.198,-0.382,0.115,non-ergonomis
2026-06-02 16:32:05.592,2301465048,445592,2,0.75244,0.21973,0.99561,-1.397,0.702,1.206,non-ergonomis
2026-06-02 16:32:05.792,2301465248,445792,1,0.85034,-0.10645,0.46997,-1.771,0.229,0.389,non-ergonomis
2026-06-02 16:32:05.792,2301465248,445792,2,0.75269,0.21851,0.9978,-0.305,1.153,1.992,non-ergonomis
2026-06-02 16:32:05.992,2301465448,445992,1,0.84668,-0.10596,0.46704,-1.511,0.885,-0.344,non-ergonomis
2026-06-02 16:32:05.992,2301465448,445992,2,0.75098,0.21899,1.01196,-0.489,1.282,1.214,non-ergonomis
2026-06-02 16:32:05.192,2301464648,446192,1,0.84668,-0.09985,0.46826,-1.733,0.466,-0.168,non-ergonomis
2026-06-02 16:32:05.192,2301464648,446192,2,0.74805,0.22046,1.01904,-1.298,0.794,1.069,non-ergonomis
2026-06-02 16:32:06.392,2301465848,446392,1,0.84595,-0.10181,0.46313,-1.885,0.588,-0.069,non-ergonomis
2026-06-02 16:32:06.392,2301465848,446392,2,0.75488,0.22144,0.99072,-0.641,0.847,1.389,non-ergonomis
2026-06-02 16:32:06.592,2301466048,446592,1,0.84375,-0.1062,0.46558,-1.664,0.588,-0.275,non-ergonomis
2026-06-02 16:32:06.592,2301466048,446592,2,0.74927,0.21558,0.99731,-0.87,0.947,1.389,non-ergonomis
2026-06-02 16:32:06.792,2301466248,446792,1,0.8479,-0.10474,0.46802,-1.817,0.656,0.084,non-ergonomis
2026-06-02 16:32:06.792,2301466248,446792,2,0.75415,0.22192,1.00488,-1.153,1.076,1.206,non-ergonomis
2026-06-02 16:32:06.992,2301466448,446992,1,0.84644,-0.09985,0.46729,-1.031,-0.092,0.275,non-ergonomis
2026-06-02 16:32:06.992,2301466448,446992,2,0.75342,0.22021,1.01318,-1.466,1.282,1.344,non-ergonomis
2026-06-02 16:32:06.192,2301465648,447192,1,0.84131,-0.10278,0.45728,-1.855,0.099,0.221,non-ergonomis
2026-06-02 16:32:06.192,2301465648,447192,2,0.75488,0.21948,0.99561,-0.84,1.214,1.832,non-ergonomis
2026-06-02 16:32:07.392,2301466848,447392,1,0.85156,-0.10986,0.46387,-1.42,0.107,0.534,non-ergonomis
2026-06-02 16:32:07.392,2301466848,447392,2,0.75098,0.21167,1.00024,-1.29,1.214,2.008,non-ergonomis
2026-06-02 16:32:07.592,2301467048,447592,1,0.85107,-0.10596,0.45898,-1.695,0.305,0.511,non-ergonomis
2026-06-02 16:32:07.592,2301467048,447592,2,0.74829,0.22217,0.99805,-0.405,1.718,1.382,non-ergonomis
2026-06-02 16:32:07.792,2301467248,447792,1,0.84863,-0.11011,0.45752,-1.947,0.344,-0.015,non-ergonomis
2026-06-02 16:32:07.792,2301467248,447792,2,0.74976,0.21411,0.9939,-1.046,0.687,1.076,non-ergonomis
2026-06-02 16:32:07.992,2301467448,447992,1,0.84766,-0.10327,0.46411,-2.298,0.496,-0.145,non-ergonomis
2026-06-02 16:32:07.992,2301467448,447992,2,0.75464,0.21387,1.00391,-1.344,0.542,1.084,non-ergonomis
2026-06-02 16:32:07.192,2301466648,448192,1,0.84814,-0.10913,0.46338,-2.0,0.26,-0.206,non-ergonomis
2026-06-02 16:32:07.192,2301466648,448192,2,0.75098,0.21899,1.00586,-0.885,0.817,1.168,non-ergonomis
2026-06-02 16:32:08.392,2301467848,448392,1,0.85107,-0.10498,0.46875,-1.359,0.443,-0.511,non-ergonomis
2026-06-02 16:32:08.392,2301467848,448392,2,0.75439,0.22046,1.00928,-0.878,0.855,1.137,non-ergonomis
2026-06-02 16:32:08.592,2301468048,448592,1,0.83765,-0.10132,0.46069,-1.557,0.191,-0.168,non-ergonomis
2026-06-02 16:32:08.592,2301468048,448592,2,0.75049,0.21973,1.00562,-1.053,0.863,1.55,non-ergonomis
2026-06-02 16:32:08.792,2301468248,448792,1,0.84595,-0.11035,0.45337,-1.901,0.618,0.168,non-ergonomis
2026-06-02 16:32:08.792,2301468248,448792,2,0.74829,0.2168,1.00317,-0.466,0.84,1.382,non-ergonomis
2026-06-02 16:32:08.992,2301468448,448992,1,0.84399,-0.10718,0.45483,-2.046,0.656,0.084,non-ergonomis
2026-06-02 16:32:08.992,2301468448,448992,2,0.75098,0.2124,1.0022,-0.71,1.16,1.534,non-ergonomis
2026-06-02 16:32:08.192,2301467648,449192,1,0.84668,-0.11475,0.46509,-1.954,0.573,0.382,non-ergonomis
2026-06-02 16:32:08.192,2301467648,449192,2,0.76123,0.20874,1.00879,-0.748,0.809,1.718,non-ergonomis
2026-06-02 16:32:09.392,2301468848,449392,1,0.84058,-0.1106,0.46631,-1.641,0.42,-0.183,non-ergonomis
2026-06-02 16:32:09.392,2301468848,449392,2,0.75488,0.22192,1.00269,-0.809,0.779,1.0,non-ergonomis
2026-06-02 16:32:09.592,2301469048,449592,1,0.83936,-0.10571,0.46875,-1.664,0.634,-0.137,non-ergonomis
2026-06-02 16:32:09.592,2301469048,449592,2,0.74756,0.20776,1.00757,-0.542,0.771,1.55,non-ergonomis
2026-06-02 16:32:09.792,2301469248,449792,1,0.84912,-0.11279,0.46753,-1.786,0.603,-0.214,non-ergonomis
2026-06-02 16:32:09.792,2301469248,449792,2,0.75537,0.21338,1.00269,-0.885,1.313,1.229,non-ergonomis
2026-06-02 16:32:09.992,2301469448,449992,1,0.84839,-0.1145,0.46777,-1.84,,-0.252,non-ergonomis
2026-06-02 16:32:09.992,2301469448,449992,2,0.74512,0.21973,0.99854,-1.252,0.763,1.053,non-ergonomis
2026-06-02 16:32:09.192,2301468648,450192,1,0.84521,-0.10815,0.47461,-1.725,-0.427,-0.023,non-ergonomis
2026-06-02 16:32:09.192,2301468648,450192,2,0.75439,0.21289,1.00513,-1.481,0.74,1.16,non-ergonomis
2026-06-02 16:32:10.392,2301469848,450392,1,0.84766,-0.1106,0.46582,-1.351,0.344,-0.237,non-ergonomis
2026-06-02 16:32:10.392,2301469848,450392,2,0.75537,0.2124,1.00073,-1.26,0.786,1.305,non-ergonomis
2026-06-02 16:32:10.592,2301470048,450592,1,0.85059,-0.10522,0.47217,-1.939,0.267,0.298,non-ergonomis
2026-06-02 16:32:10.592,2301470048,450592,2,0.75439,0.21582,1.00562,-1.015,0.954,1.527,non-ergonomis
2026-06-02 16:32:10.792,2301470248,450792,1,0.84961,-0.11279,0.45972,-1.878,0.87,-0.29,non-ergonomis
2026-06-02 16:32:10.792,2301470248,450792,2,0.75586,0.21582,1.01074,-1.038,0.595,0.87,non-ergonomis
2026-06-02 16:32:10.992,2301470448,450992,1,0.83276,-0.11182,0.46484,-2.221,0.443,0.107,non-ergonomis
2026-06-02 16:32:10.992,2301470448,450992,2,0.75146,0.22144,1.00854,-1.397,0.42,1.229,non-ergonomis
2026-06-02 16:32:10.192,2301469648,451192,1,0.84546,-0.12158,0.45728,-1.908,0.534,-0.511,non-ergonomis
2026-06-02 16:32:10.192,2301469648,451192,2,0.74854,0.21997,1.00317,-0.855,0.534,1.046,non-ergonomis
2026-06-02 16:32:11.392,2301470848,451392,1,0.84912,-0.11475,0.45825,-2.069,0.634,-0.26,non-ergonomis
2026-06-02 16:32:11.392,2301470848,451392,2,0.75146,0.21729,1.00708,-0.58,0.962,1.435,non-ergonomis
2026-06-02 16:32:11.592,2301471048,451592,1,0.84546,-0.11133,0.4668,-3.466,-0.42,0.321,non-ergonomis
2026-06-02 16:32:11.592,2301471048,451592,2,0.75366,0.21753,0.99976,-1.229,0.733,1.115,non-ergonomis
2026-06-02 16:32:11.792,2301471248,451792,1,0.84741,-0.12817,0.45825,-3.0,-1.046,0.298,non-ergonomis
2026-06-02 16:32:11.792,2301471248,451792,2,0.7561,0.21582,1.00073,-1.0,0.863,1.863,non-ergonomis
2026-06-02 16:32:11.992,2301471448,451992,1,0.8479,-0.11743,0.45972,0.55,-0.275,-0.16,non-ergonomis
2026-06-02 16:32:11.992,2301471448,451992,2,0.75366,0.21753,0.99585,-2.511,0.252,-0.046,non-ergonomis
2026-06-02 16:32:11.192,2301470648,452192,1,0.84888,-0.11255,0.45923,-0.748,-1.023,-0.359,non-ergonomis
2026-06-02 16:32:11.192,2301470648,452192,2,0.76587,0.21094,0.99585,0.702,1.916,3.168,non-ergonomis
2026-06-02 16:32:12.392,2301471848,452392,1,0.85547,-0.11841,0.45898,-2.214,0.198,1.031,non-ergonomis
2026-06-02 16:32:12.392,2301471848,452392,2,0.75977,0.20093,0.99194,-0.679,1.611,1.947,non-ergonomis
2026-06-02 16:32:12.592,2301472048,452592,1,0.85498,-0.12695,0.46826,-3.809,-0.046,0.191,non-ergonomis
2026-06-02 16:32:12.592,2301472048,452592,2,0.74268,0.20093,0.9939,0.336,0.924,2.16,non-ergonomis
2026-06-02 16:32:12.792,2301472248,452792,1,0.84961,-0.12451,0.45923,-2.878,-0.069,-0.282,non-ergonomis
2026-06-02 16:32:12.792,2301472248,452792,2,0.7522,0.20459,1.00708,-1.046,-0.107,0.344,non-ergonomis
2026-06-02 16:32:12.992,2301472448,452992,1,0.85693,-0.12134,0.4519,-3.16,-0.336,-0.641,non-ergonomis
2026-06-02 16:32:12.992,2301472448,452992,2,0.76001,0.20898,0.99463,0.069,1.023,1.573,non-ergonomis
2026-06-02 16:32:12.192,2301471648,453192,1,0.85205,-0.11987,0.44531,-2.855,-1.618,-1.42,non-ergonomis
2026-06-02 16:32:12.192,2301471648,453192,2,0.74927,0.20337,1.00928,-1.191,0.679,2.29,non-ergonomis
2026-06-02 16:32:13.413,2301472869,453412,1,0.86255,-0.125,0.44336,-0.985,-0.519,0.328,non-ergonomis
2026-06-02 16:32:13.413,2301472869,453412,2,0.76416,0.21338,1.0022,-1.29,0.588,1.702,non-ergonomis
2026-06-02 16:32:13.612,2301473068,453612,1,0.86694,-0.11743,0.4397,-0.794,-0.611,-0.473,non-ergonomis
2026-06-02 16:32:13.612,2301473068,453612,2,0.76147,0.21118,0.9939,0.809,2.382,3.802,non-ergonomis
2026-06-02 16:32:13.812,2301473268,453812,1,0.86938,-0.12109,0.43994,-1.55,-0.031,0.931,non-ergonomis
2026-06-02 16:32:13.812,2301473268,453812,2,0.75977,0.20996,1.00415,-2.252,0.473,0.878,non-ergonomis
2026-06-02 16:32:13.012,2301472468,454012,1,0.86133,-0.1272,0.44922,-2.183,2.16,-0.023,non-ergonomis
2026-06-02 16:32:13.012,2301472468,454012,2,0.7644,0.2063,0.99585,-0.473,0.405,2.076,non-ergonomis
2026-06-02 16:32:14.212,2301473668,454212,1,0.86816,-0.13086,0.43335,-1.481,0.878,-0.153,non-ergonomis
2026-06-02 16:32:14.212,2301473668,454212,2,0.75708,0.20215,0.99365,-3.153,-0.763,0.664,non-ergonomis
2026-06-02 16:32:14.412,2301473868,454412,1,0.85693,-0.11426,0.4458,-1.809,0.557,0.374,non-ergonomis
2026-06-02 16:32:14.412,2301473868,454412,2,0.75806,0.20483,0.9939,0.74,1.336,2.344,non-ergonomis
2026-06-02 16:32:14.612,2301474068,454612,1,0.86597,-0.13354,0.45508,-1.954,-0.328,-0.725,non-ergonomis
2026-06-02 16:32:14.612,2301474068,454612,2,0.76196,0.20068,0.99878,-1.71,-0.733,0.931,non-ergonomis
2026-06-02 16:32:14.812,2301474268,454812,1,0.84546,-0.09326,0.45239,-1.008,1.687,-0.893,non-ergonomis
2026-06-02 16:32:14.812,2301474268,454812,2,0.76587,0.20825,1.0083,-1.557,0.939,-0.458,non-ergonomis
2026-06-02 16:32:14.012,2301473468,455012,1,0.85083,-0.11011,0.44336,-1.366,-0.092,-1.389,non-ergonomis
2026-06-02 16:32:14.012,2301473468,455012,2,0.7666,0.20532,0.99561,-1.489,0.214,0.427,non-ergonomis
2026-06-02 16:32:15.212,2301474668,455212,1,0.84253,-0.1167,0.46582,-5.344,-1.145,-2.55,non-ergonomis
2026-06-02 16:32:15.212,2301474668,455212,2,0.76489,0.21362,1.00073,-2.863,-0.275,0.985,non-ergonomis
2026-06-02 16:32:15.412,2301474868,455412,1,0.8689,-0.11255,0.44678,-3.076,0.084,2.237,non-ergonomis
2026-06-02 16:32:15.412,2301474868,455412,2,0.76465,0.21094,0.98462,-1.557,1.634,2.038,non-ergonomis
2026-06-02 16:32:15.612,2301475068,455612,1,0.90039,-0.07544,0.38647,-5.137,1.595,5.84,non-ergonomis
2026-06-02 16:32:15.612,2301475068,455612,2,0.75415,0.19922,0.99194,-8.321,0.115,-0.573,non-ergonomis
2026-06-02 16:32:15.812,2301475268,455812,1,0.8584,-0.12964,0.40771,-2.733,-4.649,-0.87,non-ergonomis
2026-06-02 16:32:15.812,2301475268,455812,2,0.76831,0.21118,0.99561,1.435,1.832,3.847,non-ergonomis
2026-06-02 16:32:15.012,2301474468,456012,1,0.87305,-0.15088,0.44409,-0.733,1.351,0.939,non-ergonomis
2026-06-02 16:32:15.012,2301474468,456012,2,0.77173,0.20459,0.98315,2.13,2.641,3.405,non-ergonomis
2026-06-02 16:32:16.212,2301475668,456212,1,0.85278,-0.13965,0.43115,-1.122,1.496,-0.832,non-ergonomis
2026-06-02 16:32:16.212,2301475668,456212,2,0.74609,0.20459,0.99854,-0.771,1.435,1.298,non-ergonomis
2026-06-02 16:32:16.412,2301475868,456412,1,0.85596,-0.13916,0.45166,-1.443,1.107,-0.542,non-ergonomis
2026-06-02 16:32:16.412,2301475868,456412,2,0.76392,0.20972,0.98291,-0.58,1.382,1.962,non-ergonomis
2026-06-02 16:32:16.612,2301476068,456612,1,0.85718,-0.14087,0.43579,-1.198,0.649,-0.733,non-ergonomis
2026-06-02 16:32:16.612,2301476068,456612,2,0.75854,0.20703,0.99756,0.053,1.168,1.076,non-ergonomis
2026-06-02 16:32:16.812,2301476268,456812,1,0.85645,-0.13257,0.44922,-1.328,0.542,0.031,non-ergonomis
2026-06-02 16:32:16.812,2301476268,456812,2,0.7644,0.2019,0.99048,-1.374,1.008,1.359,non-ergonomis
2026-06-02 16:32:16.012,2301475468,457012,1,0.86133,-0.13477,0.44922,-1.282,0.26,-0.076,non-ergonomis
2026-06-02 16:32:16.012,2301475468,457012,2,0.76245,0.21143,0.99609,-0.718,1.16,2.237,non-ergonomis
2026-06-02 16:32:17.212,2301476668,457212,1,0.86572,-0.12842,0.4397,-1.771,-0.084,0.267,non-ergonomis
2026-06-02 16:32:17.212,2301476668,457212,2,0.76538,0.20532,0.99634,0.115,1.901,2.885,non-ergonomis
2026-06-02 16:32:17.412,2301476868,457412,1,0.85742,-0.13159,0.45215,-0.908,0.206,-0.382,non-ergonomis
2026-06-02 16:32:17.412,2301476868,457412,2,0.76318,0.20459,1.00488,-1.366,1.023,1.626,non-ergonomis
2026-06-02 16:32:17.612,2301477068,457612,1,0.86646,-0.13672,0.44409,-1.092,-0.008,0.221,non-ergonomis
2026-06-02 16:32:17.612,2301477068,457612,2,0.76416,0.19922,0.98096,-1.099,0.901,1.45,non-ergonomis
2026-06-02 16:32:17.812,2301477268,457812,1,0.85913,-0.12964,0.44263,-1.634,-0.229,0.244,non-ergonomis
2026-06-02 16:32:17.812,2301477268,457812,2,0.76563,0.19897,0.98828,-0.672,0.702,1.718,non-ergonomis
2026-06-02 16:32:17.012,2301476468,458012,1,0.8584,-0.12695,0.43652,-1.084,0.42,0.237,non-ergonomis
2026-06-02 16:32:17.012,2301476468,458012,2,0.76123,0.21021,0.99707,-0.496,1.298,1.87,non-ergonomis
2026-06-02 16:32:18.212,2301477668,458212,1,0.85596,-0.13306,0.4314,-1.786,0.748,0.321,non-ergonomis
2026-06-02 16:32:18.212,2301477668,458212,2,0.7561,0.20728,1.00439,-0.076,1.412,2.092,non-ergonomis
2026-06-02 16:32:18.412,2301477868,458412,1,0.85742,-0.14209,0.44385,-1.344,0.55,-0.115,non-ergonomis
2026-06-02 16:32:18.412,2301477868,458412,2,0.75977,0.20752,0.99609,-0.405,1.458,1.198,non-ergonomis
2026-06-02 16:32:18.612,2301478068,458612,1,0.85474,-0.13232,0.44775,-2.107,0.443,-0.397,non-ergonomis
2026-06-02 16:32:18.612,2301478068,458612,2,0.76099,0.20386,1.00635,-0.679,1.107,1.473,non-ergonomis
2026-06-02 16:32:18.888,2301478344,458887,1,0.86328,-0.125,0.43604,-1.45,0.489,-0.321,non-ergonomis
2026-06-02 16:32:18.888,2301478344,458887,2,0.75854,0.20142,0.9939,-0.977,0.893,1.321,non-ergonomis
2026-06-02 16:32:18.087,2301477543,459087,1,0.85962,-0.12915,0.44604,-1.565,-0.008,-0.122,non-ergonomis
2026-06-02 16:32:18.087,2301477543,459087,2,0.75977,0.21045,0.99365,-1.206,0.817,1.267,non-ergonomis
2026-06-02 16:32:19.287,2301478743,459287,1,0.85669,-0.1311,0.44873,-1.244,0.344,-0.359,non-ergonomis
2026-06-02 16:32:19.287,2301478743,459287,2,0.76196,0.2124,1.00684,-1.031,1.0,1.374,non-ergonomis
2026-06-02 16:32:19.487,2301478943,459487,1,0.85498,-0.13428,0.43481,-2.122,0.321,0.282,non-ergonomis
2026-06-02 16:32:19.487,2301478943,459487,2,0.75928,0.20752,0.99561,-1.015,0.786,1.397,non-ergonomis
2026-06-02 16:32:19.687,2301479143,459687,1,0.86206,-0.1272,0.43872,-2.176,-0.29,0.74,non-ergonomis
2026-06-02 16:32:19.687,2301479143,459687,2,0.76514,0.20654,0.99805,-0.626,1.489,2.496,non-ergonomis
2026-06-02 16:32:19.887,2301479343,459887,1,0.86646,-0.13501,0.44043,-1.687,0.313,-0.275,non-ergonomis
2026-06-02 16:32:19.887,2301479343,459887,2,0.7561,0.2063,0.9895,-1.427,1.191,1.42,non-ergonomis
2026-06-02 16:32:19.087,2301478543,460087,1,0.85669,-0.14453,0.42969,-4.55,-0.015,0.122,non-ergonomis
2026-06-02 16:32:19.087,2301478543,460087,2,0.75684,0.19678,1.00317,-2.145,0.137,0.679,non-ergonomis
2026-06-02 16:32:20.329,2301479785,460329,1,0.85254,-0.13574,0.44165,-2.389,0.443,-0.038,non-ergonomis
2026-06-02 16:32:20.329,2301479785,460329,2,0.76245,0.20386,0.99487,-0.573,0.802,0.748,non-ergonomis
2026-06-02 16:32:20.529,2301479985,460529,1,0.86108,-0.13062,0.43457,-1.16,0.87,-1.076,non-ergonomis
2026-06-02 16:32:20.529,2301479985,460529,2,0.76001,0.20557,1.00366,-0.87,1.046,1.557,non-ergonomis
2026-06-02 16:32:20.743,2301480199,460743,1,0.85645,-0.13794,0.44409,-1.008,0.74,0.183,non-ergonomis
2026-06-02 16:32:20.743,2301480199,460743,2,0.7605,0.20532,1.00122,-0.031,1.29,1.725,non-ergonomis
2026-06-02 16:32:20.943,2301480399,460943,1,0.8562,-0.13428,0.43701,-1.641,0.908,0.168,non-ergonomis
2026-06-02 16:32:20.943,2301480399,460943,2,0.75537,0.19995,0.99414,-1.145,1.0,1.397,non-ergonomis
2026-06-02 16:32:20.143,2301479599,461143,1,0.85669,-0.13647,0.44531,-1.664,0.527,0.328,non-ergonomis
2026-06-02 16:32:20.143,2301479599,461143,2,0.75879,0.19849,0.99976,-0.153,1.336,2.115,non-ergonomis
2026-06-02 16:32:21.343,2301480799,461343,1,0.85913,-0.13281,0.44507,-1.87,0.168,0.107,non-ergonomis
2026-06-02 16:32:21.343,2301480799,461343,2,0.76001,0.20532,0.99341,-0.817,1.176,1.695,non-ergonomis
2026-06-02 16:32:21.543,2301480999,461543,1,0.85449,-0.13818,0.44922,-2.26,0.397,-0.099,non-ergonomis
2026-06-02 16:32:21.543,2301480999,461543,2,0.76147,0.20093,0.99146,-0.42,1.443,1.618,non-ergonomis
2026-06-02 16:32:21.743,2301481199,461743,1,0.85815,-0.13403,0.44531,-1.786,0.443,-0.237,non-ergonomis
2026-06-02 16:32:21.743,2301481199,461743,2,0.76367,0.20581,0.99951,-1.176,1.244,0.733,non-ergonomis
2026-06-02 16:32:21.943,2301481399,461943,1,0.8584,-0.12964,0.44214,-1.618,0.481,-0.344,non-ergonomis
2026-06-02 16:32:21.943,2301481399,461943,2,0.75537,0.20093,0.99121,-1.237,0.542,1.023,non-ergonomis
2026-06-02 16:32:21.143,2301480599,462143,1,0.85327,-0.1311,0.44482,-1.099,-0.26,-0.015,non-ergonomis
2026-06-02 16:32:21.143,2301480599,462143,2,0.7605,0.20288,1.0,-1.336,0.626,1.473,non-ergonomis
2026-06-02 16:32:22.367,2301481823,462367,1,0.85938,-0.12988,0.44458,-1.008,0.176,-0.023,non-ergonomis
2026-06-02 16:32:22.367,2301481823,462367,2,0.75952,0.20483,1.00513,-0.115,1.718,2.321,non-ergonomis
2026-06-02 16:32:22.567,2301482023,462567,1,0.86353,-0.1333,0.45044,-1.244,0.16,0.252,non-ergonomis
2026-06-02 16:32:22.567,2301482023,462567,2,0.75635,0.20142,0.99683,-1.466,1.435,1.153,non-ergonomis
2026-06-02 16:32:22.802,2301482258,462802,1,0.86133,-0.1377,0.44507,-1.656,0.458,0.168,non-ergonomis
2026-06-02 16:32:22.802,2301482258,462802,2,0.75488,0.20703,1.00073,-1.015,0.824,1.13,non-ergonomis
2026-06-02 16:32:22.026,2301481482,463026,1,0.85864,-0.14355,0.43359,-1.824,0.573,-0.015,non-ergonomis
2026-06-02 16:32:22.026,2301481482,463026,2,0.7627,0.20215,0.99268,-0.817,0.832,1.534,non-ergonomis
2026-06-02 16:32:23.243,2301482699,463243,1,0.86255,-0.13477,0.44141,-1.878,0.763,-0.076,non-ergonomis
2026-06-02 16:32:23.243,2301482699,463243,2,0.75928,0.20972,1.00464,-0.916,0.824,0.893,non-ergonomis
2026-06-02 16:32:23.447,2301482903,463447,1,0.85571,-0.12915,0.44434,-1.962,0.679,-0.084,non-ergonomis
2026-06-02 16:32:23.447,2301482903,463447,2,0.75439,0.20361,0.99243,-0.351,1.015,1.817,non-ergonomis
2026-06-02 16:32:23.647,2301483103,463647,1,0.85522,-0.1272,0.43872,-0.992,0.672,-0.931,non-ergonomis
2026-06-02 16:32:23.647,2301483103,463647,2,0.76416,0.19873,1.00879,-0.252,0.046,1.053,non-ergonomis
2026-06-02 16:32:23.847,2301483303,463847,1,0.86011,-0.11938,0.45288,-2.053,-0.084,0.489,non-ergonomis
2026-06-02 16:32:23.847,2301483303,463847,2,0.7627,0.21143,1.00146,-0.534,0.893,2.168,non-ergonomis
2026-06-02 16:32:23.047,2301482503,464047,1,0.85864,-0.13428,0.44849,-2.0,0.122,0.55,non-ergonomis
2026-06-02 16:32:23.047,2301482503,464047,2,0.75903,0.20508,1.0022,-1.443,0.954,1.496,non-ergonomis
2026-06-02 16:32:24.247,2301483703,464247,1,0.85742,-0.12524,0.4353,-1.901,-0.061,0.672,non-ergonomis
2026-06-02 16:32:24.247,2301483703,464247,2,0.75684,0.20117,0.99243,-1.26,1.519,1.443,non-ergonomis
2026-06-02 16:32:24.447,2301483903,464447,1,0.85327,-0.12622,0.45239,-1.786,0.183,0.382,non-ergonomis
2026-06-02 16:32:24.447,2301483903,464447,2,0.76099,0.19727,1.00073,-1.443,0.595,0.885,non-ergonomis
2026-06-02 16:32:24.688,2301484144,464688,1,0.85376,-0.12573,0.44434,-1.565,-0.389,0.069,non-ergonomis
2026-06-02 16:32:24.688,2301484144,464688,2,0.75415,0.2041,0.99756,0.183,1.916,3.244,non-ergonomis
2026-06-02 16:32:24.888,2301484344,464888,1,0.8623,-0.13159,0.43872,-0.985,0.672,-0.504,non-ergonomis
2026-06-02 16:32:24.888,2301484344,464888,2,0.75732,0.19312,1.00244,-1.198,1.099,0.71,non-ergonomis
2026-06-02 16:32:24.088,2301483544,465088,1,0.8645,-0.13281,0.44971,-1.824,1.321,-0.252,non-ergonomis
2026-06-02 16:32:24.088,2301483544,465088,2,0.75781,0.19897,0.99854,-0.832,0.931,0.802,non-ergonomis
2026-06-02 16:32:25.288,2301484744,465288,1,0.85376,-0.13452,0.44336,-2.168,0.519,-0.282,non-ergonomis
2026-06-02 16:32:25.288,2301484744,465288,2,0.75537,0.20239,0.99292,-0.573,0.863,1.191,non-ergonomis
2026-06-02 16:32:25.488,2301484944,465488,1,0.86401,-0.12866,0.43604,-1.641,0.305,-0.16,non-ergonomis
2026-06-02 16:32:25.488,2301484944,465488,2,0.75977,0.20654,1.00513,-0.458,1.023,1.893,non-ergonomis
2026-06-02 16:32:25.688,2301485144,465688,1,0.8584,-0.12964,0.45044,-1.641,0.55,0.122,non-ergonomis
2026-06-02 16:32:25.688,2301485144,465688,2,0.75854,0.20093,1.0,-0.282,1.122,2.046,non-ergonomis
2026-06-02 16:32:25.888,2301485344,465888,1,0.86035,-0.13647,0.44702,-1.641,0.573,0.183,non-ergonomis
2026-06-02 16:32:25.888,2301485344,465888,2,0.75879,0.20459,0.99829,-1.092,0.748,1.489,non-ergonomis
2026-06-02 16:32:25.088,2301484544,466088,1,0.86206,-0.13281,0.44727,-1.878,-0.008,0.305,non-ergonomis
2026-06-02 16:32:25.088,2301484544,466088,2,0.75806,0.2063,0.99512,-0.908,0.725,1.542,non-ergonomis
2026-06-02 16:32:26.288,2301485744,466288,1,0.86011,-0.12915,0.44189,-2.099,0.366,-0.237,non-ergonomis
2026-06-02 16:32:26.288,2301485744,466288,2,0.75635,0.198,1.00244,-0.847,1.137,1.55,non-ergonomis
2026-06-02 16:32:26.488,2301485944,466488,1,0.85791,-0.13574,0.44263,-1.672,0.794,0.229,non-ergonomis
2026-06-02 16:32:26.488,2301485944,466488,2,0.7561,0.20532,1.00977,-1.649,0.695,0.748,non-ergonomis
2026-06-02 16:32:26.688,2301486144,466688,1,0.8584,-0.12866,0.44507,-0.748,0.031,-0.344,non-ergonomis
2026-06-02 16:32:26.688,2301486144,466688,2,0.76074,0.2063,1.00244,-1.26,0.985,1.244,non-ergonomis
2026-06-02 16:32:26.888,2301486344,466888,1,0.85742,-0.12939,0.44629,-0.458,0.061,-0.672,non-ergonomis
2026-06-02 16:32:26.888,2301486344,466888,2,0.76392,0.20654,1.00073,-0.74,0.702,1.863,non-ergonomis
2026-06-02 16:32:26.088,2301485544,467088,1,0.86401,-0.12622,0.44604,2.092,-0.13,0.779,non-ergonomis
2026-06-02 16:32:26.088,2301485544,467088,2,0.75049,0.2063,0.99976,-0.176,0.756,2.282,non-ergonomis
2026-06-02 16:32:27.288,2301486744,467288,1,0.85864,-0.13062,0.43896,-1.939,-0.802,-0.779,non-ergonomis
2026-06-02 16:32:27.288,2301486744,467288,2,0.75806,0.19409,0.99854,-1.947,0.382,1.466,non-ergonomis
2026-06-02 16:32:27.488,2301486944,467488,1,0.86475,-0.12354,0.44043,-0.702,-1.137,0.229,non-ergonomis
2026-06-02 16:32:27.488,2301486944,467488,2,0.77124,0.21484,0.98364,-0.74,1.435,1.061,non-ergonomis
2026-06-02 16:32:27.688,2301487144,467688,1,0.85962,-0.12036,0.45093,-1.573,-1.519,-0.626,non-ergonomis
2026-06-02 16:32:27.688,2301487144,467688,2,0.75659,0.19849,1.00171,1.695,-0.931,1.924,non-ergonomis
2026-06-02 16:32:27.888,2301487344,467888,1,0.88525,-0.13354,0.41577,-8.0,-1.405,-2.84,non-ergonomis
2026-06-02 16:32:27.888,2301487344,467888,2,0.77222,0.19751,0.99219,0.802,0.466,1.84,non-ergonomis
2026-06-02 16:32:27.088,2301486544,468088,1,0.87646,-0.11426,0.41504,-3.679,1.061,0.122,non-ergonomis
2026-06-02 16:32:27.088,2301486544,468088,2,0.77393,0.21265,0.97729,0.443,2.198,1.237,non-ergonomis
2026-06-02 16:32:28.288,2301487744,468288,1,0.86548,-0.12915,0.43506,-2.023,2.305,-1.992,non-ergonomis
2026-06-02 16:32:28.288,2301487744,468288,2,0.76709,0.19971,0.98413,-0.748,1.504,0.718,non-ergonomis
2026-06-02 16:32:28.488,2301487944,468488,1,0.86401,-0.11255,0.44165,-2.443,2.015,-0.405,non-ergonomis
2026-06-02 16:32:28.488,2301487944,468488,2,0.76953,0.20898,0.98535,-0.695,1.336,0.618,non-ergonomis
2026-06-02 16:32:28.688,2301488144,468688,1,0.87134,-0.11768,0.42139,-1.008,1.115,0.511,non-ergonomis
2026-06-02 16:32:28.688,2301488144,468688,2,0.76758,0.21069,0.98584,-1.42,1.321,1.817,non-ergonomis
2026-06-02 16:32:28.888,2301488344,468888,1,0.86841,-0.10815,0.43091,-2.237,1.58,1.611,non-ergonomis
2026-06-02 16:32:28.888,2301488344,468888,2,0.76025,0.21729,0.9856,-2.962,1.282,1.557,non-ergonomis
2026-06-02 16:32:28.088,2301487544,469088,1,0.86963,-0.12402,0.4375,-1.863,1.092,1.756,non-ergonomis
2026-06-02 16:32:28.088,2301487544,469088,2,0.7627,0.20801,0.99878,-1.458,1.817,1.13,non-ergonomis
2026-06-02 16:32:29.288,2301488744,469288,1,0.87109,-0.12817,0.43311,-0.519,0.71,1.763,non-ergonomis
2026-06-02 16:32:29.288,2301488744,469288,2,0.7561,0.20898,0.99829,-0.55,1.092,3.084,non-ergonomis
2026-06-02 16:32:29.488,2301488944,469488,1,0.85352,-0.13794,0.44897,-1.901,0.466,1.58,non-ergonomis
2026-06-02 16:32:29.488,2301488944,469488,2,0.75903,0.19678,1.0,-0.794,1.443,3.031,non-ergonomis
2026-06-02 16:32:29.868,2301489324,469868,1,0.86133,-0.14429,0.4458,-1.962,0.344,-0.664,non-ergonomis
2026-06-02 16:32:29.868,2301489324,469868,2,0.76172,0.19434,1.00586,-1.603,0.771,0.786,non-ergonomis
2026-06-02 16:32:29.068,2301488524,470068,1,0.86011,-0.1394,0.43896,-1.87,0.397,-0.107,non-ergonomis
2026-06-02 16:32:29.068,2301488524,470068,2,0.76514,0.19604,1.00146,-1.336,0.641,1.061,non-ergonomis
2026-06-02 16:32:30.287,2301489743,470287,1,0.86426,-0.12646,0.44067,-4.267,-0.901,1.229,non-ergonomis
2026-06-02 16:32:30.287,2301489743,470287,2,0.76758,0.20874,0.99194,0.321,2.573,3.481,non-ergonomis
2026-06-02 16:32:30.487,2301489943,470487,1,0.86304,-0.16138,0.44531,-0.893,0.153,-1.649,non-ergonomis
2026-06-02 16:32:30.487,2301489943,470487,2,0.7522,0.198,0.99438,-2.191,0.176,0.985,non-ergonomis
2026-06-02 16:32:30.687,2301490143,470687,1,0.85693,-0.15332,0.43701,-1.435,0.725,-0.443,non-ergonomis
2026-06-02 16:32:30.687,2301490143,470687,2,0.76172,0.19922,1.00586,-1.756,0.405,-0.183,non-ergonomis
2026-06-02 16:32:30.887,2301490343,470887,1,0.85962,-0.15015,0.43457,-1.74,0.786,-1.282,non-ergonomis
2026-06-02 16:32:30.887,2301490343,470887,2,0.75781,0.19312,0.99536,-1.466,0.038,-0.267,non-ergonomis
2026-06-02 16:32:30.099,2301489555,471099,1,0.86499,-0.13501,0.44092,-2.092,0.168,0.137,non-ergonomis
2026-06-02 16:32:30.099,2301489555,471099,2,0.75513,0.19629,1.00391,-0.58,1.115,1.71,non-ergonomis
2026-06-02 16:32:31.299,2301490755,471299,1,0.86719,-0.14282,0.44141,-2.214,0.313,0.603,non-ergonomis
2026-06-02 16:32:31.299,2301490755,471299,2,0.75879,0.19653,0.9978,-0.176,1.573,2.389,non-ergonomis
2026-06-02 16:32:31.499,2301490955,471499,1,0.86426,-0.1438,0.43506,-2.015,0.313,0.634,non-ergonomis
2026-06-02 16:32:31.499,2301490955,471499,2,0.75684,0.18677,1.00635,-0.611,1.626,2.481,non-ergonomis
2026-06-02 16:32:31.699,2301491155,471699,1,0.8562,-0.14697,0.4314,-3.588,-0.985,-0.802,non-ergonomis
2026-06-02 16:32:31.699,2301491155,471699,2,0.75879,0.18701,1.01147,-1.366,0.321,0.634,non-ergonomis
2026-06-02 16:32:31.899,2301491355,471899,1,0.86206,-0.146,0.44165,-1.214,1.374,-0.176,non-ergonomis
2026-06-02 16:32:31.899,2301491355,471899,2,0.7627,0.20239,1.00293,-0.115,0.931,1.878,non-ergonomis
2026-06-02 16:32:31.099,2301490555,472099,1,0.86206,-0.1416,0.4353,-1.573,0.756,-0.466,non-ergonomis
2026-06-02 16:32:31.099,2301490555,472099,2,0.75879,0.20044,0.99756,-0.092,1.229,2.405,non-ergonomis
2026-06-02 16:32:32.299,2301491755,472299,1,0.85889,-0.14575,0.4397,-1.603,0.847,0.176,non-ergonomis
2026-06-02 16:32:32.299,2301491755,472299,2,0.75562,0.20068,0.99536,-1.275,0.672,0.908,non-ergonomis
2026-06-02 16:32:32.499,2301491955,472499,1,0.86694,-0.14233,0.43994,-1.588,0.427,-0.084,non-ergonomis
2026-06-02 16:32:32.499,2301491955,472499,2,0.75708,0.20508,1.00537,-0.267,1.359,2.221,non-ergonomis
2026-06-02 16:32:32.700,2301492156,472700,1,0.86279,-0.14404,0.44214,-1.145,0.244,-0.107,non-ergonomis
2026-06-02 16:32:32.700,2301492156,472700,2,0.76587,0.19727,0.99707,-1.832,0.466,0.763,non-ergonomis
2026-06-02 16:32:32.900,2301492356,472900,1,0.86841,-0.13721,0.43726,-1.344,-0.214,-0.053,non-ergonomis
2026-06-02 16:32:32.900,2301492356,472900,2,0.76685,0.19922,0.99805,-1.481,0.641,1.26,non-ergonomis
2026-06-02 16:32:32.196,2301491652,473196,1,0.85791,-0.13599,0.43726,-1.618,0.267,0.328,non-ergonomis
2026-06-02 16:32:32.196,2301491652,473196,2,0.75171,0.19604,0.98438,-0.817,1.695,1.748,non-ergonomis
2026-06-02 16:32:33.396,2301492852,473396,1,0.86328,-0.14819,0.42651,-1.107,0.244,0.252,non-ergonomis
2026-06-02 16:32:33.396,2301492852,473396,2,0.76196,0.19189,1.00195,-1.267,0.901,1.115,non-ergonomis
2026-06-02 16:32:33.624,2301493080,473624,1,0.85938,-0.14136,0.44434,-1.702,0.542,0.366,non-ergonomis
2026-06-02 16:32:33.624,2301493080,473624,2,0.75269,0.19019,1.00903,-1.763,0.397,0.931,non-ergonomis
2026-06-02 16:32:33.824,2301493280,473824,1,0.86304,-0.14648,0.43726,-1.656,0.122,-0.038,non-ergonomis
2026-06-02 16:32:33.824,2301493280,473824,2,0.7561,0.20166,1.00488,-1.046,0.756,1.061,non-ergonomis
2026-06-02 16:32:33.024,2301492480,474024,1,0.8606,-0.14551,0.44775,-1.664,0.427,-0.092,non-ergonomis
2026-06-02 16:32:33.024,2301492480,474024,2,0.76147,0.19019,0.9978,-1.046,0.679,1.405,non-ergonomis
2026-06-02 16:32:34.224,2301493680,474224,1,0.86353,-0.13599,0.43481,-1.534,0.565,-0.29,non-ergonomis
2026-06-02 16:32:34.224,2301493680,474224,2,0.75513,0.19678,1.00098,-1.145,0.885,1.282,non-ergonomis
2026-06-02 16:32:34.424,2301493880,474424,1,0.86938,-0.14746,0.44946,-2.153,0.504,0.16,non-ergonomis
2026-06-02 16:32:34.424,2301493880,474424,2,0.75122,0.18506,1.00903,-4.153,-0.557,1.893,non-ergonomis
2026-06-02 16:32:34.624,2301494080,474624,1,0.8562,-0.14844,0.43579,-6.588,-1.351,1.244,non-ergonomis
2026-06-02 16:32:34.624,2301494080,474624,2,0.7522,0.1687,1.01367,-1.237,1.618,2.718,non-ergonomis
2026-06-02 16:32:34.824,2301494280,474824,1,0.8623,-0.15601,0.44336,-0.618,1.183,-1.015,non-ergonomis
2026-06-02 16:32:34.824,2301494280,474824,2,0.76001,0.18896,1.00195,-2.405,0.229,-0.649,non-ergonomis
2026-06-02 16:32:34.024,2301493480,475024,1,0.8584,-0.14038,0.43237,-0.87,0.542,0.16,non-ergonomis
2026-06-02 16:32:34.024,2301493480,475024,2,0.75488,0.19604,1.00659,-0.313,1.229,1.45,non-ergonomis
2026-06-02 16:32:35.224,2301494680,475224,1,0.86255,-0.14819,0.44653,-1.565,0.603,-0.336,non-ergonomis
2026-06-02 16:32:35.224,2301494680,475224,2,0.76074,0.19165,1.00757,-2.206,0.183,0.748,non-ergonomis
2026-06-02 16:32:35.424,2301494880,475424,1,0.86621,-0.14331,0.43555,-1.733,0.649,0.26,non-ergonomis
2026-06-02 16:32:35.424,2301494880,475424,2,0.76294,0.19629,1.00269,0.023,1.275,2.282,non-ergonomis
2026-06-02 16:32:35.624,2301495080,475624,1,0.86011,-0.14966,0.44043,-1.298,1.061,-0.237,non-ergonomis
2026-06-02 16:32:35.624,2301495080,475624,2,0.75977,0.19629,0.99316,-1.55,0.191,-0.267,non-ergonomis
2026-06-02 16:32:35.824,2301495280,475824,1,0.86841,-0.14478,0.44531,-1.084,0.382,0.336,non-ergonomis
2026-06-02 16:32:35.824,2301495280,475824,2,0.75928,0.20264,1.00415,0.947,1.718,1.557,non-ergonomis
2026-06-02 16:32:35.024,2301494480,476024,1,0.86401,-0.15405,0.4353,-2.168,-1.115,0.168,non-ergonomis
2026-06-02 16:32:35.024,2301494480,476024,2,0.75269,0.20532,1.00537,-0.198,1.084,1.481,non-ergonomis
2026-06-02 16:32:36.224,2301495680,476224,1,0.86401,-0.15112,0.43506,-1.405,0.351,0.031,non-ergonomis
2026-06-02 16:32:36.224,2301495680,476224,2,0.75269,0.20142,1.01318,-0.435,0.794,1.908,non-ergonomis
2026-06-02 16:32:36.424,2301495880,476424,1,0.85791,-0.15674,0.4353,-0.473,0.435,-0.847,non-ergonomis
2026-06-02 16:32:36.424,2301495880,476424,2,0.75513,0.20679,1.00269,-0.878,0.053,1.076,non-ergonomis
2026-06-02 16:32:36.820,2301496276,476820,1,0.86572,-0.15186,0.43262,-5.344,-0.435,-0.168,non-ergonomis
2026-06-02 16:32:36.820,2301496276,476820,2,0.75732,0.19653,1.00708,-1.511,0.84,1.847,non-ergonomis
2026-06-02 16:32:36.020,2301495476,477020,1,0.87061,-0.14282,0.43237,-0.534,0.122,-1.427,non-ergonomis
2026-06-02 16:32:36.020,2301495476,477020,2,0.75513,0.19165,0.9978,-0.664,0.191,0.832,non-ergonomis
2026-06-02 16:32:37.220,2301496676,477220,1,0.87427,-0.13818,0.43335,-0.969,0.153,-1.038,non-ergonomis
2026-06-02 16:32:37.220,2301496676,477220,2,0.76245,0.20117,1.00391,1.122,1.527,2.603,non-ergonomis
2026-06-02 16:32:37.420,2301496876,477420,1,0.86401,-0.13721,0.42749,-1.328,0.473,-0.634,non-ergonomis
2026-06-02 16:32:37.420,2301496876,477420,2,0.76099,0.19189,0.99194,-1.992,0.527,0.145,non-ergonomis
2026-06-02 16:32:37.620,2301497076,477620,1,0.86646,-0.13232,0.43237,-1.359,0.794,0.122,non-ergonomis
2026-06-02 16:32:37.620,2301497076,477620,2,0.75195,0.198,1.00586,-0.359,1.176,1.26,non-ergonomis
2026-06-02 16:32:37.820,2301497276,477820,1,0.87158,-0.13281,0.43848,-1.656,0.863,0.153,non-ergonomis
2026-06-02 16:32:37.820,2301497276,477820,2,0.75903,0.19897,0.99243,-0.573,1.275,1.725,non-ergonomis
2026-06-02 16:32:37.020,2301496476,478020,1,0.86182,-0.13818,0.4353,-2.198,0.466,0.466,non-ergonomis
2026-06-02 16:32:37.020,2301496476,478020,2,0.75977,0.19971,0.99512,-0.695,1.092,1.687,non-ergonomis
2026-06-02 16:32:38.220,2301497676,478220,1,0.86719,-0.1416,0.43457,-2.076,0.221,-0.16,non-ergonomis
2026-06-02 16:32:38.220,2301497676,478220,2,0.76245,0.198,1.0,-0.573,0.733,1.519,non-ergonomis
2026-06-02 16:32:38.420,2301497876,478420,1,0.86401,-0.14014,0.43701,-2.084,0.397,-0.183,non-ergonomis
2026-06-02 16:32:38.420,2301497876,478420,2,0.75757,0.19946,1.00464,-0.26,1.237,1.802,non-ergonomis
2026-06-02 16:32:38.620,2301498076,478620,1,0.86206,-0.1416,0.42798,-1.885,0.901,-0.321,non-ergonomis
2026-06-02 16:32:38.620,2301498076,478620,2,0.75781,0.19971,0.99829,-0.916,0.901,0.817,non-ergonomis
2026-06-02 16:32:38.820,2301498276,478820,1,0.86255,-0.14063,0.44336,-1.74,0.71,-0.618,non-ergonomis
2026-06-02 16:32:38.820,2301498276,478820,2,0.75732,0.19971,0.99756,-0.489,1.084,1.702,non-ergonomis
2026-06-02 16:32:38.020,2301497476,479020,1,0.86157,-0.13379,0.43848,-2.13,0.366,0.168,non-ergonomis
2026-06-02 16:32:38.020,2301497476,479020,2,0.75537,0.2019,0.99902,-1.092,0.87,1.565,non-ergonomis
2026-06-02 16:32:39.220,2301498676,479220,1,0.86646,-0.13647,0.43872,-1.771,-0.107,0.153,non-ergonomis
2026-06-02 16:32:39.220,2301498676,479220,2,0.7583,0.19873,0.99829,-0.374,1.466,2.55,non-ergonomis
2026-06-02 16:32:39.420,2301498876,479420,1,0.86719,-0.13477,0.43286,-1.763,0.336,0.679,non-ergonomis
2026-06-02 16:32:39.420,2301498876,479420,2,0.7666,0.19409,1.00049,-1.832,0.977,0.855,non-ergonomis
2026-06-02 16:32:39.620,2301499076,479620,1,0.86938,-0.13037,0.43799,-1.473,0.328,0.405,non-ergonomis
2026-06-02 16:32:39.620,2301499076,479620,2,0.75928,0.19775,1.00195,-1.29,1.015,1.55,non-ergonomis
2026-06-02 16:32:39.820,2301499276,479820,1,0.86719,-0.14111,0.43481,-1.313,0.053,0.397,non-ergonomis
2026-06-02 16:32:39.820,2301499276,479820,2,0.76514,0.19385,1.00513,-1.168,0.618,1.397,non-ergonomis
2026-06-02 16:32:39.020,2301498476,480020,1,0.8645,-0.14844,0.43555,-1.58,0.168,-0.046,non-ergonomis
2026-06-02 16:32:39.020,2301498476,480020,2,0.76465,0.18872,1.00098,0.496,1.611,2.321,non-ergonomis
2026-06-02 16:32:40.220,2301499676,480220,1,0.86182,-0.14233,0.43481,-1.832,0.489,-0.244,non-ergonomis
2026-06-02 16:32:40.220,2301499676,480220,2,0.7605,0.19507,1.00391,-1.084,0.527,0.878,non-ergonomis
2026-06-02 16:32:40.420,2301499876,480420,1,0.86353,-0.14185,0.43555,-1.702,0.42,-0.107,non-ergonomis
2026-06-02 16:32:40.420,2301499876,480420,2,0.75537,0.19775,1.00439,-0.832,0.939,1.481,non-ergonomis
2026-06-02 16:32:40.620,2301500076,480620,1,0.86548,-0.13843,0.43677,-1.939,0.389,-0.267,non-ergonomis
2026-06-02 16:32:40.620,2301500076,480620,2,0.75586,0.19604,1.00269,-1.023,0.527,1.305,non-ergonomis
2026-06-02 16:32:40.820,2301500276,480820,1,0.87061,-0.14429,0.44287,-2.13,0.489,-0.099,non-ergonomis
2026-06-02 16:32:40.820,2301500276,480820,2,0.7605,0.19531,1.00415,-0.374,1.313,1.802,non-ergonomis
2026-06-02 16:32:40.020,2301499476,481020,1,0.8645,-0.13867,0.43408,-1.511,0.786,-0.008,non-ergonomis
2026-06-02 16:32:40.020,2301499476,481020,2,0.76343,0.19067,0.99878,-0.901,0.824,1.504,non-ergonomis
2026-06-02 16:32:41.220,2301500676,481220,1,0.85889,-0.13623,0.43359,-1.679,0.595,0.122,non-ergonomis
2026-06-02 16:32:41.220,2301500676,481220,2,0.76074,0.19385,1.00757,-1.275,0.733,1.191,non-ergonomis
2026-06-02 16:32:41.420,2301500876,481420,1,0.86353,-0.14404,0.44043,-1.336,0.725,-0.336,non-ergonomis
2026-06-02 16:32:41.420,2301500876,481420,2,0.75806,0.19678,0.99414,-0.718,0.511,1.252,non-ergonomis
2026-06-02 16:32:41.903,2301501359,481902,1,0.87402,-0.13867,0.42529,-1.45,-0.244,0.031,non-ergonomis
2026-06-02 16:32:41.903,2301501359,481902,2,0.75854,0.19995,0.99756,0.168,1.458,2.763,non-ergonomis
2026-06-02 16:32:41.102,2301500558,482102,1,0.87012,-0.13892,0.44019,-1.244,-0.015,0.053,non-ergonomis
2026-06-02 16:32:41.102,2301500558,482102,2,0.76294,0.18896,0.99854,-1.275,0.893,1.229,non-ergonomis
2026-06-02 16:32:42.302,2301501758,482302,1,0.86548,-0.13965,0.43579,-1.389,0.328,-0.397,non-ergonomis
2026-06-02 16:32:42.302,2301501758,482302,2,0.77124,0.1875,0.99683,-0.557,1.336,1.405,non-ergonomis
2026-06-02 16:32:42.502,2301501958,482502,1,0.86548,-0.13647,0.42749,-1.58,0.435,0.176,non-ergonomis
2026-06-02 16:32:42.502,2301501958,482502,2,0.75854,0.2019,1.01001,-0.489,0.763,1.237,non-ergonomis
2026-06-02 16:32:42.702,2301502158,482702,1,0.86646,-0.13208,0.43726,-2.076,0.565,-0.122,non-ergonomis
2026-06-02 16:32:42.702,2301502158,482702,2,0.77295,0.19385,0.99609,-0.153,1.099,1.405,non-ergonomis
2026-06-02 16:32:42.902,2301502358,482902,1,0.86938,-0.13623,0.43188,-1.595,0.527,-0.061,non-ergonomis
2026-06-02 16:32:42.902,2301502358,482902,2,0.76123,0.19409,0.98926,-0.153,1.26,1.824,non-ergonomis
2026-06-02 16:32:42.102,2301501558,483102,1,0.8689,-0.13623,0.4375,-1.496,0.573,-0.26,non-ergonomis
2026-06-02 16:32:42.102,2301501558,483102,2,0.7688,0.20386,0.99414,-0.42,0.962,0.763,non-ergonomis
2026-06-02 16:32:43.302,2301502758,483302,1,0.86743,-0.13892,0.448,-1.779,0.908,-1.275,non-ergonomis
2026-06-02 16:32:43.302,2301502758,483302,2,0.75928,0.19531,0.9978,-1.664,0.015,-1.176,non-ergonomis
2026-06-02 16:32:43.502,2301502958,483502,1,0.86011,-0.12671,0.43774,-1.511,0.275,-0.198,non-ergonomis
2026-06-02 16:32:43.502,2301502958,483502,2,0.7583,0.18896,1.0105,0.87,1.092,2.55,non-ergonomis
2026-06-02 16:32:43.718,2301503174,483718,1,0.86401,-0.12378,0.45386,0.641,-0.282,-0.282,non-ergonomis
2026-06-02 16:32:43.718,2301503174,483718,2,0.76489,0.2207,0.97827,0.649,0.458,1.664,non-ergonomis
2026-06-02 16:32:43.918,2301503374,483918,1,0.86768,-0.11157,0.43872,-2.473,0.176,-1.763,non-ergonomis
2026-06-02 16:32:43.918,2301503374,483918,2,0.76147,0.20142,0.98706,-0.908,1.84,3.588,non-ergonomis
2026-06-02 16:32:43.118,2301502574,484118,1,0.86841,-0.12988,0.43384,-0.939,-0.542,0.611,non-ergonomis
2026-06-02 16:32:43.118,2301502574,484118,2,0.7666,0.2002,0.99512,-3.145,-1.26,-1.084,non-ergonomis
2026-06-02 16:32:44.318,2301503774,484318,1,0.87207,-0.11938,0.43726,-4.588,-0.847,-1.779,non-ergonomis
2026-06-02 16:32:44.318,2301503774,484318,2,0.75732,0.19409,0.99756,-0.191,2.153,4.061,non-ergonomis
2026-06-02 16:32:44.518,2301503974,484518,1,0.87256,-0.12231,0.43481,-1.229,-0.275,-0.847,non-ergonomis
2026-06-02 16:32:44.518,2301503974,484518,2,0.77417,0.20288,0.99219,-2.145,-1.359,-0.908,non-ergonomis
2026-06-02 16:32:44.719,2301504175,484719,1,0.87598,-0.10229,0.43408,-0.863,0.153,-0.634,non-ergonomis
2026-06-02 16:32:44.719,2301504175,484719,2,0.76196,0.198,0.98486,1.74,1.947,2.504,non-ergonomis
2026-06-02 16:32:44.919,2301504375,484919,1,0.87622,-0.1123,0.42456,-2.939,0.733,-0.511,non-ergonomis
2026-06-02 16:32:44.919,2301504375,484919,2,0.76465,0.19653,0.98755,-0.336,1.824,1.397,non-ergonomis
2026-06-02 16:32:44.119,2301503575,485119,1,0.87817,-0.12012,0.41919,-2.191,1.893,-0.038,non-ergonomis
2026-06-02 16:32:44.119,2301503575,485119,2,0.76123,0.2019,0.99023,1.122,2.336,2.725,non-ergonomis
2026-06-02 16:32:45.319,2301504775,485319,1,0.86963,-0.11646,0.43433,-2.985,0.939,0.725,non-ergonomis
2026-06-02 16:32:45.319,2301504775,485319,2,0.75391,0.2063,0.99683,-0.527,1.458,1.779,non-ergonomis
2026-06-02 16:32:45.519,2301504975,485519,1,0.86572,-0.11694,0.43628,-2.015,0.649,0.725,non-ergonomis
2026-06-02 16:32:45.519,2301504975,485519,2,0.76416,0.20923,0.99951,-0.405,1.542,1.885,non-ergonomis
2026-06-02 16:32:45.719,2301505175,485719,1,0.86646,-0.13501,0.43579,-2.649,1.374,-0.855,non-ergonomis
2026-06-02 16:32:45.719,2301505175,485719,2,0.75464,0.19507,1.00122,-1.13,0.435,0.145,non-ergonomis
2026-06-02 16:32:45.919,2301505375,485919,1,0.86694,-0.12891,0.4353,-2.481,0.359,0.214,non-ergonomis
2026-06-02 16:32:45.919,2301505375,485919,2,0.75928,0.20581,0.99805,-1.359,0.618,0.496,non-ergonomis
2026-06-02 16:32:45.119,2301504575,486119,1,0.86987,-0.11914,0.43726,-1.947,0.359,-0.351,non-ergonomis
2026-06-02 16:32:45.119,2301504575,486119,2,0.75854,0.20728,0.99146,-0.412,1.053,1.695,non-ergonomis
2026-06-02 16:32:46.319,2301505775,486319,1,0.86084,-0.12061,0.44531,-1.496,0.031,0.153,non-ergonomis
2026-06-02 16:32:46.319,2301505775,486319,2,0.7627,0.20581,0.99243,-0.336,1.092,2.206,non-ergonomis
2026-06-02 16:32:46.519,2301505975,486519,1,0.8606,-0.12109,0.43945,-1.695,0.153,0.504,non-ergonomis
2026-06-02 16:32:46.519,2301505975,486519,2,0.7605,0.19995,0.9978,-0.229,1.672,2.344,non-ergonomis
2026-06-02 16:32:46.770,2301506226,486770,1,0.86499,-0.11914,0.43262,-1.573,0.076,0.481,non-ergonomis
2026-06-02 16:32:46.770,2301506226,486770,2,0.7561,0.198,1.00024,-1.733,0.954,1.45,non-ergonomis
2026-06-02 16:32:46.970,2301506426,486970,1,0.86377,-0.12939,0.44263,-1.344,0.267,-0.618,non-ergonomis
2026-06-02 16:32:46.970,2301506426,486970,2,0.75684,0.2002,1.00562,-1.763,0.634,0.947,non-ergonomis
2026-06-02 16:32:47.246,2301506702,487245,1,0.86572,-0.12231,0.43726,-0.962,0.008,-0.542,non-ergonomis
2026-06-02 16:32:47.246,2301506702,487245,2,0.76025,0.19727,0.99658,-0.977,1.008,1.84,non-ergonomis
2026-06-02 16:32:47.459,2301506915,487459,1,0.86426,-0.12842,0.43872,-1.817,0.328,0.252,non-ergonomis
2026-06-02 16:32:47.459,2301506915,487459,2,0.7627,0.19336,0.99585,-0.595,1.328,1.458,non-ergonomis
2026-06-02 16:32:47.659,2301507115,487659,1,0.87036,-0.12939,0.43823,-2.0,0.565,0.176,non-ergonomis
2026-06-02 16:32:47.659,2301507115,487659,2,0.75073,0.19971,0.99512,-0.695,1.191,1.55,non-ergonomis
2026-06-02 16:32:47.859,2301507315,487859,1,0.86841,-0.13013,0.43286,-2.153,0.603,0.031,non-ergonomis
2026-06-02 16:32:47.859,2301507315,487859,2,0.75708,0.20093,0.99927,-0.756,0.969,1.664,non-ergonomis
2026-06-02 16:32:48.267,2301507723,488267,1,0.86206,-0.12964,0.42651,-1.985,0.84,0.099,non-ergonomis
2026-06-02 16:32:48.267,2301507723,488267,2,0.76563,0.20313,0.99976,-0.977,0.832,1.412,non-ergonomis
2026-06-02 16:32:48.467,2301507923,488467,1,0.86328,-0.125,0.43774,-1.702,0.252,-0.412,non-ergonomis
2026-06-02 16:32:48.467,2301507923,488467,2,0.76099,0.19531,0.99854,-0.832,0.916,1.153,non-ergonomis
2026-06-02 16:32:48.667,2301508123,488667,1,0.86133,-0.12939,0.448,-1.489,0.817,-0.412,non-ergonomis
2026-06-02 16:32:48.667,2301508123,488667,2,0.76123,0.20532,0.99146,-0.733,0.947,1.389,non-ergonomis
2026-06-02 16:32:48.867,2301508323,488867,1,0.85791,-0.12695,0.44067,-1.718,0.496,-0.229,non-ergonomis
2026-06-02 16:32:48.867,2301508323,488867,2,0.75317,0.20532,1.00049,-1.519,0.84,0.779,non-ergonomis
2026-06-02 16:32:48.067,2301507523,489067,1,0.86572,-0.12622,0.43701,-1.366,-0.252,-0.076,non-ergonomis
2026-06-02 16:32:48.067,2301507523,489067,2,0.76587,0.20483,0.99707,-0.656,0.71,1.893,non-ergonomis
2026-06-02 16:32:49.271,2301508727,489271,1,0.86646,-0.12939,0.43945,-1.031,-0.015,0.008,non-ergonomis
2026-06-02 16:32:49.271,2301508727,489271,2,0.76343,0.20093,1.00146,-1.466,0.786,1.542,non-ergonomis
2026-06-02 16:32:49.471,2301508927,489471,1,0.86548,-0.1272,0.43652,-1.802,-0.046,0.275,non-ergonomis
2026-06-02 16:32:49.471,2301508927,489471,2,0.76221,0.19946,0.99927,-1.206,1.237,1.763,non-ergonomis
2026-06-02 16:32:49.671,2301509127,489671,1,0.86719,-0.1311,0.42944,-1.634,0.229,0.206,non-ergonomis
2026-06-02 16:32:49.671,2301509127,489671,2,0.76416,0.19653,0.99341,-1.221,1.008,1.405,non-ergonomis
2026-06-02 16:32:49.871,2301509327,489871,1,0.86914,-0.12622,0.43945,-1.702,0.466,0.031,non-ergonomis
2026-06-02 16:32:49.871,2301509327,489871,2,0.76221,0.19678,1.00024,-0.672,1.0,1.382,non-ergonomis
2026-06-02 16:32:49.176,2301508632,490176,1,0.86304,-0.12573,0.44067,-2.008,0.519,-0.206,non-ergonomis
2026-06-02 16:32:49.176,2301508632,490176,2,0.76392,0.19678,1.00415,-0.603,1.092,1.412,non-ergonomis
2026-06-02 16:32:50.385,2301509841,490385,1,0.86157,-0.12109,0.43408,-1.962,0.748,-0.046,non-ergonomis
2026-06-02 16:32:50.385,2301509841,490385,2,0.76123,0.198,1.00342,-0.985,0.618,1.45,non-ergonomis
2026-06-02 16:32:50.585,2301510041,490585,1,0.8606,-0.12622,0.43921,-1.878,0.626,,non-ergonomis
2026-06-02 16:32:50.585,2301510041,490585,2,0.75977,0.20068,0.99316,-0.977,0.969,1.328,non-ergonomis
2026-06-02 16:32:50.785,2301510241,490785,1,0.85962,-0.1355,0.43359,-1.687,0.084,-0.092,non-ergonomis
2026-06-02 16:32:50.785,2301510241,490785,2,0.75879,0.20044,1.00269,-0.87,1.076,1.191,non-ergonomis
2026-06-02 16:32:50.985,2301510441,490985,1,0.86646,-0.12207,0.43677,-1.45,0.679,-0.191,non-ergonomis
2026-06-02 16:32:50.985,2301510441,490985,2,0.76367,0.20068,0.99194,-0.664,1.473,1.389,non-ergonomis
2026-06-02 16:32:50.185,2301509641,491185,1,0.85986,-0.13428,0.4375,-1.649,0.74,0.603,non-ergonomis
2026-06-02 16:32:50.185,2301509641,491185,2,0.75415,0.20386,0.9978,-0.794,0.656,1.534,non-ergonomis
2026-06-02 16:32:51.414,2301510870,491414,1,0.86255,-0.12793,0.448,-1.656,-0.405,-0.649,non-ergonomis
2026-06-02 16:32:51.414,2301510870,491414,2,0.76074,0.19458,0.99561,-0.939,0.031,1.229,non-ergonomis
2026-06-02 16:32:51.633,2301511089,491633,1,0.86328,-0.12402,0.43872,-1.878,0.282,-0.046,non-ergonomis
2026-06-02 16:32:51.633,2301511089,491633,2,0.75659,0.19067,0.9917,-1.313,0.435,1.252,non-ergonomis
2026-06-02 16:32:51.833,2301511289,491833,1,0.86548,-0.12402,0.43701,-1.962,0.702,-0.115,non-ergonomis
2026-06-02 16:32:51.833,2301511289,491833,2,0.76367,0.19312,1.0,-0.733,1.237,1.542,non-ergonomis
2026-06-02 16:32:51.033,2301510489,492033,1,0.85547,-0.12134,0.43677,-1.519,0.527,0.076,non-ergonomis
2026-06-02 16:32:51.033,2301510489,492033,2,0.76807,0.1936,1.00146,-0.16,1.053,1.863,non-ergonomis
2026-06-02 16:32:52.252,2301511708,492251,1,0.86108,-0.13086,0.43652,-1.588,0.435,0.031,non-ergonomis
2026-06-02 16:32:52.252,2301511708,492251,2,0.75928,0.20068,1.00122,-1.206,0.656,1.313,non-ergonomis
2026-06-02 16:32:52.451,2301511907,492451,1,0.85938,-0.11914,0.44531,-0.832,-0.366,-0.221,non-ergonomis
2026-06-02 16:32:52.451,2301511907,492451,2,0.76685,0.19653,1.00952,-1.061,1.351,1.649,non-ergonomis
2026-06-02 16:32:52.707,2301512163,492707,1,0.86182,-0.12134,0.44531,-0.893,-0.718,-0.282,non-ergonomis
2026-06-02 16:32:52.707,2301512163,492707,2,0.7627,0.19409,0.99561,-1.321,1.145,1.748,non-ergonomis
2026-06-02 16:32:52.907,2301512363,492907,1,0.86475,-0.12256,0.43799,-1.55,0.237,0.282,non-ergonomis
2026-06-02 16:32:52.907,2301512363,492907,2,0.75708,0.18848,0.99731,-0.672,1.061,1.992,non-ergonomis
2026-06-02 16:32:52.107,2301511563,493107,1,0.87012,-0.11182,0.44189,-5.824,-1.099,3.206,non-ergonomis
2026-06-02 16:32:52.107,2301511563,493107,2,0.76831,0.20654,0.99414,-1.298,2.305,3.588,non-ergonomis
2026-06-02 16:32:53.307,2301512763,493307,1,0.87134,-0.15259,0.44434,0.695,1.985,-2.489,non-ergonomis
2026-06-02 16:32:53.307,2301512763,493307,2,0.75659,0.18896,0.99829,-2.115,-0.427,-0.824,non-ergonomis
2026-06-02 16:32:53.507,2301512963,493507,1,0.8689,-0.13647,0.42822,-1.252,1.122,-0.229,non-ergonomis
2026-06-02 16:32:53.507,2301512963,493507,2,0.75879,0.19995,0.98779,-0.656,1.023,0.137,non-ergonomis
2026-06-02 16:32:53.707,2301513163,493707,1,0.86621,-0.13501,0.44287,-1.885,0.985,-2.0,non-ergonomis
2026-06-02 16:32:53.707,2301513163,493707,2,0.76025,0.20361,1.00122,-1.679,0.344,-0.076,non-ergonomis
2026-06-02 16:32:53.907,2301513363,493907,1,0.8645,-0.12207,0.44189,-1.656,0.405,0.313,non-ergonomis
2026-06-02 16:32:53.907,2301513363,493907,2,0.76587,0.2002,1.00049,-0.298,1.084,1.809,non-ergonomis
2026-06-02 16:32:53.107,2301512563,494107,1,0.87207,-0.12231,0.44507,-1.969,0.519,0.168,non-ergonomis
2026-06-02 16:32:53.107,2301512563,494107,2,0.76221,0.19897,1.00415,-0.298,1.214,1.817,non-ergonomis
2026-06-02 16:32:54.341,2301513797,494340,1,0.86182,-0.12476,0.44751,-1.275,0.405,0.26,non-ergonomis
2026-06-02 16:32:54.341,2301513797,494340,2,0.75684,0.19629,1.00781,-1.435,0.763,0.786,non-ergonomis
2026-06-02 16:32:54.691,2301514147,494691,1,0.8584,-0.13159,0.43823,-1.672,0.519,-0.42,non-ergonomis
2026-06-02 16:32:54.691,2301514147,494691,2,0.75854,0.19727,0.99463,-0.977,0.588,1.0,non-ergonomis
2026-06-02 16:32:54.891,2301514347,494891,1,0.85742,-0.12207,0.4375,-1.504,0.321,-0.656,non-ergonomis
2026-06-02 16:32:54.891,2301514347,494891,2,0.76099,0.20068,0.9917,-1.061,0.427,0.931,non-ergonomis
2026-06-02 16:32:54.091,2301513547,495091,1,0.86206,-0.12134,0.44043,-1.115,-0.282,0.237,non-ergonomis
2026-06-02 16:32:54.091,2301513547,495091,2,0.75903,0.20874,1.00244,-0.298,1.351,2.008,non-ergonomis
2026-06-02 16:32:55.291,2301514747,495291,1,0.85913,-0.12231,0.43848,-0.855,0.191,-0.282,non-ergonomis
2026-06-02 16:32:55.291,2301514747,495291,2,0.76074,0.19751,0.99438,-1.206,1.092,1.412,non-ergonomis
2026-06-02 16:32:55.491,2301514947,495491,1,0.8645,-0.1189,0.43701,-1.191,-0.031,0.244,non-ergonomis
2026-06-02 16:32:55.491,2301514947,495491,2,0.75928,0.20337,1.00293,-1.809,0.672,0.962,non-ergonomis
2026-06-02 16:32:55.691,2301515147,495691,1,0.87109,-0.12183,0.44604,-1.122,-0.176,0.122,non-ergonomis
2026-06-02 16:32:55.691,2301515147,495691,2,0.75879,0.2019,0.99951,-1.221,0.687,1.496,non-ergonomis
2026-06-02 16:32:55.891,2301515347,495891,1,0.86206,-0.11768,0.43335,-1.626,0.069,-0.191,non-ergonomis
2026-06-02 16:32:55.891,2301515347,495891,2,0.7583,0.198,0.99707,-0.45,1.107,1.626,non-ergonomis
2026-06-02 16:32:55.091,2301514547,496091,1,0.86743,-0.1189,0.43896,-1.824,0.603,0.038,non-ergonomis
2026-06-02 16:32:55.091,2301514547,496091,2,0.76343,0.19263,1.00537,-1.145,0.947,1.374,non-ergonomis
2026-06-02 16:32:56.291,2301515747,496291,1,0.86621,-0.12476,0.43628,-2.183,0.824,0.023,non-ergonomis
2026-06-02 16:32:56.291,2301515747,496291,2,0.75977,0.19824,0.9939,-0.74,1.183,1.252,non-ergonomis
2026-06-02 16:32:56.491,2301515947,496491,1,0.86426,-0.11255,0.44604,-3.29,0.489,0.298,non-ergonomis
2026-06-02 16:32:56.491,2301515947,496491,2,0.76147,0.19409,0.99805,-1.107,0.74,1.534,non-ergonomis
2026-06-02 16:32:56.691,2301516147,496691,1,0.86475,-0.12231,0.43896,-1.687,0.351,-0.031,non-ergonomis
2026-06-02 16:32:56.691,2301516147,496691,2,0.76074,0.19434,0.99658,-1.122,0.84,1.221,non-ergonomis
2026-06-02 16:32:56.918,2301516374,496918,1,0.86426,-0.1311,0.44141,-1.626,0.687,-0.038,non-ergonomis
2026-06-02 16:32:56.918,2301516374,496918,2,0.75537,0.19849,0.99805,-0.725,1.076,1.397,non-ergonomis
2026-06-02 16:32:56.118,2301515574,497118,1,0.86011,-0.12524,0.44678,-1.397,0.511,-0.176,non-ergonomis
2026-06-02 16:32:56.118,2301515574,497118,2,0.75879,0.20239,0.99438,-1.046,1.046,1.069,non-ergonomis
2026-06-02 16:32:57.318,2301516774,497318,1,0.86353,-0.12744,0.44897,-1.26,0.725,0.023,non-ergonomis
2026-06-02 16:32:57.318,2301516774,497318,2,0.7583,0.19482,0.99829,-0.832,1.0,1.359,non-ergonomis
2026-06-02 16:32:57.518,2301516974,497518,1,0.86523,-0.12866,0.44385,-1.802,0.405,-0.099,non-ergonomis
2026-06-02 16:32:57.518,2301516974,497518,2,0.75293,0.19385,0.99683,-0.641,0.84,1.511,non-ergonomis
2026-06-02 16:32:57.718,2301517174,497718,1,0.86279,-0.12671,0.45288,-1.473,0.58,-0.069,non-ergonomis
2026-06-02 16:32:57.718,2301517174,497718,2,0.75586,0.2041,0.99878,-0.305,1.389,1.885,non-ergonomis
2026-06-02 16:32:57.918,2301517374,497918,1,0.85913,-0.13184,0.44458,-0.275,0.221,-1.824,non-ergonomis
2026-06-02 16:32:57.918,2301517374,497918,2,0.76245,0.19482,1.00195,-3.496,-0.969,-2.748,non-ergonomis
2026-06-02 16:32:57.118,2301516574,498118,1,0.85791,-0.10645,0.44189,3.489,2.29,-1.336,non-ergonomis
2026-06-02 16:32:57.118,2301516574,498118,2,0.76196,0.24951,0.98291,1.038,2.71,0.298,non-ergonomis
2026-06-02 16:32:58.318,2301517774,498318,1,0.85229,-0.07886,0.45801,1.244,0.267,-0.672,non-ergonomis
2026-06-02 16:32:58.318,2301517774,498318,2,0.75757,0.21265,0.98877,-2.504,0.031,1.771,non-ergonomis
2026-06-02 16:32:58.544,2301518000,498543,1,0.86011,-0.09302,0.44751,1.061,-3.137,1.702,non-ergonomis
2026-06-02 16:32:58.544,2301518000,498543,2,0.76416,0.19995,0.99927,0.458,0.435,5.313,non-ergonomis
2026-06-02 16:32:58.743,2301518199,498743,1,0.87183,-0.10669,0.44751,-2.45,0.878,-1.473,non-ergonomis
2026-06-02 16:32:58.743,2301518199,498743,2,0.7644,0.21289,0.99756,0.931,-0.878,2.534,non-ergonomis
2026-06-02 16:32:58.943,2301518399,498943,1,0.86353,-0.08521,0.43579,-2.031,1.626,-1.023,non-ergonomis
2026-06-02 16:32:58.943,2301518399,498943,2,0.76514,0.21045,0.99316,0.969,2.206,2.13,non-ergonomis
2026-06-02 16:32:58.143,2301517599,499143,1,0.86279,-0.07959,0.45532,-0.992,2.328,-0.26,non-ergonomis
2026-06-02 16:32:58.143,2301517599,499143,2,0.7627,0.22095,0.98364,-1.176,2.26,2.42,non-ergonomis
2026-06-02 16:32:59.343,2301518799,499343,1,0.85303,-0.11108,0.45532,-0.733,0.618,-1.153,non-ergonomis
2026-06-02 16:32:59.343,2301518799,499343,2,0.76611,0.21655,0.98779,-1.176,,-0.031,non-ergonomis
2026-06-02 16:32:59.543,2301518999,499543,1,0.8645,-0.09351,0.44385,-2.443,0.069,-0.87,non-ergonomis
2026-06-02 16:32:59.543,2301518999,499543,2,0.7605,0.2146,0.99194,-0.595,0.221,1.634,non-ergonomis
2026-06-02 16:32:59.743,2301519199,499743,1,0.85474,-0.08081,0.45093,-1.885,0.107,-0.328,non-ergonomis
2026-06-02 16:32:59.743,2301519199,499743,2,0.76343,0.21216,0.99316,1.046,1.565,2.45,non-ergonomis
2026-06-02 16:32:59.943,2301519399,499943,1,0.86499,-0.08081,0.44922,-1.405,0.618,0.412,non-ergonomis
2026-06-02 16:32:59.943,2301519399,499943,2,0.76294,0.21509,0.99365,-0.443,1.771,2.023,non-ergonomis
2026-06-02 16:33:00.284,2301519740,500283,1,0.86963,-0.09082,0.44214,-0.664,0.466,0.382,non-ergonomis
2026-06-02 16:33:00.284,2301519740,500283,2,0.76587,0.20679,0.97803,-1.16,1.458,0.954,non-ergonomis
2026-06-02 16:33:00.483,2301519939,500483,1,0.8562,-0.08862,0.45093,-2.366,-1.229,-0.542,non-ergonomis
2026-06-02 16:33:00.483,2301519939,500483,2,0.75342,0.21533,0.99878,-1.16,-0.229,1.618,non-ergonomis
2026-06-02 16:33:00.683,2301520139,500683,1,0.86475,-0.08325,0.44141,-1.626,0.115,0.26,non-ergonomis
2026-06-02 16:33:00.683,2301520139,500683,2,0.77637,0.2334,0.97119,-0.702,0.969,0.229,non-ergonomis
2026-06-02 16:33:00.883,2301520339,500883,1,0.86548,-0.07983,0.43945,-1.824,0.092,-0.977,non-ergonomis
2026-06-02 16:33:00.883,2301520339,500883,2,0.76392,0.21216,0.98584,-0.168,1.664,1.908,non-ergonomis
2026-06-02 16:33:00.083,2301519539,501083,1,0.86938,-0.08643,0.44849,-1.191,1.481,0.168,non-ergonomis
2026-06-02 16:33:00.083,2301519539,501083,2,0.76782,0.21753,0.98047,-0.076,0.771,2.282,non-ergonomis
2026-06-02 16:33:01.283,2301520739,501283,1,0.8606,-0.08472,0.44849,-3.191,0.672,0.618,non-ergonomis
2026-06-02 16:33:01.283,2301520739,501283,2,0.75854,0.21436,0.98926,-0.282,1.618,2.901,non-ergonomis
2026-06-02 16:33:01.483,2301520939,501483,1,0.86377,-0.08057,0.44702,-5.45,0.298,0.397,non-ergonomis
2026-06-02 16:33:01.483,2301520939,501483,2,0.76074,0.20508,1.00171,-0.756,0.817,2.321,non-ergonomis
2026-06-02 16:33:01.683,2301521139,501683,1,0.86206,-0.09326,0.45239,-4.489,-1.023,0.924,non-ergonomis
2026-06-02 16:33:01.683,2301521139,501683,2,0.77124,0.21924,1.00146,-2.55,0.977,1.298,non-ergonomis
2026-06-02 16:33:01.883,2301521339,501883,1,0.86938,-0.13086,0.42969,-2.489,1.809,-1.282,non-ergonomis
2026-06-02 16:33:01.883,2301521339,501883,2,0.7605,0.19312,1.00635,-2.87,0.603,-1.87,non-ergonomis
2026-06-02 16:33:01.083,2301520539,502083,1,0.85571,-0.09351,0.44629,-1.893,1.496,-0.244,non-ergonomis
2026-06-02 16:33:01.083,2301520539,502083,2,0.7561,0.21558,1.01147,-3.809,0.939,-0.931,non-ergonomis
2026-06-02 16:33:02.283,2301521739,502283,1,0.85205,-0.09644,0.45874,-1.305,0.924,0.336,non-ergonomis
2026-06-02 16:33:02.283,2301521739,502283,2,0.75244,0.20996,1.00146,-2.466,0.771,0.626,non-ergonomis
2026-06-02 16:33:02.483,2301521939,502483,1,0.854,-0.10889,0.45435,-0.313,-0.977,0.878,non-ergonomis
2026-06-02 16:33:02.483,2301521939,502483,2,0.75439,0.21045,0.99561,-1.168,0.779,1.947,non-ergonomis
2026-06-02 16:33:02.683,2301522139,502683,1,0.86035,-0.09814,0.44653,-1.985,-0.229,0.656,non-ergonomis
2026-06-02 16:33:02.683,2301522139,502683,2,0.76367,0.20654,1.00195,-0.084,1.405,2.977,non-ergonomis
2026-06-02 16:33:02.883,2301522339,502883,1,0.85864,-0.11377,0.44531,-2.015,0.275,0.588,non-ergonomis
2026-06-02 16:33:02.883,2301522339,502883,2,0.7561,0.20825,1.00024,-0.985,1.595,1.168,non-ergonomis
2026-06-02 16:33:02.083,2301521539,503083,1,0.85962,-0.1145,0.44482,-2.008,0.641,0.198,non-ergonomis
2026-06-02 16:33:02.083,2301521539,503083,2,0.75415,0.20752,0.99731,-0.588,1.153,1.771,non-ergonomis
2026-06-02 16:33:03.283,2301522739,503283,1,0.85083,-0.10718,0.4624,-4.656,0.198,-0.802,non-ergonomis
2026-06-02 16:33:03.283,2301522739,503283,2,0.75269,0.20581,1.00024,-1.168,0.45,1.924,non-ergonomis
2026-06-02 16:33:03.483,2301522939,503483,1,0.86108,-0.11157,0.44336,-0.71,0.183,-0.252,non-ergonomis
2026-06-02 16:33:03.483,2301522939,503483,2,0.76343,0.21826,1.00049,-0.611,0.672,1.534,non-ergonomis
2026-06-02 16:33:03.683,2301523139,503683,1,0.85962,-0.10962,0.44604,-1.924,0.16,-0.947,non-ergonomis
2026-06-02 16:33:03.683,2301523139,503683,2,0.7583,0.20142,0.99756,-1.069,0.634,1.015,non-ergonomis
2026-06-02 16:33:03.883,2301523339,503883,1,0.85986,-0.11548,0.44849,-1.397,0.237,-0.244,non-ergonomis
2026-06-02 16:33:03.883,2301523339,503883,2,0.7605,0.21509,0.9978,-1.076,0.954,1.443,non-ergonomis
2026-06-02 16:33:03.083,2301522539,504083,1,0.86646,-0.10913,0.44751,-1.382,-0.053,-0.099,non-ergonomis
2026-06-02 16:33:03.083,2301522539,504083,2,0.76147,0.21069,0.98975,-1.252,0.817,1.351,non-ergonomis
2026-06-02 16:33:04.283,2301523739,504283,1,0.86182,-0.10425,0.44287,-1.458,0.29,0.443,non-ergonomis
2026-06-02 16:33:04.283,2301523739,504283,2,0.75879,0.20239,0.99146,-1.069,1.664,2.031,non-ergonomis
2026-06-02 16:33:04.483,2301523939,504483,1,0.85254,-0.10938,0.44312,-2.046,0.107,0.802,non-ergonomis
2026-06-02 16:33:04.483,2301523939,504483,2,0.76025,0.20703,0.99927,-1.16,0.977,1.573,non-ergonomis
2026-06-02 16:33:04.737,2301524193,504737,1,0.85864,-0.10913,0.44678,-1.771,0.26,0.344,non-ergonomis
2026-06-02 16:33:04.737,2301524193,504737,2,0.75586,0.20264,0.99683,-0.702,1.221,1.427,non-ergonomis
2026-06-02 16:33:04.937,2301524393,504937,1,0.85864,-0.11499,0.4541,-1.328,0.588,-0.344,non-ergonomis
2026-06-02 16:33:04.937,2301524393,504937,2,0.76147,0.20508,1.00464,-0.595,1.053,1.443,non-ergonomis
2026-06-02 16:33:04.137,2301523593,505137,1,0.8606,-0.10522,0.44873,-1.618,0.809,-0.099,non-ergonomis
2026-06-02 16:33:04.137,2301523593,505137,2,0.7605,0.20996,1.00415,-0.397,1.412,1.443,non-ergonomis
2026-06-02 16:33:05.337,2301524793,505337,1,0.85791,-0.11963,0.45752,-1.496,0.313,-0.122,non-ergonomis
2026-06-02 16:33:05.337,2301524793,505337,2,0.76123,0.21191,1.00635,-1.366,0.649,1.115,non-ergonomis
2026-06-02 16:33:05.537,2301524993,505537,1,0.85791,-0.11499,0.43799,-1.641,0.618,-0.275,non-ergonomis
2026-06-02 16:33:05.537,2301524993,505537,2,0.76343,0.20703,0.99902,-0.87,0.985,0.954,non-ergonomis
2026-06-02 16:33:05.775,2301525231,505775,1,0.85645,-0.11304,0.45239,-1.908,0.542,-0.473,non-ergonomis
2026-06-02 16:33:05.775,2301525231,505775,2,0.76367,0.20996,0.9917,-0.496,1.267,1.267,non-ergonomis
2026-06-02 16:33:05.975,2301525431,505975,1,0.85083,-0.10596,0.44824,-1.779,0.878,-0.237,non-ergonomis
2026-06-02 16:33:05.975,2301525431,505975,2,0.75586,0.20605,0.99414,-0.771,0.962,1.405,non-ergonomis
2026-06-02 16:33:05.175,2301524631,506175,1,0.85596,-0.10693,0.45703,-1.214,0.588,-0.198,non-ergonomis
2026-06-02 16:33:05.175,2301524631,506175,2,0.75781,0.21338,1.00342,-0.489,1.13,1.573,non-ergonomis
2026-06-02 16:33:06.375,2301525831,506375,1,0.86011,-0.10864,0.45313,-1.58,0.092,0.069,non-ergonomis
2026-06-02 16:33:06.375,2301525831,506375,2,0.75903,0.20972,1.00317,-0.466,1.237,2.053,non-ergonomis
2026-06-02 16:33:06.575,2301526031,506575,1,0.85693,-0.11328,0.44849,-1.519,-0.168,0.221,non-ergonomis
2026-06-02 16:33:06.575,2301526031,506575,2,0.75879,0.20752,0.99683,-0.977,1.275,1.641,non-ergonomis
2026-06-02 16:33:06.775,2301526231,506775,1,0.85083,-0.11328,0.44922,-1.55,0.015,0.427,non-ergonomis
2026-06-02 16:33:06.775,2301526231,506775,2,0.76196,0.20776,0.99561,-0.763,1.115,1.817,non-ergonomis
2026-06-02 16:33:06.975,2301526431,506975,1,0.85547,-0.10913,0.44727,-0.992,-0.061,-0.008,non-ergonomis
2026-06-02 16:33:06.975,2301526431,506975,2,0.75708,0.20825,0.99487,-0.817,1.099,1.504,non-ergonomis
2026-06-02 16:33:06.175,2301525631,507175,1,0.86304,-0.10449,0.44434,-1.733,0.214,-0.015,non-ergonomis
2026-06-02 16:33:06.175,2301525631,507175,2,0.7644,0.20654,1.00171,-0.916,0.863,1.29,non-ergonomis
2026-06-02 16:33:07.375,2301526831,507375,1,0.86108,-0.10449,0.45557,-2.145,0.626,-0.214,non-ergonomis
2026-06-02 16:33:07.375,2301526831,507375,2,0.75488,0.20483,1.00977,-0.763,0.786,1.237,non-ergonomis
2026-06-02 16:33:07.587,2301527043,507587,1,0.85791,-0.10498,0.45239,-2.237,1.015,-0.008,non-ergonomis
2026-06-02 16:33:07.587,2301527043,507587,2,0.75952,0.21167,0.99731,-1.092,0.771,1.137,non-ergonomis
2026-06-02 16:33:07.787,2301527243,507787,1,0.86084,-0.10327,0.45239,-2.13,0.55,-0.168,non-ergonomis
2026-06-02 16:33:07.787,2301527243,507787,2,0.75659,0.20459,0.99487,-1.122,0.71,1.069,non-ergonomis
2026-06-02 16:33:07.997,2301527453,507997,1,0.86963,-0.11548,0.45386,-1.863,0.344,-0.252,non-ergonomis
2026-06-02 16:33:07.997,2301527453,507997,2,0.75513,0.20483,0.99829,-0.534,1.061,1.573,non-ergonomis
2026-06-02 16:33:08.236,2301527692,508236,1,0.85596,-0.10962,0.45825,-1.809,0.443,-0.069,non-ergonomis
2026-06-02 16:33:08.236,2301527692,508236,2,0.75903,0.20142,1.00195,-1.115,1.115,1.229,non-ergonomis
2026-06-02 16:33:08.436,2301527892,508436,1,0.85376,-0.11621,0.44653,-1.893,0.305,-0.13,non-ergonomis
2026-06-02 16:33:08.436,2301527892,508436,2,0.76147,0.21021,0.99731,-1.496,0.58,0.733,non-ergonomis
2026-06-02 16:33:08.639,2301528095,508639,1,0.86108,-0.1084,0.46289,-1.763,0.305,0.137,non-ergonomis
2026-06-02 16:33:08.639,2301528095,508639,2,0.75317,0.20508,0.99707,-0.672,0.863,1.687,non-ergonomis
2026-06-02 16:33:08.841,2301528297,508841,1,0.86987,-0.11328,0.448,-2.008,0.374,-0.038,non-ergonomis
2026-06-02 16:33:08.841,2301528297,508841,2,0.75415,0.21167,1.00415,-0.962,1.176,1.473,non-ergonomis
2026-06-02 16:33:08.041,2301527497,509041,1,0.85669,-0.11353,0.45435,-1.809,0.16,0.237,non-ergonomis
2026-06-02 16:33:08.041,2301527497,509041,2,0.75464,0.21191,0.99292,-1.237,0.924,1.328,non-ergonomis
2026-06-02 16:33:09.247,2301528703,509247,1,0.85547,-0.10718,0.44116,-1.458,-0.168,-0.237,non-ergonomis
2026-06-02 16:33:09.247,2301528703,509247,2,0.76392,0.21021,1.00171,-1.885,0.42,0.618,non-ergonomis
2026-06-02 16:33:09.447,2301528903,509447,1,0.85864,-0.10889,0.44849,-1.397,0.076,0.069,non-ergonomis
2026-06-02 16:33:09.447,2301528903,509447,2,0.76123,0.20996,0.99097,-0.947,0.817,1.389,non-ergonomis
2026-06-02 16:33:09.647,2301529103,509647,1,0.85449,-0.10913,0.44385,-1.756,0.237,-0.015,non-ergonomis
2026-06-02 16:33:09.647,2301529103,509647,2,0.75635,0.20825,1.0061,-0.855,1.405,1.702,non-ergonomis
2026-06-02 16:33:09.847,2301529303,509847,1,0.85913,-0.1062,0.44873,-1.779,0.779,0.115,non-ergonomis
2026-06-02 16:33:09.847,2301529303,509847,2,0.75854,0.21045,1.00513,-0.45,1.16,1.397,non-ergonomis
2026-06-02 16:33:09.047,2301528503,510047,1,0.85669,-0.10938,0.44995,-1.573,0.145,-0.443,non-ergonomis
2026-06-02 16:33:09.047,2301528503,510047,2,0.75586,0.20435,0.99951,-1.466,0.382,0.992,non-ergonomis
2026-06-02 16:33:10.247,2301529703,510247,1,0.8584,-0.11328,0.44507,-1.687,0.328,0.221,non-ergonomis
2026-06-02 16:33:10.247,2301529703,510247,2,0.75439,0.20239,0.98999,-0.641,0.977,1.382,non-ergonomis
2026-06-02 16:33:10.548,2301530004,510548,1,0.85913,-0.11548,0.45068,-1.687,0.748,-0.031,non-ergonomis
2026-06-02 16:33:10.548,2301530004,510548,2,0.75879,0.2019,0.99585,-0.519,1.244,1.328,non-ergonomis
2026-06-02 16:33:10.748,2301530204,510748,1,0.85645,-0.11304,0.46118,-1.802,0.313,-0.038,non-ergonomis
2026-06-02 16:33:10.748,2301530204,510748,2,0.76074,0.20288,1.00488,-1.122,0.649,0.702,non-ergonomis
2026-06-02 16:33:10.952,2301530408,510951,1,0.85596,-0.11328,0.448,-1.58,0.58,-0.42,non-ergonomis
2026-06-02 16:33:10.952,2301530408,510951,2,0.76025,0.21484,1.00464,-1.313,0.55,1.313,non-ergonomis
2026-06-02 16:33:11.310,2301530766,511310,1,0.86035,-0.10547,0.44751,-1.405,0.45,-0.038,non-ergonomis
2026-06-02 16:33:11.310,2301530766,511310,2,0.7561,0.21143,1.00464,-1.382,0.977,1.443,non-ergonomis
2026-06-02 16:33:11.510,2301530966,511510,1,0.86084,-0.09863,0.45459,-1.763,0.26,0.061,non-ergonomis
2026-06-02 16:33:11.510,2301530966,511510,2,0.75439,0.20874,0.99683,-0.992,0.962,1.489,non-ergonomis
2026-06-02 16:33:11.710,2301531166,511710,1,0.85693,-0.10864,0.4563,-1.473,-0.122,0.198,non-ergonomis
2026-06-02 16:33:11.710,2301531166,511710,2,0.75244,0.20728,1.00781,-1.351,0.527,1.115,non-ergonomis
2026-06-02 16:33:11.910,2301531366,511910,1,0.85767,-0.11206,0.44702,-1.756,0.015,-0.122,non-ergonomis
2026-06-02 16:33:11.910,2301531366,511910,2,0.75659,0.20605,1.00537,-0.924,1.427,1.771,non-ergonomis
2026-06-02 16:33:11.110,2301530566,512110,1,0.86182,-0.10986,0.44702,-1.679,0.374,0.084,non-ergonomis
2026-06-02 16:33:11.110,2301530566,512110,2,0.75732,0.20361,1.00244,-1.031,0.71,1.168,non-ergonomis
2026-06-02 16:33:12.310,2301531766,512310,1,0.85791,-0.1167,0.45386,-1.504,0.519,-0.267,non-ergonomis
2026-06-02 16:33:12.310,2301531766,512310,2,0.75391,0.20728,0.99536,-0.641,0.573,1.237,non-ergonomis
2026-06-02 16:33:12.510,2301531966,512510,1,0.86133,-0.09961,0.45313,-2.229,0.29,-0.107,non-ergonomis
2026-06-02 16:33:12.510,2301531966,512510,2,0.75977,0.21069,1.00439,-0.382,1.053,1.519,non-ergonomis
2026-06-02 16:33:12.710,2301532166,512710,1,0.85913,-0.10913,0.44385,-1.962,0.672,-0.115,non-ergonomis
2026-06-02 16:33:12.710,2301532166,512710,2,0.76367,0.20679,0.99683,-0.344,1.336,1.931,non-ergonomis
2026-06-02 16:33:12.910,2301532366,512910,1,0.86304,-0.10767,0.44775,-1.275,0.985,-0.084,non-ergonomis
2026-06-02 16:33:12.910,2301532366,512910,2,0.76001,0.20557,1.00073,-1.672,0.71,0.458,non-ergonomis
2026-06-02 16:33:12.110,2301531566,513110,1,0.84399,-0.11084,0.44849,-1.557,0.244,-0.168,non-ergonomis
2026-06-02 16:33:12.110,2301531566,513110,2,0.7561,0.20435,1.00928,-1.466,0.458,0.893,non-ergonomis
2026-06-02 16:33:13.310,2301532766,513310,1,0.8606,-0.11084,0.448,-1.519,0.481,-0.313,non-ergonomis
2026-06-02 16:33:13.310,2301532766,513310,2,0.76099,0.21265,0.99292,-0.305,0.756,0.931,non-ergonomis
2026-06-02 16:33:13.510,2301532966,513510,1,0.8562,-0.11304,0.45117,-1.863,0.382,0.198,non-ergonomis
2026-06-02 16:33:13.510,2301532966,513510,2,0.76025,0.21362,0.99268,-0.153,1.397,2.038,non-ergonomis
2026-06-02 16:33:13.710,2301533166,513710,1,0.85254,-0.11572,0.44922,0.603,0.305,1.947,non-ergonomis
2026-06-02 16:33:13.710,2301533166,513710,2,0.75952,0.21191,0.99194,1.893,1.679,4.229,non-ergonomis
2026-06-02 16:33:13.910,2301533366,513910,1,0.85498,-0.11987,0.44702,-3.672,0.466,0.733,non-ergonomis
2026-06-02 16:33:13.910,2301533366,513910,2,0.75952,0.19897,1.02002,-1.802,1.183,1.954,non-ergonomis
2026-06-02 16:33:13.110,2301532566,514110,1,0.84302,-0.11646,0.45386,-0.473,-0.74,0.542,non-ergonomis
2026-06-02 16:33:13.110,2301532566,514110,2,0.75586,0.2063,1.01489,-0.595,1.115,2.176,non-ergonomis
2026-06-02 16:33:14.310,2301533766,514310,1,0.85645,-0.11572,0.44873,-0.13,-0.344,-0.878,non-ergonomis
2026-06-02 16:33:14.310,2301533766,514310,2,0.74854,0.18677,1.01294,-0.214,0.573,2.832,non-ergonomis
2026-06-02 16:33:14.510,2301533966,514510,1,0.86157,-0.11694,0.43677,-2.595,-0.893,0.702,non-ergonomis
2026-06-02 16:33:14.510,2301533966,514510,2,0.76953,0.19995,0.99731,0.328,1.038,2.389,non-ergonomis
2026-06-02 16:33:14.710,2301534166,514710,1,0.86279,-0.09912,0.45776,1.031,0.389,-1.702,non-ergonomis
2026-06-02 16:33:14.710,2301534166,514710,2,0.76147,0.19922,0.99072,-1.74,0.229,-1.198,non-ergonomis
2026-06-02 16:33:14.910,2301534366,514910,1,0.85913,-0.09106,0.45142,0.603,2.885,-1.534,non-ergonomis
2026-06-02 16:33:14.910,2301534366,514910,2,0.75659,0.20654,0.99146,0.954,1.527,1.924,non-ergonomis
2026-06-02 16:33:14.110,2301533566,515110,1,0.84985,-0.09619,0.46094,-0.412,0.275,-2.992,non-ergonomis
2026-06-02 16:33:14.110,2301533566,515110,2,0.76025,0.21387,0.99829,-1.084,-0.229,0.198,non-ergonomis
2026-06-02 16:33:15.310,2301534766,515310,1,0.86377,-0.08154,0.45972,1.023,0.893,-1.504,non-ergonomis
2026-06-02 16:33:15.310,2301534766,515310,2,0.75122,0.21436,0.98877,-0.832,0.374,1.191,non-ergonomis
2026-06-02 16:33:15.510,2301534966,515510,1,0.8584,-0.07837,0.46021,-5.099,1.038,-0.397,non-ergonomis
2026-06-02 16:33:15.510,2301534966,515510,2,0.76538,0.2063,0.99097,-1.664,1.076,1.237,non-ergonomis
2026-06-02 16:33:15.710,2301535166,515710,1,0.85962,-0.07617,0.45752,-0.985,0.427,0.229,non-ergonomis
2026-06-02 16:33:15.710,2301535166,515710,2,0.75586,0.21655,0.98657,-1.107,1.153,1.275,non-ergonomis
2026-06-02 16:33:15.910,2301535366,515910,1,0.86206,-0.0813,0.45605,-2.313,0.42,0.183,non-ergonomis
2026-06-02 16:33:15.910,2301535366,515910,2,0.76172,0.20776,0.99146,-0.344,1.214,1.748,non-ergonomis
2026-06-02 16:33:15.110,2301534566,516110,1,0.854,-0.08423,0.45361,-2.191,0.198,-0.198,non-ergonomis
2026-06-02 16:33:15.110,2301534566,516110,2,0.75903,0.20972,0.99121,-0.824,0.725,1.366,non-ergonomis
2026-06-02 16:33:16.310,2301535766,516310,1,0.85815,-0.0874,0.46118,-1.969,0.435,-0.374,non-ergonomis
2026-06-02 16:33:16.310,2301535766,516310,2,0.7627,0.20898,0.99243,-1.183,0.634,0.878,non-ergonomis
2026-06-02 16:33:16.510,2301535966,516510,1,0.85693,-0.07983,0.4563,-1.565,0.382,-0.214,non-ergonomis
2026-06-02 16:33:16.510,2301535966,516510,2,0.75708,0.21191,0.99585,-1.115,0.74,1.153,non-ergonomis
2026-06-02 16:33:16.710,2301536166,516710,1,0.85327,-0.08301,0.46094,-1.794,-0.168,-0.053,non-ergonomis
2026-06-02 16:33:16.710,2301536166,516710,2,0.75879,0.20947,0.99463,-0.924,1.076,1.664,non-ergonomis
2026-06-02 16:33:16.910,2301536366,516910,1,0.85938,-0.08862,0.45435,-1.244,-0.206,0.198,non-ergonomis
2026-06-02 16:33:16.910,2301536366,516910,2,0.75464,0.21802,0.99927,-1.336,0.924,1.779,non-ergonomis
2026-06-02 16:33:16.110,2301535566,517110,1,0.84985,-0.0813,0.45313,-1.893,0.061,0.641,non-ergonomis
2026-06-02 16:33:16.110,2301535566,517110,2,0.75513,0.21411,0.99512,-0.824,1.084,1.832,non-ergonomis
2026-06-02 16:33:17.310,2301536766,517310,1,0.85376,-0.0835,0.45508,-1.924,0.122,0.351,non-ergonomis
2026-06-02 16:33:17.310,2301536766,517310,2,0.75635,0.20581,0.99683,-1.794,0.908,1.076,non-ergonomis
2026-06-02 16:33:17.510,2301536966,517510,1,0.85083,-0.08228,0.45532,-1.656,0.733,0.084,non-ergonomis
2026-06-02 16:33:17.510,2301536966,517510,2,0.75684,0.21143,0.99463,-0.603,1.229,1.298,non-ergonomis
2026-06-02 16:33:17.710,2301537166,517710,1,0.8479,-0.08008,0.44824,-1.626,0.405,-0.351,non-ergonomis
2026-06-02 16:33:17.710,2301537166,517710,2,0.75488,0.20947,0.9978,-1.504,0.71,0.603,non-ergonomis
2026-06-02 16:33:17.910,2301537366,517910,1,0.85205,-0.08472,0.4668,-1.672,0.802,-0.519,non-ergonomis
2026-06-02 16:33:17.910,2301537366,517910,2,0.75293,0.21069,0.99121,-0.618,0.779,1.198,non-ergonomis
2026-06-02 16:33:17.110,2301536566,518110,1,0.85645,-0.08569,0.46143,-1.992,0.534,-0.534,non-ergonomis
2026-06-02 16:33:17.110,2301536566,518110,2,0.7605,0.20825,0.99976,-0.42,0.954,1.282,non-ergonomis
2026-06-02 16:33:18.310,2301537766,518310,1,0.85205,-0.07617,0.45679,-1.664,0.443,-0.076,non-ergonomis
2026-06-02 16:33:18.310,2301537766,518310,2,0.75806,0.21338,0.99268,-0.389,1.015,1.534,non-ergonomis
2026-06-02 16:33:18.510,2301537966,518510,1,0.85425,-0.0752,0.46118,-1.58,0.565,-0.031,non-ergonomis
2026-06-02 16:33:18.510,2301537966,518510,2,0.75928,0.21558,0.99561,-0.26,1.321,1.931,non-ergonomis
2026-06-02 16:33:18.710,2301538166,518710,1,0.84448,-0.08105,0.46069,-1.924,0.679,0.191,non-ergonomis
2026-06-02 16:33:18.710,2301538166,518710,2,0.75781,0.2124,0.99731,-1.046,1.29,1.626,non-ergonomis
2026-06-02 16:33:18.910,2301538366,518910,1,0.84741,-0.08423,0.4729,-1.427,0.443,-0.015,non-ergonomis
2026-06-02 16:33:18.910,2301538366,518910,2,0.75171,0.21753,0.99731,-0.947,0.863,1.366,non-ergonomis
2026-06-02 16:33:18.110,2301537566,519110,1,0.85254,-0.08423,0.45654,-1.916,0.351,0.038,non-ergonomis
2026-06-02 16:33:18.110,2301537566,519110,2,0.75562,0.21118,1.00122,-0.634,0.916,1.588,non-ergonomis
2026-06-02 16:33:19.310,2301538766,519310,1,0.8501,-0.0791,0.46753,-1.328,0.153,-0.221,non-ergonomis
2026-06-02 16:33:19.310,2301538766,519310,2,0.75879,0.21582,1.00098,-1.74,0.687,0.969,non-ergonomis
2026-06-02 16:33:19.510,2301538966,519510,1,0.8501,-0.08081,0.45654,-1.382,-0.122,-0.176,non-ergonomis
2026-06-02 16:33:19.510,2301538966,519510,2,0.75708,0.21216,0.9895,-0.817,0.954,1.763,non-ergonomis
2026-06-02 16:33:19.710,2301539166,519710,1,0.85498,-0.08813,0.46191,-1.321,0.214,-0.13,non-ergonomis
2026-06-02 16:33:19.710,2301539166,519710,2,0.75391,0.20557,1.00464,-1.176,1.115,1.122,non-ergonomis
2026-06-02 16:33:19.910,2301539366,519910,1,0.854,-0.07983,0.45874,-1.412,0.168,0.229,non-ergonomis
2026-06-02 16:33:19.910,2301539366,519910,2,0.75732,0.20776,1.00439,-1.26,1.244,1.13,non-ergonomis
2026-06-02 16:33:19.110,2301538566,520110,1,0.84985,-0.08081,0.45825,-1.542,-0.359,0.191,non-ergonomis
2026-06-02 16:33:19.110,2301538566,520110,2,0.74634,0.2085,0.99219,-1.832,0.603,0.809,non-ergonomis
2026-06-02 16:33:20.310,2301539766,520310,1,0.85132,-0.08057,0.45581,-1.954,0.435,0.221,non-ergonomis
2026-06-02 16:33:20.310,2301539766,520310,2,0.75708,0.21558,1.00439,-0.061,1.153,2.397,non-ergonomis
2026-06-02 16:33:20.510,2301539966,520510,1,0.85449,-0.08228,0.46655,-2.115,0.641,-0.038,non-ergonomis
2026-06-02 16:33:20.510,2301539966,520510,2,0.75854,0.20972,0.9978,-0.939,1.145,1.191,non-ergonomis
2026-06-02 16:33:20.710,2301540166,520710,1,0.85205,-0.07813,0.45264,-1.939,0.695,-0.374,non-ergonomis
2026-06-02 16:33:20.710,2301540166,520710,2,0.75977,0.21191,0.99561,-0.244,1.069,1.534,non-ergonomis
2026-06-02 16:33:20.910,2301540366,520910,1,0.84912,-0.08618,0.45923,-1.855,0.282,-0.16,non-ergonomis
2026-06-02 16:33:20.910,2301540366,520910,2,0.76196,0.20288,1.00024,-1.023,0.061,0.969,non-ergonomis
2026-06-02 16:33:20.110,2301539566,521110,1,0.85278,-0.06958,0.45337,-2.611,1.389,1.076,non-ergonomis
2026-06-02 16:33:20.110,2301539566,521110,2,0.76318,0.21484,0.99048,0.244,1.427,2.443,non-ergonomis
2026-06-02 16:33:21.310,2301540766,521310,1,0.85303,-0.08325,0.45728,-2.611,-0.542,-0.16,non-ergonomis
2026-06-02 16:33:21.310,2301540766,521310,2,0.7627,0.20654,1.00586,-2.168,0.214,0.145,non-ergonomis
2026-06-02 16:33:21.510,2301540966,521510,1,0.85132,-0.08276,0.45728,-1.305,-0.16,0.542,non-ergonomis
2026-06-02 16:33:21.510,2301540966,521510,2,0.75781,0.2168,0.99561,0.046,0.908,2.87,non-ergonomis
2026-06-02 16:33:21.710,2301541166,521710,1,0.85425,-0.09375,0.46777,-2.458,0.435,-0.153,non-ergonomis
2026-06-02 16:33:21.710,2301541166,521710,2,0.76025,0.20728,1.00415,-1.611,0.656,1.031,non-ergonomis
2026-06-02 16:33:21.910,2301541366,521910,1,0.85327,-0.08838,0.45874,-1.756,0.084,0.244,non-ergonomis
2026-06-02 16:33:21.910,2301541366,521910,2,0.75391,0.20825,0.99829,-0.427,1.573,1.74,non-ergonomis
2026-06-02 16:33:21.110,2301540566,522110,1,0.85913,-0.09326,0.46411,-3.298,0.237,-1.023,non-ergonomis
2026-06-02 16:33:21.110,2301540566,522110,2,0.76367,0.19312,1.00293,-2.824,0.664,0.16,non-ergonomis
2026-06-02 16:33:22.310,2301541766,522310,1,0.85522,-0.0835,0.45435,-1.595,-0.023,0.298,non-ergonomis
2026-06-02 16:33:22.310,2301541766,522310,2,0.75757,0.21191,0.99292,-0.489,0.618,2.015,non-ergonomis
2026-06-02 16:33:22.536,2301541992,522536,1,0.85913,-0.08887,0.45728,-1.29,-0.153,-0.038,non-ergonomis
2026-06-02 16:33:22.536,2301541992,522536,2,0.75928,0.21045,0.99146,-0.359,1.191,1.504,non-ergonomis
2026-06-02 16:33:22.763,2301542219,522763,1,0.86084,-0.08862,0.45752,-2.076,0.641,0.137,non-ergonomis
2026-06-02 16:33:22.763,2301542219,522763,2,0.76367,0.21045,0.99585,-0.695,1.214,1.962,non-ergonomis
2026-06-02 16:33:22.963,2301542419,522963,1,0.85083,-0.08887,0.45435,-2.069,0.763,0.183,non-ergonomis
2026-06-02 16:33:22.963,2301542419,522963,2,0.76074,0.20728,0.99829,-0.427,1.458,1.779,non-ergonomis
2026-06-02 16:33:22.163,2301541619,523163,1,0.85889,-0.09375,0.45776,-2.015,0.427,0.008,non-ergonomis
2026-06-02 16:33:22.163,2301541619,523163,2,0.75952,0.20825,1.00366,-1.137,0.794,0.824,non-ergonomis
2026-06-02 16:33:23.366,2301542822,523366,1,0.84961,-0.09668,0.4519,-1.702,0.534,-0.183,non-ergonomis
2026-06-02 16:33:23.366,2301542822,523366,2,0.7561,0.21094,0.99731,-0.756,0.702,1.557,non-ergonomis
2026-06-02 16:33:23.623,2301543079,523622,1,0.85059,-0.09448,0.45459,-1.977,0.573,-0.137,non-ergonomis
2026-06-02 16:33:23.623,2301543079,523622,2,0.76074,0.20947,1.00269,-0.916,0.885,1.244,non-ergonomis
2026-06-02 16:33:23.887,2301543343,523887,1,0.84863,-0.09692,0.45923,-1.634,0.626,-0.145,non-ergonomis
2026-06-02 16:33:23.887,2301543343,523887,2,0.75562,0.2124,0.99414,-0.397,1.168,1.87,non-ergonomis
2026-06-02 16:33:23.087,2301542543,524087,1,0.85474,-0.08984,0.46191,-2.099,0.038,0.038,non-ergonomis
2026-06-02 16:33:23.087,2301542543,524087,2,0.75684,0.20483,0.99438,-1.076,0.679,1.71,non-ergonomis
2026-06-02 16:33:24.323,2301543779,524323,1,0.84985,-0.09351,0.4563,-1.84,-0.26,0.176,non-ergonomis
2026-06-02 16:33:24.323,2301543779,524323,2,0.75757,0.21069,1.00366,-1.168,1.038,1.328,non-ergonomis
2026-06-02 16:33:24.573,2301544029,524573,1,0.85376,-0.09399,0.46484,-1.588,0.237,0.053,non-ergonomis
2026-06-02 16:33:24.573,2301544029,524573,2,0.76025,0.21021,1.00146,-0.71,1.443,1.817,non-ergonomis
2026-06-02 16:33:24.830,2301544286,524830,1,0.85522,-0.09277,0.45239,-1.435,-0.076,,non-ergonomis
2026-06-02 16:33:24.830,2301544286,524830,2,0.76343,0.20801,1.00244,-1.267,0.855,0.985,non-ergonomis
2026-06-02 16:33:24.030,2301543486,525030,1,0.85181,-0.09888,0.45288,-2.008,0.435,-0.038,non-ergonomis
2026-06-02 16:33:24.030,2301543486,525030,2,0.75854,0.20801,0.99878,0.031,1.305,1.916,non-ergonomis
2026-06-02 16:33:25.230,2301544686,525230,1,0.85327,-0.10059,0.46118,-2.214,0.794,0.099,non-ergonomis
2026-06-02 16:33:25.230,2301544686,525230,2,0.75928,0.20972,0.99561,-1.595,0.649,0.931,non-ergonomis
2026-06-02 16:33:25.430,2301544886,525430,1,0.85205,-0.08911,0.46289,-4.466,-0.779,2.061,non-ergonomis
2026-06-02 16:33:25.430,2301544886,525430,2,0.76196,0.20435,0.99268,0.092,1.992,3.916,non-ergonomis
2026-06-02 16:33:25.630,2301545086,525630,1,0.86621,-0.13501,0.4563,-1.565,2.649,-2.634,non-ergonomis
2026-06-02 16:33:25.630,2301545086,525630,2,0.7561,0.18799,1.00684,-1.397,0.275,-0.588,non-ergonomis
2026-06-02 16:33:25.830,2301545286,525830,1,0.84619,-0.09937,0.46167,-1.527,1.496,-0.099,non-ergonomis
2026-06-02 16:33:25.830,2301545286,525830,2,0.75195,0.21875,1.00732,-1.153,0.809,-0.176,non-ergonomis
2026-06-02 16:33:25.030,2301544486,526030,1,0.84448,-0.09253,0.46338,-1.183,0.855,-0.962,non-ergonomis
2026-06-02 16:33:25.030,2301544486,526030,2,0.75708,0.21118,1.00732,-0.153,1.053,1.16,non-ergonomis
2026-06-02 16:33:26.230,2301545686,526230,1,0.84619,-0.0957,0.45483,-1.321,0.542,0.29,non-ergonomis
2026-06-02 16:33:26.230,2301545686,526230,2,0.75269,0.21387,1.00024,-0.435,1.168,2.244,non-ergonomis
2026-06-02 16:33:26.430,2301545886,526430,1,0.85303,-0.10327,0.46338,-1.977,0.221,0.382,non-ergonomis
2026-06-02 16:33:26.430,2301545886,526430,2,0.75415,0.21045,1.00195,-0.885,0.985,1.588,non-ergonomis
2026-06-02 16:33:26.630,2301546086,526630,1,0.85181,-0.10449,0.45898,-1.908,-0.038,0.206,non-ergonomis
2026-06-02 16:33:26.630,2301546086,526630,2,0.75781,0.20728,1.0083,-0.947,1.267,1.656,non-ergonomis
2026-06-02 16:33:26.830,2301546286,526830,1,0.85107,-0.10083,0.46533,-1.664,-0.046,0.29,non-ergonomis
2026-06-02 16:33:26.830,2301546286,526830,2,0.7583,0.2085,1.00073,-1.122,0.542,1.237,non-ergonomis
2026-06-02 16:33:26.030,2301545486,527030,1,0.84912,-0.10571,0.46826,-1.42,-0.122,-0.664,non-ergonomis
2026-06-02 16:33:26.030,2301545486,527030,2,0.75342,0.21313,0.99854,-0.733,0.855,1.618,non-ergonomis
2026-06-02 16:33:27.230,2301546686,527230,1,0.84888,-0.10156,0.45654,-1.519,-0.359,-0.099,non-ergonomis
2026-06-02 16:33:27.230,2301546686,527230,2,0.76245,0.20288,1.00537,-1.794,0.115,0.863,non-ergonomis
2026-06-02 16:33:27.430,2301546886,527430,1,0.854,-0.09717,0.45605,-1.725,-0.29,-0.038,non-ergonomis
2026-06-02 16:33:27.430,2301546886,527430,2,0.75635,0.20825,0.99609,-0.573,0.931,1.908,non-ergonomis
2026-06-02 16:33:27.630,2301547086,527630,1,0.85034,-0.10645,0.45557,-1.656,0.427,-0.038,non-ergonomis
2026-06-02 16:33:27.630,2301547086,527630,2,0.75903,0.20654,1.0083,-0.779,1.038,1.389,non-ergonomis
2026-06-02 16:33:27.830,2301547286,527830,1,0.85034,-0.10083,0.45264,-1.71,0.679,0.13,non-ergonomis
2026-06-02 16:33:27.830,2301547286,527830,2,0.75977,0.20972,0.99658,-0.313,1.198,1.672,non-ergonomis
2026-06-02 16:33:27.030,2301546486,528030,1,0.85547,-0.1062,0.45801,-1.71,1.092,0.015,non-ergonomis
2026-06-02 16:33:27.030,2301546486,528030,2,0.75781,0.21509,0.99072,-1.084,0.702,1.038,non-ergonomis
2026-06-02 16:33:28.230,2301547686,528230,1,0.85474,-0.10791,0.46216,-2.153,0.389,-0.237,non-ergonomis
2026-06-02 16:33:28.230,2301547686,528230,2,0.7561,0.20117,1.0,-0.878,0.84,1.351,non-ergonomis
2026-06-02 16:33:28.430,2301547886,528430,1,0.84717,-0.10522,0.45898,-1.595,0.435,-0.122,non-ergonomis
2026-06-02 16:33:28.430,2301547886,528430,2,0.75977,0.20898,0.99609,-0.282,1.0,1.534,non-ergonomis
2026-06-02 16:33:28.630,2301548086,528630,1,0.85107,-0.09961,0.46606,-1.679,0.305,-0.42,non-ergonomis
2026-06-02 16:33:28.630,2301548086,528630,2,0.75806,0.20679,1.00537,-1.473,0.679,0.87,non-ergonomis
2026-06-02 16:33:28.830,2301548286,528830,1,0.84814,-0.10376,0.45874,-1.771,0.405,0.107,non-ergonomis
2026-06-02 16:33:28.830,2301548286,528830,2,0.75464,0.20801,0.99756,-0.618,1.16,1.763,non-ergonomis
2026-06-02 16:33:28.053,2301547509,529053,1,0.85059,-0.10718,0.45728,-1.725,0.588,,non-ergonomis
2026-06-02 16:33:28.053,2301547509,529053,2,0.75757,0.21533,0.99683,-1.107,0.687,1.511,non-ergonomis
2026-06-02 16:33:29.398,2301548854,529398,1,0.84644,-0.09937,0.45947,-1.496,-0.252,-0.076,non-ergonomis
2026-06-02 16:33:29.398,2301548854,529398,2,0.7583,0.21118,0.99146,-1.817,0.733,0.908,non-ergonomis
2026-06-02 16:33:29.598,2301549054,529598,1,0.85205,-0.1106,0.45654,-1.534,-0.168,0.168,non-ergonomis
2026-06-02 16:33:29.598,2301549054,529598,2,0.76196,0.20239,1.00952,-0.893,0.893,1.809,non-ergonomis
2026-06-02 16:33:29.798,2301549254,529798,1,0.85278,-0.09961,0.45239,-1.756,0.008,-0.061,non-ergonomis
2026-06-02 16:33:29.798,2301549254,529798,2,0.74878,0.20654,1.00049,-0.992,0.885,1.641,non-ergonomis
2026-06-02 16:33:29.998,2301549454,529998,1,0.8562,-0.09888,0.45923,-2.0,0.618,0.008,non-ergonomis
2026-06-02 16:33:29.998,2301549454,529998,2,0.75903,0.20923,1.00195,-0.244,0.962,1.84,non-ergonomis
2026-06-02 16:33:29.198,2301548654,530198,1,0.85522,-0.09888,0.46191,-2.046,0.611,-0.137,non-ergonomis
2026-06-02 16:33:29.198,2301548654,530198,2,0.75293,0.20557,0.99023,-1.038,0.817,0.977,non-ergonomis
2026-06-02 16:33:30.499,2301549955,530499,1,0.85938,-0.10474,0.45801,-3.55,0.252,-0.008,non-ergonomis
2026-06-02 16:33:30.499,2301549955,530499,2,0.75806,0.20557,1.01831,-0.55,1.244,0.985,non-ergonomis
2026-06-02 16:33:30.728,2301550184,530728,1,0.85303,-0.10034,0.45532,-2.137,0.718,-0.221,non-ergonomis
2026-06-02 16:33:30.728,2301550184,530728,2,0.76001,0.20996,1.01074,-0.649,0.786,1.069,non-ergonomis
2026-06-02 16:33:30.928,2301550384,530928,1,0.84839,-0.1062,0.44971,-2.069,0.328,-0.374,non-ergonomis
2026-06-02 16:33:30.928,2301550384,530928,2,0.75732,0.20898,1.00342,-1.008,0.748,1.221,non-ergonomis
2026-06-02 16:33:30.175,2301549631,531175,1,0.85522,-0.10815,0.4646,-2.42,-0.038,0.038,non-ergonomis
2026-06-02 16:33:30.175,2301549631,531175,2,0.75928,0.20264,1.00244,-0.229,1.176,2.198,non-ergonomis
2026-06-02 16:33:31.375,2301550831,531375,1,0.85596,-0.10498,0.46313,-1.679,0.466,-0.122,non-ergonomis
2026-06-02 16:33:31.375,2301550831,531375,2,0.75562,0.20557,0.99487,-1.206,1.084,1.183,non-ergonomis
2026-06-02 16:33:31.575,2301551031,531575,1,0.85205,-0.10425,0.45752,-1.786,0.16,0.244,non-ergonomis
2026-06-02 16:33:31.575,2301551031,531575,2,0.75806,0.20435,0.99927,-1.328,0.809,1.267,non-ergonomis
2026-06-02 16:33:31.775,2301551231,531775,1,0.85815,-0.1272,0.45215,-3.076,0.779,-0.344,non-ergonomis
2026-06-02 16:33:31.775,2301551231,531775,2,0.75562,0.19702,1.01001,-0.282,1.092,0.931,non-ergonomis
2026-06-02 16:33:31.975,2301551431,531975,1,0.85571,-0.10474,0.44824,-1.687,-0.176,0.145,non-ergonomis
2026-06-02 16:33:31.975,2301551431,531975,2,0.75488,0.20996,0.99536,-0.817,0.878,0.832,non-ergonomis
2026-06-02 16:33:31.175,2301550631,532175,1,0.86011,-0.10596,0.45264,-0.351,0.015,-0.321,non-ergonomis
2026-06-02 16:33:31.175,2301550631,532175,2,0.75537,0.21045,0.99902,0.496,2.122,2.916,non-ergonomis
2026-06-02 16:33:32.375,2301551831,532375,1,0.85107,-0.10376,0.45313,-2.29,0.046,0.603,non-ergonomis
2026-06-02 16:33:32.375,2301551831,532375,2,0.76563,0.20874,1.00439,0.053,1.74,2.534,non-ergonomis
2026-06-02 16:33:32.575,2301552031,532575,1,0.84937,-0.11719,0.45679,-2.031,1.015,-0.237,non-ergonomis
2026-06-02 16:33:32.575,2301552031,532575,2,0.75415,0.20386,1.01685,-1.359,0.885,1.351,non-ergonomis
2026-06-02 16:33:32.775,2301552231,532775,1,0.84619,-0.11328,0.44775,-2.695,-1.229,-0.595,non-ergonomis
2026-06-02 16:33:32.775,2301552231,532775,2,0.76025,0.20068,1.00049,0.504,2.42,0.527,non-ergonomis
2026-06-02 16:33:32.975,2301552431,532975,1,0.85425,-0.09082,0.48901,-1.534,0.786,0.031,non-ergonomis
2026-06-02 16:33:32.975,2301552431,532975,2,0.74268,0.21167,1.00317,-3.26,-0.382,-0.092,non-ergonomis
2026-06-02 16:33:32.175,2301551631,533175,1,0.84985,-0.11304,0.46436,-2.107,1.794,-0.847,non-ergonomis
2026-06-02 16:33:32.175,2301551631,533175,2,0.76172,0.21069,0.99536,0.237,0.901,3.031,non-ergonomis
2026-06-02 16:33:33.375,2301552831,533375,1,0.85815,-0.10669,0.45093,-0.832,0.183,0.252,non-ergonomis
2026-06-02 16:33:33.375,2301552831,533375,2,0.76099,0.21265,0.99023,-0.534,1.176,2.206,non-ergonomis
2026-06-02 16:33:33.575,2301553031,533575,1,0.85327,-0.11328,0.45386,-1.847,0.802,0.389,non-ergonomis
2026-06-02 16:33:33.575,2301553031,533575,2,0.75781,0.20239,0.99927,-0.893,1.275,1.0,non-ergonomis
2026-06-02 16:33:33.791,2301553247,533791,1,0.85596,-0.11523,0.45435,-1.061,1.137,-0.466,non-ergonomis
2026-06-02 16:33:33.791,2301553247,533791,2,0.75708,0.20825,0.99927,-0.611,0.985,1.176,non-ergonomis
2026-06-02 16:33:33.991,2301553447,533991,1,0.86255,-0.09668,0.45532,-1.824,3.229,-1.756,non-ergonomis
2026-06-02 16:33:33.991,2301553447,533991,2,0.74731,0.20532,1.00146,-3.16,-2.046,-0.992,non-ergonomis
2026-06-02 16:33:33.191,2301552647,534191,1,0.84961,-0.07715,0.45093,2.611,0.344,1.298,non-ergonomis
2026-06-02 16:33:33.191,2301552647,534191,2,0.7478,0.19824,1.01489,-1.595,-0.359,1.26,non-ergonomis
2026-06-02 16:33:34.391,2301553847,534391,1,0.85132,-0.08496,0.46509,0.748,-0.183,1.061,non-ergonomis
2026-06-02 16:33:34.391,2301553847,534391,2,0.76147,0.20483,0.99609,-1.031,1.542,4.267,non-ergonomis
2026-06-02 16:33:34.591,2301554047,534591,1,0.84741,-0.10645,0.4585,-2.023,-1.374,2.45,non-ergonomis
2026-06-02 16:33:34.591,2301554047,534591,2,0.75366,0.20239,0.99463,-1.58,0.687,2.885,non-ergonomis
2026-06-02 16:33:34.791,2301554247,534791,1,0.86694,-0.10962,0.44653,-0.939,-0.458,0.847,non-ergonomis
2026-06-02 16:33:34.791,2301554247,534791,2,0.76318,0.19873,0.9917,-1.099,0.382,1.504,non-ergonomis
2026-06-02 16:33:34.991,2301554447,534991,1,0.86279,-0.09814,0.45508,-2.183,0.534,-1.275,non-ergonomis
2026-06-02 16:33:34.991,2301554447,534991,2,0.76172,0.19824,1.00562,-0.275,1.58,0.962,non-ergonomis
2026-06-02 16:33:34.191,2301553647,535191,1,0.85645,-0.10522,0.45776,-1.443,1.275,-1.099,non-ergonomis
2026-06-02 16:33:34.191,2301553647,535191,2,0.75708,0.20483,0.98901,-1.809,0.008,-1.45,non-ergonomis
2026-06-02 16:33:35.391,2301554847,535391,1,0.84741,-0.08594,0.4624,-2.168,1.183,-1.618,non-ergonomis
2026-06-02 16:33:35.391,2301554847,535391,2,0.75513,0.21191,1.00269,-0.534,1.015,0.977,non-ergonomis
2026-06-02 16:33:35.591,2301555047,535591,1,0.85303,-0.08643,0.46777,-1.321,1.008,-0.763,non-ergonomis
2026-06-02 16:33:35.591,2301555047,535591,2,0.76465,0.21143,0.98828,-0.916,0.313,0.595,non-ergonomis
2026-06-02 16:33:35.791,2301555247,535791,1,0.84937,-0.08398,0.45776,-2.015,0.733,-0.42,non-ergonomis
2026-06-02 16:33:35.791,2301555247,535791,2,0.7583,0.21509,0.99536,0.321,1.733,1.992,non-ergonomis
2026-06-02 16:33:35.991,2301555447,535991,1,0.8479,-0.0918,0.46899,-0.725,-0.282,0.466,non-ergonomis
2026-06-02 16:33:35.991,2301555447,535991,2,0.77661,0.21289,1.01367,-3.794,-3.282,0.427,non-ergonomis
2026-06-02 16:33:35.191,2301554647,536191,1,0.84302,-0.10815,0.45288,-0.641,-1.527,-3.679,non-ergonomis
2026-06-02 16:33:35.191,2301554647,536191,2,0.74609,0.19995,0.99683,3.504,-0.229,0.916,non-ergonomis
2026-06-02 16:33:36.391,2301555847,536391,1,0.84619,-0.07886,0.4707,7.229,1.832,3.71,non-ergonomis
2026-06-02 16:33:36.391,2301555847,536391,2,0.80273,0.27124,0.93994,2.885,3.176,2.855,non-ergonomis
2026-06-02 16:33:36.591,2301556047,536591,1,0.8501,-0.09082,0.47437,-1.809,0.55,3.802,non-ergonomis
2026-06-02 16:33:36.591,2301556047,536591,2,0.76758,0.25269,0.96143,-1.42,0.756,1.954,non-ergonomis
2026-06-02 16:33:36.826,2301556282,536826,1,0.84595,-0.0769,0.45483,1.931,2.55,-0.305,non-ergonomis
2026-06-02 16:33:36.826,2301556282,536826,2,0.75073,0.24194,0.98608,-2.779,2.252,-1.511,non-ergonomis
2026-06-02 16:33:36.026,2301555482,537026,1,0.86426,-0.05444,0.45361,-3.519,1.908,-0.588,non-ergonomis
2026-06-02 16:33:36.026,2301555482,537026,2,0.74951,0.23022,0.99097,-5.298,0.221,-1.374,non-ergonomis
2026-06-02 16:33:37.226,2301556682,537226,1,0.84375,-0.08447,0.46045,-2.458,1.26,0.817,non-ergonomis
2026-06-02 16:33:37.226,2301556682,537226,2,0.75635,0.24609,0.9812,-1.145,0.405,1.137,non-ergonomis
2026-06-02 16:33:37.426,2301556882,537426,1,0.84814,-0.06055,0.46143,-2.122,0.42,-2.198,non-ergonomis
2026-06-02 16:33:37.426,2301556882,537426,2,0.75244,0.22949,0.99878,0.031,1.145,2.779,non-ergonomis
2026-06-02 16:33:37.626,2301557082,537626,1,0.85107,-0.07275,0.45508,-1.359,0.275,1.679,non-ergonomis
2026-06-02 16:33:37.626,2301557082,537626,2,0.75879,0.23364,0.98608,-0.389,1.137,1.504,non-ergonomis
2026-06-02 16:33:37.826,2301557282,537826,1,0.85767,-0.07861,0.46411,-2.366,0.214,0.092,non-ergonomis
2026-06-02 16:33:37.826,2301557282,537826,2,0.75879,0.22778,0.98706,-0.763,1.489,2.008,non-ergonomis
2026-06-02 16:33:37.026,2301556482,538026,1,0.85034,-0.07544,0.4668,-1.534,0.641,0.053,non-ergonomis
2026-06-02 16:33:37.026,2301556482,538026,2,0.75757,0.22437,0.99683,-0.58,1.519,1.504,non-ergonomis
2026-06-02 16:33:38.226,2301557682,538226,1,0.85229,-0.07642,0.47363,-2.191,0.931,-0.122,non-ergonomis
2026-06-02 16:33:38.226,2301557682,538226,2,0.75171,0.23071,0.99316,-1.565,1.076,1.061,non-ergonomis
2026-06-02 16:33:38.429,2301557885,538429,1,0.8562,-0.07837,0.46753,-1.847,0.42,0.069,non-ergonomis
2026-06-02 16:33:38.429,2301557885,538429,2,0.75928,0.23047,0.99756,-1.427,0.954,1.16,non-ergonomis
2026-06-02 16:33:38.629,2301558085,538629,1,0.85107,-0.0813,0.45898,-1.649,-0.313,0.038,non-ergonomis
2026-06-02 16:33:38.629,2301558085,538629,2,0.7627,0.2229,0.99683,-1.496,0.611,1.206,non-ergonomis
2026-06-02 16:33:38.829,2301558285,538829,1,0.85156,-0.08301,0.47021,-1.55,-0.115,-0.031,non-ergonomis
2026-06-02 16:33:38.829,2301558285,538829,2,0.76025,0.23022,0.99414,-1.565,1.137,1.137,non-ergonomis
2026-06-02 16:33:38.029,2301557485,539029,1,0.84717,-0.07983,0.45483,-1.58,0.046,0.275,non-ergonomis
2026-06-02 16:33:38.029,2301557485,539029,2,0.75391,0.22314,1.00415,-1.504,0.939,1.298,non-ergonomis
2026-06-02 16:33:39.229,2301558685,539229,1,0.85156,-0.08032,0.46313,-1.618,0.328,-0.084,non-ergonomis
2026-06-02 16:33:39.229,2301558685,539229,2,0.75391,0.22412,0.98779,-1.435,1.038,1.42,non-ergonomis
2026-06-02 16:33:39.429,2301558885,539429,1,0.84644,-0.08057,0.46704,-1.855,0.275,-0.061,non-ergonomis
2026-06-02 16:33:39.429,2301558885,539429,2,0.75537,0.22266,0.99805,-0.702,1.282,1.366,non-ergonomis
2026-06-02 16:33:39.629,2301559085,539629,1,0.85254,-0.08472,0.46729,-2.099,0.305,0.183,non-ergonomis
2026-06-02 16:33:39.629,2301559085,539629,2,0.75586,0.22534,0.99536,-0.847,0.809,1.634,non-ergonomis
2026-06-02 16:33:39.829,2301559285,539829,1,0.85376,-0.08228,0.46704,-2.107,0.183,0.427,non-ergonomis
2026-06-02 16:33:39.829,2301559285,539829,2,0.75122,0.22192,1.0022,-0.931,0.908,1.695,non-ergonomis
2026-06-02 16:33:39.029,2301558485,540029,1,0.85254,-0.08521,0.45874,-1.58,0.519,0.573,non-ergonomis
2026-06-02 16:33:39.029,2301558485,540029,2,0.75366,0.22314,1.00537,-1.924,0.725,1.214,non-ergonomis
2026-06-02 16:33:40.229,2301559685,540229,1,0.85303,-0.08667,0.46362,-2.13,0.802,-0.099,non-ergonomis
2026-06-02 16:33:40.229,2301559685,540229,2,0.75073,0.22607,0.99146,-0.786,0.954,1.412,non-ergonomis
2026-06-02 16:33:40.434,2301559890,540433,1,0.85205,-0.08521,0.46606,-2.122,0.565,-0.053,non-ergonomis
2026-06-02 16:33:40.434,2301559890,540433,2,0.75146,0.21802,0.9917,-0.779,0.794,1.107,non-ergonomis
2026-06-02 16:33:40.633,2301560089,540633,1,0.85132,-0.08594,0.4707,-1.916,0.481,-0.008,non-ergonomis
2026-06-02 16:33:40.633,2301560089,540633,2,0.75586,0.22339,1.0,-1.206,0.397,1.229,non-ergonomis
2026-06-02 16:33:40.833,2301560289,540833,1,0.84814,-0.08081,0.46362,-1.733,0.336,-0.244,non-ergonomis
2026-06-02 16:33:40.833,2301560289,540833,2,0.75,0.21948,1.00073,-1.092,0.435,0.863,non-ergonomis
2026-06-02 16:33:40.041,2301559497,541041,1,0.84277,-0.08569,0.46631,-1.847,0.229,-0.389,non-ergonomis
2026-06-02 16:33:40.041,2301559497,541041,2,0.7561,0.21802,0.99976,-0.733,0.672,1.511,non-ergonomis
2026-06-02 16:33:41.241,2301560697,541241,1,0.8457,-0.08716,0.46582,-1.725,0.504,-0.214,non-ergonomis
2026-06-02 16:33:41.241,2301560697,541241,2,0.7522,0.22021,0.99634,-0.649,1.183,1.221,non-ergonomis
2026-06-02 16:33:41.466,2301560922,541466,1,0.84839,-0.08667,0.47095,-1.748,0.275,0.099,non-ergonomis
2026-06-02 16:33:41.466,2301560922,541466,2,0.75659,0.22217,0.99365,-1.107,0.924,1.191,non-ergonomis
2026-06-02 16:33:41.678,2301561134,541677,1,0.84937,-0.08228,0.46997,-1.649,0.229,0.099,non-ergonomis
2026-06-02 16:33:41.678,2301561134,541677,2,0.75977,0.22656,0.99854,-0.802,1.252,1.763,non-ergonomis
2026-06-02 16:33:41.877,2301561333,541877,1,0.8479,-0.07642,0.46411,-1.466,-0.122,0.191,non-ergonomis
2026-06-02 16:33:41.877,2301561333,541877,2,0.75244,0.21753,1.00024,-0.763,1.191,1.672,non-ergonomis
2026-06-02 16:33:41.077,2301560533,542077,1,0.85352,-0.08447,0.45972,-1.595,0.145,0.183,non-ergonomis
2026-06-02 16:33:41.077,2301560533,542077,2,0.75562,0.22266,0.99438,-1.504,1.084,1.237,non-ergonomis
2026-06-02 16:33:42.277,2301561733,542277,1,0.84546,-0.08521,0.46338,-1.527,-0.107,0.031,non-ergonomis
2026-06-02 16:33:42.277,2301561733,542277,2,0.75952,0.22339,0.99463,-0.611,1.145,1.244,non-ergonomis
2026-06-02 16:33:42.515,2301561971,542515,1,0.84106,-0.08276,0.46484,-1.74,0.305,0.031,non-ergonomis
2026-06-02 16:33:42.515,2301561971,542515,2,0.76563,0.22388,1.00073,-0.557,0.84,1.969,non-ergonomis
2026-06-02 16:33:42.747,2301562203,542747,1,0.85229,-0.08789,0.46362,-1.901,0.641,0.053,non-ergonomis
2026-06-02 16:33:42.747,2301562203,542747,2,0.74878,0.22534,0.99756,-1.061,0.611,1.229,non-ergonomis
2026-06-02 16:33:42.947,2301562403,542947,1,0.84766,-0.08911,0.45947,-1.817,0.45,-0.298,non-ergonomis
2026-06-02 16:33:42.947,2301562403,542947,2,0.75049,0.22363,0.99463,-0.924,0.687,1.344,non-ergonomis
2026-06-02 16:33:42.183,2301561639,543183,1,0.85083,-0.08813,0.46631,-1.42,0.649,-0.252,non-ergonomis
2026-06-02 16:33:42.183,2301561639,543183,2,0.75391,0.21924,0.99536,-0.244,1.13,1.954,non-ergonomis
2026-06-02 16:33:43.497,2301562953,543497,1,0.85132,-0.08789,0.46289,-1.779,0.634,0.252,non-ergonomis
2026-06-02 16:33:43.497,2301562953,543497,2,0.75757,0.22437,1.00586,-1.198,0.695,1.359,non-ergonomis
2026-06-02 16:33:43.753,2301563209,543753,1,0.8457,-0.08447,0.46753,-1.733,0.634,0.023,non-ergonomis
2026-06-02 16:33:43.753,2301563209,543753,2,0.75977,0.22656,1.00415,-0.519,1.008,1.405,non-ergonomis
2026-06-02 16:33:43.953,2301563409,543953,1,0.84473,-0.08838,0.47876,-1.771,0.611,0.214,non-ergonomis
2026-06-02 16:33:43.953,2301563409,543953,2,0.74731,0.21997,0.99878,-1.137,0.954,1.443,non-ergonomis
2026-06-02 16:33:43.153,2301562609,544153,1,0.8457,-0.08423,0.47485,-1.832,0.588,-0.153,non-ergonomis
2026-06-02 16:33:43.153,2301562609,544153,2,0.75391,0.22534,1.00513,-1.267,0.786,0.969,non-ergonomis
2026-06-02 16:33:44.353,2301563809,544353,1,0.84351,-0.08521,0.47607,-1.931,0.511,0.16,non-ergonomis
2026-06-02 16:33:44.353,2301563809,544353,2,0.75757,0.21948,0.99878,-1.137,0.244,1.313,non-ergonomis
2026-06-02 16:33:44.553,2301564009,544553,1,0.84131,-0.08594,0.47754,-1.641,0.313,-0.344,non-ergonomis
2026-06-02 16:33:44.553,2301564009,544553,2,0.75586,0.2207,1.0022,-1.229,0.802,0.992,non-ergonomis
2026-06-02 16:33:44.753,2301564209,544753,1,0.85034,-0.09082,0.4729,-1.168,0.382,-0.076,non-ergonomis
2026-06-02 16:33:44.753,2301564209,544753,2,0.75195,0.22363,1.00195,-1.466,1.214,0.695,non-ergonomis
2026-06-02 16:33:44.953,2301564409,544953,1,0.85205,-0.08618,0.47827,-1.618,-0.168,-0.405,non-ergonomis
2026-06-02 16:33:44.953,2301564409,544953,2,0.75146,0.22534,0.99609,-1.008,1.015,1.267,non-ergonomis
2026-06-02 16:33:45.226,2301564682,545226,1,0.85132,-0.07178,0.46899,-1.519,0.237,0.099,non-ergonomis
2026-06-02 16:33:45.226,2301564682,545226,2,0.75415,0.21802,0.99292,-0.939,1.366,1.389,non-ergonomis
2026-06-02 16:33:45.436,2301564892,545436,1,0.85132,-0.09033,0.4668,-1.611,-0.122,0.275,non-ergonomis
2026-06-02 16:33:45.436,2301564892,545436,2,0.75659,0.22266,0.99829,-0.763,1.229,1.779,non-ergonomis
2026-06-02 16:33:45.636,2301565092,545636,1,0.84546,-0.08521,0.4646,-1.542,0.366,0.198,non-ergonomis
2026-06-02 16:33:45.636,2301565092,545636,2,0.75708,0.21924,1.00586,-0.588,1.298,1.718,non-ergonomis
2026-06-02 16:33:45.836,2301565292,545836,1,0.84692,-0.09009,0.46924,-1.786,1.084,0.198,non-ergonomis
2026-06-02 16:33:45.836,2301565292,545836,2,0.75708,0.22168,0.99609,-1.74,0.611,0.771,non-ergonomis
2026-06-02 16:33:45.130,2301564586,546129,1,0.84058,-0.08691,0.46851,-1.863,0.527,-0.458,non-ergonomis
2026-06-02 16:33:45.130,2301564586,546129,2,0.75586,0.22314,0.99658,-0.412,0.779,1.076,non-ergonomis
2026-06-02 16:33:46.329,2301565785,546329,1,0.84473,-0.08496,0.47461,-1.618,0.427,-0.412,non-ergonomis
2026-06-02 16:33:46.329,2301565785,546329,2,0.75317,0.21899,1.00146,-0.366,0.954,1.397,non-ergonomis
2026-06-02 16:33:46.536,2301565992,546536,1,0.84082,-0.08936,0.47388,-1.771,0.603,-0.214,non-ergonomis
2026-06-02 16:33:46.536,2301565992,546536,2,0.74902,0.22607,1.0022,-1.176,0.985,1.473,non-ergonomis
2026-06-02 16:33:46.736,2301566192,546736,1,0.8457,-0.08179,0.46851,-1.962,0.496,-0.252,non-ergonomis
2026-06-02 16:33:46.736,2301566192,546736,2,0.75171,0.22803,1.00049,-0.145,1.237,1.557,non-ergonomis
2026-06-02 16:33:46.952,2301566408,546952,1,0.85034,-0.08594,0.46655,-1.84,0.389,0.145,non-ergonomis
2026-06-02 16:33:46.952,2301566408,546952,2,0.74976,0.22314,0.9895,-0.649,0.954,1.473,non-ergonomis
2026-06-02 16:33:47.231,2301566687,547231,1,0.8418,-0.0874,0.47437,-1.634,0.298,-0.229,non-ergonomis
2026-06-02 16:33:47.231,2301566687,547231,2,0.75317,0.22168,0.99878,-0.893,0.893,1.229,non-ergonomis
2026-06-02 16:33:47.526,2301566982,547525,1,0.84351,-0.08276,0.48193,-1.824,0.214,-0.069,non-ergonomis
2026-06-02 16:33:47.526,2301566982,547525,2,0.75952,0.22168,1.00146,-1.656,0.634,1.313,non-ergonomis
2026-06-02 16:33:47.725,2301567181,547725,1,0.84033,-0.07837,0.47925,-1.45,-0.092,-0.13,non-ergonomis
2026-06-02 16:33:47.725,2301567181,547725,2,0.75171,0.22412,0.99927,-0.489,1.168,1.588,non-ergonomis
2026-06-02 16:33:47.928,2301567384,547927,1,0.84399,-0.08228,0.47046,-1.641,,-0.015,non-ergonomis
2026-06-02 16:33:47.928,2301567384,547927,2,0.74878,0.22437,0.99512,-1.092,1.145,1.26,non-ergonomis
2026-06-02 16:33:47.127,2301566583,548127,1,0.84473,-0.09204,0.46899,-1.237,0.183,0.252,non-ergonomis
2026-06-02 16:33:47.127,2301566583,548127,2,0.74902,0.21826,1.00195,-1.244,0.908,1.282,non-ergonomis
2026-06-02 16:33:48.327,2301567783,548327,1,0.85425,-0.08374,0.46729,-2.038,0.336,0.038,non-ergonomis
2026-06-02 16:33:48.327,2301567783,548327,2,0.75195,0.22339,0.99658,-0.634,1.229,1.0,non-ergonomis
2026-06-02 16:33:48.527,2301567983,548527,1,0.84497,-0.08838,0.46948,-1.885,0.618,-0.038,non-ergonomis
2026-06-02 16:33:48.527,2301567983,548527,2,0.75195,0.21948,1.00732,-0.168,0.779,1.885,non-ergonomis
2026-06-02 16:33:48.727,2301568183,548727,1,0.84814,-0.08716,0.46704,-2.061,0.527,-0.084,non-ergonomis
2026-06-02 16:33:48.727,2301568183,548727,2,0.75537,0.22168,0.99512,-0.985,0.87,1.206,non-ergonomis
2026-06-02 16:33:48.953,2301568409,548953,1,0.84302,-0.08643,0.4646,-1.748,0.588,-0.122,non-ergonomis
2026-06-02 16:33:48.953,2301568409,548953,2,0.75562,0.22339,0.99609,-0.397,1.237,1.45,non-ergonomis
2026-06-02 16:33:48.153,2301567609,549153,1,0.84131,-0.08936,0.46802,-1.824,0.458,-0.26,non-ergonomis
2026-06-02 16:33:48.153,2301567609,549153,2,0.75171,0.22437,1.00098,-0.527,0.931,1.389,non-ergonomis
2026-06-02 16:33:49.353,2301568809,549353,1,0.8479,-0.08423,0.47095,-1.771,0.618,-0.122,non-ergonomis
2026-06-02 16:33:49.353,2301568809,549353,2,0.75537,0.2229,0.99609,-0.573,0.763,1.527,non-ergonomis
2026-06-02 16:33:49.553,2301569009,549553,1,0.84619,-0.08057,0.47144,-2.008,0.595,-0.069,non-ergonomis
2026-06-02 16:33:49.553,2301569009,549553,2,0.75854,0.22485,1.0022,-0.695,1.076,1.267,non-ergonomis
2026-06-02 16:33:49.753,2301569209,549753,1,0.83618,-0.08765,0.47485,-1.939,0.489,0.13,non-ergonomis
2026-06-02 16:33:49.753,2301569209,549753,2,0.75024,0.22217,1.00537,-0.427,1.099,1.573,non-ergonomis
2026-06-02 16:33:49.953,2301569409,549953,1,0.84155,-0.08057,0.46777,-1.466,0.145,0.008,non-ergonomis
2026-06-02 16:33:49.953,2301569409,549953,2,0.75342,0.22339,0.99316,-1.214,0.87,1.191,non-ergonomis
2026-06-02 16:33:49.153,2301568609,550153,1,0.84448,-0.08179,0.47705,-1.733,-0.069,-0.282,non-ergonomis
2026-06-02 16:33:49.153,2301568609,550153,2,0.75366,0.22485,0.99829,-1.221,1.122,1.389,non-ergonomis
2026-06-02 16:33:50.353,2301569809,550353,1,0.83765,-0.07959,0.4751,-1.588,0.107,-0.046,non-ergonomis
2026-06-02 16:33:50.353,2301569809,550353,2,0.75781,0.21753,1.00635,-1.366,0.916,1.122,non-ergonomis
2026-06-02 16:33:50.553,2301570009,550553,1,0.83789,-0.08057,0.46899,-1.519,-0.038,-0.122,non-ergonomis
2026-06-02 16:33:50.553,2301570009,550553,2,0.75073,0.2207,1.00537,-1.435,0.496,1.137,non-ergonomis
2026-06-02 16:33:50.753,2301570209,550753,1,0.84155,-0.08716,0.47559,-1.527,-0.183,0.046,non-ergonomis
2026-06-02 16:33:50.753,2301570209,550753,2,0.74927,0.22559,1.0022,-1.137,0.458,1.366,non-ergonomis
2026-06-02 16:33:50.968,2301570424,550968,1,0.84595,-0.08569,0.47607,-1.824,0.221,-0.176,non-ergonomis
2026-06-02 16:33:50.968,2301570424,550968,2,0.75317,0.22559,1.00464,-0.244,1.069,1.534,non-ergonomis
2026-06-02 16:33:50.168,2301569624,551168,1,0.84399,-0.08472,0.47168,-1.924,0.748,,non-ergonomis
2026-06-02 16:33:50.168,2301569624,551168,2,0.75537,0.22168,1.00122,-1.275,0.977,0.84,non-ergonomis
