subject_id,nama,date,time,epoch_ms,ts_millis,ax1,ay1,az1,gx1,gy1,gz1,ax2,ay2,az2,gx2,gy2,gz2,label
SUBJ005,fathur,2026-05-21,17:17:00.078000,1267359534,213078,1.02881,-0.05859,0.12646,-0.061,1.58,-0.145,0.97046,0.03564,0.47412,6.29,-0.252,1.435,ergonomis
SUBJ005,fathur,2026-05-21,17:17:00.278000,1267359734,213278,1.03296,-0.04297,0.11108,-3.756,0.435,-0.153,0.97021,0.0332,0.46069,-5.595,-0.626,0.336,ergonomis
SUBJ005,fathur,2026-05-21,17:17:00.478000,1267359934,213478,1.03271,-0.05518,0.11719,0.542,-1.985,0.29,0.97046,0.04102,0.46411,-0.969,0.405,0.366,ergonomis
SUBJ005,fathur,2026-05-21,17:17:00.678000,1267360134,213678,1.03662,-0.03076,0.12354,-0.939,-2.626,-0.45,0.96191,0.04004,0.47217,-2.084,0.695,2.534,ergonomis
SUBJ005,fathur,2026-05-21,17:17:00.878000,1267360334,213878,1.03638,-0.06396,0.11621,-4.328,0.405,0.504,0.95874,0.0332,0.46436,0.702,1.527,0.168,ergonomis
SUBJ005,fathur,2026-05-21,17:17:01.078000,1267360534,214078,1.04077,-0.03516,0.125,4.534,-0.908,0.443,0.96899,0.06128,0.45776,4.71,3.122,1.092,ergonomis
SUBJ005,fathur,2026-05-21,17:17:01.278000,1267360734,214278,1.04248,-0.04712,0.10327,-7.74,0.237,-1.649,0.98071,0.03223,0.46191,-9.313,1.763,1.779,ergonomis
SUBJ005,fathur,2026-05-21,17:17:01.478000,1267360934,214478,1.03149,-0.03955,0.11768,5.687,-0.832,0.557,0.96851,0.05249,0.46851,3.771,3.305,0.328,ergonomis
SUBJ005,fathur,2026-05-21,17:17:04.599000,1267364055,217599,1.04468,0.021,0.1272,-1.573,-10.038,2.824,0.95264,0.03955,0.43896,-0.389,3.527,2.069,ergonomis
SUBJ005,fathur,2026-05-21,17:17:04.799000,1267364255,217799,1.04272,-0.03418,0.11279,-1.847,-5.847,2.901,0.96753,0.05396,0.48267,2.84,0.718,0.641,ergonomis
SUBJ005,fathur,2026-05-21,17:17:05.999000,1267365455,217999,1.03687,-0.02686,0.11548,-5.374,0.649,-0.817,0.98779,0.02661,0.45361,-10.282,-2.779,4.87,ergonomis
SUBJ005,fathur,2026-05-21,17:17:05.199000,1267364655,218199,1.03589,-0.05542,0.11255,5.321,0.878,-1.504,0.97266,0.04126,0.45166,13.336,1.534,0.87,ergonomis
SUBJ005,fathur,2026-05-21,17:17:05.399000,1267364855,218399,1.04834,-0.02271,0.08081,-4.832,1.099,-1.237,0.97144,0.04419,0.46216,-0.16,1.58,1.099,ergonomis
SUBJ005,fathur,2026-05-21,17:17:05.599000,1267365055,218599,1.03882,-0.02588,0.11279,-1.351,-1.336,2.374,0.96216,0.05518,0.46069,-4.191,2.74,2.527,ergonomis
SUBJ005,fathur,2026-05-21,17:17:05.799000,1267365255,218799,1.03442,-0.05444,0.11182,-5.489,0.153,-0.954,0.96802,0.03394,0.45923,-1.015,1.87,-0.489,ergonomis
SUBJ005,fathur,2026-05-21,17:17:06.999000,1267366455,218999,1.03198,-0.02246,0.09644,0.939,-0.893,0.282,0.97192,0.04858,0.45044,-3.664,0.641,0.969,ergonomis
SUBJ005,fathur,2026-05-21,17:17:06.199000,1267365655,219199,1.04224,-0.03418,0.10718,-0.656,1.458,-0.969,0.96753,0.04932,0.46509,-2.008,1.244,1.588,ergonomis
SUBJ005,fathur,2026-05-21,17:17:06.399000,1267365855,219399,1.04077,-0.04321,0.09717,-2.55,0.649,-0.473,0.96899,0.04272,0.45288,0.137,0.74,0.718,ergonomis
SUBJ005,fathur,2026-05-21,17:17:06.599000,1267366055,219599,1.0354,-0.0166,0.11792,4.565,-1.435,0.855,0.9729,0.06885,0.46606,5.237,1.656,1.321,ergonomis
SUBJ005,fathur,2026-05-21,17:17:06.799000,1267366255,219799,1.03027,-0.03662,0.10107,-8.336,1.145,-0.74,0.97241,0.04712,0.4563,-1.29,0.313,1.198,ergonomis
SUBJ005,fathur,2026-05-21,17:17:07.999000,1267367455,219999,1.03711,-0.03516,0.10986,-2.061,0.908,-0.534,0.9707,0.05493,0.43921,-3.962,-0.084,0.794,ergonomis
SUBJ005,fathur,2026-05-21,17:17:07.199000,1267366655,220199,1.04053,-0.03198,0.1106,0.29,-0.366,-0.687,0.96729,0.05225,0.44727,-1.962,1.252,1.366,ergonomis
SUBJ005,fathur,2026-05-21,17:17:07.399000,1267366855,220399,1.0376,-0.01953,0.11182,-4.191,0.496,-0.458,0.9707,0.04761,0.4314,-1.038,1.267,1.74,ergonomis
SUBJ005,fathur,2026-05-21,17:17:07.599000,1267367055,220599,1.03564,-0.02637,0.10938,-2.466,0.176,0.45,0.97192,0.05054,0.4563,-2.069,0.992,2.237,ergonomis
SUBJ005,fathur,2026-05-21,17:17:07.799000,1267367255,220799,1.03711,-0.02832,0.10718,-0.076,-0.58,0.046,0.96948,0.04834,0.45361,1.603,1.573,1.969,ergonomis
SUBJ005,fathur,2026-05-21,17:17:08.999000,1267368455,220999,1.04028,-0.02954,0.09497,-3.061,-2.809,1.198,0.97314,0.0437,0.46484,-0.008,-0.298,1.359,ergonomis
SUBJ005,fathur,2026-05-21,17:17:08.199000,1267367655,221199,1.04126,-0.02954,0.09985,-1.641,0.16,-0.45,0.96704,0.04834,0.45093,-1.252,0.977,1.573,ergonomis
SUBJ005,fathur,2026-05-21,17:17:08.399000,1267367855,221399,1.04248,-0.04712,0.08154,-4.389,0.038,0.214,0.96826,0.04565,0.45093,-2.786,0.931,,ergonomis
SUBJ005,fathur,2026-05-21,17:17:08.599000,1267368055,221599,1.0332,-0.02197,0.09741,4.962,2.656,-1.58,0.96411,0.04321,0.45532,0.511,2.023,2.229,ergonomis
SUBJ005,fathur,2026-05-21,17:17:08.799000,1267368255,221799,1.03296,-0.04126,0.11719,-3.214,1.344,-0.153,0.97437,0.05249,0.45947,4.733,1.42,0.947,ergonomis
SUBJ005,fathur,2026-05-21,17:17:09.999000,1267369455,221999,1.03418,-0.02466,0.1062,-4.687,0.275,0.092,0.97168,0.05786,0.44995,-7.115,0.275,1.382,ergonomis
SUBJ005,fathur,2026-05-21,17:17:09.199000,1267368655,222199,1.02905,-0.02954,0.1084,-0.183,-0.679,1.038,0.97363,0.05249,0.45044,-0.573,0.962,1.489,ergonomis
SUBJ005,fathur,2026-05-21,17:17:09.399000,1267368855,222399,1.03442,-0.03345,0.11353,-3.0,-0.053,0.45,0.97192,0.03882,0.46265,-1.29,1.153,1.687,ergonomis
SUBJ005,fathur,2026-05-21,17:17:09.665000,1267369121,222664,1.03564,-0.04199,0.10767,-4.336,-1.031,0.267,0.97168,0.05371,0.45068,-0.702,0.855,0.878,ergonomis
SUBJ005,fathur,2026-05-21,17:17:09.864000,1267369320,222864,1.04053,-0.02832,0.10376,1.435,-0.122,-1.008,0.96899,0.05566,0.45239,1.366,1.374,1.634,ergonomis
SUBJ005,fathur,2026-05-21,17:17:10.064000,1267369520,223064,1.03955,-0.03784,0.10327,-7.855,0.443,-1.763,0.96753,0.04199,0.4436,-1.565,1.229,0.893,non-ergonomis
SUBJ005,fathur,2026-05-21,17:17:10.264000,1267369720,223264,1.04175,-0.0271,0.09131,0.344,-0.557,0.092,0.97461,0.05176,0.44336,-1.74,1.687,1.053,non-ergonomis
SUBJ005,fathur,2026-05-21,17:17:10.464000,1267369920,223464,1.03394,-0.02881,0.11279,-0.573,0.603,0.183,0.96875,0.04785,0.44849,-0.244,0.42,1.557,non-ergonomis
SUBJ005,fathur,2026-05-21,17:17:10.664000,1267370120,223664,1.03784,-0.02905,0.09766,-2.802,0.84,0.191,0.97705,0.05396,0.44897,-2.015,-0.137,1.557,non-ergonomis
SUBJ005,fathur,2026-05-21,17:17:10.864000,1267370320,223864,1.0354,-0.03027,0.10645,-3.229,-0.183,-1.015,0.97437,0.04639,0.46875,-2.74,0.809,1.206,non-ergonomis
SUBJ005,fathur,2026-05-21,17:17:11.064000,1267370520,224064,1.03564,-0.03516,0.09619,3.229,0.122,1.427,0.96021,0.06201,0.47925,0.252,-5.145,-1.244,non-ergonomis
SUBJ005,fathur,2026-05-21,17:17:11.264000,1267370720,224264,1.01343,-0.03418,0.12695,-1.198,17.489,0.702,0.95508,0.05859,0.4856,12.748,-2.748,0.557,non-ergonomis
SUBJ005,fathur,2026-05-21,17:17:11.464000,1267370920,224464,1.01489,-0.03735,0.27124,4.45,33.832,-2.275,1.02417,0.12915,0.38379,-26.527,32.573,-18.038,non-ergonomis
SUBJ005,fathur,2026-05-21,17:17:11.664000,1267371120,224664,0.9917,0.00488,0.23145,-18.702,-3.618,-4.656,0.97705,0.07959,0.41724,-13.71,-1.779,0.244,non-ergonomis
SUBJ005,fathur,2026-05-21,17:17:11.864000,1267371320,224864,1.03076,-0.02271,0.16626,2.588,-10.366,1.336,0.99072,0.10156,0.47095,12.405,10.176,5.45,non-ergonomis
SUBJ005,fathur,2026-05-21,17:17:12.064000,1267371520,225064,0.98877,-0.01855,0.21997,2.542,3.641,-3.145,0.96362,0.09717,0.45874,-2.718,-2.031,0.542,non-ergonomis
SUBJ005,fathur,2026-05-21,17:17:12.264000,1267371720,225264,0.99121,0.00635,0.21265,0.84,2.466,0.023,0.96045,0.08667,0.46069,-0.183,2.954,2.939,non-ergonomis
SUBJ005,fathur,2026-05-21,17:17:12.464000,1267371920,225464,0.9917,-0.01367,0.2168,-2.435,-0.153,0.71,0.97705,0.08203,0.45361,0.618,3.344,2.046,non-ergonomis
SUBJ005,fathur,2026-05-21,17:17:12.664000,1267372120,225664,1.0022,-0.01025,0.21851,-2.481,-1.481,-0.008,0.96851,0.07837,0.45581,-3.901,-1.053,0.855,non-ergonomis
SUBJ005,fathur,2026-05-21,17:17:12.864000,1267372320,225864,1.00171,-0.00391,0.21387,-1.634,0.534,-0.985,0.97144,0.07959,0.43579,-3.901,0.275,1.084,non-ergonomis
SUBJ005,fathur,2026-05-21,17:17:15.925000,1267375381,228925,1.01465,-0.01392,0.21265,-1.992,0.908,-1.534,0.97461,0.07007,0.43506,-0.641,1.214,0.695,non-ergonomis
SUBJ005,fathur,2026-05-21,17:17:16.125000,1267375581,229125,1.00073,-0.00708,0.20654,-1.618,1.29,-0.26,0.97437,0.08521,0.42773,0.092,0.763,1.565,non-ergonomis
SUBJ005,fathur,2026-05-21,17:17:16.325000,1267375781,229325,0.99756,-0.01221,0.21484,-2.725,1.939,-0.977,0.96802,0.073,0.42334,-2.168,1.145,1.817,non-ergonomis
SUBJ005,fathur,2026-05-21,17:17:16.525000,1267375981,229525,1.00293,-0.00293,0.21606,-0.076,-0.664,-0.206,0.97168,0.06812,0.44824,2.504,2.191,0.817,non-ergonomis
SUBJ005,fathur,2026-05-21,17:17:16.725000,1267376181,229725,1.0,-0.00049,0.21338,-0.405,-1.107,-0.046,0.96802,0.07056,0.43091,-2.412,2.038,1.275,non-ergonomis
SUBJ005,fathur,2026-05-21,17:17:16.943000,1267376399,229943,0.99951,-0.00659,0.2085,-1.092,1.29,-0.168,0.97314,0.0769,0.43237,1.519,1.458,1.275,non-ergonomis
SUBJ005,fathur,2026-05-21,17:17:17.143000,1267376599,230143,1.00073,-0.01221,0.20874,-2.817,0.931,0.137,0.96875,0.07544,0.43311,-2.878,2.16,0.687,non-ergonomis
SUBJ005,fathur,2026-05-21,17:17:17.343000,1267376799,230343,0.99902,-0.00171,0.20825,-1.679,1.229,-0.55,0.97241,0.07495,0.42822,-2.069,1.832,1.214,non-ergonomis
SUBJ005,fathur,2026-05-21,17:17:17.543000,1267376999,230543,1.00098,-0.00732,0.22021,-1.847,-0.191,0.076,0.97559,0.0791,0.43701,-0.84,0.725,1.374,non-ergonomis
SUBJ005,fathur,2026-05-21,17:17:17.743000,1267377199,230743,0.9978,-0.00415,0.21313,-2.557,-0.328,0.237,0.96826,0.0708,0.43774,-0.595,0.504,1.496,non-ergonomis
SUBJ005,fathur,2026-05-21,17:17:17.943000,1267377399,230943,0.99951,-0.0144,0.20581,-1.504,1.038,0.374,0.97217,0.07617,0.43213,-0.962,1.885,1.076,non-ergonomis
SUBJ005,fathur,2026-05-21,17:17:18.143000,1267377599,231143,1.00464,-0.00854,0.22095,-1.053,0.115,0.176,0.9707,0.07983,0.44531,-0.031,1.679,1.321,non-ergonomis
SUBJ005,fathur,2026-05-21,17:17:18.343000,1267377799,231343,1.00244,-0.00903,0.21631,-1.542,1.107,-0.183,0.96362,0.08276,0.43921,-1.076,2.107,1.031,non-ergonomis
SUBJ005,fathur,2026-05-21,17:17:18.543000,1267377999,231543,1.00439,-0.00513,0.21484,-2.489,0.13,0.099,0.9729,0.07959,0.44482,-3.87,0.458,1.282,non-ergonomis
SUBJ005,fathur,2026-05-21,17:17:18.743000,1267378199,231743,1.00903,-0.01147,0.22339,-1.87,0.321,0.183,0.97363,0.0813,0.44629,-2.817,0.58,1.275,non-ergonomis
SUBJ005,fathur,2026-05-21,17:17:18.943000,1267378399,231943,1.00098,-0.01221,0.20605,-1.649,0.939,-0.412,0.96948,0.07422,0.44507,-1.275,0.649,1.107,non-ergonomis
SUBJ005,fathur,2026-05-21,17:17:19.143000,1267378599,232143,0.99927,-0.01221,0.21509,-1.26,0.443,-0.076,0.97266,0.07837,0.44482,-1.275,1.863,0.611,non-ergonomis
SUBJ005,fathur,2026-05-21,17:17:19.343000,1267378799,232343,1.00269,-0.00781,0.21558,-1.351,-0.588,-0.237,0.96606,0.08252,0.44775,-0.122,1.565,1.466,non-ergonomis
SUBJ005,fathur,2026-05-21,17:17:19.543000,1267378999,232543,1.00293,-0.00391,0.20972,-0.527,-0.137,-0.481,0.9729,0.08252,0.44043,0.55,1.588,2.321,non-ergonomis
SUBJ005,fathur,2026-05-21,17:17:19.743000,1267379199,232743,1.00171,-0.01294,0.21582,-3.099,-1.42,-0.939,0.96997,0.07788,0.45288,-2.718,-1.458,1.359,non-ergonomis
SUBJ005,fathur,2026-05-21,17:17:19.943000,1267379399,232943,1.01245,-0.00513,0.2019,-0.504,1.221,-1.252,0.97046,0.07813,0.42773,1.16,3.176,1.084,non-ergonomis
SUBJ005,fathur,2026-05-21,17:17:20.143000,1267379599,233143,1.00708,-0.00293,0.21045,-2.435,0.053,-0.344,0.97095,0.07959,0.4314,-0.382,1.076,0.756,ergonomis
SUBJ005,fathur,2026-05-21,17:17:20.343000,1267379799,233343,1.00122,-0.00537,0.21484,-1.237,0.733,-0.275,0.9707,0.08081,0.45068,-2.87,-0.069,0.573,ergonomis
SUBJ005,fathur,2026-05-21,17:17:20.543000,1267379999,233543,1.00781,-0.00098,0.20874,-2.038,1.397,0.015,0.97388,0.11938,0.48169,2.183,7.466,-5.473,ergonomis
SUBJ005,fathur,2026-05-21,17:17:23.691000,1267383147,236690,1.02002,-0.01318,0.16528,1.656,-2.366,2.977,0.9707,0.1001,0.49634,2.282,7.328,-4.0,ergonomis
SUBJ005,fathur,2026-05-21,17:17:23.890000,1267383346,236890,1.02393,-0.01196,0.14575,-1.962,0.244,-1.122,0.9707,0.10229,0.49463,-1.053,3.763,-0.176,ergonomis
SUBJ005,fathur,2026-05-21,17:17:24.090000,1267383546,237090,1.01929,-0.02075,0.15332,-0.756,1.046,0.252,0.95142,0.12061,0.5144,3.443,1.328,3.183,ergonomis
SUBJ005,fathur,2026-05-21,17:17:24.290000,1267383746,237290,1.03149,-0.03198,0.14331,-5.198,2.122,-0.901,0.96191,0.08545,0.51025,-8.038,1.336,0.26,ergonomis
SUBJ005,fathur,2026-05-21,17:17:27.211000,1267386667,240211,1.0293,-0.0083,0.15088,-2.107,0.305,-0.046,0.9624,0.11206,0.50879,-0.916,1.282,1.206,ergonomis
SUBJ005,fathur,2026-05-21,17:17:27.411000,1267386867,240411,1.02588,-0.01147,0.1543,-1.557,0.252,-0.275,0.96606,0.11597,0.51318,-0.252,0.687,1.603,ergonomis
SUBJ005,fathur,2026-05-21,17:17:27.611000,1267387067,240611,1.02856,-0.0105,0.15723,-2.115,0.901,-0.534,0.96558,0.10767,0.48828,-1.618,0.756,1.458,ergonomis
SUBJ005,fathur,2026-05-21,17:17:27.811000,1267387267,240811,1.02563,-0.01025,0.14673,-1.954,0.267,-0.092,0.96484,0.11304,0.51025,-2.267,-0.015,1.16,ergonomis
SUBJ005,fathur,2026-05-21,17:17:28.011000,1267387467,241011,1.02588,-0.01001,0.15723,-2.84,-0.191,-0.137,0.96362,0.10742,0.49976,-2.458,0.015,1.634,ergonomis
SUBJ005,fathur,2026-05-21,17:17:28.211000,1267387667,241211,1.02319,-0.01465,0.15796,-1.389,0.015,0.137,0.96777,0.1106,0.48608,-2.038,-0.168,1.756,ergonomis
SUBJ005,fathur,2026-05-21,17:17:28.411000,1267387867,241411,1.02271,-0.01489,0.15527,-2.908,0.176,0.229,0.96411,0.10938,0.4917,-2.237,0.702,1.427,ergonomis
SUBJ005,fathur,2026-05-21,17:17:28.611000,1267388067,241611,1.0271,-0.01221,0.15576,0.42,-0.527,-0.13,0.96899,0.10278,0.49316,1.42,1.489,1.634,ergonomis
SUBJ005,fathur,2026-05-21,17:17:28.811000,1267388267,241811,1.02466,-0.01855,0.14307,-2.809,0.618,-0.069,0.97168,0.10425,0.48975,-0.244,1.511,1.336,ergonomis
SUBJ005,fathur,2026-05-21,17:17:29.011000,1267388467,242011,1.02441,-0.01147,0.16016,-2.229,0.221,0.237,0.95898,0.10181,0.50269,-2.023,1.275,1.198,ergonomis
SUBJ005,fathur,2026-05-21,17:17:29.211000,1267388667,242211,1.03125,-0.01318,0.15503,-1.084,-0.107,-0.344,0.96606,0.10132,0.49414,0.824,2.252,1.16,ergonomis
SUBJ005,fathur,2026-05-21,17:17:29.411000,1267388867,242411,1.0249,-0.01978,0.14917,-2.779,0.656,0.061,0.96802,0.10571,0.50049,-0.794,1.122,1.13,ergonomis
SUBJ005,fathur,2026-05-21,17:17:29.611000,1267389067,242611,1.02441,-0.00781,0.1521,-2.053,,-0.244,0.97144,0.10767,0.49731,-1.511,1.069,1.504,ergonomis
SUBJ005,fathur,2026-05-21,17:17:29.811000,1267389267,242811,1.02148,-0.01831,0.14941,-1.168,0.397,0.122,0.96973,0.10547,0.49512,0.069,1.244,0.992,ergonomis
SUBJ005,fathur,2026-05-21,17:17:30.011000,1267389467,243011,1.02856,-0.01221,0.14722,-2.153,1.221,-0.321,0.9646,0.10327,0.51001,-0.924,0.26,1.282,non-ergonomis
SUBJ005,fathur,2026-05-21,17:17:30.211000,1267389667,243211,1.02881,-0.00366,0.14966,-0.702,0.092,0.443,0.96167,0.10767,0.50488,-1.076,-1.107,1.328,non-ergonomis
SUBJ005,fathur,2026-05-21,17:17:30.411000,1267389867,243411,0.9751,-0.02344,0.18896,2.725,12.71,-3.069,0.95288,0.10156,0.57788,8.756,-8.802,5.023,non-ergonomis
SUBJ005,fathur,2026-05-21,17:17:30.611000,1267390067,243611,1.01733,0.03564,0.29321,7.122,24.16,-4.099,1.01782,0.10596,0.37939,3.412,16.725,-4.573,non-ergonomis
SUBJ005,fathur,2026-05-21,17:17:30.811000,1267390267,243811,0.96313,0.0105,0.2312,-10.58,-4.626,1.16,0.99756,0.12183,0.51807,9.282,-17.374,1.649,non-ergonomis
SUBJ005,fathur,2026-05-21,17:17:31.168000,1267390624,244168,0.98633,-0.00464,0.25049,-0.496,-0.214,0.275,0.96802,0.09937,0.49121,6.183,-5.176,2.588,non-ergonomis
SUBJ005,fathur,2026-05-21,17:17:31.368000,1267390824,244368,0.97852,-0.00317,0.2478,-2.672,2.664,-0.473,0.95728,0.09863,0.49927,-2.069,0.55,0.527,non-ergonomis
SUBJ005,fathur,2026-05-21,17:17:31.568000,1267391024,244568,0.98486,0.01123,0.24414,-0.443,0.656,-0.802,0.95898,0.11401,0.5,-0.664,4.351,0.656,non-ergonomis
SUBJ005,fathur,2026-05-21,17:17:31.768000,1267391224,244768,0.98657,0.00342,0.2439,-2.084,0.198,-0.847,0.95874,0.10767,0.49731,1.069,2.641,0.779,non-ergonomis
SUBJ005,fathur,2026-05-21,17:17:32.968000,1267392424,244968,0.98584,0.01758,0.2417,-0.71,0.015,-0.244,0.96875,0.11523,0.49316,-0.931,2.282,1.206,non-ergonomis
SUBJ005,fathur,2026-05-21,17:17:32.168000,1267391624,245168,0.98511,0.01196,0.24585,-1.168,0.832,0.229,0.9707,0.10889,0.49023,-2.137,1.221,0.885,non-ergonomis
SUBJ005,fathur,2026-05-21,17:17:32.368000,1267391824,245368,0.97754,0.02026,0.24609,-0.275,1.84,0.198,0.97119,0.11694,0.50146,-2.176,0.893,0.519,non-ergonomis
SUBJ005,fathur,2026-05-21,17:17:32.568000,1267392024,245568,0.98633,0.01563,0.25757,-1.282,2.176,-0.58,0.96411,0.12207,0.49219,-5.16,3.511,0.16,non-ergonomis
SUBJ005,fathur,2026-05-21,17:17:32.768000,1267392224,245768,0.97559,0.01416,0.26367,-1.771,1.87,-0.221,0.96411,0.11548,0.50415,-0.405,2.053,1.176,non-ergonomis
SUBJ005,fathur,2026-05-21,17:17:33.968000,1267393424,245968,0.97705,0.01733,0.26929,-1.542,0.466,-0.069,0.96729,0.12549,0.50903,-0.076,1.16,1.489,non-ergonomis
SUBJ005,fathur,2026-05-21,17:17:33.168000,1267392624,246168,0.98218,0.0127,0.24951,0.802,-0.847,-0.023,0.98608,0.12183,0.50464,0.595,3.145,0.053,non-ergonomis
SUBJ005,fathur,2026-05-21,17:17:33.368000,1267392824,246368,0.97974,0.03369,0.23877,0.824,-4.901,1.168,0.97192,0.11768,0.52515,-4.366,0.336,-0.466,non-ergonomis
SUBJ005,fathur,2026-05-21,17:17:33.568000,1267393024,246568,0.97534,0.00635,0.25317,-0.626,2.29,-0.061,0.9541,0.13477,0.51782,3.053,5.344,0.374,non-ergonomis
SUBJ005,fathur,2026-05-21,17:17:33.768000,1267393224,246768,0.98193,0.03223,0.25781,-2.061,0.534,-0.443,0.95703,0.13965,0.52734,1.87,2.282,2.634,non-ergonomis
SUBJ005,fathur,2026-05-21,17:17:34.999000,1267394455,246999,0.9873,0.021,0.2561,-3.038,3.275,-0.382,0.95874,0.12842,0.50684,-0.656,0.794,2.176,non-ergonomis
SUBJ005,fathur,2026-05-21,17:17:34.199000,1267393655,247199,0.98218,0.01147,0.25366,-3.802,-1.061,0.183,0.96533,0.12109,0.52148,-2.985,0.534,1.779,non-ergonomis
SUBJ005,fathur,2026-05-21,17:17:34.399000,1267393855,247399,0.98145,0.02002,0.26807,0.534,-0.176,-0.107,0.9585,0.13086,0.52051,0.275,1.489,1.115,non-ergonomis
SUBJ005,fathur,2026-05-21,17:17:34.599000,1267394055,247599,0.97681,0.0144,0.26538,-1.725,0.076,-0.641,0.95581,0.12378,0.52173,-1.504,0.519,1.153,non-ergonomis
SUBJ005,fathur,2026-05-21,17:17:34.799000,1267394255,247799,0.98315,0.02319,0.26563,-2.023,1.061,-0.45,0.96021,0.13281,0.51367,-2.87,0.939,1.26,non-ergonomis
SUBJ005,fathur,2026-05-21,17:17:35.999000,1267395455,247999,0.97583,0.02246,0.26807,-2.359,1.015,-0.672,0.95825,0.12988,0.52002,-2.084,1.076,1.786,non-ergonomis
SUBJ005,fathur,2026-05-21,17:17:35.199000,1267394655,248199,0.97339,0.01807,0.26392,-3.053,1.542,-0.855,0.96313,0.12671,0.51343,-3.42,0.611,1.328,non-ergonomis
SUBJ005,fathur,2026-05-21,17:17:35.399000,1267394855,248399,0.97632,0.02246,0.26929,-1.786,0.397,-0.122,0.96167,0.12354,0.51221,-2.305,0.206,1.328,non-ergonomis
SUBJ005,fathur,2026-05-21,17:17:35.599000,1267395055,248599,0.97998,0.0293,0.26587,-0.977,0.076,-0.267,0.96533,0.11719,0.50879,1.55,2.0,1.344,non-ergonomis
SUBJ005,fathur,2026-05-21,17:17:35.799000,1267395255,248799,0.97168,0.03564,0.26929,-1.947,0.321,-0.214,0.96313,0.12451,0.50952,-0.008,1.573,1.634,non-ergonomis
SUBJ005,fathur,2026-05-21,17:17:36.999000,1267396455,248999,0.97363,0.02979,0.27075,-1.053,0.405,0.092,0.96558,0.12085,0.51343,-0.496,0.45,1.496,non-ergonomis
SUBJ005,fathur,2026-05-21,17:17:36.199000,1267395655,249199,0.97559,0.01855,0.27515,-1.313,0.557,-0.061,0.95264,0.12402,0.51147,0.779,1.221,1.595,non-ergonomis
SUBJ005,fathur,2026-05-21,17:17:36.399000,1267395855,249399,0.9751,0.03027,0.26294,-1.985,-0.099,-0.13,0.9624,0.12012,0.51416,-0.511,1.656,1.412,non-ergonomis
SUBJ005,fathur,2026-05-21,17:17:36.599000,1267396055,249599,0.97339,0.03711,0.25806,-0.481,-0.595,1.656,0.96362,0.13013,0.521,0.885,1.374,2.122,non-ergonomis
SUBJ005,fathur,2026-05-21,17:17:36.799000,1267396255,249799,0.98071,0.01367,0.2688,-2.779,0.977,0.206,0.96631,0.11621,0.5105,-0.832,1.466,1.626,non-ergonomis
SUBJ005,fathur,2026-05-21,17:17:37.999000,1267397455,249999,0.97046,0.02563,0.27344,-1.931,0.244,0.466,0.95947,0.12256,0.51343,-1.679,0.771,1.496,non-ergonomis
SUBJ005,fathur,2026-05-21,17:17:37.199000,1267396655,250199,0.979,0.01196,0.26953,-2.565,0.321,-0.191,0.96069,0.12134,0.5105,-2.947,0.305,1.0,non-ergonomis
SUBJ005,fathur,2026-05-21,17:17:37.399000,1267396855,250399,0.97803,0.021,0.26929,-2.962,0.298,-0.13,0.96094,0.12402,0.51123,-3.366,-0.137,1.489,non-ergonomis
SUBJ005,fathur,2026-05-21,17:17:37.599000,1267397055,250599,0.97412,0.02124,0.26709,-1.145,0.695,-0.099,0.96753,0.12378,0.5105,-1.733,0.595,1.542,non-ergonomis
SUBJ005,fathur,2026-05-21,17:17:37.838000,1267397294,250838,0.97778,0.0105,0.26465,-2.237,0.473,0.473,0.96484,0.12183,0.50684,0.084,1.802,1.855,non-ergonomis
SUBJ005,fathur,2026-05-21,17:17:38.038000,1267397494,251038,0.97827,0.01025,0.26758,-1.122,0.191,-0.13,0.9668,0.12134,0.51367,0.771,0.84,1.092,non-ergonomis
SUBJ005,fathur,2026-05-21,17:17:38.238000,1267397694,251238,0.979,0.01709,0.27148,-0.718,0.756,-0.725,0.95874,0.12598,0.52539,0.916,1.634,0.763,non-ergonomis
SUBJ005,fathur,2026-05-21,17:17:38.438000,1267397894,251438,0.97827,0.0249,0.27051,-2.015,-0.107,-0.153,0.96143,0.12231,0.51733,0.008,1.252,1.519,non-ergonomis
SUBJ005,fathur,2026-05-21,17:17:38.638000,1267398094,251638,0.97217,0.0293,0.2627,-1.435,-0.366,0.252,0.96729,0.12476,0.52173,-1.038,0.924,1.656,non-ergonomis
SUBJ005,fathur,2026-05-21,17:17:38.838000,1267398294,251838,0.97583,0.02417,0.26245,-1.29,0.664,0.26,0.95923,0.12256,0.50928,0.664,1.679,1.55,non-ergonomis
SUBJ005,fathur,2026-05-21,17:17:39.038000,1267398494,252038,0.96851,0.01563,0.25806,-2.198,0.786,0.191,0.96924,0.1228,0.51025,-0.153,1.748,1.237,non-ergonomis
SUBJ005,fathur,2026-05-21,17:17:39.238000,1267398694,252238,0.97705,0.01929,0.26709,-3.443,0.641,-0.412,0.96582,0.11475,0.51123,-4.702,0.221,1.099,non-ergonomis
SUBJ005,fathur,2026-05-21,17:17:39.438000,1267398894,252438,0.9812,0.0166,0.2644,-1.206,0.832,0.252,0.96045,0.12842,0.51147,-3.374,0.641,1.374,non-ergonomis
SUBJ005,fathur,2026-05-21,17:17:39.666000,1267399122,252666,0.98462,0.01465,0.26587,-1.405,0.573,0.252,0.95752,0.12451,0.51489,0.473,1.519,1.305,non-ergonomis
SUBJ005,fathur,2026-05-21,17:17:39.866000,1267399322,252866,0.97534,0.021,0.27588,-3.351,0.71,-0.336,0.95972,0.1228,0.50903,-1.588,1.305,1.695,non-ergonomis
SUBJ005,fathur,2026-05-21,17:17:40.066000,1267399522,253066,0.96973,0.02124,0.26489,-0.908,-0.351,0.069,0.96948,0.11865,0.51172,-1.092,2.061,1.191,ergonomis
SUBJ005,fathur,2026-05-21,17:17:40.266000,1267399722,253266,0.97095,0.0144,0.26807,-0.687,-1.969,0.74,0.96338,0.13086,0.51636,2.947,0.733,1.534,ergonomis
SUBJ005,fathur,2026-05-21,17:17:40.466000,1267399922,253466,1.00684,0.02124,0.2666,-3.321,-2.756,1.053,0.97925,0.12451,0.50024,-1.282,6.046,0.397,ergonomis
SUBJ005,fathur,2026-05-21,17:17:40.666000,1267400122,253666,1.00391,0.00732,0.23389,-6.802,-15.687,2.985,0.9502,0.10913,0.50122,-32.435,-2.58,-1.649,ergonomis
SUBJ005,fathur,2026-05-21,17:17:40.866000,1267400322,253866,1.00122,-0.03345,0.14722,-22.435,-33.26,3.168,0.95825,0.11523,0.58691,-17.275,-13.328,-1.229,ergonomis
SUBJ005,fathur,2026-05-21,17:17:41.066000,1267400522,254066,1.07813,-0.0481,0.073,16.641,-17.748,5.977,0.92651,0.10986,0.56787,25.931,15.908,-0.115,ergonomis
SUBJ005,fathur,2026-05-21,17:17:41.266000,1267400722,254266,1.04712,-0.03589,0.10645,-21.802,2.298,-3.794,0.96704,0.08862,0.45166,-15.725,-0.748,4.061,ergonomis
SUBJ005,fathur,2026-05-21,17:17:41.466000,1267400922,254466,1.05396,-0.04395,0.08618,5.931,-3.947,4.366,0.97241,0.07422,0.49731,-12.328,-3.847,2.511,ergonomis
SUBJ005,fathur,2026-05-21,17:17:41.666000,1267401122,254666,1.04785,-0.05933,0.07788,-7.321,1.473,0.084,0.97192,0.07031,0.47534,6.351,0.649,1.0,ergonomis
SUBJ005,fathur,2026-05-21,17:17:41.866000,1267401322,254866,1.03809,-0.06079,0.08203,-0.664,1.695,-0.42,0.96924,0.07446,0.48828,-4.191,1.519,0.221,ergonomis
SUBJ005,fathur,2026-05-21,17:17:42.066000,1267401522,255066,1.03589,-0.05127,0.09448,1.481,0.618,-1.321,0.95654,0.08716,0.48608,2.939,3.298,-0.183,ergonomis
SUBJ005,fathur,2026-05-21,17:17:42.266000,1267401722,255266,1.03613,-0.04248,0.10303,-2.328,0.412,-0.832,0.96802,0.09375,0.50366,-0.931,1.679,0.412,ergonomis
SUBJ005,fathur,2026-05-21,17:17:42.466000,1267401922,255466,1.03198,-0.04395,0.09521,-0.939,0.008,0.053,0.96582,0.09277,0.48462,-1.748,1.015,1.489,ergonomis
SUBJ005,fathur,2026-05-21,17:17:42.666000,1267402122,255666,1.04321,-0.04272,0.09985,-1.687,1.275,-0.626,0.96411,0.08398,0.49365,-0.183,1.42,1.565,ergonomis
SUBJ005,fathur,2026-05-21,17:17:42.866000,1267402322,255866,1.04639,-0.04248,0.10547,-1.328,0.718,0.198,0.96533,0.08423,0.49072,0.237,2.023,0.885,ergonomis
SUBJ005,fathur,2026-05-21,17:17:43.066000,1267402522,256066,1.03174,-0.04199,0.10107,-0.618,0.947,-0.649,0.96631,0.08496,0.49072,-1.115,1.649,1.0,ergonomis
SUBJ005,fathur,2026-05-21,17:17:43.266000,1267402722,256266,1.03516,-0.03979,0.1106,0.443,0.046,0.214,0.96484,0.09839,0.48926,0.099,1.122,0.901,ergonomis
SUBJ005,fathur,2026-05-21,17:17:46.154000,1267405610,259154,1.03613,-0.02246,0.11987,-1.618,0.595,0.099,0.96655,0.10547,0.49829,0.725,0.221,1.206,ergonomis
SUBJ005,fathur,2026-05-21,17:17:46.354000,1267405810,259354,1.02881,-0.03833,0.10645,-2.405,0.71,0.099,0.96045,0.09302,0.48901,-2.351,0.603,1.588,ergonomis
SUBJ005,fathur,2026-05-21,17:17:46.554000,1267406010,259554,1.03271,-0.03687,0.12964,-0.634,0.878,-0.282,0.96289,0.10474,0.49902,1.374,2.046,0.87,ergonomis
SUBJ005,fathur,2026-05-21,17:17:46.754000,1267406210,259754,1.0354,-0.02759,0.12622,-2.069,-0.725,-0.611,0.96094,0.09619,0.50366,-3.916,1.649,1.641,ergonomis
SUBJ005,fathur,2026-05-21,17:17:47.954000,1267407410,259954,1.03882,-0.02905,0.10938,-4.336,-1.412,1.229,0.95874,0.10645,0.49707,-2.26,0.443,2.061,ergonomis
SUBJ005,fathur,2026-05-21,17:17:47.154000,1267406610,260154,1.04199,-0.0376,0.10498,0.405,1.229,0.641,0.96924,0.09766,0.50049,1.695,2.046,0.802,ergonomis
SUBJ005,fathur,2026-05-21,17:17:47.374000,1267406830,260373,1.0354,-0.04077,0.10425,1.092,1.191,-0.069,0.96411,0.10278,0.50635,2.618,1.214,0.878,ergonomis
SUBJ005,fathur,2026-05-21,17:17:47.573000,1267407029,260573,1.02588,-0.03149,0.11597,-3.29,0.916,-1.947,0.96143,0.10107,0.50244,-5.832,2.802,0.542,ergonomis
SUBJ005,fathur,2026-05-21,17:17:47.773000,1267407229,260773,1.02441,-0.02661,0.11646,4.122,-0.74,1.115,0.96948,0.10352,0.49683,2.221,1.26,-0.412,ergonomis
SUBJ005,fathur,2026-05-21,17:17:48.973000,1267408429,260973,1.03247,-0.03101,0.11279,-1.26,1.122,1.641,0.96143,0.10815,0.50684,-0.71,0.817,0.992,ergonomis
SUBJ005,fathur,2026-05-21,17:17:48.173000,1267407629,261173,1.03882,-0.02637,0.10254,-2.595,0.427,0.16,0.97144,0.11401,0.48364,-6.084,-1.405,1.809,ergonomis
SUBJ005,fathur,2026-05-21,17:17:48.373000,1267407829,261373,1.03394,-0.02441,0.11401,2.305,-0.939,-1.511,0.9624,0.10425,0.49658,3.893,-0.489,1.817,ergonomis
SUBJ005,fathur,2026-05-21,17:17:48.573000,1267408029,261573,1.04272,-0.0376,0.09644,-6.084,0.244,-0.244,0.97363,0.09937,0.49048,-0.855,1.527,-0.046,ergonomis
SUBJ005,fathur,2026-05-21,17:17:48.773000,1267408229,261773,1.03906,-0.02368,0.09863,2.107,-0.885,1.038,0.96411,0.1106,0.48071,0.366,1.137,2.328,ergonomis
SUBJ005,fathur,2026-05-21,17:17:49.973000,1267409429,261973,1.0332,-0.03076,0.10864,-6.008,1.939,-0.076,0.96362,0.10474,0.49023,-0.153,-0.107,2.023,ergonomis
SUBJ005,fathur,2026-05-21,17:17:49.173000,1267408629,262173,1.0415,-0.03125,0.09155,-2.252,0.168,-0.672,0.96655,0.10156,0.48584,-4.901,0.565,2.206,ergonomis
SUBJ005,fathur,2026-05-21,17:17:49.373000,1267408829,262373,1.0437,-0.03833,0.10303,2.115,0.687,0.573,0.96265,0.10498,0.48389,4.863,1.038,0.985,ergonomis
SUBJ005,fathur,2026-05-21,17:17:49.573000,1267409029,262573,1.04102,-0.02832,0.09082,-3.802,0.145,0.099,0.9668,0.10938,0.48315,-1.496,1.45,1.42,ergonomis
SUBJ005,fathur,2026-05-21,17:17:49.773000,1267409229,262773,1.03833,-0.03271,0.10156,4.695,-2.412,-2.053,0.95386,0.09961,0.4873,1.435,0.206,1.992,ergonomis
SUBJ005,fathur,2026-05-21,17:17:50.973000,1267410429,262973,1.03809,-0.03735,0.07739,-7.977,-0.916,0.802,0.96094,0.09839,0.49243,-1.626,2.176,0.313,non-ergonomis
SUBJ005,fathur,2026-05-21,17:17:50.173000,1267409629,263173,1.03955,-0.01416,0.09302,-0.695,0.687,-0.321,0.96191,0.10645,0.49194,-3.191,-1.168,2.382,non-ergonomis
SUBJ005,fathur,2026-05-21,17:17:50.373000,1267409829,263373,1.04443,-0.03735,0.10303,0.962,,0.29,0.9707,0.10547,0.47729,5.649,0.489,1.725,non-ergonomis
SUBJ005,fathur,2026-05-21,17:17:50.573000,1267410029,263573,1.04297,-0.03223,0.10156,-4.702,0.779,0.107,0.97192,0.10205,0.47583,-1.733,0.916,1.481,non-ergonomis
SUBJ005,fathur,2026-05-21,17:17:50.773000,1267410229,263773,1.03516,-0.03345,0.10571,0.382,-0.145,0.076,0.96777,0.09741,0.4873,-0.489,1.122,1.122,non-ergonomis
SUBJ005,fathur,2026-05-21,17:17:51.973000,1267411429,263973,1.04712,-0.03809,0.09814,-5.931,-1.885,-0.069,0.96436,0.10327,0.48389,-4.191,0.511,1.282,non-ergonomis
SUBJ005,fathur,2026-05-21,17:17:51.173000,1267410629,264173,1.03247,-0.03955,0.10425,1.427,0.908,0.26,0.94263,0.10913,0.56226,7.466,-5.092,3.397,non-ergonomis
SUBJ005,fathur,2026-05-21,17:17:51.373000,1267410829,264373,1.03052,-0.04346,0.17603,0.519,29.366,-4.954,1.01904,0.10352,0.43555,3.924,16.947,0.45,non-ergonomis
SUBJ005,fathur,2026-05-21,17:17:51.573000,1267411029,264573,1.00732,0.01074,0.22095,1.237,14.519,-4.756,0.97437,0.0918,0.46509,-1.351,-8.237,1.855,non-ergonomis
SUBJ005,fathur,2026-05-21,17:17:51.773000,1267411229,264773,1.01611,0.00073,0.19409,1.16,-5.527,1.252,0.98145,0.11523,0.48193,-3.947,-3.229,0.809,non-ergonomis
SUBJ005,fathur,2026-05-21,17:17:52.973000,1267412429,264973,0.99585,-0.00146,0.22754,-0.855,3.053,-2.069,0.96191,0.1123,0.48022,0.084,1.954,0.84,non-ergonomis
SUBJ005,fathur,2026-05-21,17:17:52.173000,1267411629,265173,0.99609,0.01123,0.21313,-4.198,0.641,-1.519,0.97021,0.10693,0.48047,-4.351,0.557,0.931,non-ergonomis
SUBJ005,fathur,2026-05-21,17:17:52.373000,1267411829,265373,0.98804,0.00562,0.22852,-5.038,0.214,-1.573,0.95825,0.10596,0.47168,-3.412,-0.527,0.916,non-ergonomis
SUBJ005,fathur,2026-05-21,17:17:52.573000,1267412029,265573,0.99609,0.01709,0.22144,-0.313,-1.374,-1.16,0.96509,0.10791,0.48022,0.71,0.908,0.969,non-ergonomis
SUBJ005,fathur,2026-05-21,17:17:52.773000,1267412229,265773,1.00073,0.02271,0.22021,0.115,-0.74,1.832,0.9646,0.11621,0.47485,-0.687,2.237,1.763,non-ergonomis
SUBJ005,fathur,2026-05-21,17:17:53.041000,1267412497,266041,0.99756,0.01025,0.21533,-2.756,0.053,1.206,0.96509,0.11035,0.4873,-0.084,1.588,2.221,non-ergonomis
SUBJ005,fathur,2026-05-21,17:17:53.241000,1267412697,266241,1.0022,0.0061,0.21777,-0.947,0.656,0.107,0.96753,0.11572,0.47925,3.069,2.069,1.802,non-ergonomis
SUBJ005,fathur,2026-05-21,17:17:53.441000,1267412897,266441,0.99658,0.00977,0.21973,-2.733,0.153,-0.74,0.96021,0.11182,0.47925,-2.115,1.023,1.282,non-ergonomis
SUBJ005,fathur,2026-05-21,17:17:53.641000,1267413097,266641,1.00488,0.00732,0.21338,-0.725,-0.122,-0.168,0.96387,0.1167,0.47876,-1.015,0.42,1.397,non-ergonomis
SUBJ005,fathur,2026-05-21,17:17:53.841000,1267413297,266841,0.99585,0.00464,0.20728,-3.718,0.344,-0.099,0.96582,0.10449,0.47388,-3.641,0.137,1.252,non-ergonomis
SUBJ005,fathur,2026-05-21,17:17:54.041000,1267413497,267041,0.99731,0.00098,0.22095,-0.473,-0.443,-0.977,0.9624,0.11499,0.48633,-1.443,1.153,1.733,non-ergonomis
SUBJ005,fathur,2026-05-21,17:17:54.241000,1267413697,267241,1.00073,0.01733,0.20361,0.084,1.0,-1.405,0.9646,0.10254,0.47559,-1.221,1.382,2.122,non-ergonomis
SUBJ005,fathur,2026-05-21,17:17:54.441000,1267413897,267441,0.99951,0.0061,0.21729,-3.099,0.534,1.183,0.97437,0.10059,0.48193,-3.672,0.313,-0.092,non-ergonomis
SUBJ005,fathur,2026-05-21,17:17:54.641000,1267414097,267641,1.00293,0.01733,0.21948,-2.0,0.511,-0.298,0.96045,0.11035,0.47485,-5.656,-1.427,1.244,non-ergonomis
SUBJ005,fathur,2026-05-21,17:17:54.842000,1267414298,267842,0.9978,0.00781,0.20679,-1.008,-0.878,-1.74,0.9668,0.11011,0.479,1.084,1.397,0.885,non-ergonomis
SUBJ005,fathur,2026-05-21,17:17:55.042000,1267414498,268042,1.00781,0.0249,0.20532,1.527,-2.351,0.969,0.96729,0.11792,0.4812,2.489,1.206,0.74,non-ergonomis
SUBJ005,fathur,2026-05-21,17:17:55.242000,1267414698,268242,1.00708,0.03125,0.19922,-2.527,-0.832,-0.397,0.97656,0.11133,0.48486,0.015,-0.252,2.885,non-ergonomis
SUBJ005,fathur,2026-05-21,17:17:55.442000,1267414898,268442,1.00586,0.02075,0.19946,-1.45,0.733,-0.489,0.96631,0.10693,0.47681,0.573,1.809,2.084,non-ergonomis
SUBJ005,fathur,2026-05-21,17:17:55.642000,1267415098,268642,1.00244,0.01538,0.20264,-0.855,2.534,1.901,0.96704,0.11548,0.48682,5.321,3.55,0.924,non-ergonomis
SUBJ005,fathur,2026-05-21,17:17:55.842000,1267415298,268842,1.00293,0.02026,0.20508,-8.046,-0.351,-1.053,0.96484,0.10889,0.47974,-7.679,-1.573,1.42,non-ergonomis
SUBJ005,fathur,2026-05-21,17:17:56.042000,1267415498,269042,1.00391,0.02515,0.19727,2.412,-0.687,-0.29,0.96094,0.11523,0.4834,-0.756,0.779,1.237,non-ergonomis
SUBJ005,fathur,2026-05-21,17:17:56.242000,1267415698,269242,1.00708,0.02612,0.20703,4.145,-0.832,2.656,0.9646,0.12158,0.479,11.893,2.55,1.076,non-ergonomis
SUBJ005,fathur,2026-05-21,17:17:56.442000,1267415898,269442,1.00146,0.0144,0.21509,-7.649,1.168,-2.817,0.96851,0.12549,0.48535,-9.107,-2.328,2.573,non-ergonomis
SUBJ005,fathur,2026-05-21,17:17:56.642000,1267416098,269642,1.01074,0.00342,0.19434,3.702,0.389,1.802,0.96411,0.12622,0.47607,0.71,-0.069,2.244,non-ergonomis
SUBJ005,fathur,2026-05-21,17:17:56.842000,1267416298,269842,1.00049,0.01245,0.20654,-9.786,1.443,-1.405,0.96753,0.10596,0.48218,-9.008,1.16,1.328,non-ergonomis
SUBJ005,fathur,2026-05-21,17:17:57.042000,1267416498,270042,1.00269,0.01416,0.19775,3.214,-0.626,0.198,0.96924,0.11523,0.46533,1.092,1.069,1.397,non-ergonomis
SUBJ005,fathur,2026-05-21,17:17:57.242000,1267416698,270242,0.99829,0.01025,0.19531,-0.107,1.496,0.214,0.96484,0.12769,0.47681,8.985,4.183,1.198,non-ergonomis
SUBJ005,fathur,2026-05-21,17:17:57.442000,1267416898,270442,1.00488,0.00708,0.2063,-11.718,0.817,-0.519,0.96436,0.11646,0.48291,-9.221,0.42,1.504,non-ergonomis
SUBJ005,fathur,2026-05-21,17:17:57.642000,1267417098,270642,1.00122,0.02051,0.20459,4.992,-1.427,0.336,0.96753,0.11328,0.47925,-3.191,-0.573,1.74,non-ergonomis
SUBJ005,fathur,2026-05-21,17:17:57.842000,1267417298,270842,1.00781,0.01221,0.20142,0.221,-0.359,1.076,0.9729,0.11499,0.46948,6.618,2.168,2.092,non-ergonomis
SUBJ005,fathur,2026-05-21,17:17:58.042000,1267417498,271042,0.99536,-0.00537,0.19409,-6.916,3.229,-0.099,0.95801,0.10815,0.48828,-2.153,2.985,1.557,non-ergonomis
SUBJ005,fathur,2026-05-21,17:17:58.242000,1267417698,271242,1.00586,0.00513,0.21582,1.595,2.13,0.206,0.96997,0.12036,0.47559,-2.55,6.939,0.344,non-ergonomis
SUBJ005,fathur,2026-05-21,17:17:58.442000,1267417898,271442,1.02393,0.01733,0.20776,-5.115,-12.275,1.458,0.95703,0.09839,0.42676,-9.733,-0.756,1.916,non-ergonomis
SUBJ005,fathur,2026-05-21,17:17:58.710000,1267418166,271710,1.03711,-0.04639,0.08179,-20.244,-19.74,3.191,0.97876,0.07715,0.47314,-1.664,1.344,6.527,non-ergonomis
SUBJ005,fathur,2026-05-21,17:17:58.910000,1267418366,271910,1.03442,-0.04541,0.11548,2.435,-6.565,1.885,0.95483,0.09839,0.51001,4.565,7.603,2.351,non-ergonomis
SUBJ005,fathur,2026-05-21,17:17:59.110000,1267418566,272110,1.04199,-0.05103,0.07861,-6.275,-1.908,-1.885,0.96582,0.09229,0.49194,-5.664,5.168,2.725,non-ergonomis
SUBJ005,fathur,2026-05-21,17:17:59.310000,1267418766,272310,1.06396,-0.04224,0.07202,-1.122,1.122,-1.42,0.9585,0.0918,0.50171,1.725,0.145,1.626,non-ergonomis
SUBJ005,fathur,2026-05-21,17:17:59.510000,1267418966,272510,1.05664,-0.0376,0.07104,-4.908,0.878,-1.008,0.96753,0.08203,0.48755,-2.893,0.061,0.626,non-ergonomis
SUBJ005,fathur,2026-05-21,17:17:59.710000,1267419166,272710,1.03735,-0.03296,0.08252,1.321,0.84,0.534,0.9729,0.08252,0.48901,1.069,0.901,1.573,non-ergonomis
SUBJ005,fathur,2026-05-21,17:17:59.910000,1267419366,272910,1.04199,-0.0415,0.08691,-3.046,2.458,0.672,0.96753,0.08521,0.49658,2.565,2.069,1.29,non-ergonomis
SUBJ005,fathur,2026-05-21,17:18:00.110000,1267419566,273110,1.04468,-0.03223,0.08813,-1.58,4.626,0.031,0.96875,0.0752,0.49976,-4.115,-0.031,0.313,ergonomis
SUBJ005,fathur,2026-05-21,17:18:00.310000,1267419766,273310,1.03979,-0.03638,0.09619,1.084,1.496,-0.534,0.96729,0.0874,0.50757,-2.443,-0.924,1.42,ergonomis
SUBJ005,fathur,2026-05-21,17:18:00.510000,1267419966,273510,1.03442,-0.04639,0.10181,-4.481,2.198,0.092,0.97266,0.08472,0.49219,1.733,-0.298,-1.153,ergonomis
SUBJ005,fathur,2026-05-21,17:18:00.710000,1267420166,273710,1.04224,-0.01611,0.08521,2.214,-0.756,0.366,0.96143,0.11475,0.5,2.198,0.275,3.137,ergonomis
SUBJ005,fathur,2026-05-21,17:18:00.910000,1267420366,273910,1.04102,-0.052,0.09399,-9.122,1.718,-3.031,0.9668,0.0791,0.50244,-0.954,-0.756,1.794,ergonomis
SUBJ005,fathur,2026-05-21,17:18:01.110000,1267420566,274110,1.04956,-0.02393,0.08984,-1.115,-0.962,0.824,0.9707,0.09253,0.47192,-5.115,0.672,0.817,ergonomis
SUBJ005,fathur,2026-05-21,17:18:01.310000,1267420766,274310,1.03564,-0.03564,0.09106,-1.29,0.046,-0.748,0.95972,0.08447,0.48462,1.076,1.344,0.992,ergonomis
SUBJ005,fathur,2026-05-21,17:18:01.510000,1267420966,274510,1.05078,-0.0105,0.07959,4.481,0.885,-2.58,0.96484,0.07764,0.4856,-1.718,2.908,1.847,ergonomis
SUBJ005,fathur,2026-05-21,17:18:01.784000,1267421240,274784,1.03247,-0.00928,0.08276,-0.672,-1.374,0.267,0.96509,0.09619,0.46484,-1.221,-1.366,0.954,ergonomis
SUBJ005,fathur,2026-05-21,17:18:02.984000,1267422440,274984,1.05493,-0.00415,0.06079,-1.954,-0.786,-0.718,0.97021,0.08862,0.47095,0.977,2.573,1.237,ergonomis
SUBJ005,fathur,2026-05-21,17:18:02.184000,1267421640,275184,1.0415,-0.01123,0.07935,-8.336,0.099,1.099,0.97583,0.09937,0.4751,-5.389,4.405,1.099,ergonomis
SUBJ005,fathur,2026-05-21,17:18:02.384000,1267421840,275384,1.05127,-0.03296,0.08521,-3.504,0.29,0.198,0.96387,0.09473,0.4834,0.885,-1.107,1.344,ergonomis
SUBJ005,fathur,2026-05-21,17:18:02.584000,1267422040,275584,1.05005,-0.02588,0.0769,-0.092,-0.153,0.29,0.96973,0.08984,0.46924,-1.26,0.069,2.336,ergonomis
SUBJ005,fathur,2026-05-21,17:18:02.784000,1267422240,275784,1.04785,-0.02832,0.08643,0.771,0.649,0.832,0.97266,0.09009,0.47729,3.534,2.916,1.244,ergonomis
SUBJ005,fathur,2026-05-21,17:18:03.984000,1267423440,275984,1.0437,-0.0332,0.08081,-3.802,2.16,0.13,0.96924,0.08813,0.48462,-2.573,2.634,1.695,ergonomis
SUBJ005,fathur,2026-05-21,17:18:03.184000,1267422640,276184,1.03687,-0.03174,0.09131,-0.458,1.847,-0.992,0.96265,0.07813,0.47485,-0.84,3.885,1.198,ergonomis
SUBJ005,fathur,2026-05-21,17:18:03.384000,1267422840,276384,1.04272,-0.02808,0.09814,0.748,1.527,1.015,0.96826,0.07959,0.48706,-0.756,0.374,-0.137,ergonomis
SUBJ005,fathur,2026-05-21,17:18:03.584000,1267423040,276584,1.03857,-0.02222,0.09399,-1.908,1.145,-0.046,0.9668,0.08984,0.48926,-1.687,0.168,1.893,ergonomis
SUBJ005,fathur,2026-05-21,17:18:03.784000,1267423240,276784,1.03809,-0.02441,0.09619,-2.977,0.939,-0.847,0.96851,0.09131,0.48462,1.962,0.481,2.321,ergonomis
SUBJ005,fathur,2026-05-21,17:18:04.984000,1267424440,276984,1.05103,-0.03027,0.09619,-0.534,0.962,-3.099,0.95728,0.08813,0.49805,-1.435,-1.389,-0.084,ergonomis
SUBJ005,fathur,2026-05-21,17:18:04.184000,1267423640,277184,1.03662,-0.01587,0.08936,-2.595,0.534,-1.779,0.97559,0.08984,0.49194,-4.198,-0.443,0.443,ergonomis
SUBJ005,fathur,2026-05-21,17:18:07.307000,1267426763,280306,1.04395,-0.0271,0.08472,-0.618,-0.878,-1.763,0.97119,0.08276,0.48169,1.092,1.115,2.542,ergonomis
SUBJ005,fathur,2026-05-21,17:18:07.506000,1267426962,280506,1.03882,-0.03247,0.09814,-3.359,1.366,-1.55,0.96387,0.07861,0.47144,0.374,0.389,1.565,ergonomis
SUBJ005,fathur,2026-05-21,17:18:07.706000,1267427162,280706,1.0415,-0.02222,0.10522,-0.634,0.336,-1.855,0.97266,0.08057,0.46313,-1.969,0.244,1.702,ergonomis
SUBJ005,fathur,2026-05-21,17:18:07.906000,1267427362,280906,1.0415,-0.01587,0.09863,-2.458,0.267,-0.74,0.9624,0.07422,0.47437,-0.954,1.435,1.527,ergonomis
SUBJ005,fathur,2026-05-21,17:18:08.106000,1267427562,281106,1.04639,-0.01855,0.10327,0.427,-0.695,2.496,0.97119,0.09375,0.45459,0.145,2.611,0.901,ergonomis
SUBJ005,fathur,2026-05-21,17:18:08.306000,1267427762,281306,1.03418,-0.01196,0.104,0.015,-0.947,0.695,0.9707,0.08374,0.47607,-3.046,1.557,2.58,ergonomis
SUBJ005,fathur,2026-05-21,17:18:08.506000,1267427962,281506,1.05005,-0.02271,0.08862,-0.328,2.977,-0.863,0.9585,0.09058,0.46387,1.443,-0.092,3.053,ergonomis
SUBJ005,fathur,2026-05-21,17:18:08.706000,1267428162,281706,1.03589,-0.02051,0.10498,-5.084,0.046,-0.046,0.96753,0.05566,0.47388,-5.939,1.71,0.183,ergonomis
SUBJ005,fathur,2026-05-21,17:18:08.906000,1267428362,281906,1.03174,-0.01392,0.09546,8.168,-3.725,3.901,0.96777,0.09595,0.46509,7.71,1.382,1.076,ergonomis
SUBJ005,fathur,2026-05-21,17:18:09.106000,1267428562,282106,1.03467,-0.03052,0.09595,-12.901,-0.931,-2.733,0.96509,0.07153,0.46118,-10.244,0.382,1.634,ergonomis
SUBJ005,fathur,2026-05-21,17:18:09.306000,1267428762,282306,1.03369,-0.02441,0.09131,1.794,-0.321,1.053,0.97192,0.0813,0.47217,-0.878,2.031,1.198,ergonomis
SUBJ005,fathur,2026-05-21,17:18:09.506000,1267428962,282506,1.04663,-0.02515,0.10547,0.504,-0.359,0.389,0.96436,0.08887,0.4707,3.534,0.893,0.611,ergonomis
SUBJ005,fathur,2026-05-21,17:18:09.706000,1267429162,282706,1.04712,-0.01123,0.104,-3.58,-0.527,-2.496,0.96777,0.06934,0.48779,-8.763,2.435,1.901,ergonomis
SUBJ005,fathur,2026-05-21,17:18:09.906000,1267429362,282906,1.04053,-0.0249,0.10718,13.427,0.534,5.397,0.97827,0.09766,0.46777,1.183,1.084,0.489,ergonomis
SUBJ005,fathur,2026-05-21,17:18:10.106000,1267429562,283106,1.02612,-0.01099,0.10083,-7.13,2.008,-2.405,0.97974,0.09424,0.47559,-7.901,1.076,2.664,non-ergonomis
SUBJ005,fathur,2026-05-21,17:18:10.306000,1267429762,283306,1.03271,-0.02832,0.10498,-5.298,1.916,-0.176,0.96948,0.07861,0.47681,-0.191,-0.733,3.504,non-ergonomis
SUBJ005,fathur,2026-05-21,17:18:10.506000,1267429962,283506,1.03809,-0.03833,0.1106,-4.824,1.534,-1.153,0.96436,0.08008,0.48242,0.313,-1.84,0.947,non-ergonomis
SUBJ005,fathur,2026-05-21,17:18:10.706000,1267430162,283706,1.02832,-0.03003,0.08984,-4.74,-0.634,-0.794,0.97998,0.0769,0.44897,-5.954,-1.809,0.031,non-ergonomis
SUBJ005,fathur,2026-05-21,17:18:10.906000,1267430362,283906,1.01807,-0.02319,0.10303,1.176,5.893,-1.053,0.96143,0.11548,0.54492,17.489,2.015,3.481,non-ergonomis
SUBJ005,fathur,2026-05-21,17:18:11.106000,1267430562,284106,0.98657,-0.01196,0.22998,6.74,36.298,-3.87,1.00684,0.09644,0.40405,12.328,15.229,-5.389,non-ergonomis
SUBJ005,fathur,2026-05-21,17:18:11.306000,1267430762,284306,0.96899,0.00317,0.22192,-16.107,3.328,-2.992,0.94214,0.08569,0.44336,-15.695,-6.168,2.13,non-ergonomis
SUBJ005,fathur,2026-05-21,17:18:11.506000,1267430962,284506,1.04321,-0.00098,0.18555,10.176,-12.634,3.046,0.95386,0.11401,0.51001,-3.221,10.122,0.115,non-ergonomis
SUBJ005,fathur,2026-05-21,17:18:11.706000,1267431162,284706,0.9939,0.00342,0.21924,-2.893,3.718,-1.695,0.95972,0.10059,0.46826,4.069,-4.603,2.382,non-ergonomis
SUBJ005,fathur,2026-05-21,17:18:11.906000,1267431362,284906,0.99512,0.01245,0.23169,-3.443,-0.046,0.16,0.9646,0.1084,0.49243,-4.771,-1.534,1.298,non-ergonomis
SUBJ005,fathur,2026-05-21,17:18:12.106000,1267431562,285106,0.99683,0.00757,0.22803,2.763,1.122,0.908,0.96704,0.10474,0.49023,-0.321,2.137,1.824,non-ergonomis
SUBJ005,fathur,2026-05-21,17:18:12.306000,1267431762,285306,0.98535,-0.0061,0.22192,-5.779,-1.099,-0.45,0.97339,0.10229,0.49463,0.069,3.924,1.206,non-ergonomis
SUBJ005,fathur,2026-05-21,17:18:12.506000,1267431962,285506,0.99512,-0.00269,0.21875,-1.855,0.26,-1.328,0.97485,0.10205,0.48926,-5.031,0.313,1.221,non-ergonomis
SUBJ005,fathur,2026-05-21,17:18:12.706000,1267432162,285706,0.99268,0.01074,0.23022,1.412,-0.008,-1.603,0.97217,0.10889,0.49292,5.115,-0.282,2.435,non-ergonomis
SUBJ005,fathur,2026-05-21,17:18:12.906000,1267432362,285906,0.99438,0.03613,0.22119,-1.87,1.557,-1.504,0.95801,0.10913,0.47949,-3.779,2.076,2.74,non-ergonomis
SUBJ005,fathur,2026-05-21,17:18:13.106000,1267432562,286106,0.9917,0.01172,0.24585,-3.198,1.16,1.427,0.96411,0.11157,0.49561,3.87,3.939,1.573,non-ergonomis
SUBJ005,fathur,2026-05-21,17:18:13.306000,1267432762,286306,0.99683,0.00415,0.23926,-2.412,-0.756,1.458,0.97241,0.10742,0.50146,-5.603,-0.252,-0.069,non-ergonomis
SUBJ005,fathur,2026-05-21,17:18:13.506000,1267432962,286506,0.99585,-0.0061,0.23193,-2.45,-1.031,-0.099,0.96045,0.104,0.50024,-1.779,-0.221,0.427,non-ergonomis
SUBJ005,fathur,2026-05-21,17:18:13.706000,1267433162,286706,1.00293,0.0022,0.2085,-1.122,0.55,-1.618,0.96094,0.11182,0.49487,-0.267,2.145,0.198,non-ergonomis
SUBJ005,fathur,2026-05-21,17:18:13.921000,1267433377,286921,0.9856,0.02075,0.23267,-1.275,2.557,1.084,0.97144,0.11963,0.49194,1.435,3.573,1.634,non-ergonomis
SUBJ005,fathur,2026-05-21,17:18:14.121000,1267433577,287121,0.98706,0.01636,0.23145,-0.611,0.809,-1.153,0.96289,0.11841,0.5,2.511,1.58,1.435,non-ergonomis
SUBJ005,fathur,2026-05-21,17:18:14.321000,1267433777,287321,0.99341,0.00586,0.23535,-8.153,0.84,-0.542,0.96143,0.10156,0.49268,-9.847,-1.237,0.069,non-ergonomis
SUBJ005,fathur,2026-05-21,17:18:14.521000,1267433977,287521,0.98901,0.00708,0.229,-0.206,-1.168,0.565,0.96069,0.10718,0.49243,-5.504,-0.55,0.87,non-ergonomis
SUBJ005,fathur,2026-05-21,17:18:14.721000,1267434177,287721,0.99512,0.01123,0.2229,-0.092,-1.145,-0.71,0.96387,0.10669,0.49756,8.427,2.679,2.191,non-ergonomis
SUBJ005,fathur,2026-05-21,17:18:14.921000,1267434377,287921,0.99927,0.00854,0.22583,-4.198,1.55,-0.771,0.96802,0.11621,0.48877,6.252,3.427,1.763,non-ergonomis
SUBJ005,fathur,2026-05-21,17:18:15.121000,1267434577,288121,0.99487,0.03247,0.21582,-4.122,0.947,-1.84,0.97485,0.11304,0.49146,-10.489,-0.618,1.733,non-ergonomis
SUBJ005,fathur,2026-05-21,17:18:15.321000,1267434777,288321,0.99268,0.00537,0.22705,-0.298,-0.176,-0.107,0.96704,0.11328,0.49487,3.458,2.595,1.191,non-ergonomis
SUBJ005,fathur,2026-05-21,17:18:15.521000,1267434977,288521,0.99536,0.03442,0.21655,-2.45,-0.779,-0.244,0.9646,0.10938,0.49951,-3.595,-1.626,0.221,non-ergonomis
SUBJ005,fathur,2026-05-21,17:18:15.811000,1267435267,288811,1.00513,0.01807,0.21045,1.389,-1.962,1.939,0.96729,0.13257,0.49902,0.496,-1.802,1.817,non-ergonomis
SUBJ005,fathur,2026-05-21,17:18:16.011000,1267435467,289011,0.99585,0.00342,0.20728,-4.466,0.244,-1.359,0.97119,0.10986,0.48926,-1.969,0.389,2.336,non-ergonomis
SUBJ005,fathur,2026-05-21,17:18:16.211000,1267435667,289211,0.99512,0.00806,0.2085,0.092,1.885,0.084,0.96631,0.12012,0.4729,-0.954,2.664,0.794,non-ergonomis
SUBJ005,fathur,2026-05-21,17:18:16.411000,1267435867,289411,0.99512,0.0127,0.21948,-2.855,0.786,-0.435,0.96265,0.11426,0.49146,-4.145,1.885,1.542,non-ergonomis
SUBJ005,fathur,2026-05-21,17:18:16.611000,1267436067,289611,0.9978,0.00732,0.22778,-0.366,1.344,0.206,0.96387,0.10913,0.49292,-0.153,2.031,1.397,non-ergonomis
SUBJ005,fathur,2026-05-21,17:18:16.811000,1267436267,289811,0.99854,0.0188,0.20654,-4.252,1.237,0.092,0.96484,0.10278,0.49414,-7.954,-0.885,1.092,non-ergonomis
SUBJ005,fathur,2026-05-21,17:18:17.011000,1267436467,290011,0.98901,0.01538,0.23438,3.16,-0.038,0.405,0.9624,0.11475,0.49805,4.076,2.229,1.985,non-ergonomis
SUBJ005,fathur,2026-05-21,17:18:17.211000,1267436667,290211,0.99902,0.01514,0.22754,-4.45,0.595,-1.756,0.96387,0.10083,0.49194,-0.702,1.595,1.389,non-ergonomis
SUBJ005,fathur,2026-05-21,17:18:17.411000,1267436867,290411,0.99951,0.00952,0.22754,-3.962,0.267,0.275,0.96216,0.10913,0.48975,-3.504,1.275,0.153,non-ergonomis
SUBJ005,fathur,2026-05-21,17:18:17.611000,1267437067,290611,0.98926,0.01563,0.23682,1.74,-0.969,0.947,0.96313,0.12793,0.49609,0.634,0.405,1.611,non-ergonomis
SUBJ005,fathur,2026-05-21,17:18:17.811000,1267437267,290811,0.99756,0.00293,0.2168,-4.305,-0.26,-2.031,0.9624,0.11133,0.48901,-0.412,1.115,1.794,non-ergonomis
SUBJ005,fathur,2026-05-21,17:18:18.011000,1267437467,291011,0.99805,0.00952,0.22729,-0.29,-0.595,-1.153,0.96606,0.11597,0.48682,-2.191,0.504,0.908,non-ergonomis
SUBJ005,fathur,2026-05-21,17:18:18.211000,1267437667,291211,0.99976,0.02124,0.21753,-1.351,0.542,0.267,0.96875,0.12061,0.49487,-1.939,1.168,1.183,non-ergonomis
SUBJ005,fathur,2026-05-21,17:18:18.411000,1267437867,291411,1.00195,0.0249,0.21558,-1.053,1.221,-0.611,0.96216,0.12354,0.4939,0.458,1.809,2.542,non-ergonomis
SUBJ005,fathur,2026-05-21,17:18:18.611000,1267438067,291611,0.99731,0.02173,0.21436,-2.641,0.053,-0.901,0.96387,0.10718,0.49316,-5.13,-0.656,1.084,non-ergonomis
SUBJ005,fathur,2026-05-21,17:18:18.811000,1267438267,291811,1.00537,0.02441,0.21167,-0.031,0.122,1.16,0.96362,0.11279,0.4978,-2.786,0.908,1.519,non-ergonomis
SUBJ005,fathur,2026-05-21,17:18:19.011000,1267438467,292011,1.00317,0.00757,0.21655,-0.389,0.992,1.527,0.96509,0.11328,0.49121,4.756,3.229,0.954,non-ergonomis
SUBJ005,fathur,2026-05-21,17:18:19.211000,1267438667,292211,0.99927,0.00586,0.22827,-3.137,-0.382,-0.061,0.95947,0.1167,0.49243,-1.099,1.496,0.55,non-ergonomis
SUBJ005,fathur,2026-05-21,17:18:19.411000,1267438867,292411,0.99829,0.02002,0.2251,-0.863,-1.29,,0.96899,0.11377,0.47754,1.229,2.359,0.733,non-ergonomis
SUBJ005,fathur,2026-05-21,17:18:19.656000,1267439112,292655,0.99683,0.02051,0.21826,2.382,-1.107,1.13,0.96484,0.12427,0.49976,3.221,2.351,1.382,non-ergonomis
SUBJ005,fathur,2026-05-21,17:18:19.855000,1267439311,292855,1.00073,0.01099,0.22021,-4.679,1.29,-1.13,0.96509,0.11035,0.49854,1.588,2.229,1.794,non-ergonomis
SUBJ005,fathur,2026-05-21,17:18:20.055000,1267439511,293055,1.0022,0.02271,0.22021,-0.137,-0.45,0.87,0.9541,0.1272,0.48975,0.863,1.679,1.336,ergonomis
SUBJ005,fathur,2026-05-21,17:18:20.255000,1267439711,293255,0.99194,0.00952,0.22266,-1.695,1.069,-1.618,0.96094,0.1228,0.48193,-0.229,2.466,1.771,ergonomis
SUBJ005,fathur,2026-05-21,17:18:20.455000,1267439911,293455,1.00781,0.01392,0.21582,-5.206,0.344,0.603,0.97144,0.11279,0.5022,-6.412,-0.046,0.832,ergonomis
SUBJ005,fathur,2026-05-21,17:18:20.655000,1267440111,293655,1.04834,0.03076,0.2229,0.191,-7.626,3.229,0.98926,0.12842,0.43384,-6.412,9.74,-1.992,ergonomis
SUBJ005,fathur,2026-05-21,17:18:20.855000,1267440311,293855,0.99683,0.01733,0.1311,-13.107,-19.313,3.397,0.92383,0.10522,0.52222,-27.893,-11.336,-0.641,ergonomis
SUBJ005,fathur,2026-05-21,17:18:21.055000,1267440511,294055,1.03784,-0.02686,0.11108,-2.053,-13.252,2.939,0.85767,0.13794,0.55566,60.26,11.954,23.565,ergonomis
SUBJ005,fathur,2026-05-21,17:18:21.255000,1267440711,294255,1.01489,-0.02588,0.12036,-8.489,4.985,2.969,0.97925,0.10376,0.52515,-17.718,1.191,1.511,ergonomis
SUBJ005,fathur,2026-05-21,17:18:21.455000,1267440911,294455,1.02637,-0.04419,0.13965,0.947,3.992,1.252,0.95752,0.09937,0.53711,9.611,2.473,3.656,ergonomis
SUBJ005,fathur,2026-05-21,17:18:21.655000,1267441111,294655,1.02832,-0.04858,0.13208,-10.29,1.718,-2.038,0.96948,0.08301,0.50439,-13.198,2.748,2.282,ergonomis
SUBJ005,fathur,2026-05-21,17:18:21.855000,1267441311,294855,1.03638,-0.05078,0.13477,7.771,-2.427,1.939,0.96655,0.09204,0.52197,4.916,2.565,-0.412,ergonomis
SUBJ005,fathur,2026-05-21,17:18:22.055000,1267441511,295055,1.04199,-0.04761,0.13525,-5.962,3.046,-1.275,0.94946,0.09326,0.51147,-5.878,-0.718,1.962,ergonomis
SUBJ005,fathur,2026-05-21,17:18:22.255000,1267441711,295255,1.0293,-0.03296,0.11401,2.489,0.58,-0.969,0.96313,0.08813,0.52417,4.405,0.824,2.618,ergonomis
SUBJ005,fathur,2026-05-21,17:18:22.455000,1267441911,295455,1.02319,-0.04736,0.15137,-0.901,-1.084,1.252,0.95386,0.09375,0.52759,2.397,2.244,0.878,ergonomis
SUBJ005,fathur,2026-05-21,17:18:22.655000,1267442111,295655,1.02393,-0.02905,0.13818,-4.939,0.015,-2.321,0.95679,0.08252,0.5188,-5.702,0.107,1.573,ergonomis
SUBJ005,fathur,2026-05-21,17:18:22.855000,1267442311,295855,1.0249,-0.04492,0.1521,1.603,1.229,-1.649,0.95239,0.08667,0.52441,4.252,2.748,0.305,ergonomis
SUBJ005,fathur,2026-05-21,17:18:23.055000,1267442511,296055,1.03638,-0.04736,0.13379,-5.893,0.74,0.374,0.96704,0.09106,0.50659,-6.221,0.168,0.076,ergonomis
SUBJ005,fathur,2026-05-21,17:18:23.255000,1267442711,296255,1.02637,-0.03271,0.13354,-0.763,-0.573,1.443,0.96582,0.10254,0.51489,2.13,-0.458,0.824,ergonomis
SUBJ005,fathur,2026-05-21,17:18:23.459000,1267442915,296459,1.02344,-0.01978,0.12695,1.107,0.947,1.176,0.9646,0.09595,0.51025,4.45,-0.519,2.344,ergonomis
SUBJ005,fathur,2026-05-21,17:18:23.659000,1267443115,296659,1.02954,-0.03125,0.12915,-6.55,1.985,-1.969,0.97705,0.09106,0.48169,2.29,-1.557,2.397,ergonomis
SUBJ005,fathur,2026-05-21,17:18:23.859000,1267443315,296859,1.03809,-0.01733,0.12671,2.053,-1.282,-2.763,0.97803,0.08667,0.49585,-3.176,1.45,0.855,ergonomis
SUBJ005,fathur,2026-05-21,17:18:24.059000,1267443515,297059,1.02051,-0.0332,0.14722,0.55,1.267,0.779,0.96851,0.10718,0.49243,5.878,0.214,-0.809,ergonomis
SUBJ005,fathur,2026-05-21,17:18:24.259000,1267443715,297259,1.03931,-0.00806,0.13647,-9.321,1.145,-1.244,0.96973,0.09497,0.50854,-11.008,,0.893,ergonomis
SUBJ005,fathur,2026-05-21,17:18:24.459000,1267443915,297459,1.0293,-0.00732,0.12476,3.786,-1.046,1.092,0.96948,0.09912,0.50464,4.45,2.092,1.588,ergonomis
SUBJ005,fathur,2026-05-21,17:18:24.659000,1267444115,297659,1.02612,-0.02124,0.12964,-3.153,1.969,-1.275,0.96484,0.0979,0.48926,0.863,1.237,1.809,ergonomis
SUBJ005,fathur,2026-05-21,17:18:24.859000,1267444315,297859,1.02148,-0.00244,0.12427,1.382,0.153,2.382,0.97021,0.10303,0.49805,-4.824,-2.076,1.573,ergonomis
SUBJ005,fathur,2026-05-21,17:18:25.059000,1267444515,298059,1.02856,-0.0127,0.125,0.412,2.786,0.076,0.97241,0.09253,0.49023,1.824,0.351,2.206,ergonomis
SUBJ005,fathur,2026-05-21,17:18:25.285000,1267444741,298285,1.0293,-0.02026,0.12549,-2.206,2.924,-0.649,0.97583,0.09351,0.48193,0.763,0.176,1.466,ergonomis
SUBJ005,fathur,2026-05-21,17:18:25.485000,1267444941,298485,1.0271,-0.02075,0.13379,-5.267,0.779,-0.511,0.96826,0.09375,0.48267,-7.565,-0.519,1.13,ergonomis
SUBJ005,fathur,2026-05-21,17:18:25.685000,1267445141,298685,1.0376,-0.02222,0.12915,2.611,-0.55,-1.061,0.97144,0.08081,0.48145,0.679,1.656,0.282,ergonomis
SUBJ005,fathur,2026-05-21,17:18:25.885000,1267445341,298885,1.04077,-0.00537,0.13501,1.427,-0.557,-0.244,0.95923,0.10571,0.48804,1.656,1.534,1.191,ergonomis
SUBJ005,fathur,2026-05-21,17:18:26.085000,1267445541,299085,1.03882,-0.01953,0.11914,-4.351,1.374,-0.359,0.97485,0.09814,0.47119,2.405,2.344,1.374,ergonomis
SUBJ005,fathur,2026-05-21,17:18:26.285000,1267445741,299285,1.03369,-0.01636,0.13867,-5.107,-0.221,0.198,0.96948,0.10303,0.4751,-6.443,-0.267,1.023,ergonomis
SUBJ005,fathur,2026-05-21,17:18:26.485000,1267445941,299485,1.0293,-0.00488,0.12524,2.206,-2.588,-0.176,0.97217,0.09229,0.48877,1.847,0.565,1.947,ergonomis
SUBJ005,fathur,2026-05-21,17:18:26.685000,1267446141,299685,1.02637,-0.02881,0.14722,-6.252,0.618,2.977,0.96753,0.09839,0.48633,-2.069,1.679,0.153,ergonomis
SUBJ005,fathur,2026-05-21,17:18:26.885000,1267446341,299885,1.03906,-0.0127,0.12939,-1.649,-0.282,-0.244,0.96997,0.09937,0.49512,-4.687,-0.779,2.595,ergonomis
SUBJ005,fathur,2026-05-21,17:18:27.085000,1267446541,300085,1.02148,-0.0144,0.12036,-1.046,0.061,-0.344,0.97339,0.08032,0.47974,-1.588,-1.924,2.496,ergonomis
SUBJ005,fathur,2026-05-21,17:18:27.300000,1267446756,300300,1.03638,0.00562,0.11157,-3.992,0.031,-2.893,0.96533,0.08765,0.46509,-4.153,-1.634,2.641,ergonomis
SUBJ005,fathur,2026-05-21,17:18:27.500000,1267446956,300500,1.02393,-0.01953,0.12744,-3.733,-0.924,-0.046,0.96924,0.07788,0.4834,-3.763,0.405,-0.794,ergonomis
SUBJ005,fathur,2026-05-21,17:18:27.700000,1267447156,300700,1.03223,-0.01709,0.12427,7.145,-1.427,3.405,0.96875,0.09424,0.45483,4.718,0.489,-1.298,ergonomis
SUBJ005,fathur,2026-05-21,17:18:27.900000,1267447356,300900,1.04126,0.01025,0.13452,9.656,-1.794,-0.45,0.95435,0.12744,0.46851,6.679,1.023,3.58,ergonomis
SUBJ005,fathur,2026-05-21,17:18:28.100000,1267447556,301100,1.02393,-0.01147,0.10986,-18.321,-2.779,0.153,0.97656,0.06934,0.4707,-10.061,0.191,1.115,ergonomis
SUBJ005,fathur,2026-05-21,17:18:28.300000,1267447756,301300,1.02295,0.00537,0.1145,13.702,-0.092,5.55,0.97949,0.11182,0.44873,15.176,3.13,0.779,ergonomis
SUBJ005,fathur,2026-05-21,17:18:28.500000,1267447956,301500,1.04321,-0.01855,0.1062,-12.168,0.374,-2.557,0.96167,0.10132,0.46558,-4.809,0.664,3.244,ergonomis
SUBJ005,fathur,2026-05-21,17:18:28.700000,1267448156,301700,1.02539,-0.02148,0.11694,-6.504,-0.847,-1.038,0.9751,0.08667,0.48022,-5.435,0.702,1.344,ergonomis
SUBJ005,fathur,2026-05-21,17:18:28.900000,1267448356,301900,1.02612,0.00098,0.10889,3.847,-0.985,-0.137,0.96631,0.08716,0.46191,-8.794,0.031,1.649,ergonomis
SUBJ005,fathur,2026-05-21,17:18:29.100000,1267448556,302100,1.03662,-0.01831,0.11548,-4.84,1.947,-0.13,0.97485,0.09521,0.45874,-0.786,1.786,1.466,ergonomis
SUBJ005,fathur,2026-05-21,17:18:29.300000,1267448756,302300,1.03711,-0.00098,0.11255,-4.756,0.74,0.008,0.96924,0.09058,0.47021,-6.031,-0.115,2.725,ergonomis
SUBJ005,fathur,2026-05-21,17:18:29.500000,1267448956,302500,1.03906,-0.03247,0.12695,-1.511,2.046,0.336,0.97314,0.08374,0.46265,0.244,2.321,0.87,ergonomis
SUBJ005,fathur,2026-05-21,17:18:29.700000,1267449156,302700,1.03687,-0.00366,0.12305,1.374,0.328,-0.405,0.96362,0.09155,0.46631,0.237,0.008,2.771,ergonomis
SUBJ005,fathur,2026-05-21,17:18:29.900000,1267449356,302900,1.02734,-0.02637,0.13379,-4.679,0.763,-0.008,0.97437,0.06616,0.4646,1.183,1.817,-0.046,ergonomis
SUBJ005,fathur,2026-05-21,17:18:30.100000,1267449556,303100,1.03125,-0.00977,0.12256,2.42,-0.359,2.366,0.96533,0.10107,0.47998,1.733,0.679,0.786,non-ergonomis
SUBJ005,fathur,2026-05-21,17:18:30.300000,1267449756,303300,1.04761,-0.00732,0.12524,-3.282,0.015,-3.206,0.97144,0.08569,0.45093,-1.87,1.863,1.71,non-ergonomis
SUBJ005,fathur,2026-05-21,17:18:30.500000,1267449956,303500,1.03906,-0.01489,0.11597,1.87,1.076,1.42,0.96753,0.09717,0.47339,4.382,3.328,1.588,non-ergonomis
SUBJ005,fathur,2026-05-21,17:18:30.700000,1267450156,303700,1.03198,-0.01904,0.12793,-7.725,0.611,-2.573,0.97144,0.07471,0.46094,-9.626,-0.649,1.71,non-ergonomis
SUBJ005,fathur,2026-05-21,17:18:30.900000,1267450356,303900,1.01367,0.00195,0.13745,8.16,1.626,-0.664,0.94287,0.09277,0.55859,13.374,-5.176,5.863,non-ergonomis
SUBJ005,fathur,2026-05-21,17:18:31.100000,1267450556,304100,0.98438,-0.00562,0.22974,-0.664,32.672,-5.031,1.06104,0.09668,0.40161,13.015,15.656,-5.893,non-ergonomis
SUBJ005,fathur,2026-05-21,17:18:31.300000,1267450756,304300,0.93896,0.01807,0.20117,-16.145,-1.176,-0.511,0.94336,0.11133,0.48877,-14.443,1.55,4.74,non-ergonomis
SUBJ005,fathur,2026-05-21,17:18:31.500000,1267450956,304500,1.01367,0.00586,0.19482,7.099,-11.855,1.427,0.96924,0.12598,0.51099,8.076,-1.756,3.298,non-ergonomis
SUBJ005,fathur,2026-05-21,17:18:31.700000,1267451156,304700,1.00317,0.01953,0.21582,-2.298,0.099,-1.565,0.96484,0.11011,0.47729,1.221,-3.954,2.374,non-ergonomis
SUBJ005,fathur,2026-05-21,17:18:31.900000,1267451356,304900,1.00073,0.01416,0.21436,-3.519,0.679,1.328,0.96191,0.09521,0.49341,-4.809,-2.191,-0.046,non-ergonomis
SUBJ005,fathur,2026-05-21,17:18:32.100000,1267451556,305100,0.98975,0.01709,0.22925,-1.893,-0.122,0.802,0.95142,0.10718,0.49048,-2.786,3.435,0.534,non-ergonomis
SUBJ005,fathur,2026-05-21,17:18:32.300000,1267451756,305300,0.99731,0.0293,0.21338,0.847,-0.122,-0.687,0.96558,0.10327,0.48804,2.809,2.328,2.176,non-ergonomis
SUBJ005,fathur,2026-05-21,17:18:32.500000,1267451956,305500,1.00415,0.01489,0.21387,0.244,-0.16,-0.252,0.9751,0.11279,0.48193,3.87,1.336,1.519,non-ergonomis
SUBJ005,fathur,2026-05-21,17:18:32.700000,1267452156,305700,1.00366,0.00513,0.19995,-2.176,1.878,-0.061,0.95972,0.1167,0.47876,-1.023,3.771,0.511,non-ergonomis
SUBJ005,fathur,2026-05-21,17:18:33.966000,1267453422,305966,1.00171,0.01636,0.22583,-1.702,-2.328,2.061,0.96753,0.10352,0.49341,-2.13,1.038,-0.168,non-ergonomis
SUBJ005,fathur,2026-05-21,17:18:33.166000,1267452622,306166,0.9917,0.01587,0.22046,2.634,-0.107,0.84,0.97241,0.12256,0.50049,-1.924,-2.916,2.527,non-ergonomis
SUBJ005,fathur,2026-05-21,17:18:33.366000,1267452822,306366,1.00195,-0.0105,0.20654,-3.794,0.496,2.321,0.97168,0.11279,0.49536,1.534,2.206,3.481,non-ergonomis
SUBJ005,fathur,2026-05-21,17:18:33.566000,1267453022,306566,1.00781,-0.0083,0.21533,-3.328,-0.115,0.863,0.97314,0.10425,0.48999,-10.74,0.763,1.084,non-ergonomis
SUBJ005,fathur,2026-05-21,17:18:33.766000,1267453222,306766,1.02197,-0.0083,0.19751,6.924,-0.046,1.519,0.96436,0.14038,0.48657,9.29,4.076,2.298,non-ergonomis
SUBJ005,fathur,2026-05-21,17:18:34.966000,1267454422,306966,0.99048,0.00391,0.21338,-14.206,2.687,-4.824,0.96191,0.08203,0.51245,-18.878,-2.489,0.573,non-ergonomis
SUBJ005,fathur,2026-05-21,17:18:34.166000,1267453622,307166,0.98853,0.00439,0.22583,8.824,-2.046,-0.832,0.9751,0.10693,0.4856,0.71,-0.382,0.092,non-ergonomis
SUBJ005,fathur,2026-05-21,17:18:34.366000,1267453822,307366,1.01123,0.01563,0.21362,-1.969,1.183,-2.992,0.97485,0.125,0.48853,8.008,4.611,3.176,non-ergonomis
SUBJ005,fathur,2026-05-21,17:18:34.566000,1267454022,307566,1.00049,0.02173,0.22314,-7.511,0.786,-1.015,0.96387,0.09424,0.50464,-10.458,-3.595,0.817,non-ergonomis
SUBJ005,fathur,2026-05-21,17:18:34.766000,1267454222,307766,0.98169,0.01392,0.22192,3.748,1.702,2.489,0.96606,0.1106,0.48193,4.282,2.076,0.397,non-ergonomis
SUBJ005,fathur,2026-05-21,17:18:35.966000,1267455422,307966,1.01025,0.00562,0.2019,-6.641,0.412,-0.603,0.97388,0.10278,0.49927,-1.695,2.771,0.756,non-ergonomis
SUBJ005,fathur,2026-05-21,17:18:35.166000,1267454622,308166,1.00659,0.01465,0.20972,-4.076,3.069,-1.305,0.96021,0.10498,0.48511,-10.267,0.328,0.962,non-ergonomis
SUBJ005,fathur,2026-05-21,17:18:35.366000,1267454822,308366,0.99243,0.01587,0.22485,1.855,-1.252,0.16,0.96289,0.10474,0.49634,0.924,0.435,1.42,non-ergonomis
SUBJ005,fathur,2026-05-21,17:18:35.566000,1267455022,308566,1.00073,0.01514,0.21997,-9.206,0.718,0.122,0.97607,0.1106,0.49463,-6.45,-1.435,1.649,non-ergonomis
SUBJ005,fathur,2026-05-21,17:18:35.766000,1267455222,308766,0.99707,0.01855,0.21436,1.29,0.481,-0.649,0.96289,0.11353,0.47852,5.183,1.122,0.802,non-ergonomis
SUBJ005,fathur,2026-05-21,17:18:36.966000,1267456422,308966,0.99927,0.01953,0.21045,-5.0,1.84,-2.107,0.96216,0.104,0.49097,-3.214,2.321,0.183,non-ergonomis
SUBJ005,fathur,2026-05-21,17:18:36.166000,1267455622,309166,0.99756,0.02808,0.22168,0.489,-0.122,-0.321,0.96118,0.11304,0.50171,-3.733,1.809,1.282,non-ergonomis
SUBJ005,fathur,2026-05-21,17:18:36.366000,1267455822,309366,0.98975,0.01001,0.22632,-1.527,1.489,0.763,0.96362,0.12524,0.48706,4.389,4.931,1.389,non-ergonomis
SUBJ005,fathur,2026-05-21,17:18:36.566000,1267456022,309566,0.9978,0.02441,0.21558,-5.939,-0.672,1.244,0.96167,0.12256,0.50879,3.885,1.641,1.351,non-ergonomis
SUBJ005,fathur,2026-05-21,17:18:36.766000,1267456222,309766,0.99829,0.03687,0.21729,2.985,-0.595,-1.137,0.9707,0.11841,0.49414,-4.733,-1.427,3.244,non-ergonomis
SUBJ005,fathur,2026-05-21,17:18:37.966000,1267457422,309966,0.99487,0.01733,0.22632,0.298,0.634,1.855,0.96484,0.11182,0.49243,8.038,5.115,1.412,non-ergonomis
SUBJ005,fathur,2026-05-21,17:18:37.166000,1267456622,310166,0.99854,0.01587,0.22632,-8.763,-0.466,3.656,0.95874,0.12451,0.49878,-9.687,0.26,1.0,non-ergonomis
SUBJ005,fathur,2026-05-21,17:18:37.366000,1267456822,310366,1.00903,-0.00366,0.23438,-0.695,-1.214,1.733,0.95898,0.11621,0.49902,-4.389,1.534,0.611,non-ergonomis
SUBJ005,fathur,2026-05-21,17:18:37.566000,1267457022,310566,1.0,0.01245,0.22388,-1.305,0.412,-0.061,0.96704,0.11523,0.49023,-4.008,-0.328,1.786,non-ergonomis
SUBJ005,fathur,2026-05-21,17:18:37.766000,1267457222,310766,0.99219,0.00879,0.21606,-3.168,-0.908,-0.107,0.96533,0.11353,0.48657,0.061,1.672,1.55,non-ergonomis
SUBJ005,fathur,2026-05-21,17:18:38.107000,1267457563,311107,0.99316,0.00781,0.22388,-3.16,-0.908,-0.725,0.9707,0.10571,0.50708,-1.191,1.336,1.298,non-ergonomis
SUBJ005,fathur,2026-05-21,17:18:38.307000,1267457763,311307,0.98901,0.00488,0.23755,-0.969,0.679,-0.679,0.9624,0.11914,0.49854,-1.908,-0.198,1.137,non-ergonomis
SUBJ005,fathur,2026-05-21,17:18:38.507000,1267457963,311507,0.98901,0.00928,0.23291,1.756,0.504,2.435,0.96631,0.12964,0.48242,8.74,3.565,2.511,non-ergonomis
SUBJ005,fathur,2026-05-21,17:18:38.707000,1267458163,311707,0.99487,-0.00073,0.21045,-7.939,0.878,-0.519,0.97266,0.09839,0.49829,-14.13,-3.206,0.046,non-ergonomis
SUBJ005,fathur,2026-05-21,17:18:38.907000,1267458363,311907,0.99634,0.02832,0.20801,2.191,0.992,2.198,0.95752,0.11646,0.49097,5.046,2.137,0.618,non-ergonomis
SUBJ005,fathur,2026-05-21,17:18:39.107000,1267458563,312107,1.01538,0.01489,0.20972,-7.817,1.237,-0.901,0.96777,0.10596,0.50317,-6.443,1.061,1.855,non-ergonomis
SUBJ005,fathur,2026-05-21,17:18:39.307000,1267458763,312307,1.0,0.02173,0.23047,0.924,-0.817,0.718,0.9707,0.11084,0.49634,-0.221,-0.893,1.481,non-ergonomis
SUBJ005,fathur,2026-05-21,17:18:39.507000,1267458963,312507,0.99658,0.00732,0.21631,-2.282,0.489,0.13,0.96387,0.10962,0.50269,-2.092,1.344,1.252,non-ergonomis
SUBJ005,fathur,2026-05-21,17:18:39.707000,1267459163,312707,0.99878,0.01221,0.22192,-3.237,0.298,0.824,0.96021,0.11182,0.49634,-4.489,0.672,0.954,non-ergonomis
SUBJ005,fathur,2026-05-21,17:18:39.907000,1267459363,312907,0.99487,0.02051,0.22632,-0.397,-1.244,-0.214,0.9668,0.11157,0.51001,-3.733,-2.099,1.847,non-ergonomis
SUBJ005,fathur,2026-05-21,17:18:40.107000,1267459563,313107,1.00122,-0.01733,0.25366,-14.122,6.588,5.008,0.95557,0.09033,0.51123,-0.672,5.893,1.16,ergonomis
SUBJ005,fathur,2026-05-21,17:18:40.307000,1267459763,313307,1.01172,-0.00293,0.2417,9.427,-1.29,-1.435,0.94995,0.11304,0.5083,-8.023,2.809,0.771,ergonomis
SUBJ005,fathur,2026-05-21,17:18:40.507000,1267459963,313507,1.00659,0.02954,0.20459,-5.42,2.237,-0.519,0.97485,0.10205,0.51074,-3.489,-4.031,0.817,ergonomis
SUBJ005,fathur,2026-05-21,17:18:40.707000,1267460163,313707,0.98218,-0.00635,0.25635,1.282,-4.26,-1.473,0.99121,0.11182,0.46436,-4.374,-1.779,0.87,ergonomis
SUBJ005,fathur,2026-05-21,17:18:40.907000,1267460363,313907,1.06958,0.03394,0.16528,1.282,-28.763,4.664,0.95044,0.12012,0.42554,-36.58,-4.122,-6.534,ergonomis
SUBJ005,fathur,2026-05-21,17:18:41.107000,1267460563,314107,0.97705,-0.0437,0.10815,-18.16,-28.115,-6.206,1.00854,0.14087,0.62964,35.489,13.198,16.458,ergonomis
SUBJ005,fathur,2026-05-21,17:18:41.307000,1267460763,314307,1.03076,0.02295,0.0564,5.809,3.863,-0.756,0.97925,0.10522,0.52588,-14.687,-15.901,3.916,ergonomis
SUBJ005,fathur,2026-05-21,17:18:41.507000,1267460963,314507,1.03223,-0.00391,0.0647,5.817,-2.603,-6.58,0.9707,0.07422,0.4353,19.71,-2.221,0.275,ergonomis
SUBJ005,fathur,2026-05-21,17:18:41.707000,1267461163,314707,1.07788,0.05029,-0.00244,16.855,-4.038,4.466,0.948,0.104,0.4021,2.076,6.374,-2.0,ergonomis
SUBJ005,fathur,2026-05-21,17:18:41.907000,1267461363,314907,1.07715,0.01172,0.04272,2.214,-3.076,2.878,0.95142,0.11621,0.40698,-1.206,1.573,0.481,ergonomis
SUBJ005,fathur,2026-05-21,17:18:42.107000,1267461563,315107,1.0481,0.04028,-0.0144,-43.74,1.145,-1.58,0.94434,0.13599,0.3728,-17.336,3.458,3.168,ergonomis
SUBJ005,fathur,2026-05-21,17:18:42.307000,1267461763,315307,1.02222,0.07129,-0.00464,13.374,22.015,8.588,0.95703,0.11963,0.40503,31.046,22.863,6.885,ergonomis
SUBJ005,fathur,2026-05-21,17:18:42.507000,1267461963,315507,1.03418,-0.08423,0.14868,-25.046,4.748,-0.198,0.97754,0.09766,0.47754,-37.802,-1.069,1.427,ergonomis
SUBJ005,fathur,2026-05-21,17:18:42.707000,1267462163,315707,1.0415,-0.02246,0.08838,9.863,2.656,0.649,0.9624,0.08813,0.44019,19.489,5.13,1.092,ergonomis
SUBJ005,fathur,2026-05-21,17:18:42.907000,1267462363,315907,1.03198,-0.0127,0.10645,-8.267,3.053,-0.168,0.97266,0.10254,0.47144,-7.847,2.473,0.656,ergonomis
SUBJ005,fathur,2026-05-21,17:18:43.107000,1267462563,316107,1.04395,-0.01025,0.09839,1.71,-1.061,0.336,0.96948,0.09375,0.47656,-2.504,-1.939,3.672,ergonomis
SUBJ005,fathur,2026-05-21,17:18:43.307000,1267462763,316307,1.04028,-0.01904,0.10571,-3.305,2.298,-2.954,0.96973,0.09058,0.46021,8.412,1.519,3.511,ergonomis
SUBJ005,fathur,2026-05-21,17:18:43.507000,1267462963,316507,1.03833,-0.01709,0.09448,-6.099,2.176,-2.13,0.96802,0.09863,0.47144,-7.29,0.099,1.321,ergonomis
SUBJ005,fathur,2026-05-21,17:18:43.707000,1267463163,316707,1.0332,-0.0166,0.11646,2.122,-1.069,-0.748,0.96411,0.09009,0.46997,2.13,0.336,1.336,ergonomis
SUBJ005,fathur,2026-05-21,17:18:43.907000,1267463363,316907,1.03857,-0.0083,0.10205,5.015,-0.321,0.305,0.96216,0.09424,0.46606,3.458,1.076,1.649,ergonomis
SUBJ005,fathur,2026-05-21,17:18:44.107000,1267463563,317107,1.03564,0.00146,0.10498,-1.595,-0.969,2.405,0.96851,0.07349,0.45044,-5.16,1.885,3.519,ergonomis
SUBJ005,fathur,2026-05-21,17:18:44.307000,1267463763,317307,1.03857,-0.00806,0.08008,-10.023,2.824,3.672,0.9729,0.06421,0.46167,-2.336,-1.511,2.382,ergonomis
SUBJ005,fathur,2026-05-21,17:18:44.507000,1267463963,317507,1.03662,-0.04028,0.12207,3.061,-0.427,-2.328,0.97241,0.08301,0.44849,-0.969,-0.695,0.771,ergonomis
SUBJ005,fathur,2026-05-21,17:18:44.707000,1267464163,317707,1.05298,0.0022,0.07544,0.458,-0.832,-0.252,0.97144,0.07959,0.43604,1.84,1.374,1.344,ergonomis
SUBJ005,fathur,2026-05-21,17:18:44.907000,1267464363,317907,1.04761,-0.01074,0.09937,2.244,-1.328,-1.122,0.95532,0.07642,0.44653,1.252,2.282,0.656,ergonomis
SUBJ005,fathur,2026-05-21,17:18:45.107000,1267464563,318107,1.05054,-0.01685,0.08252,-6.267,0.542,1.809,0.97095,0.07324,0.44775,-1.321,2.588,0.695,ergonomis
SUBJ005,fathur,2026-05-21,17:18:45.307000,1267464763,318307,1.04224,-0.01343,0.09839,-4.145,-2.015,-0.832,0.96704,0.07568,0.45166,-6.221,0.107,1.344,ergonomis
SUBJ005,fathur,2026-05-21,17:18:45.507000,1267464963,318507,1.04395,-0.01172,0.08374,0.061,0.641,1.695,0.97632,0.08472,0.43384,3.786,2.359,1.481,ergonomis
SUBJ005,fathur,2026-05-21,17:18:45.707000,1267465163,318707,1.04956,-0.02197,0.09131,-3.511,2.863,-0.534,0.96729,0.08447,0.43921,-2.275,2.519,1.015,ergonomis
SUBJ005,fathur,2026-05-21,17:18:45.907000,1267465363,318907,1.04761,-0.01758,0.10571,-2.29,2.718,-1.725,0.96045,0.09082,0.45068,-2.168,2.832,1.702,ergonomis
SUBJ005,fathur,2026-05-21,17:18:46.107000,1267465563,319107,1.04785,-0.0249,0.10132,0.779,0.122,1.412,0.96191,0.09717,0.46558,4.267,3.557,0.595,ergonomis
SUBJ005,fathur,2026-05-21,17:18:46.307000,1267465763,319307,1.03564,-0.01025,0.12134,-8.389,-0.382,-1.053,0.97705,0.08203,0.45947,-12.031,0.282,0.557,ergonomis
SUBJ005,fathur,2026-05-21,17:18:46.507000,1267465963,319507,1.03125,-0.00488,0.11499,3.664,-0.954,0.931,0.97485,0.08716,0.46582,5.672,-0.168,3.626,ergonomis
SUBJ005,fathur,2026-05-21,17:18:46.707000,1267466163,319707,1.03174,-0.01318,0.10059,-4.42,1.534,0.107,0.96899,0.07715,0.44775,4.84,0.55,3.466,ergonomis
SUBJ005,fathur,2026-05-21,17:18:46.907000,1267466363,319907,1.04565,-0.03394,0.09888,-5.611,6.939,0.214,0.96338,0.04346,0.45313,-7.237,3.809,0.809,ergonomis
SUBJ005,fathur,2026-05-21,17:18:47.107000,1267466563,320107,1.01807,0.01196,0.15308,1.573,8.725,3.931,0.97119,0.07007,0.46875,3.305,3.794,5.206,ergonomis
SUBJ005,fathur,2026-05-21,17:18:47.307000,1267466763,320307,1.01367,-0.08838,0.19336,-14.71,6.489,-3.802,0.96753,0.05884,0.46313,10.198,11.298,-0.748,ergonomis
SUBJ005,fathur,2026-05-21,17:18:47.507000,1267466963,320507,1.02979,-0.00977,0.16162,13.687,-0.824,1.267,0.97583,0.08813,0.50977,0.802,3.405,-2.275,ergonomis
SUBJ005,fathur,2026-05-21,17:18:47.707000,1267467163,320707,1.00366,-0.01782,0.19995,-3.809,3.137,-4.168,0.97119,0.05493,0.53931,0.702,-3.519,1.26,ergonomis
SUBJ005,fathur,2026-05-21,17:18:47.907000,1267467363,320907,1.00146,-0.02905,0.21167,-2.069,2.679,2.924,0.96021,0.07471,0.53174,-1.176,4.168,-0.435,ergonomis
SUBJ005,fathur,2026-05-21,17:18:48.110000,1267467566,321109,1.00562,-0.02173,0.21362,-4.16,5.412,-0.55,0.95703,0.09839,0.53442,-7.519,7.901,-1.084,ergonomis
SUBJ005,fathur,2026-05-21,17:18:48.309000,1267467765,321309,1.00342,-0.02637,0.21558,-0.626,2.718,-1.321,0.9624,0.09985,0.55835,1.115,3.87,0.046,ergonomis
SUBJ005,fathur,2026-05-21,17:18:48.509000,1267467965,321509,1.00098,-0.02051,0.22607,-1.763,0.855,-0.893,0.95435,0.09692,0.53198,-2.427,1.832,0.733,ergonomis
SUBJ005,fathur,2026-05-21,17:18:48.709000,1267468165,321709,0.99829,-0.01392,0.21387,0.397,-0.756,-0.588,0.96777,0.10132,0.5376,-0.458,-0.55,0.794,ergonomis
SUBJ005,fathur,2026-05-21,17:18:48.909000,1267468365,321909,1.00537,-0.01318,0.21191,-2.878,-0.305,0.191,0.96313,0.10254,0.53735,-2.855,-0.557,1.534,ergonomis
SUBJ005,fathur,2026-05-21,17:18:49.109000,1267468565,322109,1.00586,-0.01978,0.19702,-1.031,-2.748,1.481,0.96655,0.09961,0.5354,-1.282,-0.229,1.382,ergonomis
SUBJ005,fathur,2026-05-21,17:18:49.309000,1267468765,322309,1.00439,-0.03711,0.20215,-4.008,-5.42,0.527,0.95557,0.09082,0.51709,-6.076,-3.687,1.855,ergonomis
SUBJ005,fathur,2026-05-21,17:18:49.509000,1267468965,322509,1.00269,-0.03931,0.16626,-0.595,-2.473,-1.382,0.95459,0.10254,0.50537,-1.344,0.405,0.626,ergonomis
SUBJ005,fathur,2026-05-21,17:18:49.709000,1267469165,322709,1.02075,-0.00293,0.15503,-0.702,-0.756,-3.359,0.979,0.104,0.50781,3.618,-0.305,-0.252,ergonomis
SUBJ005,fathur,2026-05-21,17:18:49.909000,1267469365,322909,1.04541,-0.00708,0.1355,-3.038,-2.244,2.076,0.96118,0.09839,0.49756,-11.115,-2.0,2.45,ergonomis
SUBJ005,fathur,2026-05-21,17:18:50.109000,1267469565,323109,1.03076,-0.02881,0.13721,-0.336,0.145,1.573,0.96387,0.0874,0.49902,4.427,1.878,2.008,non-ergonomis
SUBJ005,fathur,2026-05-21,17:18:50.309000,1267469765,323309,1.0271,-0.01953,0.13428,-3.824,2.511,-0.992,0.96997,0.09912,0.50781,-1.863,1.122,0.779,non-ergonomis
SUBJ005,fathur,2026-05-21,17:18:50.509000,1267469965,323509,1.0022,-0.04297,0.13135,5.618,16.573,-2.794,0.91284,0.09766,0.64209,19.466,-9.382,9.053,non-ergonomis
SUBJ005,fathur,2026-05-21,17:18:50.709000,1267470165,323709,0.95605,0.02515,0.36279,6.786,33.786,-6.534,1.04199,0.10571,0.4165,0.527,17.534,-10.618,non-ergonomis
SUBJ005,fathur,2026-05-21,17:18:50.909000,1267470365,323909,0.92651,0.00098,0.26221,-20.412,-3.977,0.718,0.9729,0.11743,0.53516,-13.305,-19.481,-1.641,non-ergonomis
SUBJ005,fathur,2026-05-21,17:18:51.109000,1267470565,324109,0.98926,0.00806,0.23828,-1.244,-3.328,1.298,0.9646,0.11548,0.52563,-5.473,15.107,3.405,non-ergonomis
SUBJ005,fathur,2026-05-21,17:18:51.309000,1267470765,324309,0.97754,0.00122,0.27783,2.664,2.435,-1.969,0.96143,0.10229,0.51685,4.252,-6.069,0.718,non-ergonomis
SUBJ005,fathur,2026-05-21,17:18:51.509000,1267470965,324509,0.96826,0.01074,0.28247,-3.672,2.374,-0.809,0.95361,0.12329,0.53247,-3.267,0.206,-0.214,non-ergonomis
SUBJ005,fathur,2026-05-21,17:18:51.709000,1267471165,324709,0.96753,0.0188,0.28833,-2.344,2.405,-1.344,0.96362,0.12451,0.52832,-1.221,-0.466,1.595,non-ergonomis
SUBJ005,fathur,2026-05-21,17:18:51.909000,1267471365,324909,0.96436,0.0144,0.28589,-0.443,-0.206,-0.534,0.96021,0.11621,0.53589,0.099,1.916,1.527,non-ergonomis
SUBJ005,fathur,2026-05-21,17:18:52.109000,1267471565,325109,0.96216,0.01294,0.2876,-3.809,0.71,-0.046,0.96094,0.10791,0.52051,0.328,2.29,1.458,non-ergonomis
SUBJ005,fathur,2026-05-21,17:18:52.309000,1267471765,325309,0.96802,0.00757,0.2915,-1.42,-0.244,-0.29,0.95874,0.11401,0.52075,0.305,1.779,0.84,non-ergonomis
SUBJ005,fathur,2026-05-21,17:18:52.509000,1267471965,325509,0.96899,0.01636,0.29199,-1.374,-0.069,0.443,0.96021,0.12256,0.52905,-0.458,0.725,1.473,non-ergonomis
SUBJ005,fathur,2026-05-21,17:18:52.709000,1267472165,325709,0.96484,0.01587,0.28784,-1.313,0.16,0.13,0.95923,0.12231,0.52661,0.603,1.618,1.656,non-ergonomis
SUBJ005,fathur,2026-05-21,17:18:52.918000,1267472374,325918,0.96948,0.01343,0.28638,-2.313,0.145,0.405,0.96265,0.12207,0.52808,-1.168,0.672,1.824,non-ergonomis
SUBJ005,fathur,2026-05-21,17:18:53.118000,1267472574,326118,0.9668,0.01807,0.28394,-1.237,0.008,0.443,0.95435,0.12012,0.52856,-1.237,1.176,1.603,non-ergonomis
SUBJ005,fathur,2026-05-21,17:18:53.318000,1267472774,326318,0.96118,0.0083,0.29443,-1.046,-0.069,0.191,0.95947,0.11621,0.53003,-0.534,0.885,1.603,non-ergonomis
SUBJ005,fathur,2026-05-21,17:18:53.518000,1267472974,326518,0.9646,0.00806,0.28418,-1.595,0.763,-0.023,0.96069,0.11475,0.52344,-0.374,1.298,1.137,non-ergonomis
SUBJ005,fathur,2026-05-21,17:18:53.718000,1267473174,326718,0.96362,0.00684,0.28613,-1.733,0.328,-0.603,0.96143,0.11328,0.52393,-1.435,1.489,0.695,non-ergonomis
SUBJ005,fathur,2026-05-21,17:18:53.918000,1267473374,326918,0.96655,0.0188,0.28809,-1.649,0.496,-0.366,0.95972,0.11914,0.53613,-3.733,0.916,0.756,non-ergonomis
SUBJ005,fathur,2026-05-21,17:18:54.118000,1267473574,327118,0.96143,0.00708,0.28564,-1.649,-0.153,-0.603,0.95874,0.12061,0.53613,-2.344,0.511,1.046,non-ergonomis
SUBJ005,fathur,2026-05-21,17:18:54.318000,1267473774,327318,0.96533,0.01001,0.29272,-1.679,0.718,-0.053,0.96143,0.12476,0.52051,-1.924,1.351,1.489,non-ergonomis
SUBJ005,fathur,2026-05-21,17:18:54.518000,1267473974,327518,0.97095,0.01514,0.28662,-2.382,0.542,-0.046,0.96191,0.12256,0.52588,-1.328,1.405,1.603,non-ergonomis
SUBJ005,fathur,2026-05-21,17:18:54.718000,1267474174,327718,0.96265,0.01611,0.29395,-1.84,0.397,0.168,0.96021,0.11279,0.53711,-0.221,1.336,1.611,non-ergonomis
SUBJ005,fathur,2026-05-21,17:18:54.918000,1267474374,327918,0.96533,0.01489,0.29517,-0.924,-0.321,-0.122,0.95898,0.11816,0.52954,0.527,0.13,1.023,non-ergonomis
SUBJ005,fathur,2026-05-21,17:18:55.118000,1267474574,328118,0.96216,0.01733,0.28833,-1.847,0.649,-0.435,0.96094,0.11597,0.52832,-0.603,0.313,0.962,non-ergonomis
SUBJ005,fathur,2026-05-21,17:18:55.318000,1267474774,328318,0.9624,0.0144,0.29175,-1.214,0.58,-0.26,0.96167,0.12427,0.53809,0.55,1.87,1.275,non-ergonomis
SUBJ005,fathur,2026-05-21,17:18:55.518000,1267474974,328518,0.96655,0.01294,0.28223,-2.779,0.802,-0.061,0.95996,0.11475,0.53394,-0.756,1.687,1.427,non-ergonomis
SUBJ005,fathur,2026-05-21,17:18:55.906000,1267475362,328906,0.96777,0.01123,0.28687,-2.198,0.527,0.13,0.9646,0.12061,0.52856,-0.298,1.595,1.511,non-ergonomis
SUBJ005,fathur,2026-05-21,17:18:56.106000,1267475562,329106,0.96826,0.01367,0.29224,-1.527,0.534,0.046,0.96265,0.11987,0.52148,-0.519,1.336,1.305,non-ergonomis
SUBJ005,fathur,2026-05-21,17:18:56.306000,1267475762,329306,0.97314,0.01831,0.28271,-2.198,0.695,-0.137,0.96313,0.12671,0.53516,-1.947,1.153,1.359,non-ergonomis
SUBJ005,fathur,2026-05-21,17:18:56.506000,1267475962,329506,0.95776,0.01367,0.28882,-1.84,0.626,-0.191,0.96313,0.11572,0.53101,-2.824,0.725,1.458,non-ergonomis
SUBJ005,fathur,2026-05-21,17:18:56.706000,1267476162,329706,0.96777,0.01147,0.28882,-2.504,0.618,0.137,0.96094,0.11426,0.52466,-2.168,1.191,1.252,non-ergonomis
SUBJ005,fathur,2026-05-21,17:18:56.906000,1267476362,329906,0.96704,0.00952,0.2959,-2.405,0.74,-0.137,0.95752,0.11548,0.53198,-2.611,1.053,1.42,non-ergonomis
SUBJ005,fathur,2026-05-21,17:18:57.106000,1267476562,330106,0.96484,0.01489,0.30176,-1.756,0.489,0.382,0.95801,0.11328,0.51685,-1.885,0.466,1.489,non-ergonomis
SUBJ005,fathur,2026-05-21,17:18:57.306000,1267476762,330306,0.96826,0.01099,0.30151,-1.191,0.16,0.053,0.95898,0.12109,0.53442,0.748,1.366,1.695,non-ergonomis
SUBJ005,fathur,2026-05-21,17:18:57.506000,1267476962,330506,0.96167,0.01001,0.28784,-2.527,0.252,-0.298,0.96362,0.11548,0.53394,-0.053,1.679,1.542,non-ergonomis
SUBJ005,fathur,2026-05-21,17:18:57.706000,1267477162,330706,0.97217,0.01392,0.28711,-1.809,-0.275,-0.16,0.95923,0.11255,0.54175,-1.008,0.885,0.947,non-ergonomis
SUBJ005,fathur,2026-05-21,17:18:57.906000,1267477362,330906,0.9624,0.00977,0.28931,-1.328,0.443,0.015,0.95508,0.12012,0.52979,-0.977,1.267,1.557,non-ergonomis
SUBJ005,fathur,2026-05-21,17:18:58.106000,1267477562,331106,0.97119,0.01294,0.29492,-1.702,0.87,-0.023,0.9585,0.12109,0.53394,0.229,0.962,1.603,non-ergonomis
SUBJ005,fathur,2026-05-21,17:18:58.306000,1267477762,331306,0.96313,0.00903,0.2876,-1.672,0.466,0.443,0.96118,0.11133,0.52319,-0.771,1.527,1.588,non-ergonomis
SUBJ005,fathur,2026-05-21,17:18:58.506000,1267477962,331506,0.96582,0.00952,0.29639,-2.237,0.122,0.305,0.96582,0.11328,0.53613,-1.679,0.931,1.443,non-ergonomis
SUBJ005,fathur,2026-05-21,17:18:58.706000,1267478162,331706,0.96387,0.00757,0.29199,-1.374,0.405,0.275,0.96143,0.12207,0.52759,-0.901,0.969,1.336,non-ergonomis
SUBJ005,fathur,2026-05-21,17:18:58.906000,1267478362,331906,0.9668,0.00171,0.28638,-2.107,1.221,-0.382,0.96631,0.11768,0.53223,-0.031,1.115,1.534,non-ergonomis
SUBJ005,fathur,2026-05-21,17:18:59.106000,1267478562,332106,0.9624,0.00586,0.30347,-2.183,0.336,-0.252,0.95825,0.1189,0.53687,-1.527,0.672,1.229,non-ergonomis
SUBJ005,fathur,2026-05-21,17:18:59.306000,1267478762,332306,0.96704,0.00952,0.29248,-2.038,-0.069,-0.42,0.96143,0.11255,0.53613,-1.42,1.366,1.412,non-ergonomis
SUBJ005,fathur,2026-05-21,17:18:59.597000,1267479053,332597,0.96899,0.00586,0.29419,-2.145,0.321,0.176,0.95947,0.11792,0.52197,-3.198,0.855,1.305,non-ergonomis
SUBJ005,fathur,2026-05-21,17:18:59.797000,1267479253,332797,0.9707,0.00732,0.28564,-2.221,0.542,0.069,0.96094,0.1106,0.52344,-1.504,1.099,1.481,non-ergonomis
SUBJ005,fathur,2026-05-21,17:19:00.997000,1267480453,332997,0.96045,0.00098,0.2959,-2.939,0.366,-0.107,0.95972,0.10938,0.52808,-1.878,0.298,1.634,ergonomis
SUBJ005,fathur,2026-05-21,17:19:00.197000,1267479653,333197,0.9585,0.00806,0.28809,-1.473,0.305,-0.107,0.96802,0.11719,0.52734,0.382,1.183,1.58,ergonomis
SUBJ005,fathur,2026-05-21,17:19:00.397000,1267479853,333397,0.96851,0.00708,0.2959,-1.656,0.504,0.046,0.96313,0.10767,0.53198,0.107,1.115,1.45,ergonomis
SUBJ005,fathur,2026-05-21,17:19:00.597000,1267480053,333597,0.98267,0.01147,0.30957,-2.336,-1.534,0.588,1.00171,0.12231,0.48462,3.053,1.878,-0.458,ergonomis
SUBJ005,fathur,2026-05-21,17:19:00.797000,1267480253,333797,0.99561,-0.00122,0.22339,-5.504,-30.763,8.389,0.92676,0.10645,0.49487,-34.74,-2.038,-3.954,ergonomis
SUBJ005,fathur,2026-05-21,17:19:01.997000,1267481453,333997,0.98633,-0.05835,0.10425,-17.511,-35.55,2.351,0.98779,0.12524,0.63013,-1.038,4.718,2.305,ergonomis
SUBJ005,fathur,2026-05-21,17:19:01.197000,1267480653,334197,1.03906,-0.04639,0.13013,29.573,2.641,4.534,0.94116,0.08911,0.51611,-23.176,-9.412,8.183,ergonomis
SUBJ005,fathur,2026-05-21,17:19:01.418000,1267480874,334418,1.02783,-0.04517,0.14722,-20.924,2.298,-2.137,0.95898,0.07275,0.47485,-8.87,-0.687,7.069,ergonomis
SUBJ005,fathur,2026-05-21,17:19:01.618000,1267481074,334618,1.04468,-0.03223,0.11255,2.504,-2.099,0.328,0.9707,0.06592,0.46997,-5.046,-1.053,3.305,ergonomis
SUBJ005,fathur,2026-05-21,17:19:01.818000,1267481274,334818,1.03857,-0.06934,0.11719,-0.969,1.229,-0.931,0.98828,0.06177,0.46387,8.427,3.336,-1.824,ergonomis
SUBJ005,fathur,2026-05-21,17:19:02.018000,1267481474,335018,1.03394,-0.03784,0.12988,0.45,0.603,-0.687,0.97314,0.08105,0.47803,-1.328,3.916,-2.641,ergonomis
SUBJ005,fathur,2026-05-21,17:19:02.218000,1267481674,335218,1.03564,-0.03174,0.14331,2.962,-1.145,0.855,0.97241,0.09326,0.48926,10.389,6.038,0.733,ergonomis
SUBJ005,fathur,2026-05-21,17:19:02.418000,1267481874,335418,1.03711,-0.03174,0.12158,-3.809,-0.229,0.45,0.97412,0.09131,0.48608,-1.107,5.389,2.076,ergonomis
SUBJ005,fathur,2026-05-21,17:19:02.618000,1267482074,335618,1.04028,-0.0481,0.10962,3.679,-2.519,-0.313,0.96948,0.10181,0.48877,4.863,3.511,1.519,ergonomis
SUBJ005,fathur,2026-05-21,17:19:02.818000,1267482274,335818,1.03345,-0.02319,0.14429,-8.954,-1.542,-1.321,0.96777,0.06055,0.521,-14.359,1.076,5.969,ergonomis
SUBJ005,fathur,2026-05-21,17:19:03.018000,1267482474,336018,1.03394,-0.05664,0.13916,-0.588,-2.969,-0.832,0.98584,0.07227,0.49219,13.962,2.74,-2.641,ergonomis
SUBJ005,fathur,2026-05-21,17:19:03.243000,1267482699,336243,1.03931,-0.05981,0.12622,-11.794,0.977,2.603,0.96411,0.08081,0.50269,-10.496,-0.901,0.206,ergonomis
SUBJ005,fathur,2026-05-21,17:19:03.443000,1267482899,336443,1.0354,0.01294,0.11353,13.618,-0.58,0.023,0.97632,0.09985,0.53052,16.901,9.122,5.382,ergonomis
SUBJ005,fathur,2026-05-21,17:19:03.643000,1267483099,336643,1.00439,-0.03662,0.11011,-8.244,11.321,-3.298,0.94507,0.07544,0.47803,-2.336,-0.16,1.794,ergonomis
SUBJ005,fathur,2026-05-21,17:19:03.843000,1267483299,336843,1.02734,-0.05225,0.16919,-3.145,3.29,1.42,0.95703,0.08203,0.51733,-6.802,-0.908,2.198,ergonomis
SUBJ005,fathur,2026-05-21,17:19:04.043000,1267483499,337043,1.02612,-0.04346,0.15747,0.786,-1.336,0.038,0.97559,0.06177,0.47119,3.321,1.55,1.038,ergonomis
SUBJ005,fathur,2026-05-21,17:19:04.243000,1267483699,337243,1.0415,-0.03857,0.15991,-3.58,-3.366,-0.382,0.97827,0.06958,0.49561,-5.061,1.908,-2.145,ergonomis
SUBJ005,fathur,2026-05-21,17:19:04.443000,1267483899,337443,1.05151,-0.07446,0.18823,4.458,-1.244,4.374,0.95654,0.10156,0.52563,6.023,13.626,1.832,ergonomis
SUBJ005,fathur,2026-05-21,17:19:04.643000,1267484099,337643,1.01196,-0.0271,0.17749,-4.611,2.489,3.458,0.95728,0.09985,0.54199,7.282,5.954,2.237,ergonomis
SUBJ005,fathur,2026-05-21,17:19:04.843000,1267484299,337843,1.0354,-0.03564,0.14111,3.672,0.679,-2.565,0.96948,0.08301,0.52124,-6.145,-3.229,1.168,ergonomis
SUBJ005,fathur,2026-05-21,17:19:05.043000,1267484499,338043,1.04736,-0.01636,0.11572,9.466,-2.282,0.695,0.9646,0.05835,0.49878,-0.817,1.336,1.305,ergonomis
SUBJ005,fathur,2026-05-21,17:19:08.168000,1267487624,341168,1.03369,-0.073,0.13037,-2.366,0.519,-0.412,0.9707,0.05786,0.49805,-1.359,1.13,1.214,ergonomis
SUBJ005,fathur,2026-05-21,17:19:08.368000,1267487824,341368,1.03296,-0.07104,0.12646,-1.344,0.061,0.267,0.97046,0.0542,0.50415,-0.221,1.321,1.359,ergonomis
SUBJ005,fathur,2026-05-21,17:19:08.568000,1267488024,341568,1.02222,-0.07764,0.12158,-2.634,0.695,-0.412,0.96484,0.05054,0.50781,-2.26,-0.107,0.809,ergonomis
SUBJ005,fathur,2026-05-21,17:19:08.768000,1267488224,341768,1.03979,-0.06348,0.12866,0.366,0.779,-0.679,0.96484,0.05688,0.49951,2.359,1.061,0.015,ergonomis
SUBJ005,fathur,2026-05-21,17:19:09.975000,1267489431,341975,1.03076,-0.06909,0.13159,-5.344,2.824,-1.947,0.96631,0.06079,0.50464,-5.809,0.252,0.71,ergonomis
SUBJ005,fathur,2026-05-21,17:19:09.175000,1267488631,342175,1.02954,-0.06689,0.14355,0.878,-0.939,2.008,0.97461,0.07275,0.50415,-0.244,0.046,1.824,ergonomis
SUBJ005,fathur,2026-05-21,17:19:09.375000,1267488831,342375,1.02515,-0.0813,0.1311,-5.718,0.145,-0.321,0.96997,0.05688,0.48584,-2.137,-0.015,1.702,ergonomis
SUBJ005,fathur,2026-05-21,17:19:09.575000,1267489031,342575,1.03296,-0.0813,0.13232,-0.382,0.511,0.588,0.96143,0.06616,0.49243,-0.534,1.725,1.534,ergonomis
SUBJ005,fathur,2026-05-21,17:19:09.775000,1267489231,342775,1.03027,-0.07739,0.12549,-0.023,0.298,0.214,0.96484,0.06421,0.49365,0.435,1.382,1.489,ergonomis
SUBJ005,fathur,2026-05-21,17:19:10.975000,1267490431,342975,1.03101,-0.0769,0.13086,-2.634,0.076,-0.053,0.96704,0.06274,0.48828,-1.748,1.237,1.618,non-ergonomis
SUBJ005,fathur,2026-05-21,17:19:10.175000,1267489631,343175,1.03394,-0.07935,0.13208,-1.321,-0.176,0.443,0.97119,0.06396,0.49707,-0.092,1.511,1.435,non-ergonomis
SUBJ005,fathur,2026-05-21,17:19:10.375000,1267489831,343375,1.02808,-0.07764,0.13379,-1.656,-0.321,0.725,0.96484,0.06274,0.50098,-0.954,0.542,1.504,non-ergonomis
SUBJ005,fathur,2026-05-21,17:19:10.575000,1267490031,343575,1.03442,-0.08374,0.12549,-3.595,0.435,0.206,0.96704,0.05859,0.48462,-1.496,1.145,1.382,non-ergonomis
SUBJ005,fathur,2026-05-21,17:19:10.775000,1267490231,343775,1.02832,-0.08521,0.12231,-1.847,0.397,0.046,0.96753,0.06543,0.49316,-1.069,0.855,1.328,non-ergonomis
SUBJ005,fathur,2026-05-21,17:19:11.975000,1267491431,343975,1.02734,-0.07837,0.1272,-2.252,0.626,-0.275,0.97266,0.06006,0.48486,-0.542,1.26,1.282,non-ergonomis
SUBJ005,fathur,2026-05-21,17:19:11.175000,1267490631,344175,1.03589,-0.06909,0.12769,-2.038,0.733,-0.489,0.96484,0.06396,0.50342,-1.511,0.389,2.046,non-ergonomis
SUBJ005,fathur,2026-05-21,17:19:11.375000,1267490831,344375,1.0022,-0.07983,0.14038,-2.679,12.817,-1.718,0.93384,0.09302,0.60938,16.069,-4.321,7.573,non-ergonomis
SUBJ005,fathur,2026-05-21,17:19:11.575000,1267491031,344575,0.93677,-0.07422,0.33643,-3.954,47.206,-3.595,1.05151,0.05933,0.44238,-2.908,20.046,-4.885,non-ergonomis
SUBJ005,fathur,2026-05-21,17:19:11.775000,1267491231,344775,0.91455,-0.10059,0.26611,-16.565,-7.29,-4.748,0.96094,0.05054,0.48804,-11.802,-11.313,1.954,non-ergonomis
SUBJ005,fathur,2026-05-21,17:19:12.975000,1267492431,344975,0.99194,-0.07568,0.22388,6.855,-11.298,3.0,0.9646,0.07153,0.50854,4.069,10.397,2.901,non-ergonomis
SUBJ005,fathur,2026-05-21,17:19:12.175000,1267491631,345175,0.98877,-0.06177,0.25098,1.183,-1.412,-0.985,0.97412,0.06226,0.48755,6.092,-7.427,0.008,non-ergonomis
SUBJ005,fathur,2026-05-21,17:19:12.375000,1267491831,345375,0.99072,-0.05322,0.25317,-5.687,1.405,-0.656,0.96997,0.06982,0.49512,-3.031,-0.374,0.679,non-ergonomis
SUBJ005,fathur,2026-05-21,17:19:12.575000,1267492031,345575,0.98608,-0.06226,0.26099,-1.878,2.382,-0.176,0.96704,0.06934,0.49731,-2.008,4.664,1.45,non-ergonomis
SUBJ005,fathur,2026-05-21,17:19:15.507000,1267494963,348507,1.00024,-0.04614,0.23975,-5.824,-2.695,2.878,0.97339,0.06201,0.50952,-5.939,2.802,1.863,non-ergonomis
SUBJ005,fathur,2026-05-21,17:19:15.707000,1267495163,348707,0.99585,-0.05469,0.22729,-1.489,-2.824,2.435,0.96875,0.05933,0.48535,-0.481,-1.977,3.023,non-ergonomis
SUBJ005,fathur,2026-05-21,17:19:15.919000,1267495375,348918,0.99512,-0.10327,0.22046,-10.382,2.183,-1.878,0.96484,0.03711,0.49536,-13.481,-0.672,-0.496,non-ergonomis
SUBJ005,fathur,2026-05-21,17:19:16.118000,1267495574,349118,1.00049,-0.05249,0.22583,17.221,0.664,-3.481,0.97461,0.07983,0.47998,10.16,4.382,-1.244,non-ergonomis
SUBJ005,fathur,2026-05-21,17:19:16.318000,1267495774,349318,0.98218,-0.03979,0.23999,-9.176,5.58,1.771,0.97925,0.07935,0.50586,1.511,4.16,2.443,non-ergonomis
SUBJ005,fathur,2026-05-21,17:19:16.635000,1267496091,349635,0.97412,-0.08105,0.26709,-3.55,2.359,-0.603,0.97339,0.0542,0.50708,5.824,3.977,1.878,non-ergonomis
SUBJ005,fathur,2026-05-21,17:19:16.835000,1267496291,349835,0.97754,-0.07349,0.27173,-2.947,2.534,-1.45,0.96729,0.06274,0.49731,-6.145,1.473,-0.947,non-ergonomis
SUBJ005,fathur,2026-05-21,17:19:17.035000,1267496491,350035,0.97266,-0.03345,0.27002,2.992,-0.382,0.763,0.96411,0.08423,0.50928,-1.939,1.656,1.908,non-ergonomis
SUBJ005,fathur,2026-05-21,17:19:17.235000,1267496691,350235,0.96606,-0.04956,0.26855,0.794,0.45,1.328,0.96411,0.07544,0.50488,6.931,1.641,3.389,non-ergonomis
SUBJ005,fathur,2026-05-21,17:19:17.435000,1267496891,350435,0.97949,-0.07056,0.26245,-12.664,2.229,-0.985,0.97681,0.04907,0.50317,-14.374,-1.496,2.611,non-ergonomis
SUBJ005,fathur,2026-05-21,17:19:17.635000,1267497091,350635,0.97412,-0.06714,0.27368,6.038,-1.275,2.55,0.96851,0.0625,0.50415,3.115,1.221,1.786,non-ergonomis
SUBJ005,fathur,2026-05-21,17:19:17.835000,1267497291,350835,0.9834,-0.06641,0.27051,-2.313,0.718,-0.206,0.96143,0.06543,0.5061,4.351,2.847,1.725,non-ergonomis
SUBJ005,fathur,2026-05-21,17:19:18.035000,1267497491,351035,0.9707,-0.073,0.28149,-2.733,0.71,-0.924,0.96558,0.05542,0.5127,-3.931,0.42,0.405,non-ergonomis
SUBJ005,fathur,2026-05-21,17:19:18.235000,1267497691,351235,0.97192,-0.06616,0.28442,0.382,-0.427,0.023,0.96045,0.06934,0.50952,0.893,2.069,1.023,non-ergonomis
SUBJ005,fathur,2026-05-21,17:19:18.435000,1267497891,351435,0.97754,-0.06104,0.27222,-1.618,-1.0,-0.26,0.96802,0.06543,0.51636,0.313,1.481,1.748,non-ergonomis
SUBJ005,fathur,2026-05-21,17:19:18.635000,1267498091,351635,0.97339,-0.06714,0.27515,-2.336,0.244,-0.275,0.97266,0.06567,0.50513,-1.557,0.595,1.405,non-ergonomis
SUBJ005,fathur,2026-05-21,17:19:18.835000,1267498291,351835,0.97754,-0.06787,0.2666,-2.763,1.099,0.344,0.96753,0.06445,0.49658,-2.71,0.931,1.565,non-ergonomis
SUBJ005,fathur,2026-05-21,17:19:19.035000,1267498491,352035,0.97925,-0.07031,0.26807,-2.573,0.176,0.115,0.97607,0.06616,0.51001,-4.191,-0.458,1.855,non-ergonomis
SUBJ005,fathur,2026-05-21,17:19:19.235000,1267498691,352235,0.97388,-0.07227,0.26563,-1.366,0.489,0.183,0.9707,0.0542,0.49463,-1.573,0.382,1.496,non-ergonomis
SUBJ005,fathur,2026-05-21,17:19:19.435000,1267498891,352435,0.97388,-0.06982,0.27124,-2.641,1.244,-0.29,0.96973,0.05249,0.49878,-1.153,1.489,1.42,non-ergonomis
SUBJ005,fathur,2026-05-21,17:19:19.635000,1267499091,352635,0.97485,-0.06958,0.27002,-1.099,0.412,-0.16,0.96582,0.05225,0.50146,-1.115,2.115,1.153,non-ergonomis
SUBJ005,fathur,2026-05-21,17:19:19.835000,1267499291,352835,0.96875,-0.07129,0.27661,-0.969,0.397,-0.435,0.96777,0.05591,0.50464,0.595,1.748,1.282,non-ergonomis
SUBJ005,fathur,2026-05-21,17:19:20.035000,1267499491,353035,0.97412,-0.07031,0.27612,-1.382,0.519,0.069,0.96558,0.06348,0.50635,0.191,1.313,1.405,ergonomis
SUBJ005,fathur,2026-05-21,17:19:20.235000,1267499691,353235,0.96411,-0.07324,0.28149,-1.214,0.107,-0.496,0.97217,0.0603,0.5105,0.229,1.42,1.313,ergonomis
SUBJ005,fathur,2026-05-21,17:19:20.439000,1267499895,353439,0.96973,-0.07031,0.26855,-1.687,0.267,-0.26,0.96875,0.05713,0.50171,-0.534,0.977,1.397,ergonomis
SUBJ005,fathur,2026-05-21,17:19:20.645000,1267500101,353645,0.97388,-0.07178,0.27759,-1.412,-1.725,-0.076,0.99854,0.06226,0.44092,-2.748,8.84,-3.756,ergonomis
SUBJ005,fathur,2026-05-21,17:19:20.845000,1267500301,353845,1.00781,-0.06836,0.22827,-10.298,-20.229,-1.115,0.9624,0.0813,0.46387,-34.802,-2.603,-6.634,ergonomis
SUBJ005,fathur,2026-05-21,17:19:21.045000,1267500501,354045,0.96436,-0.07007,0.1355,-15.519,-33.847,-7.87,1.03076,0.1272,0.4082,-27.634,6.099,-7.786,ergonomis
SUBJ005,fathur,2026-05-21,17:19:21.245000,1267500701,354245,1.04883,-0.04663,0.0752,34.015,-2.176,-2.779,0.96582,0.07886,0.64087,17.382,7.87,4.947,ergonomis
SUBJ005,fathur,2026-05-21,17:19:21.445000,1267500901,354445,1.03345,-0.05151,0.06616,-11.405,2.802,0.626,0.96167,0.08105,0.46875,-16.725,-7.16,0.321,ergonomis
SUBJ005,fathur,2026-05-21,17:19:21.645000,1267501101,354645,1.07153,-0.01978,0.06665,4.656,-1.069,3.985,0.95752,0.07813,0.48682,7.733,1.55,1.267,ergonomis
SUBJ005,fathur,2026-05-21,17:19:21.845000,1267501301,354845,1.0271,-0.104,0.08447,-7.099,-0.267,-2.634,0.97412,0.04736,0.47314,-10.786,-7.038,-3.359,ergonomis
SUBJ005,fathur,2026-05-21,17:19:22.045000,1267501501,355045,1.05542,-0.02026,0.02002,39.748,-3.344,4.221,0.94727,0.09937,0.44946,21.023,-2.069,4.336,ergonomis
SUBJ005,fathur,2026-05-21,17:19:22.245000,1267501701,355245,1.04468,-0.0459,0.02319,-21.656,5.069,-2.008,0.97559,0.06665,0.44775,-11.786,1.313,3.802,ergonomis
SUBJ005,fathur,2026-05-21,17:19:22.445000,1267501901,355445,1.0332,-0.05566,0.06494,11.13,3.595,1.252,0.95825,0.0813,0.47192,5.176,1.611,1.603,ergonomis
SUBJ005,fathur,2026-05-21,17:19:22.645000,1267502101,355645,1.03638,-0.05737,0.09937,-3.45,0.328,-1.702,0.97778,0.07397,0.46533,3.282,-0.901,0.519,ergonomis
SUBJ005,fathur,2026-05-21,17:19:22.845000,1267502301,355845,1.04443,-0.03271,0.07715,-1.16,1.26,4.74,0.96924,0.08716,0.45581,-1.908,2.359,3.107,ergonomis
SUBJ005,fathur,2026-05-21,17:19:23.045000,1267502501,356045,1.0459,-0.03955,0.06372,5.473,1.511,-1.931,0.96289,0.07349,0.45801,6.969,-0.847,2.901,ergonomis
SUBJ005,fathur,2026-05-21,17:19:23.245000,1267502701,356245,1.05005,-0.07056,0.0647,-15.366,1.382,-1.015,0.97168,0.06274,0.46387,-14.573,-2.115,3.313,ergonomis
SUBJ005,fathur,2026-05-21,17:19:23.445000,1267502901,356445,1.04541,-0.02441,0.05786,4.351,-0.542,2.626,0.96484,0.05811,0.46069,11.397,2.16,1.672,ergonomis
SUBJ005,fathur,2026-05-21,17:19:23.645000,1267503101,356645,1.04028,-0.05273,0.0625,-10.466,1.611,-0.641,0.96558,0.05566,0.46338,-6.656,1.229,2.198,ergonomis
SUBJ005,fathur,2026-05-21,17:19:23.845000,1267503301,356845,1.04688,-0.04858,0.0791,11.481,-1.702,-3.351,0.96045,0.05444,0.46973,6.0,1.58,0.382,ergonomis
SUBJ005,fathur,2026-05-21,17:19:24.045000,1267503501,357045,1.06152,-0.07349,0.08398,-8.191,0.42,-0.695,0.95947,0.06689,0.43433,3.122,5.634,2.397,ergonomis
SUBJ005,fathur,2026-05-21,17:19:27.013000,1267506469,360012,1.05225,-0.04712,0.06934,-6.649,-3.198,3.351,0.96924,0.06348,0.46362,-6.244,-1.771,1.634,ergonomis
SUBJ005,fathur,2026-05-21,17:19:27.212000,1267506668,360212,1.03955,-0.04614,0.07642,-0.282,0.863,3.481,0.97705,0.06348,0.46021,0.176,-0.542,2.695,ergonomis
SUBJ005,fathur,2026-05-21,17:19:27.412000,1267506868,360412,1.07544,-0.04395,0.04102,3.122,-1.176,-0.679,0.97827,0.04272,0.42676,-6.008,-1.435,2.977,ergonomis
SUBJ005,fathur,2026-05-21,17:19:27.612000,1267507068,360612,1.05542,-0.07397,0.06152,-1.802,-0.573,1.504,0.9668,0.04785,0.46436,1.443,1.069,0.641,ergonomis
SUBJ005,fathur,2026-05-21,17:19:27.812000,1267507268,360812,1.06177,-0.03809,0.03784,-0.344,1.435,1.076,0.98413,0.03394,0.46484,-3.504,-1.305,4.038,ergonomis
SUBJ005,fathur,2026-05-21,17:19:28.054000,1267507510,361054,1.05005,-0.09717,0.07178,-10.855,4.168,-1.733,0.97876,0.04395,0.43726,1.664,-0.794,0.046,ergonomis
SUBJ005,fathur,2026-05-21,17:19:28.254000,1267507710,361254,1.04932,-0.06787,0.0459,1.779,-3.542,-2.725,0.97412,0.04663,0.45117,-2.756,-0.679,-0.977,ergonomis
SUBJ005,fathur,2026-05-21,17:19:28.454000,1267507910,361454,1.05322,-0.06494,0.05737,-4.687,-0.229,2.573,0.96265,0.05322,0.44775,2.45,2.954,-0.168,ergonomis
SUBJ005,fathur,2026-05-21,17:19:28.654000,1267508110,361654,1.03394,-0.05151,0.04541,-0.328,2.573,-4.359,0.97485,0.0603,0.42749,-3.55,0.985,0.176,ergonomis
SUBJ005,fathur,2026-05-21,17:19:28.876000,1267508332,361876,1.0498,-0.06616,0.04663,-3.847,0.985,1.542,0.97241,0.06421,0.43579,1.061,2.374,0.489,ergonomis
SUBJ005,fathur,2026-05-21,17:19:29.076000,1267508532,362076,1.04028,-0.05713,0.06323,-28.771,-0.412,-0.023,0.97339,0.06445,0.45117,-10.786,4.115,1.221,ergonomis
SUBJ005,fathur,2026-05-21,17:19:29.276000,1267508732,362276,1.02661,-0.05615,0.0603,-5.191,8.084,1.29,0.97998,0.05054,0.46606,2.351,3.542,5.008,ergonomis
SUBJ005,fathur,2026-05-21,17:19:29.476000,1267508932,362476,1.03735,-0.09277,0.08765,2.611,4.198,1.427,0.97412,0.04175,0.47217,1.985,1.725,1.649,ergonomis
SUBJ005,fathur,2026-05-21,17:19:29.676000,1267509132,362676,1.02222,-0.0979,0.09106,-2.191,1.115,0.267,0.96558,0.04956,0.47974,-5.031,-0.504,1.885,ergonomis
SUBJ005,fathur,2026-05-21,17:19:29.881000,1267509337,362880,1.03223,-0.09888,0.09424,-2.328,1.496,1.603,0.97632,0.04395,0.46631,0.145,1.626,3.069,ergonomis
SUBJ005,fathur,2026-05-21,17:19:30.080000,1267509536,363080,1.03638,-0.1189,0.09082,-1.71,0.183,0.985,0.96753,0.04004,0.46704,-1.916,-1.863,0.74,non-ergonomis
SUBJ005,fathur,2026-05-21,17:19:30.280000,1267509736,363280,1.04492,-0.09766,0.07031,-7.847,0.763,-3.351,0.96606,0.03174,0.47363,-10.26,-0.565,2.275,non-ergonomis
SUBJ005,fathur,2026-05-21,17:19:30.480000,1267509936,363480,1.0332,-0.09521,0.08765,4.573,-0.252,0.725,0.95337,0.04785,0.55176,5.275,-2.153,0.084,non-ergonomis
SUBJ005,fathur,2026-05-21,17:19:30.684000,1267510140,363684,1.01294,-0.08521,0.06226,8.786,31.015,-4.641,0.97925,0.05103,0.50049,12.069,16.489,-2.969,non-ergonomis
SUBJ005,fathur,2026-05-21,17:19:30.884000,1267510340,363884,1.03491,-0.03418,0.32422,9.863,26.366,-1.893,1.0083,0.05176,0.40674,-23.099,29.87,-12.023,non-ergonomis
SUBJ005,fathur,2026-05-21,17:19:31.084000,1267510540,364084,0.97363,-0.06445,0.25073,-7.221,-12.061,-0.763,0.99512,0.07471,0.52881,19.595,-23.168,2.42,non-ergonomis
SUBJ005,fathur,2026-05-21,17:19:31.284000,1267510740,364284,0.97754,-0.06958,0.24341,-7.718,7.405,-1.13,0.96021,0.06274,0.50586,-11.382,12.924,3.779,non-ergonomis
SUBJ005,fathur,2026-05-21,17:19:31.484000,1267510940,364484,0.9856,-0.06348,0.2522,4.16,-3.847,1.198,0.96558,0.0647,0.48755,-1.206,1.137,1.733,non-ergonomis
SUBJ005,fathur,2026-05-21,17:19:31.684000,1267511140,364684,0.99023,-0.05884,0.2439,-1.061,-0.191,0.901,0.97314,0.06445,0.49146,1.901,1.588,2.038,non-ergonomis
SUBJ005,fathur,2026-05-21,17:19:31.884000,1267511340,364884,0.98389,-0.06274,0.25269,-5.084,1.817,-0.046,0.97559,0.0647,0.49341,-2.076,1.588,1.931,non-ergonomis
SUBJ005,fathur,2026-05-21,17:19:32.084000,1267511540,365084,0.9939,-0.06152,0.24341,-0.992,0.153,0.412,0.96631,0.06348,0.49658,0.321,3.901,1.901,non-ergonomis
SUBJ005,fathur,2026-05-21,17:19:32.284000,1267511740,365284,0.98511,-0.06787,0.25317,-1.305,-0.198,-0.252,0.96704,0.05933,0.50684,-1.229,0.183,1.221,non-ergonomis
SUBJ005,fathur,2026-05-21,17:19:32.484000,1267511940,365484,0.979,-0.06274,0.24487,-1.565,1.084,0.076,0.96973,0.06006,0.49365,0.534,0.863,1.214,non-ergonomis
SUBJ005,fathur,2026-05-21,17:19:32.684000,1267512140,365684,0.9856,-0.06323,0.25317,-2.214,0.824,-0.42,0.96582,0.06421,0.50439,-1.588,1.74,0.939,non-ergonomis
SUBJ005,fathur,2026-05-21,17:19:32.884000,1267512340,365884,0.9834,-0.06201,0.25903,-0.344,0.031,-0.427,0.9707,0.06201,0.50635,0.962,1.092,1.298,non-ergonomis
SUBJ005,fathur,2026-05-21,17:19:33.084000,1267512540,366084,0.99194,-0.06567,0.25757,-0.84,0.053,-0.198,0.96802,0.06006,0.50073,-0.122,0.702,1.481,non-ergonomis
SUBJ005,fathur,2026-05-21,17:19:33.284000,1267512740,366284,0.9751,-0.05127,0.26123,-1.008,0.122,0.168,0.96704,0.06323,0.50757,-0.206,1.29,1.473,non-ergonomis
SUBJ005,fathur,2026-05-21,17:19:33.484000,1267512940,366484,0.97949,-0.06494,0.25732,-2.481,0.145,-0.153,0.97217,0.06396,0.50171,-1.824,1.466,1.008,non-ergonomis
SUBJ005,fathur,2026-05-21,17:19:33.690000,1267513146,366689,0.9812,-0.06201,0.25244,-2.511,0.206,0.031,0.96899,0.06421,0.49048,-3.015,0.382,1.16,non-ergonomis
SUBJ005,fathur,2026-05-21,17:19:33.889000,1267513345,366889,0.98755,-0.06128,0.25513,-2.0,0.45,0.176,0.96826,0.06226,0.49951,-2.183,0.718,1.214,non-ergonomis
SUBJ005,fathur,2026-05-21,17:19:34.089000,1267513545,367089,0.98413,-0.06421,0.25342,-3.137,1.061,0.053,0.97461,0.06152,0.49414,-1.802,0.45,1.481,non-ergonomis
SUBJ005,fathur,2026-05-21,17:19:34.289000,1267513745,367289,0.98071,-0.06494,0.25586,-2.313,0.733,-0.031,0.97021,0.05591,0.50024,-1.695,1.099,1.443,non-ergonomis
SUBJ005,fathur,2026-05-21,17:19:34.489000,1267513945,367489,0.98291,-0.06396,0.25562,-2.412,0.565,-0.046,0.96411,0.05591,0.49585,-0.45,1.183,1.71,non-ergonomis
SUBJ005,fathur,2026-05-21,17:19:34.714000,1267514170,367714,0.98462,-0.06006,0.26514,-0.672,0.122,-0.107,0.96558,0.06055,0.4939,,1.794,1.573,non-ergonomis
SUBJ005,fathur,2026-05-21,17:19:34.921000,1267514377,367921,0.98413,-0.06934,0.25928,-1.947,0.13,-0.084,0.96875,0.05737,0.50244,-0.687,0.702,1.153,non-ergonomis
SUBJ005,fathur,2026-05-21,17:19:35.130000,1267514586,368130,0.98462,-0.07104,0.24854,-1.702,0.374,0.107,0.96948,0.05762,0.4856,-0.649,0.702,1.489,non-ergonomis
SUBJ005,fathur,2026-05-21,17:19:35.334000,1267514790,368334,0.97974,-0.06494,0.25659,-1.863,0.282,0.221,0.97119,0.05151,0.51221,-0.313,1.0,1.634,non-ergonomis
SUBJ005,fathur,2026-05-21,17:19:35.542000,1267514998,368542,0.98047,-0.07007,0.25684,-1.863,0.641,0.137,0.96655,0.05762,0.49829,-0.382,2.115,1.595,non-ergonomis
SUBJ005,fathur,2026-05-21,17:19:35.742000,1267515198,368742,0.97998,-0.07153,0.2561,-1.977,0.267,-0.099,0.96875,0.06128,0.4939,-0.954,0.718,1.366,non-ergonomis
SUBJ005,fathur,2026-05-21,17:19:35.942000,1267515398,368942,0.97681,-0.06665,0.25195,-1.42,0.481,-0.053,0.97314,0.05615,0.49731,-1.489,0.649,1.122,non-ergonomis
SUBJ005,fathur,2026-05-21,17:19:36.142000,1267515598,369142,0.97681,-0.07275,0.2583,-1.687,0.229,-0.084,0.96826,0.05811,0.49976,-0.649,0.824,1.435,non-ergonomis
SUBJ005,fathur,2026-05-21,17:19:36.342000,1267515798,369342,0.9812,-0.06567,0.25659,-2.42,0.084,0.053,0.97607,0.05859,0.49902,-2.389,0.443,1.191,non-ergonomis
SUBJ005,fathur,2026-05-21,17:19:36.542000,1267515998,369542,0.98267,-0.06738,0.25024,-1.412,0.176,-0.176,0.96265,0.05737,0.49829,-1.473,0.771,1.45,non-ergonomis
SUBJ005,fathur,2026-05-21,17:19:36.742000,1267516198,369742,0.98242,-0.06836,0.25488,-1.962,0.634,0.191,0.96753,0.05688,0.49561,-0.573,1.649,1.359,non-ergonomis
SUBJ005,fathur,2026-05-21,17:19:36.942000,1267516398,369942,0.97607,-0.07397,0.26318,-1.985,0.267,0.206,0.9668,0.05933,0.50146,-1.466,0.733,1.382,non-ergonomis
SUBJ005,fathur,2026-05-21,17:19:37.142000,1267516598,370142,0.97974,-0.07129,0.26099,-1.435,1.092,0.031,0.96777,0.06641,0.50317,0.557,1.321,1.366,non-ergonomis
SUBJ005,fathur,2026-05-21,17:19:37.342000,1267516798,370342,0.97998,-0.06812,0.25732,-1.237,-0.038,-0.244,0.96631,0.05884,0.49756,-0.45,1.229,1.244,non-ergonomis
SUBJ005,fathur,2026-05-21,17:19:37.560000,1267517016,370560,0.98071,-0.07031,0.25854,-1.916,0.237,-0.344,0.9707,0.05713,0.50464,-1.015,0.725,1.107,non-ergonomis
SUBJ005,fathur,2026-05-21,17:19:37.760000,1267517216,370760,0.97656,-0.06763,0.25439,-1.466,0.282,0.366,0.96704,0.05664,0.50952,-0.496,1.038,1.237,non-ergonomis
SUBJ005,fathur,2026-05-21,17:19:38.960000,1267518416,370960,0.97949,-0.0625,0.25732,-1.763,0.496,,0.96777,0.06323,0.50586,-0.427,1.176,1.649,non-ergonomis
SUBJ005,fathur,2026-05-21,17:19:38.160000,1267517616,371160,0.97974,-0.07178,0.26733,-1.931,0.412,-0.153,0.97021,0.05542,0.50464,-1.374,0.603,1.458,non-ergonomis
SUBJ005,fathur,2026-05-21,17:19:38.360000,1267517816,371360,0.98315,-0.06689,0.26025,-0.672,0.351,-0.29,0.96777,0.06055,0.50122,-1.427,1.26,1.115,non-ergonomis
SUBJ005,fathur,2026-05-21,17:19:38.560000,1267518016,371560,0.97632,-0.06519,0.26563,-1.626,0.382,-0.267,0.97144,0.05518,0.49731,-0.366,1.511,1.397,non-ergonomis
SUBJ005,fathur,2026-05-21,17:19:38.760000,1267518216,371760,0.97217,-0.06445,0.26318,-2.145,0.252,-0.061,0.96973,0.06543,0.50195,-1.611,0.695,1.176,non-ergonomis
SUBJ005,fathur,2026-05-21,17:19:39.960000,1267519416,371960,0.97729,-0.06714,0.26294,-2.206,0.756,-0.122,0.96899,0.05713,0.50928,-2.931,0.313,1.244,non-ergonomis
SUBJ005,fathur,2026-05-21,17:19:39.160000,1267518616,372160,0.98413,-0.06689,0.26294,-1.664,0.267,0.221,0.96631,0.04541,0.50342,-2.695,-0.718,-0.16,non-ergonomis
SUBJ005,fathur,2026-05-21,17:19:39.385000,1267518841,372385,0.9751,-0.06665,0.2605,1.298,1.122,0.145,0.97046,0.06421,0.4939,2.069,1.267,1.038,non-ergonomis
SUBJ005,fathur,2026-05-21,17:19:39.585000,1267519041,372585,0.99146,-0.06909,0.25684,-5.702,-0.321,-2.183,0.97046,0.05615,0.49023,-4.565,-1.221,1.786,non-ergonomis
SUBJ005,fathur,2026-05-21,17:19:39.785000,1267519241,372785,0.97876,-0.07251,0.25537,0.557,0.924,0.153,0.95654,0.05981,0.50732,2.443,2.26,1.282,non-ergonomis
SUBJ005,fathur,2026-05-21,17:19:40.985000,1267520441,372985,0.96875,-0.0752,0.25171,-3.489,1.214,-0.092,0.97217,0.06079,0.50146,-0.733,1.145,1.16,ergonomis
SUBJ005,fathur,2026-05-21,17:19:40.185000,1267519641,373185,0.97241,-0.06323,0.26709,-2.626,-2.168,-0.542,0.97144,0.05811,0.48975,-6.015,-0.573,1.26,ergonomis
SUBJ005,fathur,2026-05-21,17:19:40.385000,1267519841,373385,0.97339,-0.05884,0.26245,2.099,-0.069,0.076,0.97632,0.05566,0.4939,-5.061,0.092,1.122,ergonomis
SUBJ005,fathur,2026-05-21,17:19:40.585000,1267520041,373585,1.02295,-0.0708,0.2605,-7.0,-6.405,1.176,1.0022,0.06543,0.43677,-0.313,4.664,0.405,ergonomis
SUBJ005,fathur,2026-05-21,17:19:40.785000,1267520241,373785,0.99902,-0.06641,0.19067,-7.878,-25.321,-0.382,0.96045,0.07422,0.46045,-43.282,-10.725,-9.298,ergonomis
SUBJ005,fathur,2026-05-21,17:19:41.985000,1267521441,373985,1.00562,-0.07422,0.07324,-8.382,-38.023,-9.053,0.95874,0.06763,0.55103,27.237,6.641,18.588,ergonomis
SUBJ005,fathur,2026-05-21,17:19:41.185000,1267520641,374185,1.08545,-0.02661,0.00732,31.0,-7.504,7.015,0.94336,0.08374,0.55762,-5.947,-1.458,1.504,ergonomis
SUBJ005,fathur,2026-05-21,17:19:41.385000,1267520841,374385,1.03809,-0.07275,0.05493,-25.611,10.275,-1.107,0.98267,0.05615,0.44727,-10.771,-11.725,1.168,ergonomis
SUBJ005,fathur,2026-05-21,17:19:41.585000,1267521041,374585,1.04126,-0.08276,0.05518,11.87,0.321,2.733,0.97266,0.08325,0.45557,8.252,1.214,2.496,ergonomis
SUBJ005,fathur,2026-05-21,17:19:41.785000,1267521241,374785,1.0459,-0.05811,0.06738,-7.695,4.786,-5.389,0.97949,0.07349,0.43457,0.275,0.664,2.176,ergonomis
SUBJ005,fathur,2026-05-21,17:19:42.985000,1267522441,374985,1.03955,-0.05542,0.09033,-4.679,-2.427,-1.069,0.97119,0.06812,0.44922,-4.626,-0.618,0.924,ergonomis
SUBJ005,fathur,2026-05-21,17:19:42.185000,1267521641,375185,1.05176,-0.03955,0.06226,1.305,12.351,0.015,0.97266,0.06934,0.39551,4.221,7.16,3.244,ergonomis
SUBJ005,fathur,2026-05-21,17:19:42.385000,1267521841,375385,1.02856,-0.06616,0.08569,-1.328,12.053,1.863,0.9707,0.06226,0.45239,-2.183,3.267,2.328,ergonomis
SUBJ005,fathur,2026-05-21,17:19:42.585000,1267522041,375585,1.03101,-0.07764,0.11621,-3.16,6.252,-0.252,0.96094,0.0564,0.48486,-0.473,1.214,0.771,ergonomis
SUBJ005,fathur,2026-05-21,17:19:42.785000,1267522241,375785,1.03149,-0.06201,0.11353,-0.382,1.947,1.16,0.96948,0.06812,0.46753,0.244,3.107,2.031,ergonomis
SUBJ005,fathur,2026-05-21,17:19:43.985000,1267523441,375985,1.02783,-0.07007,0.11865,-3.954,3.13,-0.237,0.97168,0.0625,0.47827,-0.031,2.527,1.878,ergonomis
SUBJ005,fathur,2026-05-21,17:19:45.887000,1267525343,378886,1.00317,-0.08936,0.18579,-2.031,-0.191,0.519,0.9624,0.05762,0.53394,-0.58,0.45,1.756,ergonomis
SUBJ005,fathur,2026-05-21,17:19:46.086000,1267525542,379086,1.00513,-0.0979,0.18018,-2.313,0.214,-0.435,0.97168,0.04688,0.51318,-0.824,0.924,2.0,ergonomis
SUBJ005,fathur,2026-05-21,17:19:46.286000,1267525742,379286,1.01172,-0.08936,0.18408,-0.863,-0.534,0.26,0.96313,0.05762,0.52954,,0.511,1.504,ergonomis
SUBJ005,fathur,2026-05-21,17:19:46.486000,1267525942,379486,1.0166,-0.0791,0.17676,-3.458,-1.183,1.153,0.96533,0.04858,0.51465,-1.397,0.504,1.824,ergonomis
SUBJ005,fathur,2026-05-21,17:19:46.686000,1267526142,379686,1.01978,-0.1001,0.16162,-4.16,-0.267,0.908,0.96582,0.04224,0.51489,0.855,0.092,2.321,ergonomis
SUBJ005,fathur,2026-05-21,17:19:46.886000,1267526342,379886,1.00073,-0.09863,0.17188,-1.053,-0.718,-0.374,0.97192,0.04028,0.50928,-0.969,-0.511,1.588,ergonomis
SUBJ005,fathur,2026-05-21,17:19:47.086000,1267526542,380086,1.0105,-0.10645,0.17383,-1.824,0.779,0.031,0.9624,0.04907,0.51025,-1.267,1.611,1.137,ergonomis
SUBJ005,fathur,2026-05-21,17:19:47.286000,1267526742,380286,1.00195,-0.09351,0.17432,-1.702,-0.26,-0.214,0.96948,0.04321,0.51367,-1.786,0.908,0.779,ergonomis
SUBJ005,fathur,2026-05-21,17:19:47.486000,1267526942,380486,1.00903,-0.09619,0.16821,-1.061,-0.137,0.13,0.9707,0.04272,0.50708,-1.107,0.802,1.137,ergonomis
SUBJ005,fathur,2026-05-21,17:19:47.686000,1267527142,380686,1.02612,-0.09937,0.17236,0.221,1.405,0.473,0.96094,0.0498,0.51172,-0.847,2.664,1.733,ergonomis
SUBJ005,fathur,2026-05-21,17:19:47.886000,1267527342,380886,1.01343,-0.0979,0.19702,-7.26,-0.046,1.702,0.96533,0.03564,0.51245,-9.351,1.756,3.58,ergonomis
SUBJ005,fathur,2026-05-21,17:19:48.086000,1267527542,381086,1.00464,-0.13428,0.18042,3.344,-3.359,-0.817,0.97144,0.02783,0.52002,4.74,3.244,1.29,ergonomis
SUBJ005,fathur,2026-05-21,17:19:48.286000,1267527742,381286,0.99927,-0.10522,0.18726,-2.16,-0.718,-1.359,0.96509,0.03589,0.5332,-1.618,2.809,1.847,ergonomis
SUBJ005,fathur,2026-05-21,17:19:48.486000,1267527942,381486,1.01611,-0.11133,0.17456,-3.389,0.412,-0.023,0.96094,0.02905,0.52393,-2.878,0.901,2.427,ergonomis
SUBJ005,fathur,2026-05-21,17:19:48.686000,1267528142,381686,1.01611,-0.10669,0.17798,-0.962,-0.321,-1.053,0.96411,0.0188,0.52222,1.519,2.023,1.275,ergonomis
SUBJ005,fathur,2026-05-21,17:19:48.904000,1267528360,381904,1.01489,-0.10327,0.16895,-2.595,-0.771,-1.626,0.95996,0.02856,0.52686,-3.802,0.16,-0.099,ergonomis
SUBJ005,fathur,2026-05-21,17:19:49.104000,1267528560,382104,1.02344,-0.09521,0.14819,-0.489,-1.061,-1.496,0.9668,0.03442,0.53271,-1.092,0.832,0.534,ergonomis
SUBJ005,fathur,2026-05-21,17:19:49.304000,1267528760,382304,1.01929,-0.09375,0.16235,-1.374,-0.168,-0.634,0.97461,0.03711,0.521,0.389,0.527,1.466,ergonomis
SUBJ005,fathur,2026-05-21,17:19:49.504000,1267528960,382504,1.01392,-0.08765,0.16162,-1.977,1.069,-0.496,0.97412,0.03833,0.51514,0.237,-1.13,2.137,ergonomis
SUBJ005,fathur,2026-05-21,17:19:49.704000,1267529160,382704,1.01636,-0.09424,0.17261,-1.969,0.405,0.458,0.97388,0.03638,0.49512,-1.229,-1.794,1.656,ergonomis
SUBJ005,fathur,2026-05-21,17:19:49.904000,1267529360,382904,1.01221,-0.09888,0.15674,-1.649,0.298,0.191,0.9707,0.02979,0.50488,-0.58,0.527,1.359,ergonomis
SUBJ005,fathur,2026-05-21,17:19:50.104000,1267529560,383104,1.01831,-0.09497,0.16113,-1.573,0.817,0.977,0.96924,0.04004,0.50439,-1.115,0.702,1.519,non-ergonomis
SUBJ005,fathur,2026-05-21,17:19:50.304000,1267529760,383304,1.01465,-0.0957,0.16895,-2.58,0.237,0.947,0.96851,0.02954,0.50732,-0.191,0.649,1.863,non-ergonomis
SUBJ005,fathur,2026-05-21,17:19:50.504000,1267529960,383504,1.00903,-0.10522,0.16528,-0.252,1.366,0.076,0.96484,0.02905,0.52637,-0.611,-2.832,1.855,non-ergonomis
SUBJ005,fathur,2026-05-21,17:19:50.704000,1267530160,383704,0.94727,-0.10571,0.19263,10.893,39.504,0.183,0.9707,0.03369,0.41919,36.168,21.084,-2.489,non-ergonomis
SUBJ005,fathur,2026-05-21,17:19:50.904000,1267530360,383904,1.00024,-0.04688,0.36743,-3.893,17.733,-5.45,0.95288,0.0249,0.45581,-41.42,6.008,-2.061,non-ergonomis
SUBJ005,fathur,2026-05-21,17:19:51.104000,1267530560,384104,0.98755,-0.07813,0.28955,9.0,-13.008,1.672,0.99438,0.0603,0.56934,30.58,-18.351,4.275,non-ergonomis
SUBJ005,fathur,2026-05-21,17:19:51.304000,1267530760,384304,0.95679,-0.07715,0.29639,-10.298,5.947,-2.16,0.96533,0.06104,0.54517,-7.87,5.099,2.137,non-ergonomis
SUBJ005,fathur,2026-05-21,17:19:51.504000,1267530960,384504,0.95923,-0.06372,0.28516,0.42,-1.695,-0.779,0.95776,0.05225,0.53394,-6.634,5.626,2.534,non-ergonomis
SUBJ005,fathur,2026-05-21,17:19:51.704000,1267531160,384704,0.96533,-0.07886,0.28906,0.244,-0.206,0.626,0.9624,0.06128,0.53979,1.573,-1.542,0.725,non-ergonomis
SUBJ005,fathur,2026-05-21,17:19:51.904000,1267531360,384904,0.96094,-0.06689,0.29688,-4.412,1.55,0.595,0.96631,0.05859,0.54541,-5.015,0.305,1.969,non-ergonomis
SUBJ005,fathur,2026-05-21,17:19:52.104000,1267531560,385104,0.95972,-0.0791,0.29785,-2.435,1.863,0.542,0.96826,0.05469,0.54199,-0.733,3.573,2.45,non-ergonomis
SUBJ005,fathur,2026-05-21,17:19:52.304000,1267531760,385304,0.96094,-0.07935,0.28955,-1.565,0.756,0.542,0.96362,0.05835,0.53345,-1.137,0.885,1.122,non-ergonomis
SUBJ005,fathur,2026-05-21,17:19:52.504000,1267531960,385504,0.96533,-0.08179,0.29736,-1.55,0.763,-0.321,0.96338,0.05566,0.53687,0.45,2.015,1.374,non-ergonomis
SUBJ005,fathur,2026-05-21,17:19:52.718000,1267532174,385718,0.95386,-0.07959,0.30786,-1.496,1.122,-0.282,0.9624,0.05542,0.54614,0.084,1.649,1.634,non-ergonomis
SUBJ005,fathur,2026-05-21,17:19:52.918000,1267532374,385918,0.95654,-0.0752,0.30005,-2.557,0.122,-0.229,0.96045,0.05225,0.54736,0.321,1.939,1.618,non-ergonomis
SUBJ005,fathur,2026-05-21,17:19:53.118000,1267532574,386118,0.95776,-0.07324,0.3042,-1.55,0.023,0.344,0.97241,0.05615,0.54224,-0.687,0.13,1.275,non-ergonomis
SUBJ005,fathur,2026-05-21,17:19:53.318000,1267532774,386318,0.95679,-0.08423,0.29932,-2.229,0.832,-0.374,0.96704,0.05493,0.53857,0.099,1.641,1.153,non-ergonomis
SUBJ005,fathur,2026-05-21,17:19:53.518000,1267532974,386518,0.95435,-0.07666,0.30884,-1.511,-0.275,0.053,0.96436,0.05591,0.54785,-1.061,1.107,1.237,non-ergonomis
SUBJ005,fathur,2026-05-21,17:19:53.806000,1267533262,386806,0.95459,-0.07813,0.30811,-1.809,0.328,-0.183,0.96216,0.05811,0.53687,-0.069,1.405,1.519,non-ergonomis
SUBJ005,fathur,2026-05-21,17:19:54.129000,1267533585,387129,0.95776,-0.08203,0.30127,-1.305,-0.061,0.084,0.95923,0.052,0.54761,-0.84,0.321,1.496,non-ergonomis
SUBJ005,fathur,2026-05-21,17:19:54.329000,1267533785,387329,0.95679,-0.07593,0.29883,-1.626,-0.16,0.084,0.96973,0.05518,0.55469,-1.71,0.855,1.374,non-ergonomis
SUBJ005,fathur,2026-05-21,17:19:54.624000,1267534080,387624,0.95386,-0.07935,0.30127,-1.87,0.351,,0.95728,0.05469,0.54565,-3.061,0.71,1.038,non-ergonomis
SUBJ005,fathur,2026-05-21,17:19:54.824000,1267534280,387824,0.95215,-0.08545,0.30347,-1.473,0.496,-0.267,0.96216,0.05957,0.53687,-2.26,1.275,0.855,non-ergonomis
SUBJ005,fathur,2026-05-21,17:19:55.024000,1267534480,388024,0.95435,-0.07739,0.30176,-1.695,0.786,-0.466,0.96558,0.05298,0.54248,-1.473,0.985,1.183,non-ergonomis
SUBJ005,fathur,2026-05-21,17:19:55.224000,1267534680,388224,0.95825,-0.07422,0.30762,-2.099,1.0,-0.229,0.96387,0.05859,0.54834,-1.931,1.42,1.076,non-ergonomis
SUBJ005,fathur,2026-05-21,17:19:55.424000,1267534880,388424,0.95386,-0.07349,0.30151,-1.405,0.214,-0.076,0.96558,0.04834,0.5459,0.076,0.947,1.611,non-ergonomis
SUBJ005,fathur,2026-05-21,17:19:55.624000,1267535080,388624,0.95752,-0.07202,0.31128,-1.611,0.702,0.527,0.96045,0.05835,0.53882,-0.702,1.046,1.763,non-ergonomis
SUBJ005,fathur,2026-05-21,17:19:55.824000,1267535280,388824,0.94482,-0.08423,0.30835,-1.649,-0.084,0.16,0.96436,0.05688,0.55347,-0.191,1.031,1.672,non-ergonomis
SUBJ005,fathur,2026-05-21,17:19:56.024000,1267535480,389024,0.95239,-0.07959,0.30151,-1.145,0.359,0.168,0.96997,0.05566,0.54858,-0.053,1.16,1.481,non-ergonomis
SUBJ005,fathur,2026-05-21,17:19:56.224000,1267535680,389224,0.95288,-0.08325,0.30811,-1.595,0.13,-0.168,0.96313,0.05298,0.53931,-0.473,1.221,1.443,non-ergonomis
SUBJ005,fathur,2026-05-21,17:19:56.424000,1267535880,389424,0.95044,-0.07886,0.30688,-1.641,0.237,-0.015,0.96924,0.0564,0.54199,-0.145,0.702,1.328,non-ergonomis
SUBJ005,fathur,2026-05-21,17:19:56.624000,1267536080,389624,0.95532,-0.08154,0.30542,-1.954,0.954,-0.008,0.9624,0.04883,0.54712,-1.427,1.282,1.061,non-ergonomis
SUBJ005,fathur,2026-05-21,17:19:56.824000,1267536280,389824,0.95825,-0.07739,0.29761,-1.718,0.137,-0.183,0.96362,0.05518,0.54712,-2.58,1.122,0.763,non-ergonomis
SUBJ005,fathur,2026-05-21,17:19:57.024000,1267536480,390024,0.95532,-0.07886,0.3064,-2.214,0.412,-0.305,0.96118,0.06421,0.55444,-2.679,0.382,1.008,non-ergonomis
SUBJ005,fathur,2026-05-21,17:19:57.224000,1267536680,390224,0.95239,-0.08154,0.30933,-2.053,0.71,0.023,0.96606,0.05664,0.5481,-1.519,0.718,1.42,non-ergonomis
SUBJ005,fathur,2026-05-21,17:19:57.424000,1267536880,390424,0.95435,-0.07495,0.31274,-2.321,0.985,-0.153,0.95728,0.05737,0.55273,-2.015,1.588,1.435,non-ergonomis
SUBJ005,fathur,2026-05-21,17:19:57.651000,1267537107,390651,0.95435,-0.08643,0.31616,-2.069,0.176,-0.031,0.95923,0.05713,0.5437,-0.664,0.779,1.374,non-ergonomis
SUBJ005,fathur,2026-05-21,17:19:57.851000,1267537307,390851,0.95044,-0.08105,0.30859,-1.183,0.145,0.084,0.96558,0.05566,0.55298,-0.359,1.321,1.573,non-ergonomis
SUBJ005,fathur,2026-05-21,17:19:58.099000,1267537555,391099,0.95532,-0.0813,0.32031,-1.298,0.275,0.282,0.96338,0.05225,0.54224,-0.969,0.634,1.557,non-ergonomis
SUBJ005,fathur,2026-05-21,17:20:00.900000,1267540356,393900,1.05371,-0.12646,0.1228,6.832,-9.687,5.618,0.98999,0.11133,0.604,21.435,19.672,10.412,ergonomis
SUBJ005,fathur,2026-05-21,17:20:01.100000,1267540556,394100,1.01514,-0.14282,0.15601,-22.679,5.794,-10.42,0.96387,-0.01587,0.56787,-27.55,-3.42,6.992,ergonomis
SUBJ005,fathur,2026-05-21,17:20:01.300000,1267540756,394300,1.02808,-0.1106,0.12988,17.901,-1.29,-1.473,0.96875,-0.00732,0.51294,12.481,4.275,0.359,ergonomis
SUBJ005,fathur,2026-05-21,17:20:01.500000,1267540956,394500,1.03564,-0.0979,0.11719,-12.122,1.412,-1.176,0.96533,0.0166,0.53052,-10.206,-1.855,-0.092,ergonomis
SUBJ005,fathur,2026-05-21,17:20:01.700000,1267541156,394700,1.02661,-0.1001,0.13306,6.824,-0.435,0.313,0.96997,0.01074,0.5127,-0.374,-1.206,0.481,ergonomis
SUBJ005,fathur,2026-05-21,17:20:01.900000,1267541356,394900,1.02417,-0.1001,0.12769,-6.435,1.321,-2.405,0.96631,0.01709,0.51587,-4.038,2.351,1.023,ergonomis
SUBJ005,fathur,2026-05-21,17:20:02.100000,1267541556,395100,1.03027,-0.08887,0.11987,1.198,-0.267,0.595,0.97339,0.02295,0.51807,-0.679,0.405,0.641,ergonomis
SUBJ005,fathur,2026-05-21,17:20:02.300000,1267541756,395300,1.03882,-0.09033,0.10742,-3.534,0.069,-0.893,0.97266,0.0144,0.5249,-1.275,-0.145,1.679,ergonomis
SUBJ005,fathur,2026-05-21,17:20:02.500000,1267541956,395500,1.0354,-0.09351,0.10938,-1.374,0.053,0.496,0.96729,0.01636,0.52075,-0.275,1.542,1.656,ergonomis
SUBJ005,fathur,2026-05-21,17:20:02.700000,1267542156,395700,1.03833,-0.08936,0.10889,-0.908,0.718,0.809,0.9707,0.01929,0.51099,-0.901,-0.214,2.183,ergonomis
SUBJ005,fathur,2026-05-21,17:20:02.900000,1267542356,395900,1.02954,-0.09937,0.11353,-2.42,0.092,0.237,0.96411,0.01221,0.51855,-2.053,0.954,1.496,ergonomis
SUBJ005,fathur,2026-05-21,17:20:03.100000,1267542556,396100,1.02979,-0.09937,0.11572,-0.809,-0.092,0.282,0.96875,0.01221,0.52075,0.412,2.359,0.374,ergonomis
SUBJ005,fathur,2026-05-21,17:20:03.300000,1267542756,396300,1.03271,-0.09717,0.1084,-0.962,0.412,-0.718,0.96143,0.02466,0.52271,-1.321,-1.26,0.649,ergonomis
SUBJ005,fathur,2026-05-21,17:20:03.500000,1267542956,396500,1.03149,-0.09521,0.11523,-1.458,0.382,-0.443,0.96802,0.02295,0.51367,-0.107,1.221,0.099,ergonomis
SUBJ005,fathur,2026-05-21,17:20:03.700000,1267543156,396700,1.02979,-0.08838,0.11182,-1.382,0.244,0.206,0.96704,0.02222,0.51807,-1.267,0.672,0.725,ergonomis
SUBJ005,fathur,2026-05-21,17:20:03.900000,1267543356,396900,1.02905,-0.09229,0.11841,-1.115,0.496,0.221,0.9707,0.02441,0.51636,-1.214,0.855,1.542,ergonomis
SUBJ005,fathur,2026-05-21,17:20:04.166000,1267543622,397166,1.02686,-0.09424,0.11401,-2.244,0.351,0.115,0.96265,0.02295,0.50757,-0.519,1.771,1.435,ergonomis
SUBJ005,fathur,2026-05-21,17:20:04.454000,1267543910,397454,1.03857,-0.08813,0.12012,-2.977,0.595,-0.29,0.96094,0.02612,0.51807,-0.664,0.733,1.695,ergonomis
SUBJ005,fathur,2026-05-21,17:20:04.654000,1267544110,397654,1.03613,-0.0957,0.11523,-2.023,0.244,0.13,0.96436,0.02051,0.51709,-1.031,1.107,1.145,ergonomis
SUBJ005,fathur,2026-05-21,17:20:04.854000,1267544310,397854,1.03003,-0.09912,0.11621,-1.939,0.275,-0.13,0.96094,0.02686,0.52539,-0.885,2.374,1.122,ergonomis
SUBJ005,fathur,2026-05-21,17:20:05.054000,1267544510,398054,1.03564,-0.0979,0.11475,-1.359,-0.198,0.153,0.97559,0.02637,0.52856,-0.397,1.565,1.168,ergonomis
SUBJ005,fathur,2026-05-21,17:20:05.254000,1267544710,398254,1.03101,-0.09644,0.11523,-2.649,0.885,-0.229,0.96313,0.02222,0.51392,-0.985,0.611,1.672,ergonomis
SUBJ005,fathur,2026-05-21,17:20:05.454000,1267544910,398454,1.03101,-0.10083,0.11719,-1.824,0.244,0.099,0.9668,0.02197,0.5271,-1.214,0.992,1.458,ergonomis
SUBJ005,fathur,2026-05-21,17:20:05.654000,1267545110,398654,1.0332,-0.09131,0.10522,-1.847,0.252,0.198,0.9668,0.02734,0.51416,-1.405,0.939,1.26,ergonomis
SUBJ005,fathur,2026-05-21,17:20:05.854000,1267545310,398854,1.02881,-0.09741,0.1228,-2.214,0.397,-0.282,0.96509,0.0271,0.51733,-0.847,1.0,1.29,ergonomis
SUBJ005,fathur,2026-05-21,17:20:08.719000,1267548175,401719,1.03418,-0.10059,0.11279,-2.168,-0.198,0.206,0.96411,0.02271,0.51636,-0.748,1.069,1.962,ergonomis
SUBJ005,fathur,2026-05-21,17:20:08.919000,1267548375,401919,1.03101,-0.09912,0.11719,-2.389,0.55,-0.031,0.96924,0.02417,0.51025,-0.947,1.321,1.389,ergonomis
SUBJ005,fathur,2026-05-21,17:20:09.119000,1267548575,402119,1.03369,-0.10156,0.12207,-1.496,0.458,-0.046,0.96753,0.02466,0.51318,-1.427,0.794,1.595,ergonomis
SUBJ005,fathur,2026-05-21,17:20:09.319000,1267548775,402319,1.02783,-0.10034,0.11133,-1.87,0.626,-0.015,0.96387,0.02222,0.52417,-0.557,1.115,1.519,ergonomis
SUBJ005,fathur,2026-05-21,17:20:09.519000,1267548975,402519,1.03027,-0.10181,0.10449,-2.466,0.336,0.107,0.96851,0.02319,0.51929,-0.931,0.267,1.534,ergonomis
SUBJ005,fathur,2026-05-21,17:20:09.719000,1267549175,402719,1.03442,-0.10059,0.11694,-2.351,0.305,-0.076,0.96606,0.01685,0.51978,-1.183,1.611,1.344,ergonomis
SUBJ005,fathur,2026-05-21,17:20:09.919000,1267549375,402919,1.03052,-0.10327,0.11255,-1.763,0.061,-0.214,0.9729,0.01904,0.52588,-0.817,1.145,1.359,ergonomis
SUBJ005,fathur,2026-05-21,17:20:10.119000,1267549575,403119,1.02832,-0.10205,0.12549,-0.748,0.763,-0.031,0.97412,0.02148,0.57422,6.26,-3.649,1.802,non-ergonomis
SUBJ005,fathur,2026-05-21,17:20:10.319000,1267549775,403319,0.99341,-0.10034,0.1377,16.832,32.962,0.13,0.94751,0.01343,0.59106,19.427,4.84,0.153,non-ergonomis
SUBJ005,fathur,2026-05-21,17:20:10.519000,1267549975,403519,0.98364,-0.07007,0.37964,9.542,40.336,-3.733,0.87329,0.09985,0.43823,-19.046,54.733,-15.061,non-ergonomis
SUBJ005,fathur,2026-05-21,17:20:10.719000,1267550175,403719,0.9541,-0.05688,0.28735,-6.328,-11.275,-0.237,0.9895,0.05029,0.57471,-0.794,-21.015,-1.038,non-ergonomis
SUBJ005,fathur,2026-05-21,17:20:10.919000,1267550375,403919,0.9668,-0.05078,0.2749,-3.191,0.924,-1.008,0.94971,0.05664,0.54077,0.328,11.794,3.076,non-ergonomis
SUBJ005,fathur,2026-05-21,17:20:11.119000,1267550575,404119,0.96948,-0.05176,0.28491,0.84,-3.145,-1.817,0.96851,0.05444,0.5459,-2.221,-1.641,1.0,non-ergonomis
SUBJ005,fathur,2026-05-21,17:20:11.319000,1267550775,404319,0.96899,-0.04639,0.29272,0.191,0.992,0.71,0.96289,0.06104,0.53809,4.389,-2.122,1.443,non-ergonomis
SUBJ005,fathur,2026-05-21,17:20:11.519000,1267550975,404519,0.95898,-0.05005,0.2959,-5.748,1.908,-0.267,0.96973,0.05835,0.53638,1.489,-0.718,1.611,non-ergonomis
SUBJ005,fathur,2026-05-21,17:20:11.728000,1267551184,404728,0.96704,-0.05469,0.28296,-0.397,0.237,0.763,0.96753,0.05566,0.54224,0.214,1.443,1.618,non-ergonomis
SUBJ005,fathur,2026-05-21,17:20:11.928000,1267551384,404928,0.96509,-0.05054,0.27783,-1.458,-0.046,0.611,0.96436,0.0564,0.54077,0.344,-0.107,1.611,non-ergonomis
SUBJ005,fathur,2026-05-21,17:20:12.128000,1267551584,405128,0.96143,-0.05103,0.28442,-2.046,0.489,-0.321,0.96582,0.05664,0.54517,0.321,0.924,1.664,non-ergonomis
SUBJ005,fathur,2026-05-21,17:20:12.328000,1267551784,405328,0.95874,-0.05615,0.2981,-2.42,0.458,-0.046,0.96973,0.05273,0.54834,-0.824,1.58,1.573,non-ergonomis
SUBJ005,fathur,2026-05-21,17:20:12.528000,1267551984,405528,0.96631,-0.05103,0.29077,-1.832,0.282,-0.13,0.96509,0.05029,0.53662,-1.221,0.893,1.389,non-ergonomis
SUBJ005,fathur,2026-05-21,17:20:12.728000,1267552184,405728,0.96704,-0.05615,0.29712,-1.916,1.023,-0.565,0.96094,0.0542,0.53711,-3.939,0.427,0.985,non-ergonomis
SUBJ005,fathur,2026-05-21,17:20:12.928000,1267552384,405928,0.96558,-0.05273,0.29077,-1.58,0.618,-0.405,0.96436,0.04907,0.53662,-2.527,0.511,0.908,non-ergonomis
SUBJ005,fathur,2026-05-21,17:20:13.128000,1267552584,406128,0.96582,-0.05151,0.2959,-2.244,1.16,-0.191,0.96558,0.05054,0.53906,-2.679,1.29,1.58,non-ergonomis
SUBJ005,fathur,2026-05-21,17:20:13.328000,1267552784,406328,0.96191,-0.05469,0.29858,-1.924,0.771,-0.26,0.9668,0.05127,0.54248,-2.313,0.771,1.504,non-ergonomis
SUBJ005,fathur,2026-05-21,17:20:13.568000,1267553024,406568,0.96851,-0.052,0.28564,-1.672,0.145,-0.595,0.96289,0.05151,0.52148,0.58,1.282,1.817,non-ergonomis
SUBJ005,fathur,2026-05-21,17:20:13.768000,1267553224,406768,0.96948,-0.06079,0.29175,-2.901,-0.321,0.267,0.96143,0.04688,0.54126,-4.603,0.183,1.427,non-ergonomis
SUBJ005,fathur,2026-05-21,17:20:14.968000,1267554424,406968,0.96655,-0.05664,0.28296,-4.489,1.672,1.939,0.96753,0.04395,0.53101,-7.076,0.473,1.771,non-ergonomis
SUBJ005,fathur,2026-05-21,17:20:14.168000,1267553624,407168,0.95532,-0.06348,0.29639,1.489,0.84,-0.107,0.96655,0.04907,0.53931,7.16,2.71,0.832,non-ergonomis
SUBJ005,fathur,2026-05-21,17:20:14.368000,1267553824,407368,0.97192,-0.0542,0.2937,-3.42,1.405,-1.16,0.96045,0.04858,0.53833,-2.588,0.763,0.55,non-ergonomis
SUBJ005,fathur,2026-05-21,17:20:14.568000,1267554024,407568,0.96143,-0.06079,0.30493,-0.977,-0.45,-0.771,0.96484,0.04761,0.5437,-4.374,0.527,1.069,non-ergonomis
SUBJ005,fathur,2026-05-21,17:20:14.768000,1267554224,407768,0.97046,-0.05542,0.29297,-0.405,-1.573,0.221,0.96729,0.05859,0.54004,4.924,2.611,1.916,non-ergonomis
SUBJ005,fathur,2026-05-21,17:20:15.968000,1267555424,407968,0.96216,-0.05591,0.30029,-3.282,0.427,-0.519,0.96265,0.04883,0.53955,-0.824,1.038,1.023,non-ergonomis
SUBJ005,fathur,2026-05-21,17:20:15.168000,1267554624,408168,0.96558,-0.05493,0.29858,-1.496,1.176,0.756,0.96216,0.04907,0.54224,-2.557,1.015,1.29,non-ergonomis
SUBJ005,fathur,2026-05-21,17:20:15.368000,1267554824,408368,0.95996,-0.06714,0.29541,-1.336,1.0,0.702,0.96924,0.04761,0.54834,-2.405,1.023,0.321,non-ergonomis
SUBJ005,fathur,2026-05-21,17:20:15.571000,1267555027,408571,0.96216,-0.05664,0.29126,-0.229,2.053,2.069,0.96436,0.05762,0.55249,-15.214,0.26,7.405,non-ergonomis
SUBJ005,fathur,2026-05-21,17:20:15.912000,1267555368,408912,0.95288,-0.10303,0.30957,-21.466,2.55,-6.038,0.96509,-0.01025,0.5564,-6.962,-1.718,3.244,non-ergonomis
SUBJ005,fathur,2026-05-21,17:20:16.112000,1267555568,409112,0.95947,-0.08765,0.31104,16.466,-1.74,4.71,0.94995,0.04932,0.55249,18.008,4.427,-0.237,non-ergonomis
SUBJ005,fathur,2026-05-21,17:20:16.312000,1267555768,409312,0.95996,-0.06055,0.27734,-0.458,0.542,-3.023,0.95166,0.03906,0.54663,1.863,-2.076,1.244,non-ergonomis
SUBJ005,fathur,2026-05-21,17:20:16.512000,1267555968,409512,0.95508,-0.08545,0.31201,-23.718,-1.206,1.603,0.95679,0.01733,0.55493,-23.641,-3.71,2.206,non-ergonomis
SUBJ005,fathur,2026-05-21,17:20:16.712000,1267556168,409712,0.97632,-0.12964,0.2771,5.153,-3.29,6.618,0.95557,0.02246,0.54102,2.298,3.206,2.481,non-ergonomis
SUBJ005,fathur,2026-05-21,17:20:16.912000,1267556368,409912,0.97876,-0.11475,0.26514,-1.405,-1.595,0.107,0.97632,0.00977,0.50977,-0.618,-0.015,2.115,non-ergonomis
SUBJ005,fathur,2026-05-21,17:20:17.112000,1267556568,410112,0.98511,-0.12231,0.28467,-0.435,1.122,-1.802,0.96118,0.00366,0.52026,-4.0,-1.16,1.115,non-ergonomis
SUBJ005,fathur,2026-05-21,17:20:17.312000,1267556768,410312,0.98364,-0.15894,0.27368,12.878,-3.198,1.718,0.94971,0.00928,0.52954,8.603,5.641,-6.252,non-ergonomis
SUBJ005,fathur,2026-05-21,17:20:17.512000,1267556968,410512,0.98975,-0.06934,0.25342,11.817,2.748,1.397,0.96924,0.05884,0.53687,7.244,5.183,-1.015,non-ergonomis
SUBJ005,fathur,2026-05-21,17:20:17.712000,1267557168,410712,0.96899,-0.07642,0.29614,-1.0,5.832,-5.244,0.97632,0.04443,0.53857,6.191,4.84,1.733,non-ergonomis
SUBJ005,fathur,2026-05-21,17:20:17.912000,1267557368,410912,0.95068,-0.06665,0.30103,-7.725,2.656,-0.939,0.95776,0.03979,0.5647,-7.603,0.053,-0.107,non-ergonomis
SUBJ005,fathur,2026-05-21,17:20:18.112000,1267557568,411112,0.95947,-0.05591,0.30176,5.412,-0.473,0.985,0.96045,0.05249,0.54932,-0.023,0.947,1.397,non-ergonomis
SUBJ005,fathur,2026-05-21,17:20:18.312000,1267557768,411312,0.95996,-0.06592,0.30835,-3.26,1.229,-0.603,0.96606,0.05249,0.55615,1.771,1.008,1.794,non-ergonomis
SUBJ005,fathur,2026-05-21,17:20:18.512000,1267557968,411512,0.96167,-0.07056,0.29785,-3.336,0.969,-0.191,0.95605,0.05444,0.56445,-5.13,0.084,0.893,non-ergonomis
SUBJ005,fathur,2026-05-21,17:20:18.712000,1267558168,411712,0.95728,-0.06567,0.302,0.061,-0.305,0.527,0.95752,0.05835,0.55786,-1.634,0.947,1.527,non-ergonomis
SUBJ005,fathur,2026-05-21,17:20:18.912000,1267558368,411912,0.96167,-0.07349,0.30811,-2.832,1.183,0.122,0.96387,0.05078,0.55566,-1.924,1.244,1.603,non-ergonomis
SUBJ005,fathur,2026-05-21,17:20:19.112000,1267558568,412112,0.95337,-0.07715,0.30664,-2.595,1.237,0.168,0.96387,0.05078,0.54785,-1.481,1.695,1.42,non-ergonomis
SUBJ005,fathur,2026-05-21,17:20:19.344000,1267558800,412344,0.95142,-0.07544,0.31006,-1.542,0.756,-0.298,0.96313,0.04883,0.55615,-1.55,1.046,1.244,non-ergonomis
SUBJ005,fathur,2026-05-21,17:20:19.544000,1267559000,412544,0.95117,-0.07373,0.31836,-0.954,0.565,-0.427,0.9624,0.04932,0.55664,0.374,1.092,1.237,non-ergonomis
SUBJ005,fathur,2026-05-21,17:20:19.744000,1267559200,412744,0.95288,-0.07178,0.31201,-2.198,0.855,-0.634,0.97046,0.04688,0.5437,0.084,1.344,1.573,non-ergonomis
SUBJ005,fathur,2026-05-21,17:20:19.944000,1267559400,412944,0.94995,-0.07178,0.31421,-1.733,0.489,-0.366,0.9668,0.04736,0.55176,-0.275,1.565,1.305,non-ergonomis
SUBJ005,fathur,2026-05-21,17:20:20.144000,1267559600,413144,0.95313,-0.06567,0.30322,-0.519,0.511,0.435,0.96436,0.04736,0.56104,0.344,1.443,1.855,ergonomis
SUBJ005,fathur,2026-05-21,17:20:20.344000,1267559800,413344,0.9519,-0.07349,0.31836,-1.473,0.099,0.038,0.95728,0.04761,0.55127,-0.061,1.71,1.458,ergonomis
SUBJ005,fathur,2026-05-21,17:20:20.582000,1267560038,413582,0.95874,-0.06909,0.31958,-1.885,0.344,-0.298,0.97119,0.03613,0.49365,2.527,9.336,-0.321,ergonomis
SUBJ005,fathur,2026-05-21,17:20:20.782000,1267560238,413782,1.00244,-0.08008,0.31616,-1.305,-25.985,6.458,0.99951,0.07837,0.45044,-22.519,8.557,-5.893,ergonomis
SUBJ005,fathur,2026-05-21,17:20:21.982000,1267561438,413982,0.91113,-0.06421,0.06885,-25.137,-52.748,-5.382,0.98828,0.04272,0.64185,-1.489,9.718,8.076,ergonomis
SUBJ005,fathur,2026-05-21,17:20:21.269000,1267560725,414269,1.02856,-0.14209,0.15259,-0.504,0.786,0.244,0.98486,0.03296,0.51782,-2.756,-4.893,-0.26,ergonomis
SUBJ005,fathur,2026-05-21,17:20:21.657000,1267561113,414657,1.04517,-0.073,0.10645,27.519,-5.046,6.16,0.96411,0.07642,0.53979,25.031,4.16,-6.87,ergonomis
SUBJ005,fathur,2026-05-21,17:20:21.857000,1267561313,414857,1.04492,-0.01001,0.07959,-4.969,-4.313,1.557,0.95996,0.08667,0.52832,-28.672,-9.305,8.695,ergonomis
SUBJ005,fathur,2026-05-21,17:20:22.057000,1267561513,415057,1.05591,-0.13867,0.03369,-39.298,-0.893,-2.855,0.97192,0.01709,0.46069,-10.115,-3.527,1.237,ergonomis
SUBJ005,fathur,2026-05-21,17:20:22.257000,1267561713,415257,1.07251,-0.06787,0.03662,30.13,-4.58,6.031,0.96924,0.0542,0.4812,21.405,-0.145,-0.748,ergonomis
SUBJ005,fathur,2026-05-21,17:20:22.457000,1267561913,415457,1.04468,-0.11157,0.05078,-14.618,5.557,-4.58,0.96802,0.04932,0.44458,-6.214,0.527,-1.092,ergonomis
SUBJ005,fathur,2026-05-21,17:20:22.657000,1267562113,415657,1.06689,-0.06812,0.06299,13.794,-3.527,6.244,0.98584,0.05884,0.46362,-2.252,2.626,0.466,ergonomis
SUBJ005,fathur,2026-05-21,17:20:22.857000,1267562313,415857,1.03101,-0.11255,0.0957,-8.405,4.191,-3.237,0.97559,0.05347,0.48657,0.672,2.13,-1.802,ergonomis
SUBJ005,fathur,2026-05-21,17:20:23.057000,1267562513,416057,1.0459,-0.06201,0.08276,10.046,2.481,1.878,0.9668,0.06543,0.51416,-3.565,3.298,2.427,ergonomis
SUBJ005,fathur,2026-05-21,17:20:23.257000,1267562713,416257,1.03613,-0.09863,0.11182,-7.313,5.618,-1.084,0.97363,0.06323,0.49512,3.779,2.832,1.496,ergonomis
SUBJ005,fathur,2026-05-21,17:20:23.457000,1267562913,416457,1.04541,-0.07666,0.10938,1.412,0.534,0.336,0.96899,0.06836,0.51758,-7.252,1.115,1.252,ergonomis
SUBJ005,fathur,2026-05-21,17:20:23.657000,1267563113,416657,1.03467,-0.09229,0.13379,-0.794,0.947,0.168,0.97095,0.06567,0.52173,5.328,2.076,1.565,ergonomis
SUBJ005,fathur,2026-05-21,17:20:23.857000,1267563313,416857,1.03296,-0.07886,0.12622,-3.252,0.588,-0.389,0.96362,0.0647,0.50977,-3.817,0.481,1.229,ergonomis
SUBJ005,fathur,2026-05-21,17:20:24.057000,1267563513,417057,1.03271,-0.08276,0.10327,0.366,-0.145,-0.252,0.9624,0.06299,0.5144,0.405,1.115,1.756,ergonomis
SUBJ005,fathur,2026-05-21,17:20:24.257000,1267563713,417257,1.02515,-0.08325,0.11597,2.214,1.901,-0.672,0.9707,0.07349,0.50244,2.595,1.832,1.763,ergonomis
SUBJ005,fathur,2026-05-21,17:20:24.457000,1267563913,417457,1.02637,-0.08179,0.12183,-1.374,3.916,-0.573,0.96436,0.06982,0.52173,0.107,2.069,0.931,ergonomis
SUBJ005,fathur,2026-05-21,17:20:24.657000,1267564113,417657,1.03735,-0.07397,0.12305,4.137,4.954,-0.954,0.95874,0.07568,0.51953,4.573,6.885,-0.649,ergonomis
SUBJ005,fathur,2026-05-21,17:20:24.857000,1267564313,417857,1.02197,-0.05396,0.15112,-4.282,3.718,-0.718,0.97534,0.07275,0.5498,-6.565,2.076,0.733,ergonomis
SUBJ005,fathur,2026-05-21,17:20:25.057000,1267564513,418057,1.01074,-0.05396,0.16675,-10.038,2.58,-0.321,0.94067,0.08911,0.5437,-0.611,2.504,1.229,ergonomis
SUBJ005,fathur,2026-05-21,17:20:25.257000,1267564713,418257,1.02002,-0.07031,0.16455,6.374,-1.473,1.099,0.95996,0.09521,0.55347,7.519,2.885,-0.794,ergonomis
SUBJ005,fathur,2026-05-21,17:20:25.457000,1267564913,418457,1.02271,-0.07349,0.15137,-9.313,0.534,0.71,0.9624,0.07129,0.55396,-13.092,0.244,4.046,ergonomis
SUBJ005,fathur,2026-05-21,17:20:25.657000,1267565113,418657,1.01904,-0.09204,0.1499,2.588,-1.664,1.145,0.95728,0.07739,0.55933,9.023,2.824,1.42,ergonomis
SUBJ005,fathur,2026-05-21,17:20:25.857000,1267565313,418857,1.02368,-0.07251,0.14746,-6.595,0.947,-0.176,0.95557,0.07837,0.55322,-6.641,0.099,1.977,ergonomis
SUBJ005,fathur,2026-05-21,17:20:26.057000,1267565513,419057,1.02148,-0.09082,0.14258,0.588,-1.023,1.015,0.96802,0.07813,0.56055,1.786,1.473,2.099,ergonomis
SUBJ005,fathur,2026-05-21,17:20:26.257000,1267565713,419257,1.02051,-0.09155,0.1543,-4.481,-1.0,0.305,0.9624,0.07007,0.54126,-2.733,-1.061,2.061,ergonomis
SUBJ005,fathur,2026-05-21,17:20:26.457000,1267565913,419457,1.02759,-0.08521,0.1394,-0.656,-1.763,-0.168,0.96265,0.06543,0.54468,1.168,1.466,1.42,ergonomis
SUBJ005,fathur,2026-05-21,17:20:26.657000,1267566113,419657,1.02539,-0.09351,0.13916,-2.198,-0.229,-0.053,0.96704,0.07495,0.54688,-1.183,-0.183,2.015,ergonomis
SUBJ005,fathur,2026-05-21,17:20:26.857000,1267566313,419857,1.03052,-0.09131,0.1311,-1.817,0.542,0.366,0.96753,0.06958,0.5459,-1.046,0.893,1.618,ergonomis
SUBJ005,fathur,2026-05-21,17:20:27.057000,1267566513,420057,1.02246,-0.09448,0.14917,-2.244,0.634,0.275,0.96558,0.05908,0.54395,-1.855,0.649,1.099,ergonomis
SUBJ005,fathur,2026-05-21,17:20:27.257000,1267566713,420257,1.02124,-0.09644,0.14136,-2.427,0.74,-0.313,0.96362,0.06958,0.53516,-0.84,0.832,0.664,ergonomis
SUBJ005,fathur,2026-05-21,17:20:27.457000,1267566913,420457,1.02222,-0.09131,0.15186,-1.725,0.298,-0.885,0.97534,0.06177,0.5249,-0.908,0.282,0.687,ergonomis
SUBJ005,fathur,2026-05-21,17:20:27.657000,1267567113,420657,1.02393,-0.07739,0.13647,0.26,0.206,-1.183,0.96558,0.0686,0.53271,0.947,1.29,1.008,ergonomis
SUBJ005,fathur,2026-05-21,17:20:27.857000,1267567313,420857,1.03174,-0.08105,0.13574,-3.802,0.702,0.221,0.96509,0.07568,0.53076,-2.0,0.702,2.076,ergonomis
SUBJ005,fathur,2026-05-21,17:20:28.057000,1267567513,421057,1.03442,-0.09497,0.13989,-1.45,-0.008,0.855,0.96509,0.06934,0.53613,-0.221,1.542,1.595,ergonomis
SUBJ005,fathur,2026-05-21,17:20:28.257000,1267567713,421257,1.02173,-0.08301,0.14673,-1.847,-1.031,0.008,0.96045,0.07471,0.53442,-0.336,1.397,1.939,ergonomis
SUBJ005,fathur,2026-05-21,17:20:28.457000,1267567913,421457,1.02661,-0.09546,0.12891,-1.809,-0.26,0.26,0.95874,0.07031,0.52051,-1.237,1.0,1.832,ergonomis
SUBJ005,fathur,2026-05-21,17:20:28.657000,1267568113,421657,1.02661,-0.09961,0.13452,-1.878,0.397,0.198,0.95972,0.06616,0.54175,-1.641,0.802,1.328,ergonomis
SUBJ005,fathur,2026-05-21,17:20:28.857000,1267568313,421857,1.02173,-0.09863,0.13232,-2.0,-0.344,0.328,0.96509,0.05957,0.53564,-1.672,1.557,1.015,ergonomis
SUBJ005,fathur,2026-05-21,17:20:29.057000,1267568513,422057,1.02588,-0.08813,0.12769,0.229,-0.244,0.527,0.96094,0.05884,0.53467,-1.0,2.107,2.198,ergonomis
SUBJ005,fathur,2026-05-21,17:20:29.257000,1267568713,422257,1.03345,-0.09741,0.12695,-0.229,0.504,0.885,0.96289,0.05469,0.53076,0.542,0.748,1.618,ergonomis
SUBJ005,fathur,2026-05-21,17:20:29.457000,1267568913,422457,1.02368,-0.09644,0.12573,-0.718,0.985,-0.145,0.95898,0.05737,0.54565,-3.198,0.656,1.13,ergonomis
SUBJ005,fathur,2026-05-21,17:20:29.657000,1267569113,422657,1.02222,-0.07983,0.13965,0.756,3.42,-2.878,0.96777,0.0603,0.53125,2.183,2.305,0.344,ergonomis
SUBJ005,fathur,2026-05-21,17:20:29.857000,1267569313,422857,1.04004,-0.0791,0.13843,7.198,3.733,-4.672,0.98315,0.06982,0.49756,3.893,5.885,-4.0,ergonomis
SUBJ005,fathur,2026-05-21,17:20:30.057000,1267569513,423057,1.01733,-0.02588,0.15137,3.786,2.275,0.435,0.95093,0.10181,0.5686,2.466,4.969,1.511,non-ergonomis
SUBJ005,fathur,2026-05-21,17:20:30.257000,1267569713,423257,1.01392,-0.06592,0.20825,-16.053,3.718,-3.198,0.96338,0.06177,0.55566,-5.099,2.298,2.015,non-ergonomis
SUBJ005,fathur,2026-05-21,17:20:30.457000,1267569913,423457,1.02002,-0.06421,0.16602,-2.687,-2.557,1.992,0.96167,0.06982,0.56519,-9.145,-1.649,3.008,non-ergonomis
SUBJ005,fathur,2026-05-21,17:20:30.680000,1267570136,423680,1.01587,-0.073,0.17358,-1.359,-1.115,0.489,0.96021,0.07129,0.56787,3.786,-0.779,2.969,non-ergonomis
SUBJ005,fathur,2026-05-21,17:20:30.880000,1267570336,423880,0.97998,-0.073,0.14526,2.42,31.901,-1.221,0.92993,0.0498,0.60889,10.733,6.473,0.061,non-ergonomis
SUBJ005,fathur,2026-05-21,17:20:31.080000,1267570536,424080,1.0459,-0.03589,0.36353,-5.084,16.221,-1.267,1.03345,0.05615,0.54541,-18.42,28.321,-9.969,non-ergonomis
SUBJ005,fathur,2026-05-21,17:20:31.280000,1267570736,424280,0.9729,-0.08447,0.30469,-6.779,-6.092,-2.527,0.98901,0.06909,0.58398,-4.298,-13.336,-4.229,non-ergonomis
SUBJ005,fathur,2026-05-21,17:20:31.480000,1267570936,424480,0.95435,-0.04565,0.30444,-2.87,7.977,-0.084,0.94385,0.09521,0.56665,-7.145,12.321,0.55,non-ergonomis
SUBJ005,fathur,2026-05-21,17:20:31.680000,1267571136,424680,0.95972,-0.06982,0.2998,-2.557,0.168,-1.527,0.95752,0.07983,0.55591,3.237,9.733,2.695,non-ergonomis
SUBJ005,fathur,2026-05-21,17:20:31.880000,1267571336,424880,0.94458,-0.05298,0.31812,-1.489,-6.901,-1.275,0.97363,0.08081,0.58301,-0.504,-6.45,1.153,non-ergonomis
SUBJ005,fathur,2026-05-21,17:20:32.080000,1267571536,425080,0.9707,-0.05737,0.30127,-2.389,2.466,-3.061,0.98267,0.0752,0.53467,-0.901,-0.931,-0.389,non-ergonomis
SUBJ005,fathur,2026-05-21,17:20:32.280000,1267571736,425280,0.96606,-0.03174,0.28418,2.885,3.405,-0.885,0.96655,0.09033,0.55811,-3.168,-0.008,-0.267,non-ergonomis
SUBJ005,fathur,2026-05-21,17:20:32.541000,1267571997,425541,0.96362,-0.04126,0.28516,6.519,5.878,3.328,0.96411,0.10815,0.56226,6.092,5.389,0.611,non-ergonomis
SUBJ005,fathur,2026-05-21,17:20:32.741000,1267572197,425741,0.92505,-0.02734,0.32861,-4.71,2.443,-1.29,0.95093,0.09546,0.59399,-7.527,1.0,2.58,non-ergonomis
SUBJ005,fathur,2026-05-21,17:20:32.941000,1267572397,425941,0.93823,-0.03979,0.34131,-1.87,1.855,0.817,0.94531,0.09692,0.58472,0.931,2.603,2.718,non-ergonomis
SUBJ005,fathur,2026-05-21,17:20:33.141000,1267572597,426141,0.94043,-0.03931,0.33618,-6.137,0.069,-1.0,0.94824,0.08154,0.57935,-3.863,0.481,2.0,non-ergonomis
SUBJ005,fathur,2026-05-21,17:20:33.341000,1267572797,426341,0.95313,-0.04004,0.3208,-0.26,-1.031,-0.565,0.95752,0.09033,0.57715,-0.947,0.649,0.389,non-ergonomis
SUBJ005,fathur,2026-05-21,17:20:33.541000,1267572997,426541,0.95508,-0.03369,0.31689,-1.901,-0.649,-0.275,0.95703,0.08472,0.57813,-0.397,-0.046,1.305,non-ergonomis
SUBJ005,fathur,2026-05-21,17:20:33.741000,1267573197,426741,0.94556,-0.03516,0.31616,0.458,0.969,-0.382,0.95825,0.09131,0.58228,1.389,1.16,1.878,non-ergonomis
SUBJ005,fathur,2026-05-21,17:20:33.941000,1267573397,426941,0.94434,-0.04004,0.32373,-4.588,0.954,-0.359,0.95703,0.08423,0.58081,-2.603,0.893,1.626,non-ergonomis
SUBJ005,fathur,2026-05-21,17:20:34.141000,1267573597,427141,0.94604,-0.03418,0.31445,-1.779,-0.229,0.397,0.95483,0.09717,0.5813,0.527,0.855,2.397,non-ergonomis
SUBJ005,fathur,2026-05-21,17:20:34.341000,1267573797,427341,0.94727,-0.04663,0.31641,-3.672,-0.053,0.046,0.95605,0.08179,0.57764,-1.29,0.763,1.389,non-ergonomis
SUBJ005,fathur,2026-05-21,17:20:37.054000,1267576510,430054,0.94751,-0.04346,0.32764,-2.053,0.153,-0.076,0.96021,0.09253,0.58374,-1.939,1.031,1.336,non-ergonomis
SUBJ005,fathur,2026-05-21,17:20:37.254000,1267576710,430254,0.94019,-0.04126,0.323,-1.74,0.679,-0.061,0.95483,0.08081,0.57837,-3.214,0.588,1.084,non-ergonomis
SUBJ005,fathur,2026-05-21,17:20:37.454000,1267576910,430454,0.94482,-0.04175,0.32324,-2.305,0.55,-0.16,0.95703,0.0813,0.57813,-2.687,0.504,1.076,non-ergonomis
SUBJ005,fathur,2026-05-21,17:20:37.654000,1267577110,430654,0.94189,-0.04077,0.32861,-2.168,0.603,-0.511,0.95508,0.08545,0.57764,-2.695,0.084,1.168,non-ergonomis
SUBJ005,fathur,2026-05-21,17:20:37.854000,1267577310,430854,0.94141,-0.04175,0.32544,-1.443,0.725,0.229,0.95532,0.09058,0.56958,-1.252,1.382,1.328,non-ergonomis
SUBJ005,fathur,2026-05-21,17:20:38.054000,1267577510,431054,0.9353,-0.04517,0.33472,-2.344,0.458,0.115,0.96045,0.0769,0.57471,-0.328,1.214,1.71,non-ergonomis
SUBJ005,fathur,2026-05-21,17:20:38.254000,1267577710,431254,0.94653,-0.03809,0.33154,-1.427,0.679,0.191,0.95313,0.08057,0.57568,-0.099,1.305,1.435,non-ergonomis
SUBJ005,fathur,2026-05-21,17:20:38.454000,1267577910,431454,0.94775,-0.04346,0.32886,-1.053,0.893,0.305,0.96021,0.09155,0.57202,1.275,1.763,1.405,non-ergonomis
SUBJ005,fathur,2026-05-21,17:20:38.654000,1267578110,431654,0.94238,-0.0354,0.34229,-1.237,0.153,0.191,0.95581,0.07983,0.58276,0.176,1.595,1.519,non-ergonomis
SUBJ005,fathur,2026-05-21,17:20:38.854000,1267578310,431854,0.94263,-0.03809,0.33545,-1.817,0.282,0.275,0.95435,0.08594,0.58252,-0.901,1.176,1.58,non-ergonomis
SUBJ005,fathur,2026-05-21,17:20:39.054000,1267578510,432054,0.93848,-0.04443,0.33911,-1.634,0.618,0.107,0.95923,0.08374,0.58081,-0.031,1.389,1.656,non-ergonomis
SUBJ005,fathur,2026-05-21,17:20:39.254000,1267578710,432254,0.95142,-0.03931,0.34033,-1.496,0.435,0.053,0.94922,0.07886,0.58423,-0.809,1.275,1.504,non-ergonomis
SUBJ005,fathur,2026-05-21,17:20:39.454000,1267578910,432454,0.94043,-0.04932,0.33887,-1.84,0.366,-0.298,0.95361,0.08569,0.58472,-0.359,0.718,1.328,non-ergonomis
SUBJ005,fathur,2026-05-21,17:20:39.654000,1267579110,432654,0.9397,-0.05103,0.33569,-1.023,0.29,0.137,0.95532,0.08521,0.57935,-0.229,1.374,1.305,non-ergonomis
SUBJ005,fathur,2026-05-21,17:20:39.854000,1267579310,432854,0.9375,-0.04639,0.33423,-2.107,0.267,-0.282,0.95654,0.0813,0.58228,-2.115,1.252,1.267,non-ergonomis
SUBJ005,fathur,2026-05-21,17:20:40.054000,1267579510,433054,0.93848,-0.05005,0.33984,-2.076,0.473,0.206,0.95703,0.08862,0.57813,-3.031,0.374,1.229,ergonomis
SUBJ005,fathur,2026-05-21,17:20:40.264000,1267579720,433264,0.93726,-0.03931,0.34497,-1.328,0.511,-0.122,0.95728,0.08887,0.5647,-1.992,1.748,1.55,ergonomis
SUBJ005,fathur,2026-05-21,17:20:40.498000,1267579954,433498,0.97998,-0.04541,0.30884,-3.748,-14.107,3.763,0.95288,0.0791,0.53296,-24.863,0.397,-3.267,ergonomis
SUBJ005,fathur,2026-05-21,17:20:40.751000,1267580207,433751,0.98657,-0.08179,0.24316,-17.038,-28.924,-1.023,0.93286,0.08325,0.56665,11.649,2.733,4.267,ergonomis
SUBJ005,fathur,2026-05-21,17:20:41.963000,1267581419,433962,1.03857,-0.06519,0.17334,4.756,-20.298,-2.473,0.90918,0.03247,0.66064,-2.214,-4.031,8.489,ergonomis
SUBJ005,fathur,2026-05-21,17:20:41.162000,1267580618,434162,1.04688,-0.08594,0.08105,-8.122,-5.069,0.534,0.9668,0.02563,0.50366,-6.962,-5.603,2.695,ergonomis
SUBJ005,fathur,2026-05-21,17:20:41.362000,1267580818,434362,1.0437,-0.09033,0.09082,7.534,-0.458,2.58,0.97192,0.04102,0.48511,1.84,-4.023,0.603,ergonomis
SUBJ005,fathur,2026-05-21,17:20:41.562000,1267581018,434562,1.03174,-0.07959,0.10645,-4.069,7.237,-0.137,0.96313,0.05884,0.46924,-1.603,5.13,1.45,ergonomis
SUBJ005,fathur,2026-05-21,17:20:41.762000,1267581218,434762,1.02563,-0.08911,0.10376,-2.008,1.427,-1.26,0.96875,0.03052,0.53418,1.008,2.756,1.656,ergonomis
SUBJ005,fathur,2026-05-21,17:20:42.962000,1267582418,434962,1.03296,-0.08789,0.13159,0.565,2.198,0.687,0.97168,0.05273,0.5083,-2.374,2.405,1.206,ergonomis
SUBJ005,fathur,2026-05-21,17:20:42.196000,1267581652,435196,1.03027,-0.08276,0.11768,-1.664,2.206,-0.611,0.97876,0.04321,0.51685,0.183,4.42,0.954,ergonomis
SUBJ005,fathur,2026-05-21,17:20:42.396000,1267581852,435396,1.03149,-0.08423,0.12524,-1.466,6.267,0.901,0.97827,0.05225,0.51807,-3.595,2.412,1.122,ergonomis
SUBJ005,fathur,2026-05-21,17:20:42.596000,1267582052,435596,1.0293,-0.08667,0.16064,1.725,2.702,2.908,0.95874,0.06494,0.50928,-1.84,5.153,1.084,ergonomis
SUBJ005,fathur,2026-05-21,17:20:42.796000,1267582252,435796,1.0293,-0.09106,0.15283,-5.328,1.893,-0.168,0.95996,0.03955,0.51611,-3.511,2.374,1.817,ergonomis
SUBJ005,fathur,2026-05-21,17:20:43.996000,1267583452,435996,1.01001,-0.10181,0.17261,-1.832,-2.076,-1.634,0.9646,0.03491,0.5564,-1.344,0.351,0.916,ergonomis
SUBJ005,fathur,2026-05-21,17:20:43.196000,1267582652,436196,1.02246,-0.09473,0.1582,-4.618,-1.603,-1.053,0.9729,0.04492,0.52393,-0.779,-0.351,0.069,ergonomis
SUBJ005,fathur,2026-05-21,17:20:43.396000,1267582852,436396,1.0271,-0.08203,0.13477,-1.832,-1.878,-2.023,0.95923,0.05127,0.53882,0.053,0.252,0.183,ergonomis
SUBJ005,fathur,2026-05-21,17:20:43.596000,1267583052,436596,1.02344,-0.07788,0.1438,-0.947,0.427,-0.924,0.96289,0.05225,0.52466,-0.267,0.282,0.947,ergonomis
SUBJ005,fathur,2026-05-21,17:20:43.796000,1267583252,436796,1.02148,-0.07886,0.14746,-1.817,1.214,-0.046,0.96411,0.04736,0.5249,-0.092,0.435,1.87,ergonomis
SUBJ005,fathur,2026-05-21,17:20:44.055000,1267583511,437055,1.02954,-0.07568,0.14014,-1.176,-0.901,0.45,0.96387,0.05176,0.50537,-0.779,1.229,2.42,ergonomis
SUBJ005,fathur,2026-05-21,17:20:44.255000,1267583711,437255,1.02222,-0.07886,0.14038,-1.908,-0.466,0.817,0.96875,0.04736,0.5166,-1.153,0.626,2.214,ergonomis
SUBJ005,fathur,2026-05-21,17:20:44.455000,1267583911,437455,1.02246,-0.09644,0.14453,-2.153,1.092,1.298,0.96875,0.04761,0.50488,-1.985,1.443,2.015,ergonomis
SUBJ005,fathur,2026-05-21,17:20:44.655000,1267584111,437655,1.01929,-0.09253,0.14258,-2.611,1.695,0.626,0.96729,0.04565,0.52441,-0.969,1.664,1.603,ergonomis
SUBJ005,fathur,2026-05-21,17:20:44.855000,1267584311,437855,1.01636,-0.09839,0.14258,-1.672,1.275,0.053,0.96631,0.04419,0.52148,-0.802,0.084,1.344,ergonomis
SUBJ005,fathur,2026-05-21,17:20:45.055000,1267584511,438055,1.01807,-0.09204,0.15527,-1.618,0.824,-0.794,0.96484,0.04785,0.52222,-1.221,0.557,1.099,ergonomis
SUBJ005,fathur,2026-05-21,17:20:45.255000,1267584711,438255,1.01855,-0.09058,0.15234,-1.366,0.916,-0.473,0.96973,0.05029,0.5249,-1.344,0.618,0.817,ergonomis
SUBJ005,fathur,2026-05-21,17:20:45.455000,1267584911,438455,1.01953,-0.08301,0.15698,-1.969,1.053,-0.718,0.96606,0.0459,0.52051,-1.015,2.084,0.992,ergonomis
SUBJ005,fathur,2026-05-21,17:20:45.655000,1267585111,438655,1.02124,-0.08154,0.15552,-1.115,0.443,-0.427,0.96533,0.04126,0.52588,-1.679,1.092,0.481,ergonomis
SUBJ005,fathur,2026-05-21,17:20:45.855000,1267585311,438855,1.01929,-0.07861,0.16016,-1.74,0.168,-0.634,0.96997,0.04932,0.52319,-0.183,2.481,0.962,ergonomis
SUBJ005,fathur,2026-05-21,17:20:46.055000,1267585511,439055,1.01929,-0.07764,0.15137,-1.924,0.107,-0.55,0.96289,0.05103,0.52905,-0.603,2.183,1.527,ergonomis
SUBJ005,fathur,2026-05-21,17:20:46.255000,1267585711,439255,1.01758,-0.0835,0.15894,-2.351,0.687,0.122,0.96411,0.05688,0.53223,-0.267,1.565,1.275,ergonomis
SUBJ005,fathur,2026-05-21,17:20:46.455000,1267585911,439455,1.01343,-0.08594,0.1626,-1.924,1.008,-0.519,0.96753,0.04761,0.53369,-0.84,1.038,1.359,ergonomis
SUBJ005,fathur,2026-05-21,17:20:46.655000,1267586111,439655,1.02002,-0.08813,0.16138,-1.931,0.802,-0.229,0.96826,0.05542,0.52466,-0.756,0.962,0.954,ergonomis
SUBJ005,fathur,2026-05-21,17:20:46.855000,1267586311,439855,1.01611,-0.0791,0.1626,-1.336,0.42,-0.321,0.96924,0.05542,0.5271,-1.031,0.763,1.374,ergonomis
SUBJ005,fathur,2026-05-21,17:20:47.055000,1267586511,440055,1.01514,-0.0791,0.16602,-1.389,-0.443,-0.336,0.97144,0.05249,0.53931,-0.252,1.718,1.267,ergonomis
SUBJ005,fathur,2026-05-21,17:20:47.255000,1267586711,440255,1.01733,-0.07861,0.17163,-1.55,0.252,-0.008,0.96582,0.05298,0.5249,-1.45,1.527,1.221,ergonomis
SUBJ005,fathur,2026-05-21,17:20:47.455000,1267586911,440455,1.01855,-0.07593,0.1626,-1.198,-0.359,0.137,0.97339,0.05615,0.5249,-1.511,0.977,1.573,ergonomis
SUBJ005,fathur,2026-05-21,17:20:47.655000,1267587111,440655,1.02197,-0.07666,0.15967,-2.405,0.374,0.321,0.95776,0.04517,0.53613,-1.809,0.725,1.916,ergonomis
SUBJ005,fathur,2026-05-21,17:20:47.855000,1267587311,440855,1.01807,-0.08276,0.15918,-1.466,-0.16,0.382,0.96338,0.05029,0.52515,-1.824,0.824,1.71,ergonomis
SUBJ005,fathur,2026-05-21,17:20:48.055000,1267587511,441055,1.01465,-0.07959,0.16357,-2.519,-0.023,0.656,0.96533,0.05518,0.5293,-0.733,0.115,1.641,ergonomis
SUBJ005,fathur,2026-05-21,17:20:48.255000,1267587711,441255,1.02173,-0.08838,0.15112,-1.733,0.29,0.076,0.96289,0.04834,0.53662,0.153,1.206,1.168,ergonomis
SUBJ005,fathur,2026-05-21,17:20:48.462000,1267587918,441462,1.02515,-0.08105,0.1543,-1.092,-0.031,-0.374,0.96606,0.04248,0.52271,-0.405,1.542,1.252,ergonomis
SUBJ005,fathur,2026-05-21,17:20:48.662000,1267588118,441662,1.0188,-0.08447,0.14111,-2.115,0.229,-0.153,0.96948,0.05298,0.5354,-1.191,1.16,1.298,ergonomis
SUBJ005,fathur,2026-05-21,17:20:48.862000,1267588318,441862,1.02222,-0.07886,0.16553,-1.023,0.458,-0.229,0.97144,0.04883,0.52661,-0.527,0.649,1.435,ergonomis
SUBJ005,fathur,2026-05-21,17:20:49.062000,1267588518,442062,1.01758,-0.08228,0.15967,-2.26,0.137,-0.328,0.96094,0.0481,0.52856,-0.313,0.702,1.466,ergonomis
SUBJ005,fathur,2026-05-21,17:20:49.262000,1267588718,442262,1.0105,-0.07837,0.15234,-2.29,0.458,0.641,0.96704,0.05176,0.52246,-2.412,1.015,1.672,ergonomis
SUBJ005,fathur,2026-05-21,17:20:49.462000,1267588918,442462,1.02612,-0.0791,0.15552,-2.107,-0.191,0.504,0.96143,0.03979,0.53271,-0.252,0.748,2.008,ergonomis
SUBJ005,fathur,2026-05-21,17:20:52.465000,1267591921,445465,0.96558,-0.04272,0.30518,-5.305,3.069,-0.74,0.96216,0.06836,0.55054,-5.191,2.489,1.611,non-ergonomis
SUBJ005,fathur,2026-05-21,17:20:52.665000,1267592121,445665,0.95898,-0.04321,0.3042,-0.71,0.45,1.328,0.96558,0.08203,0.54614,-3.084,3.58,1.542,non-ergonomis
SUBJ005,fathur,2026-05-21,17:20:52.865000,1267592321,445865,0.95459,-0.05322,0.30347,-1.611,-0.084,0.305,0.9646,0.07666,0.55005,-2.053,-0.626,1.756,non-ergonomis
SUBJ005,fathur,2026-05-21,17:20:53.065000,1267592521,446065,0.95459,-0.06543,0.30151,-2.679,0.847,-0.214,0.96387,0.06787,0.54614,-2.344,0.328,1.0,non-ergonomis
SUBJ005,fathur,2026-05-21,17:20:53.265000,1267592721,446265,0.95801,-0.05688,0.29907,-2.008,0.794,-0.221,0.96191,0.07739,0.54639,-0.603,1.275,1.084,non-ergonomis
SUBJ005,fathur,2026-05-21,17:20:56.026000,1267595482,449026,0.95532,-0.04004,0.2981,-1.206,-0.031,-0.214,0.96289,0.08154,0.5354,1.847,0.87,1.641,non-ergonomis
SUBJ005,fathur,2026-05-21,17:20:56.226000,1267595682,449226,0.96094,-0.03833,0.29858,-1.191,0.534,-0.282,0.96167,0.08325,0.53516,-0.817,0.916,1.702,non-ergonomis
SUBJ005,fathur,2026-05-21,17:20:56.426000,1267595882,449426,0.95923,-0.04126,0.30566,-2.336,0.588,0.099,0.95874,0.07593,0.54395,-0.733,1.748,1.695,non-ergonomis
SUBJ005,fathur,2026-05-21,17:20:56.626000,1267596082,449626,0.95605,-0.04199,0.3042,-0.985,-0.092,0.336,0.96582,0.08228,0.53564,0.725,1.412,1.13,non-ergonomis
SUBJ005,fathur,2026-05-21,17:20:56.826000,1267596282,449826,0.95581,-0.03418,0.30225,-1.305,0.092,-0.649,0.96533,0.07813,0.54688,-0.168,0.992,1.099,non-ergonomis
SUBJ005,fathur,2026-05-21,17:20:57.026000,1267596482,450026,0.95581,-0.03613,0.30298,-2.374,0.519,-0.13,0.96216,0.08032,0.53857,-0.313,1.511,1.328,non-ergonomis
SUBJ005,fathur,2026-05-21,17:20:57.250000,1267596706,450250,0.96143,-0.02905,0.30127,-1.947,0.534,-0.298,0.96973,0.07983,0.54248,-0.962,1.198,1.511,non-ergonomis
SUBJ005,fathur,2026-05-21,17:20:57.450000,1267596906,450450,0.96216,-0.03857,0.30225,-1.55,0.626,0.267,0.96143,0.07813,0.54712,-2.389,0.855,1.298,non-ergonomis
SUBJ005,fathur,2026-05-21,17:20:57.650000,1267597106,450650,0.95972,-0.03198,0.29858,-1.244,0.664,-0.191,0.96313,0.08057,0.54346,-1.519,0.901,1.389,non-ergonomis
SUBJ005,fathur,2026-05-21,17:20:57.850000,1267597306,450850,0.95313,-0.0376,0.30396,-2.0,0.443,-0.115,0.96069,0.07739,0.53784,-2.786,0.397,1.145,non-ergonomis
SUBJ005,fathur,2026-05-21,17:20:58.050000,1267597506,451050,0.95532,-0.03833,0.29907,-1.672,0.145,-0.221,0.9668,0.08276,0.54761,-2.725,0.321,1.16,non-ergonomis
SUBJ005,fathur,2026-05-21,17:20:58.250000,1267597706,451250,0.95801,-0.03784,0.31592,-2.046,0.55,-0.13,0.95898,0.08081,0.54102,-1.046,1.275,1.214,non-ergonomis
SUBJ005,fathur,2026-05-21,17:20:58.450000,1267597906,451450,0.95386,-0.03711,0.30518,-1.641,0.45,-0.076,0.96631,0.08154,0.54419,0.015,1.092,1.359,non-ergonomis
SUBJ005,fathur,2026-05-21,17:20:58.650000,1267598106,451650,0.95776,-0.03638,0.30176,-0.595,-0.145,0.145,0.96338,0.07935,0.54272,0.557,0.855,1.305,non-ergonomis
SUBJ005,fathur,2026-05-21,17:20:58.850000,1267598306,451850,0.95654,-0.03418,0.30176,-2.542,0.038,-0.206,0.96191,0.07544,0.53784,-0.939,1.664,1.137,non-ergonomis
SUBJ005,fathur,2026-05-21,17:20:59.050000,1267598506,452050,0.95776,-0.03516,0.31006,-1.664,0.221,-0.122,0.96289,0.08179,0.55273,-0.794,1.435,1.153,non-ergonomis
SUBJ005,fathur,2026-05-21,17:20:59.250000,1267598706,452250,0.95801,-0.03418,0.30542,-1.733,0.55,-0.084,0.95874,0.08472,0.54053,-1.374,0.931,1.351,non-ergonomis
SUBJ005,fathur,2026-05-21,17:20:59.450000,1267598906,452450,0.95776,-0.02759,0.31226,-0.954,0.267,-0.42,0.9624,0.07886,0.54565,-0.137,1.382,1.489,non-ergonomis
SUBJ005,fathur,2026-05-21,17:20:59.650000,1267599106,452650,0.95752,-0.02832,0.31226,-2.198,0.527,-0.344,0.9624,0.08813,0.54102,1.794,1.695,1.405,non-ergonomis
SUBJ005,fathur,2026-05-21,17:20:59.896000,1267599352,452896,0.95459,-0.03149,0.30225,-1.076,-0.153,-0.298,0.96118,0.07983,0.54639,-0.275,1.023,1.26,non-ergonomis
SUBJ005,fathur,2026-05-21,17:21:00.096000,1267599552,453096,0.9502,-0.03247,0.30713,-1.84,0.168,,0.96484,0.08374,0.54077,1.214,2.466,1.496,ergonomis
SUBJ005,fathur,2026-05-21,17:21:00.296000,1267599752,453296,1.0498,-0.02661,0.33594,-2.466,-18.435,3.679,1.00073,0.07129,0.45947,-19.58,-1.969,-6.084,ergonomis
SUBJ005,fathur,2026-05-21,17:21:00.496000,1267599952,453496,0.91113,-0.05103,0.09863,-33.275,-41.817,-0.031,0.9917,0.05542,0.66992,-0.191,9.557,4.023,ergonomis
SUBJ005,fathur,2026-05-21,17:21:00.696000,1267600152,453696,1.04688,-0.10815,0.09619,12.985,-0.412,5.641,0.94092,0.08887,0.58252,9.557,11.664,7.786,ergonomis
SUBJ005,fathur,2026-05-21,17:21:00.896000,1267600352,453896,1.03467,-0.08765,0.11646,-3.176,5.405,-0.71,0.94824,0.07373,0.54639,3.534,0.771,4.992,ergonomis
SUBJ005,fathur,2026-05-21,17:21:01.099000,1267600555,454099,1.03467,-0.08911,0.09937,0.885,2.481,0.328,0.97095,0.06152,0.55078,-0.053,5.382,4.221,ergonomis
SUBJ005,fathur,2026-05-21,17:21:01.299000,1267600755,454299,1.04053,-0.07861,0.13037,6.198,5.885,1.45,0.95947,0.06055,0.51855,12.618,8.145,2.771,ergonomis
SUBJ005,fathur,2026-05-21,17:21:01.499000,1267600955,454499,1.00488,-0.10571,0.15845,-8.344,5.611,1.84,0.94946,0.05249,0.57642,-8.702,3.412,1.901,ergonomis
SUBJ005,fathur,2026-05-21,17:21:01.699000,1267601155,454699,1.01318,-0.10645,0.15601,2.763,1.71,0.779,0.96704,0.05762,0.57593,2.015,3.046,1.13,ergonomis
SUBJ005,fathur,2026-05-21,17:21:01.899000,1267601355,454899,1.01733,-0.10449,0.17847,-4.664,3.084,-1.901,0.97266,0.05103,0.57153,-1.099,1.099,0.771,ergonomis
SUBJ005,fathur,2026-05-21,17:21:02.099000,1267601555,455099,1.00195,-0.10059,0.17334,-0.16,1.824,-1.137,0.96118,0.06689,0.59863,1.168,0.504,-1.168,ergonomis
SUBJ005,fathur,2026-05-21,17:21:02.299000,1267601755,455299,1.01074,-0.08838,0.18799,0.137,1.366,-1.076,0.94971,0.07495,0.61108,-0.55,1.145,0.176,ergonomis
SUBJ005,fathur,2026-05-21,17:21:02.499000,1267601955,455499,1.00952,-0.08423,0.1853,-2.71,1.061,-2.122,0.95361,0.07617,0.58716,-0.221,0.069,0.382,ergonomis
SUBJ005,fathur,2026-05-21,17:21:02.699000,1267602155,455699,1.00488,-0.0813,0.18311,-2.115,0.275,-0.885,0.95166,0.08032,0.59497,-1.412,-0.015,0.405,ergonomis
SUBJ005,fathur,2026-05-21,17:21:02.899000,1267602355,455899,1.00659,-0.08398,0.18774,-2.229,0.443,-0.748,0.95288,0.0835,0.58252,-0.321,0.305,1.031,ergonomis
SUBJ005,fathur,2026-05-21,17:21:03.192000,1267602648,456192,1.01025,-0.07031,0.18457,-1.977,0.802,-0.244,0.95288,0.0791,0.58838,-1.58,0.527,1.008,ergonomis
SUBJ005,fathur,2026-05-21,17:21:03.392000,1267602848,456392,1.01001,-0.07642,0.18799,-1.26,0.374,0.137,0.95386,0.08057,0.58984,-0.771,1.008,1.389,ergonomis
SUBJ005,fathur,2026-05-21,17:21:03.592000,1267603048,456592,1.01025,-0.07397,0.19019,-1.656,0.641,-0.038,0.95923,0.08691,0.58276,-0.481,0.252,0.763,ergonomis
SUBJ005,fathur,2026-05-21,17:21:03.792000,1267603248,456792,1.00635,-0.09399,0.19092,-0.832,0.366,-2.641,0.95801,0.08545,0.56885,-0.412,-0.374,-3.282,ergonomis
SUBJ005,fathur,2026-05-21,17:21:04.992000,1267604448,456992,1.00781,-0.07593,0.19409,-0.817,-1.237,-8.229,0.96484,0.10669,0.57788,-0.863,-1.023,-7.237,ergonomis
SUBJ005,fathur,2026-05-21,17:21:04.192000,1267603648,457192,1.01953,-0.03589,0.18335,-2.122,-0.237,-13.229,0.96045,0.14307,0.57178,0.725,0.611,-10.84,ergonomis
SUBJ005,fathur,2026-05-21,17:21:04.392000,1267603848,457392,1.01318,0.02832,0.17212,6.16,-1.649,-9.939,0.93359,0.20923,0.56836,-1.672,2.076,-13.618,ergonomis
SUBJ005,fathur,2026-05-21,17:21:04.616000,1267604072,457615,1.00952,0.07544,0.16382,2.092,2.733,-16.031,0.93188,0.2583,0.57715,9.046,4.534,-13.26,ergonomis
SUBJ005,fathur,2026-05-21,17:21:04.866000,1267604322,457866,0.99561,0.16162,0.18091,-7.405,5.107,-10.595,0.90796,0.30591,0.57153,-8.221,-0.351,-7.031,ergonomis
SUBJ005,fathur,2026-05-21,17:21:05.066000,1267604522,458066,1.0,0.19263,0.17456,6.87,-0.229,-4.092,0.8999,0.3335,0.58276,4.198,3.672,-0.725,ergonomis
SUBJ005,fathur,2026-05-21,17:21:05.266000,1267604722,458266,0.99146,0.19214,0.19824,-5.351,2.298,-1.397,0.90552,0.32568,0.58789,-0.824,0.351,2.672,ergonomis
SUBJ005,fathur,2026-05-21,17:21:05.466000,1267604922,458466,0.98047,0.1731,0.20728,-4.855,-0.137,1.802,0.90552,0.3186,0.57373,-1.855,-0.084,3.573,ergonomis
SUBJ005,fathur,2026-05-21,17:21:05.666000,1267605122,458666,1.00635,0.16553,0.17676,-3.832,0.656,4.282,0.90552,0.30737,0.56763,-3.718,-0.084,5.649,ergonomis
SUBJ005,fathur,2026-05-21,17:21:05.866000,1267605322,458866,0.98975,0.15479,0.19238,-2.443,-0.695,2.489,0.91919,0.29248,0.56226,0.168,0.565,4.756,ergonomis
SUBJ005,fathur,2026-05-21,17:21:06.066000,1267605522,459066,0.99976,0.15308,0.19116,-1.382,-1.344,5.748,0.92456,0.28711,0.56885,-1.145,1.649,7.023,ergonomis
SUBJ005,fathur,2026-05-21,17:21:06.266000,1267605722,459266,1.00269,0.10742,0.18237,-2.992,-1.282,6.527,0.92676,0.2583,0.5647,-0.908,1.55,7.443,ergonomis
SUBJ005,fathur,2026-05-21,17:21:06.466000,1267605922,459466,1.00024,0.09106,0.18823,-5.473,-1.771,6.679,0.94336,0.24487,0.56934,-1.878,0.58,7.718,ergonomis
SUBJ005,fathur,2026-05-21,17:21:06.666000,1267606122,459666,1.01123,0.05933,0.17334,-5.557,-1.214,8.718,0.948,0.198,0.56787,-4.58,1.206,10.702,ergonomis
SUBJ005,fathur,2026-05-21,17:21:06.866000,1267606322,459866,1.00757,0.01782,0.17822,-1.786,0.015,11.832,0.95435,0.17676,0.57739,0.511,3.366,11.626,ergonomis
SUBJ005,fathur,2026-05-21,17:21:07.066000,1267606522,460066,1.01538,-0.01489,0.17847,-4.366,1.725,9.405,0.95435,0.13599,0.58032,-0.611,0.511,10.237,ergonomis
SUBJ005,fathur,2026-05-21,17:21:07.266000,1267606722,460266,1.00781,-0.0686,0.1853,-5.229,2.015,5.954,0.95605,0.10132,0.5835,-3.069,0.26,6.511,ergonomis
SUBJ005,fathur,2026-05-21,17:21:07.466000,1267606922,460466,1.01978,-0.0708,0.18896,2.84,-0.275,4.053,0.95435,0.09814,0.57568,2.115,0.389,4.527,ergonomis
SUBJ005,fathur,2026-05-21,17:21:07.666000,1267607122,460666,1.00903,-0.08008,0.17627,-5.221,1.42,-0.038,0.96411,0.0874,0.57251,-0.702,0.26,2.603,ergonomis
SUBJ005,fathur,2026-05-21,17:21:07.866000,1267607322,460866,1.01294,-0.06201,0.18262,-1.382,1.351,0.687,0.95703,0.09375,0.56201,-1.573,2.168,2.336,ergonomis
SUBJ005,fathur,2026-05-21,17:21:08.066000,1267607522,461066,1.0105,-0.073,0.19092,-1.42,2.321,1.634,0.95532,0.09277,0.57007,0.099,3.298,2.847,ergonomis
SUBJ005,fathur,2026-05-21,17:21:08.266000,1267607722,461266,1.00415,-0.07422,0.2063,-2.122,2.412,2.038,0.95532,0.08105,0.57153,-2.053,0.305,3.626,ergonomis
SUBJ005,fathur,2026-05-21,17:21:08.466000,1267607922,461466,0.99243,-0.08838,0.2002,-2.779,1.954,0.183,0.95996,0.07495,0.56372,0.107,0.84,1.855,ergonomis
SUBJ005,fathur,2026-05-21,17:21:11.032000,1267610488,464032,0.9895,-0.09204,0.18726,1.084,15.809,-0.687,0.94238,0.09961,0.67627,0.824,-2.099,3.496,non-ergonomis
SUBJ005,fathur,2026-05-21,17:21:11.232000,1267610688,464232,0.96045,-0.09131,0.3999,1.748,39.435,-1.046,1.04175,0.10962,0.60669,-4.359,28.824,-12.412,non-ergonomis
SUBJ005,fathur,2026-05-21,17:21:11.432000,1267610888,464432,0.91211,-0.06787,0.36646,-11.649,-3.573,-2.244,0.94653,0.0542,0.59985,-13.366,-6.458,-0.237,non-ergonomis
SUBJ005,fathur,2026-05-21,17:21:11.632000,1267611088,464632,0.93311,-0.07104,0.32764,-1.55,-0.756,1.687,0.94849,0.06665,0.61108,-3.595,7.26,1.565,non-ergonomis
SUBJ005,fathur,2026-05-21,17:21:11.832000,1267611288,464832,0.93945,-0.05933,0.34521,5.26,-5.389,2.344,0.96509,0.08374,0.58105,1.511,-3.847,0.672,non-ergonomis
SUBJ005,fathur,2026-05-21,17:21:12.032000,1267611488,465032,0.9502,-0.07397,0.33008,-3.939,-2.069,-0.74,0.95752,0.07813,0.58081,-4.954,-4.389,1.527,non-ergonomis
SUBJ005,fathur,2026-05-21,17:21:12.232000,1267611688,465232,0.94849,-0.06665,0.31543,-0.542,-0.328,0.412,0.96558,0.07373,0.56738,-0.84,2.176,2.153,non-ergonomis
SUBJ005,fathur,2026-05-21,17:21:12.433000,1267611889,465432,0.9563,-0.07422,0.31445,-1.84,0.626,-0.496,0.96265,0.07153,0.56396,-1.168,1.725,0.771,non-ergonomis
SUBJ005,fathur,2026-05-21,17:21:12.632000,1267612088,465632,0.95215,-0.06396,0.32495,-2.733,1.802,-0.794,0.95459,0.07788,0.5625,-3.809,-0.176,0.107,non-ergonomis
SUBJ005,fathur,2026-05-21,17:21:12.832000,1267612288,465832,0.94458,-0.06641,0.32666,-2.366,1.031,-0.611,0.96313,0.06934,0.56934,-3.359,0.672,0.863,non-ergonomis
SUBJ005,fathur,2026-05-21,17:21:13.032000,1267612488,466032,0.94482,-0.06177,0.32861,-0.168,0.458,0.168,0.95508,0.07861,0.56909,2.695,2.244,1.389,non-ergonomis
SUBJ005,fathur,2026-05-21,17:21:13.232000,1267612688,466232,0.94385,-0.05786,0.32104,-2.695,0.733,-0.328,0.96436,0.07349,0.56787,0.458,1.092,1.588,non-ergonomis
SUBJ005,fathur,2026-05-21,17:21:13.432000,1267612888,466432,0.94238,-0.06567,0.32861,-1.053,0.435,0.26,0.95923,0.07397,0.56836,-0.557,1.397,1.405,non-ergonomis
SUBJ005,fathur,2026-05-21,17:21:13.632000,1267613088,466632,0.94434,-0.06714,0.33154,-1.305,-0.053,0.336,0.96021,0.07178,0.57886,0.122,1.443,1.687,non-ergonomis
SUBJ005,fathur,2026-05-21,17:21:13.832000,1267613288,466832,0.9436,-0.06616,0.32788,-1.901,0.58,-0.084,0.95801,0.07397,0.57349,-0.45,1.0,1.641,non-ergonomis
SUBJ005,fathur,2026-05-21,17:21:14.032000,1267613488,467032,0.94727,-0.06665,0.32666,-1.565,-0.405,0.061,0.96289,0.0752,0.57544,-0.588,0.534,1.71,non-ergonomis
SUBJ005,fathur,2026-05-21,17:21:14.232000,1267613688,467232,0.94751,-0.06714,0.3313,-1.405,0.214,0.305,0.96143,0.06348,0.5686,-2.267,0.863,1.458,non-ergonomis
SUBJ005,fathur,2026-05-21,17:21:17.370000,1267616826,470370,0.94458,-0.07739,0.32788,-1.061,0.382,0.214,0.97119,0.05762,0.56494,-2.214,0.809,1.389,non-ergonomis
SUBJ005,fathur,2026-05-21,17:21:17.570000,1267617026,470570,0.94092,-0.08154,0.31543,-2.206,0.275,-0.153,0.96045,0.06226,0.57153,-2.031,0.992,1.092,non-ergonomis
SUBJ005,fathur,2026-05-21,17:21:18.975000,1267618431,470975,0.94092,-0.08374,0.33228,-2.122,0.802,-0.031,0.95728,0.05542,0.56177,-1.527,0.763,1.221,non-ergonomis
SUBJ005,fathur,2026-05-21,17:21:18.384000,1267617840,471384,0.94629,-0.0835,0.33472,-1.206,0.679,-0.092,0.95776,0.05737,0.56934,0.504,1.565,1.534,non-ergonomis
SUBJ005,fathur,2026-05-21,17:21:18.584000,1267618040,471584,0.94238,-0.08765,0.3291,-1.183,-0.015,0.038,0.95923,0.05591,0.56787,0.305,1.458,1.573,non-ergonomis
SUBJ005,fathur,2026-05-21,17:21:18.784000,1267618240,471784,0.94702,-0.07446,0.33252,-1.748,0.42,-0.031,0.96021,0.05737,0.56494,-0.641,1.168,1.443,non-ergonomis
SUBJ005,fathur,2026-05-21,17:21:19.984000,1267619440,471984,0.94019,-0.09009,0.33643,-1.603,0.427,0.031,0.9646,0.05957,0.56494,0.267,1.557,1.718,non-ergonomis
SUBJ005,fathur,2026-05-21,17:21:19.184000,1267618640,472184,0.93945,-0.08008,0.33081,-1.779,-0.176,0.061,0.96045,0.05884,0.57202,-0.237,1.206,1.321,non-ergonomis
SUBJ005,fathur,2026-05-21,17:21:19.384000,1267618840,472384,0.9458,-0.08105,0.32935,-1.641,0.008,-0.115,0.95654,0.05811,0.56348,-0.779,0.748,1.275,non-ergonomis
SUBJ005,fathur,2026-05-21,17:21:19.584000,1267619040,472584,0.93921,-0.08276,0.32837,-2.0,0.718,-0.153,0.96045,0.05859,0.5647,-0.359,1.511,1.206,non-ergonomis
SUBJ005,fathur,2026-05-21,17:21:19.784000,1267619240,472784,0.94604,-0.08667,0.32788,-2.16,0.336,0.015,0.95972,0.05957,0.57349,-1.328,0.763,1.489,non-ergonomis
SUBJ005,fathur,2026-05-21,17:21:20.984000,1267620440,472984,0.94531,-0.08008,0.32764,-1.786,0.282,0.206,0.96069,0.05371,0.56519,-1.412,0.702,1.687,ergonomis
SUBJ005,fathur,2026-05-21,17:21:20.184000,1267619640,473184,0.94092,-0.08545,0.32373,-2.26,0.641,-0.076,0.96313,0.05127,0.57104,-3.023,0.519,1.359,ergonomis
SUBJ005,fathur,2026-05-21,17:21:20.384000,1267619840,473384,0.93726,-0.08325,0.33862,-2.305,0.282,-0.397,0.95996,0.04956,0.57813,-2.611,0.237,1.313,ergonomis
SUBJ005,fathur,2026-05-21,17:21:20.584000,1267620040,473584,0.94458,-0.0813,0.32568,-2.214,0.802,-0.275,0.95117,0.05786,0.56738,-1.954,1.153,1.221,ergonomis
SUBJ005,fathur,2026-05-21,17:21:20.784000,1267620240,473784,1.01831,-0.09326,0.36475,-2.443,-12.359,0.405,1.03467,0.0564,0.48584,-10.366,6.015,-5.908,ergonomis
SUBJ005,fathur,2026-05-21,17:21:21.984000,1267621440,473984,0.88623,-0.09961,0.12427,-35.534,-53.046,-6.809,0.98608,0.05884,0.49805,-18.87,-14.229,4.435,ergonomis
SUBJ005,fathur,2026-05-21,17:21:21.184000,1267620640,474184,1.07251,-0.08716,0.10547,3.725,-9.847,4.076,0.93286,0.09912,0.64063,9.053,7.321,0.107,ergonomis
SUBJ005,fathur,2026-05-21,17:21:21.384000,1267620840,474384,1.0437,-0.07153,0.11621,-7.794,-0.496,-1.435,0.96338,0.07813,0.54419,-10.427,3.489,1.794,ergonomis
SUBJ005,fathur,2026-05-21,17:21:21.584000,1267621040,474584,1.03589,-0.08667,0.10107,-0.901,-1.908,0.031,0.979,0.06812,0.52881,0.924,3.603,2.153,ergonomis
SUBJ005,fathur,2026-05-21,17:21:21.784000,1267621240,474784,1.03442,-0.09131,0.12183,-2.756,1.954,1.832,0.95801,0.07373,0.54565,0.603,2.817,1.374,ergonomis
SUBJ005,fathur,2026-05-21,17:21:22.997000,1267622453,474997,1.03149,-0.09106,0.12549,-1.023,2.779,1.443,0.96802,0.07349,0.5437,-0.527,3.458,0.771,ergonomis
SUBJ005,fathur,2026-05-21,17:21:22.197000,1267621653,475197,1.00806,-0.09546,0.16187,4.58,12.084,0.069,0.97144,0.07446,0.56958,4.023,0.794,2.252,ergonomis
SUBJ005,fathur,2026-05-21,17:21:22.397000,1267621853,475397,1.02515,-0.1001,0.1626,-3.267,6.733,0.588,0.96289,0.06665,0.56909,2.153,5.634,2.038,ergonomis
SUBJ005,fathur,2026-05-21,17:21:22.597000,1267622053,475597,0.99194,-0.10156,0.18555,0.168,4.061,0.244,0.94995,0.06738,0.60083,-0.58,1.634,1.053,ergonomis
SUBJ005,fathur,2026-05-21,17:21:22.797000,1267622253,475797,1.00391,-0.1001,0.1897,-1.275,1.786,0.107,0.95435,0.07349,0.59082,1.412,1.115,1.847,ergonomis
SUBJ005,fathur,2026-05-21,17:21:23.997000,1267623453,475997,1.00977,-0.09277,0.19189,-1.817,2.237,-1.718,0.96021,0.06543,0.6001,2.351,4.55,0.786,ergonomis
SUBJ005,fathur,2026-05-21,17:21:23.197000,1267622653,476197,0.99976,-0.09473,0.19604,-1.435,2.122,0.183,0.95288,0.06934,0.59912,1.374,4.397,0.618,ergonomis
SUBJ005,fathur,2026-05-21,17:21:23.397000,1267622853,476397,0.99854,-0.08716,0.20947,-0.183,2.939,-0.046,0.94946,0.07983,0.60669,0.504,4.443,0.557,ergonomis
SUBJ005,fathur,2026-05-21,17:21:23.597000,1267623053,476597,0.99243,-0.09082,0.22534,-2.794,2.107,0.496,0.95044,0.07935,0.62939,-0.863,2.702,1.542,ergonomis
SUBJ005,fathur,2026-05-21,17:21:23.797000,1267623253,476797,1.00195,-0.0918,0.21997,-2.336,1.221,0.466,0.94409,0.07593,0.62622,-3.115,1.504,1.504,ergonomis
SUBJ005,fathur,2026-05-21,17:21:24.997000,1267624453,476997,0.99365,-0.10083,0.229,-2.038,0.542,0.756,0.95044,0.07764,0.63354,-0.275,1.168,1.695,ergonomis
SUBJ005,fathur,2026-05-21,17:21:24.197000,1267623653,477197,1.00024,-0.10742,0.22192,-2.656,-0.023,0.511,0.94482,0.07251,0.62964,-0.313,1.053,1.924,ergonomis
SUBJ005,fathur,2026-05-21,17:21:24.397000,1267623853,477397,0.99561,-0.11377,0.21606,-1.794,-0.382,0.802,0.95215,0.07275,0.62354,-0.183,0.779,2.237,ergonomis
SUBJ005,fathur,2026-05-21,17:21:24.597000,1267624053,477597,0.99609,-0.11426,0.21729,-2.427,-0.527,0.656,0.95068,0.07471,0.62378,-1.679,-0.176,2.656,ergonomis
SUBJ005,fathur,2026-05-21,17:21:24.797000,1267624253,477797,0.99072,-0.11328,0.21436,-2.473,-0.672,0.756,0.95386,0.06543,0.62012,-1.855,-0.992,3.0,ergonomis
SUBJ005,fathur,2026-05-21,17:21:25.997000,1267625453,477997,1.00366,-0.11353,0.21533,-0.55,-0.634,0.092,0.9458,0.06787,0.60181,0.29,-0.947,2.389,ergonomis
SUBJ005,fathur,2026-05-21,17:21:25.197000,1267624653,478197,0.99658,-0.11499,0.21045,-1.954,-0.603,0.023,0.96191,0.05005,0.59009,-0.924,-1.168,1.962,ergonomis
SUBJ005,fathur,2026-05-21,17:21:25.397000,1267624853,478397,1.00171,-0.11914,0.21021,-1.405,-1.962,0.756,0.96948,0.05688,0.59644,-0.756,-0.939,1.779,ergonomis
SUBJ005,fathur,2026-05-21,17:21:25.597000,1267625053,478597,1.00903,-0.11597,0.20435,-1.26,-2.863,0.832,0.9502,0.05737,0.59082,-1.756,0.336,1.084,ergonomis
SUBJ005,fathur,2026-05-21,17:21:25.821000,1267625277,478820,1.00684,-0.12183,0.18408,-0.969,-1.763,0.145,0.95996,0.05811,0.58105,-0.076,0.473,1.466,ergonomis
SUBJ005,fathur,2026-05-21,17:21:26.020000,1267625476,479020,1.00903,-0.11938,0.17822,-2.107,-0.756,-0.382,0.95776,0.05518,0.58423,-1.336,0.527,1.443,ergonomis
SUBJ005,fathur,2026-05-21,17:21:26.220000,1267625676,479220,1.021,-0.10815,0.17822,-0.954,-0.023,-0.389,0.95239,0.05884,0.58765,-1.069,0.55,1.008,ergonomis
SUBJ005,fathur,2026-05-21,17:21:26.420000,1267625876,479420,1.00781,-0.11865,0.1875,-2.481,1.29,-0.29,0.95654,0.05396,0.5896,0.221,1.313,0.695,ergonomis
SUBJ005,fathur,2026-05-21,17:21:26.620000,1267626076,479620,1.00854,-0.11182,0.19019,-1.878,1.153,-0.634,0.95752,0.05273,0.59229,-0.679,1.603,0.687,ergonomis
SUBJ005,fathur,2026-05-21,17:21:26.820000,1267626276,479820,1.00171,-0.10815,0.18091,-0.84,1.351,-0.519,0.94995,0.06323,0.59399,-0.389,1.504,0.954,ergonomis
SUBJ005,fathur,2026-05-21,17:21:27.020000,1267626476,480020,1.00513,-0.1106,0.19116,-1.198,0.992,,0.9563,0.06372,0.59546,-0.176,1.847,1.137,ergonomis
SUBJ005,fathur,2026-05-21,17:21:27.220000,1267626676,480220,1.00024,-0.10059,0.19092,-2.046,0.832,0.031,0.95483,0.06055,0.59424,-1.382,0.588,1.496,ergonomis
SUBJ005,fathur,2026-05-21,17:21:27.420000,1267626876,480420,1.00659,-0.10986,0.18384,-1.893,0.153,0.29,0.95166,0.06348,0.58667,-1.015,0.305,1.588,ergonomis
SUBJ005,fathur,2026-05-21,17:21:27.648000,1267627104,480648,1.00879,-0.11328,0.18896,-1.511,0.069,0.588,0.96411,0.06006,0.58643,0.359,1.153,1.618,ergonomis
SUBJ005,fathur,2026-05-21,17:21:27.848000,1267627304,480848,1.0022,-0.12134,0.19214,-1.824,0.84,0.565,0.95386,0.06226,0.58228,-1.977,1.45,1.435,ergonomis
SUBJ005,fathur,2026-05-21,17:21:28.048000,1267627504,481048,1.00073,-0.11743,0.19751,-1.718,0.336,0.023,0.95313,0.0564,0.58813,-0.847,0.954,1.611,ergonomis
SUBJ005,fathur,2026-05-21,17:21:28.248000,1267627704,481248,1.00952,-0.11572,0.19629,-1.87,0.397,-0.473,0.95996,0.05786,0.57861,-2.145,-0.13,2.061,ergonomis
SUBJ005,fathur,2026-05-21,17:21:28.448000,1267627904,481448,1.0022,-0.125,0.19946,-2.023,0.504,0.015,0.95459,0.05957,0.58594,-0.473,1.191,1.634,ergonomis
SUBJ005,fathur,2026-05-21,17:21:28.648000,1267628104,481648,1.00757,-0.11523,0.2002,-1.0,0.687,-0.008,0.95605,0.05273,0.58838,-0.603,0.466,1.374,ergonomis
SUBJ005,fathur,2026-05-21,17:21:28.848000,1267628304,481848,1.00537,-0.11304,0.19092,-1.718,0.481,-0.511,0.95142,0.05078,0.57471,-0.679,0.718,1.145,ergonomis
SUBJ005,fathur,2026-05-21,17:21:29.315000,1267628771,482315,1.00659,-0.1084,0.19629,-2.84,0.153,-0.061,0.9585,0.06055,0.58325,-0.069,1.29,1.519,ergonomis
SUBJ005,fathur,2026-05-21,17:21:29.650000,1267629106,482650,1.00928,-0.12183,0.198,-2.489,0.519,0.267,0.96265,0.05029,0.58008,-1.588,0.611,1.618,ergonomis
SUBJ005,fathur,2026-05-21,17:21:29.850000,1267629306,482850,1.00195,-0.11987,0.19092,-1.748,0.023,0.573,0.95361,0.04712,0.58594,-1.221,1.382,1.481,ergonomis
SUBJ005,fathur,2026-05-21,17:21:30.050000,1267629506,483050,1.00269,-0.12109,0.19263,-1.618,-0.206,0.466,0.95801,0.0542,0.58105,-1.595,0.847,1.618,non-ergonomis
SUBJ005,fathur,2026-05-21,17:21:30.250000,1267629706,483250,1.00391,-0.12231,0.18726,-1.779,0.145,0.237,0.95801,0.05029,0.57373,-0.817,1.252,1.771,non-ergonomis
SUBJ005,fathur,2026-05-21,17:21:30.450000,1267629906,483450,1.00415,-0.12305,0.19067,-2.023,0.252,0.282,0.9624,0.05005,0.57959,-1.214,0.954,1.817,non-ergonomis
SUBJ005,fathur,2026-05-21,17:21:30.650000,1267630106,483650,0.99805,-0.13965,0.21094,-1.809,0.443,-0.214,0.95142,0.04639,0.62744,-3.282,-5.565,1.58,non-ergonomis
SUBJ005,fathur,2026-05-21,17:21:30.880000,1267630336,483879,0.96313,-0.11646,0.20557,15.053,26.695,-4.45,1.00391,0.07056,0.50708,-6.221,7.565,-9.84,non-ergonomis
SUBJ005,fathur,2026-05-21,17:21:31.210000,1267630666,484210,0.94434,-0.05444,0.31763,-5.0,-4.374,-4.947,0.96875,0.09399,0.55566,-18.008,-8.71,-5.374,non-ergonomis
SUBJ005,fathur,2026-05-21,17:21:31.433000,1267630889,484433,0.95972,-0.03809,0.302,-0.954,1.191,-2.71,0.95166,0.11206,0.54443,-4.634,-0.695,-1.603,non-ergonomis
SUBJ005,fathur,2026-05-21,17:21:31.633000,1267631089,484633,0.96143,-0.01465,0.31763,0.244,-4.45,-2.237,0.96436,0.11743,0.55786,2.878,2.328,2.672,non-ergonomis
SUBJ005,fathur,2026-05-21,17:21:31.833000,1267631289,484833,0.96143,-0.02441,0.29956,-5.191,-0.282,-2.122,0.9646,0.09351,0.54761,-0.771,-0.168,2.435,non-ergonomis
SUBJ005,fathur,2026-05-21,17:21:32.033000,1267631489,485033,0.96313,-0.02466,0.29199,-0.756,0.191,1.42,0.96484,0.09448,0.54395,-1.763,0.55,1.695,non-ergonomis
SUBJ005,fathur,2026-05-21,17:21:32.233000,1267631689,485233,0.95801,-0.02222,0.29346,-1.939,0.206,0.55,0.9624,0.10132,0.55688,0.298,1.313,2.519,non-ergonomis
SUBJ005,fathur,2026-05-21,17:21:32.433000,1267631889,485433,0.95776,-0.03711,0.30566,-2.924,0.359,-0.412,0.95972,0.09155,0.55713,0.092,1.473,1.794,non-ergonomis
SUBJ005,fathur,2026-05-21,17:21:32.633000,1267632089,485633,0.95728,-0.02734,0.30298,-2.053,-0.313,0.13,0.96338,0.09546,0.55151,-2.244,0.366,1.015,non-ergonomis
SUBJ005,fathur,2026-05-21,17:21:32.833000,1267632289,485833,0.95972,-0.02783,0.29663,-1.191,-0.214,-0.183,0.96045,0.09619,0.54614,-0.588,1.13,1.008,non-ergonomis
SUBJ005,fathur,2026-05-21,17:21:33.033000,1267632489,486033,0.9646,-0.03101,0.29565,-1.496,-0.359,-0.305,0.96533,0.10132,0.5415,0.298,1.145,1.305,non-ergonomis
SUBJ005,fathur,2026-05-21,17:21:33.233000,1267632689,486233,0.96582,-0.02954,0.28784,-1.954,0.191,-0.198,0.96167,0.09033,0.5437,-1.29,0.901,1.45,non-ergonomis
SUBJ005,fathur,2026-05-21,17:21:35.947000,1267635403,488947,0.9668,-0.03076,0.30444,-1.847,0.427,0.023,0.9646,0.09985,0.53931,-2.924,0.763,1.168,non-ergonomis
SUBJ005,fathur,2026-05-21,17:21:36.147000,1267635603,489147,0.9585,-0.03662,0.29834,-2.153,-0.046,-0.122,0.96191,0.09204,0.54932,-3.023,-0.435,1.382,non-ergonomis
SUBJ005,fathur,2026-05-21,17:21:36.347000,1267635803,489347,0.96777,-0.03296,0.29492,-1.328,0.664,0.084,0.95313,0.0918,0.54321,-2.267,0.931,1.374,non-ergonomis
SUBJ005,fathur,2026-05-21,17:21:36.547000,1267636003,489547,0.95654,-0.03955,0.29346,-2.321,0.397,-0.382,0.95947,0.09277,0.54053,-1.634,1.443,1.504,non-ergonomis
SUBJ005,fathur,2026-05-21,17:21:36.747000,1267636203,489747,0.96655,-0.02515,0.29614,-1.832,0.076,0.038,0.96533,0.08984,0.54932,0.595,0.992,1.649,non-ergonomis
SUBJ005,fathur,2026-05-21,17:21:36.947000,1267636403,489947,0.95923,-0.03369,0.29736,-1.542,0.611,-0.046,0.95972,0.09619,0.55005,0.718,1.71,1.466,non-ergonomis
SUBJ005,fathur,2026-05-21,17:21:37.147000,1267636603,490147,0.96045,-0.03516,0.29517,-0.412,0.015,-0.634,0.96045,0.08887,0.55347,0.282,1.511,1.053,non-ergonomis
SUBJ005,fathur,2026-05-21,17:21:37.347000,1267636803,490347,0.96167,-0.03784,0.29419,-1.641,0.176,-0.718,0.96094,0.09546,0.54541,-0.878,0.641,0.878,non-ergonomis
SUBJ005,fathur,2026-05-21,17:21:37.547000,1267637003,490547,0.96387,-0.02783,0.30078,-1.0,0.351,-0.282,0.95679,0.10059,0.54419,-0.336,1.16,1.137,non-ergonomis
SUBJ005,fathur,2026-05-21,17:21:37.747000,1267637203,490747,0.95654,-0.02612,0.2981,-1.71,0.542,0.214,0.96313,0.10156,0.54028,-0.206,1.267,1.42,non-ergonomis
SUBJ005,fathur,2026-05-21,17:21:37.947000,1267637403,490947,0.96216,-0.02734,0.29907,-1.893,0.74,0.145,0.96753,0.09424,0.54565,-1.076,0.969,1.473,non-ergonomis
SUBJ005,fathur,2026-05-21,17:21:38.147000,1267637603,491147,0.95776,-0.03076,0.29736,-1.565,0.412,-0.084,0.95972,0.10107,0.55371,-1.069,0.908,1.42,non-ergonomis
SUBJ005,fathur,2026-05-21,17:21:38.347000,1267637803,491347,0.95776,-0.02783,0.30469,-1.962,0.145,-0.084,0.96045,0.09009,0.54077,-0.511,1.221,1.473,non-ergonomis
SUBJ005,fathur,2026-05-21,17:21:38.547000,1267638003,491547,0.95801,-0.03027,0.29761,-2.122,0.267,-0.084,0.96533,0.09155,0.54956,-1.084,0.733,1.313,non-ergonomis
SUBJ005,fathur,2026-05-21,17:21:38.747000,1267638203,491747,0.96191,-0.03223,0.29834,-1.771,1.038,,0.9624,0.08545,0.54443,-3.107,0.466,1.153,non-ergonomis
SUBJ005,fathur,2026-05-21,17:21:38.947000,1267638403,491947,0.9624,-0.02441,0.29858,-1.313,0.466,-0.031,0.9646,0.09985,0.54175,-2.237,0.756,1.267,non-ergonomis
SUBJ005,fathur,2026-05-21,17:21:39.147000,1267638603,492147,0.96069,-0.02881,0.29468,-1.817,0.084,-0.107,0.95923,0.09326,0.54321,-3.107,0.13,1.359,non-ergonomis
SUBJ005,fathur,2026-05-21,17:21:39.347000,1267638803,492347,0.95947,-0.03638,0.29785,-1.939,0.542,0.244,0.96582,0.09741,0.53979,-0.237,0.237,1.618,non-ergonomis
SUBJ005,fathur,2026-05-21,17:21:39.547000,1267639003,492547,0.95313,-0.03101,0.30859,-3.489,0.244,0.13,0.96387,0.08765,0.54663,-1.069,0.351,1.275,non-ergonomis
SUBJ005,fathur,2026-05-21,17:21:39.747000,1267639203,492747,0.95581,-0.02832,0.29785,-0.901,-0.198,0.252,0.96558,0.09961,0.54395,-2.26,0.137,1.168,non-ergonomis
SUBJ005,fathur,2026-05-21,17:21:39.947000,1267639403,492947,0.96436,-0.02881,0.2998,0.305,-0.344,-0.008,0.9563,0.0918,0.55103,2.595,1.473,1.443,non-ergonomis
SUBJ005,fathur,2026-05-21,17:21:40.147000,1267639603,493147,0.95703,-0.03516,0.2998,-3.366,0.435,-0.359,0.96289,0.10278,0.53906,0.405,1.664,1.374,ergonomis
SUBJ005,fathur,2026-05-21,17:21:40.347000,1267639803,493347,0.96094,-0.04126,0.30005,-3.542,0.832,0.038,0.96167,0.09106,0.54395,-1.87,1.779,0.954,ergonomis
SUBJ005,fathur,2026-05-21,17:21:40.547000,1267640003,493547,1.01221,-0.01392,0.30176,-4.344,-17.718,0.397,0.94385,0.09497,0.48389,-49.26,-14.069,-9.321,ergonomis
SUBJ005,fathur,2026-05-21,17:21:40.750000,1267640206,493750,0.95557,-0.05078,0.14697,-23.344,-34.45,-0.672,0.87622,0.07837,0.47998,-8.267,-14.26,9.366,ergonomis
SUBJ005,fathur,2026-05-21,17:21:43.567000,1267643023,496567,1.02954,-0.12744,0.11743,-16.336,3.26,0.748,0.98242,0.0459,0.5332,-9.748,-5.405,1.74,ergonomis
SUBJ005,fathur,2026-05-21,17:21:43.767000,1267643223,496767,1.04004,-0.09277,0.12524,20.344,1.069,2.878,0.95947,0.07202,0.5332,4.328,6.557,-1.053,ergonomis
SUBJ005,fathur,2026-05-21,17:21:44.967000,1267644423,496967,1.02002,-0.1001,0.15161,-21.092,3.702,-4.0,0.97339,0.04419,0.55469,-11.031,-0.221,1.031,ergonomis
SUBJ005,fathur,2026-05-21,17:21:44.167000,1267643623,497167,1.0105,-0.09302,0.15869,14.137,-0.359,-0.229,0.96899,0.06689,0.54565,16.527,7.099,-2.275,ergonomis
SUBJ005,fathur,2026-05-21,17:21:44.367000,1267643823,497367,1.01831,-0.06763,0.1582,-9.366,4.809,-4.061,0.95166,0.06738,0.56177,0.321,3.565,1.176,ergonomis
SUBJ005,fathur,2026-05-21,17:21:44.567000,1267644023,497567,1.02344,-0.05249,0.16528,3.191,0.55,-0.702,0.95801,0.07471,0.56812,3.618,2.939,2.122,ergonomis
SUBJ005,fathur,2026-05-21,17:21:44.773000,1267644229,497772,1.01245,-0.06592,0.17407,-4.634,1.42,0.084,0.96558,0.07153,0.56958,-0.954,0.641,2.252,ergonomis
SUBJ005,fathur,2026-05-21,17:21:45.972000,1267645428,497972,1.01929,-0.07446,0.17407,-1.817,-0.313,0.626,0.95972,0.07251,0.56689,-1.115,0.366,2.183,ergonomis
SUBJ005,fathur,2026-05-21,17:21:45.172000,1267644628,498172,1.01025,-0.08179,0.17334,-3.695,0.534,0.298,0.95996,0.06543,0.56909,0.267,1.756,1.389,ergonomis
SUBJ005,fathur,2026-05-21,17:21:45.372000,1267644828,498372,1.01563,-0.08325,0.17676,-2.496,-0.939,0.847,0.96338,0.0686,0.56641,-3.313,0.74,1.679,ergonomis
SUBJ005,fathur,2026-05-21,17:21:45.572000,1267645028,498572,1.01685,-0.08423,0.17358,-1.351,-0.435,0.237,0.96411,0.06177,0.5686,0.275,0.58,1.466,ergonomis
SUBJ005,fathur,2026-05-21,17:21:45.772000,1267645228,498772,1.0105,-0.07959,0.18018,-3.626,0.198,0.267,0.9646,0.06421,0.55981,-2.916,-0.145,1.893,ergonomis
SUBJ005,fathur,2026-05-21,17:21:46.972000,1267646428,498972,1.01587,-0.08301,0.16992,-0.504,0.237,0.206,0.9668,0.05615,0.55737,0.756,-0.183,1.504,ergonomis
SUBJ005,fathur,2026-05-21,17:21:46.172000,1267645628,499172,1.01489,-0.07397,0.1731,-2.298,0.664,0.58,0.96533,0.05688,0.55347,-2.137,-0.359,1.695,ergonomis
SUBJ005,fathur,2026-05-21,17:21:46.722000,1267646178,499721,1.01953,-0.0791,0.16113,-1.962,0.611,-0.137,0.96045,0.06177,0.55347,-2.282,0.107,0.931,ergonomis
SUBJ005,fathur,2026-05-21,17:21:46.921000,1267646377,499921,1.01978,-0.07617,0.16602,-1.344,-0.015,-0.076,0.9585,0.05322,0.55884,-1.809,0.076,1.221,ergonomis
SUBJ005,fathur,2026-05-21,17:21:47.121000,1267646577,500121,1.021,-0.06641,0.16943,-0.71,-0.344,0.244,0.9563,0.05884,0.55908,-0.55,0.015,1.641,ergonomis
SUBJ005,fathur,2026-05-21,17:21:47.321000,1267646777,500321,1.0144,-0.09375,0.16919,-3.74,0.847,-0.038,0.96802,0.05347,0.53662,0.557,0.771,1.389,ergonomis
SUBJ005,fathur,2026-05-21,17:21:47.525000,1267646981,500524,1.02563,-0.06714,0.15283,2.237,0.053,0.229,0.97046,0.06323,0.55029,2.168,1.985,1.878,ergonomis
SUBJ005,fathur,2026-05-21,17:21:47.724000,1267647180,500724,1.0166,-0.08398,0.17065,-0.427,0.58,0.145,0.95898,0.06958,0.54761,2.771,1.328,1.573,ergonomis
SUBJ005,fathur,2026-05-21,17:21:48.966000,1267648422,500965,1.01172,-0.08105,0.16309,-6.298,1.962,-0.916,0.96606,0.05566,0.54932,-4.214,0.779,1.458,ergonomis
SUBJ005,fathur,2026-05-21,17:21:48.165000,1267647621,501165,1.00879,-0.07959,0.16602,0.26,0.092,0.527,0.95752,0.0564,0.55884,-0.489,2.145,1.221,ergonomis
SUBJ005,fathur,2026-05-21,17:21:48.365000,1267647821,501365,1.00952,-0.08374,0.17017,-3.695,0.374,-0.557,0.95728,0.05176,0.5625,-2.244,0.931,1.282,ergonomis
SUBJ005,fathur,2026-05-21,17:21:51.354000,1267650810,504354,1.01196,-0.08838,0.17505,-1.26,1.282,-0.053,0.96143,0.05957,0.54297,-3.145,0.557,1.099,non-ergonomis
SUBJ005,fathur,2026-05-21,17:21:51.554000,1267651010,504554,1.01709,-0.07886,0.16992,-2.664,0.885,0.557,0.95776,0.05615,0.56567,-2.87,-0.55,1.695,non-ergonomis
SUBJ005,fathur,2026-05-21,17:21:51.754000,1267651210,504754,1.00757,-0.07544,0.18628,2.931,4.916,-2.641,0.92847,0.0625,0.66577,15.443,-9.504,5.206,non-ergonomis
SUBJ005,fathur,2026-05-21,17:21:52.954000,1267652410,504954,0.9353,-0.07104,0.28223,-1.557,39.107,-6.076,1.00488,0.03735,0.41748,-1.008,8.45,-5.817,non-ergonomis
SUBJ005,fathur,2026-05-21,17:21:52.154000,1267651610,505154,0.94067,-0.03076,0.26709,-1.489,-8.328,-4.267,0.93921,0.07764,0.5022,13.13,-11.885,5.336,non-ergonomis
SUBJ005,fathur,2026-05-21,17:21:52.354000,1267651810,505354,0.98413,-0.02393,0.25757,3.275,-5.832,-0.214,0.94336,0.09741,0.54932,8.763,11.42,0.954,non-ergonomis
SUBJ005,fathur,2026-05-21,17:21:52.554000,1267652010,505554,0.96558,-0.00806,0.28149,-1.71,0.076,-0.275,0.96313,0.08667,0.54395,-4.092,1.916,1.893,non-ergonomis
SUBJ005,fathur,2026-05-21,17:21:52.754000,1267652210,505754,0.97241,-0.00928,0.28223,3.053,-0.603,1.611,0.96118,0.1001,0.55005,5.496,-1.595,2.573,non-ergonomis
SUBJ005,fathur,2026-05-21,17:21:53.954000,1267653410,505954,0.9668,-0.04858,0.29272,-5.832,1.45,,0.96729,0.08081,0.55688,-7.435,0.137,0.42,non-ergonomis
SUBJ005,fathur,2026-05-21,17:21:53.154000,1267652610,506154,0.97339,-0.03247,0.28369,-4.221,0.786,0.557,0.95532,0.09375,0.55347,-7.901,-0.183,1.45,non-ergonomis
SUBJ005,fathur,2026-05-21,17:21:53.354000,1267652810,506354,0.96875,-0.0271,0.28296,1.809,-0.656,0.359,0.96338,0.09399,0.55225,2.786,2.466,2.206,non-ergonomis
SUBJ005,fathur,2026-05-21,17:21:53.554000,1267653010,506554,0.96997,-0.03711,0.28223,-5.366,2.183,-0.817,0.96118,0.09204,0.54956,0.466,2.115,1.29,non-ergonomis
SUBJ005,fathur,2026-05-21,17:21:53.754000,1267653210,506754,0.96606,-0.04224,0.28467,-2.466,0.779,-0.748,0.95972,0.09106,0.5437,-6.107,0.321,0.664,non-ergonomis
SUBJ005,fathur,2026-05-21,17:21:54.954000,1267654410,506954,0.96606,-0.02344,0.2876,1.099,-0.832,-0.099,0.95605,0.09375,0.54346,1.695,1.206,1.649,non-ergonomis
SUBJ005,fathur,2026-05-21,17:21:54.154000,1267653610,507154,0.96777,-0.03467,0.29297,-1.45,0.832,-0.748,0.95801,0.0896,0.54663,4.992,1.931,1.519,non-ergonomis
SUBJ005,fathur,2026-05-21,17:21:54.354000,1267653810,507354,0.96924,-0.01709,0.28198,-2.008,0.092,-0.176,0.96289,0.08813,0.54028,-3.489,0.534,1.313,non-ergonomis
SUBJ005,fathur,2026-05-21,17:21:54.554000,1267654010,507554,0.96289,-0.03394,0.2959,0.672,-1.038,0.298,0.95874,0.09375,0.55249,1.115,0.351,1.794,non-ergonomis
SUBJ005,fathur,2026-05-21,17:21:54.754000,1267654210,507754,0.96265,-0.02832,0.28491,-1.298,-0.481,0.71,0.95654,0.0896,0.55249,2.405,1.794,2.221,non-ergonomis
SUBJ005,fathur,2026-05-21,17:21:55.954000,1267655410,507954,0.97339,-0.02344,0.28467,-1.58,0.939,0.084,0.95801,0.09644,0.54761,-0.481,2.214,1.489,non-ergonomis
SUBJ005,fathur,2026-05-21,17:21:55.154000,1267654610,508154,0.96875,-0.03882,0.28735,-5.031,0.901,-0.298,0.96045,0.09082,0.55786,-3.786,0.534,1.374,non-ergonomis
SUBJ005,fathur,2026-05-21,17:21:55.354000,1267654810,508354,0.97021,-0.02588,0.29126,1.015,-0.687,1.183,0.95923,0.09595,0.55396,-3.099,0.71,2.015,non-ergonomis
SUBJ005,fathur,2026-05-21,17:21:55.554000,1267655010,508554,0.96362,-0.04565,0.29297,-0.611,0.42,-0.015,0.96484,0.09814,0.54126,2.107,1.412,1.626,non-ergonomis
SUBJ005,fathur,2026-05-21,17:21:55.754000,1267655210,508754,0.97412,-0.03857,0.28149,-4.466,1.702,-0.229,0.9668,0.09473,0.54468,-4.198,0.679,0.977,non-ergonomis
SUBJ005,fathur,2026-05-21,17:21:56.954000,1267656410,508954,0.96558,-0.04199,0.28979,-3.122,0.351,-0.076,0.96045,0.08594,0.55566,-7.756,-0.718,0.496,non-ergonomis
SUBJ005,fathur,2026-05-21,17:21:56.168000,1267655624,509168,0.96362,-0.0437,0.28491,-1.664,0.29,0.985,0.96533,0.08789,0.54761,-4.336,0.183,2.275,non-ergonomis
SUBJ005,fathur,2026-05-21,17:21:56.368000,1267655824,509368,0.95996,-0.04565,0.28979,-1.298,0.718,-0.237,0.96729,0.08569,0.54883,3.718,1.275,1.893,non-ergonomis
SUBJ005,fathur,2026-05-21,17:21:56.568000,1267656024,509568,0.97046,-0.04053,0.28931,-2.985,1.107,-0.595,0.96094,0.08521,0.55566,0.611,0.756,1.221,non-ergonomis
SUBJ005,fathur,2026-05-21,17:21:56.768000,1267656224,509768,0.96729,-0.03735,0.29224,-0.954,0.603,-0.405,0.96069,0.08765,0.54761,0.405,2.397,1.176,non-ergonomis
SUBJ005,fathur,2026-05-21,17:21:57.968000,1267657424,509968,0.9624,-0.03809,0.2854,-2.031,0.733,-0.427,0.96436,0.08984,0.55786,-0.527,1.435,1.229,non-ergonomis
SUBJ005,fathur,2026-05-21,17:21:57.168000,1267656624,510168,0.95776,-0.03442,0.30176,-0.672,0.481,0.282,0.96118,0.08594,0.54712,-1.0,1.069,1.359,non-ergonomis
SUBJ005,fathur,2026-05-21,17:21:57.371000,1267656827,510371,0.95874,-0.05396,0.28442,-1.855,-0.931,-1.588,0.95728,0.08252,0.54907,-3.061,0.893,-0.099,non-ergonomis
SUBJ005,fathur,2026-05-21,17:21:57.571000,1267657027,510571,0.95605,-0.0271,0.29224,0.588,-0.679,1.84,0.96704,0.09814,0.54858,-2.908,0.473,1.061,non-ergonomis
SUBJ005,fathur,2026-05-21,17:21:57.771000,1267657227,510771,0.96362,-0.03271,0.30493,-2.076,0.824,1.443,0.95581,0.09351,0.5437,1.336,1.679,2.42,non-ergonomis
SUBJ005,fathur,2026-05-21,17:21:58.971000,1267658427,510971,0.9585,-0.04614,0.29443,-4.092,1.733,0.977,0.96802,0.08667,0.54785,1.107,1.954,2.626,non-ergonomis
SUBJ005,fathur,2026-05-21,17:21:58.171000,1267657627,511171,0.96143,-0.05859,0.2959,-5.481,1.832,0.321,0.96973,0.07422,0.55469,-10.107,-0.115,1.458,non-ergonomis
SUBJ005,fathur,2026-05-21,17:21:58.371000,1267657827,511371,0.95581,-0.05322,0.30273,1.679,0.137,-0.992,0.96191,0.08936,0.55835,4.588,1.336,0.458,non-ergonomis
SUBJ005,fathur,2026-05-21,17:21:58.571000,1267658027,511571,0.96045,-0.04126,0.29346,-3.573,1.122,-1.389,0.95825,0.08423,0.54663,-1.374,1.611,0.908,non-ergonomis
SUBJ005,fathur,2026-05-21,17:21:58.771000,1267658227,511771,0.96313,-0.05249,0.32446,-1.794,-3.374,-0.176,0.99268,0.07324,0.56958,1.092,-1.328,-0.191,non-ergonomis
SUBJ005,fathur,2026-05-21,17:21:59.971000,1267659427,511971,0.94336,-0.03223,0.26367,-5.565,-12.557,-1.489,0.99146,0.07568,0.56274,-0.779,-6.046,-1.557,non-ergonomis
SUBJ005,fathur,2026-05-21,17:21:59.171000,1267658627,512171,0.98633,0.0061,0.2561,0.313,-8.084,6.008,0.96704,0.08984,0.52661,-3.198,0.412,-0.008,non-ergonomis
SUBJ005,fathur,2026-05-21,17:21:59.371000,1267658827,512371,0.99097,-0.00269,0.20288,5.733,-6.939,-1.069,0.95483,0.11548,0.53882,-2.191,-2.252,3.176,non-ergonomis
SUBJ005,fathur,2026-05-21,17:21:59.571000,1267659027,512571,1.00684,-0.03589,0.22021,-11.924,9.802,-3.527,0.97095,0.06738,0.5144,-9.496,0.023,2.26,non-ergonomis
SUBJ005,fathur,2026-05-21,17:21:59.771000,1267659227,512771,0.99512,-0.05884,0.24585,3.29,2.389,-0.29,0.97974,0.09229,0.53271,6.473,2.473,-0.977,non-ergonomis
