subject_id,nama,date,time,epoch_ms,ts_millis,ax1,ay1,az1,gx1,gy1,gz1,ax2,ay2,az2,gx2,gy2,gz2,label
SUBJ007,nisa,2026-05-23,13:23:00.311000,1426119767.0,1029311.0,1.0459,0.04199,0.08374,0.847,1.748,0.252,0.93286,0.30884,0.34692,-1.122,-0.542,0.794,ergonomis
SUBJ007,nisa,2026-05-23,13:23:00.511000,1426119967.0,1029511.0,1.04956,0.02734,0.07251,-0.237,-4.145,1.603,0.91528,0.30542,0.33154,2.779,5.26,-4.878,ergonomis
SUBJ007,nisa,2026-05-23,13:23:00.711000,1426120167.0,1029711.0,1.01953,0.04663,0.04712,1.519,-8.275,-0.939,0.91431,0.32373,0.33691,5.649,-0.359,-3.748,ergonomis
SUBJ007,nisa,2026-05-23,13:23:00.911000,1426120367.0,1029911.0,1.04492,0.03247,0.02661,-6.29,-7.634,-0.656,0.9209,0.34863,0.32861,4.16,-0.168,-2.718,ergonomis
SUBJ007,nisa,2026-05-23,13:23:00.111000,1426119567.0,1030111.0,1.05884,0.02954,0.00024,-7.061,-2.664,1.84,0.90942,0.3252,0.32983,5.038,1.611,-3.023,ergonomis
SUBJ007,nisa,2026-05-23,13:23:01.311000,1426120767.0,1030311.0,1.09375,0.05225,-0.00806,-1.954,-3.107,0.893,0.91309,0.34741,0.33301,-4.542,-8.908,7.595,ergonomis
SUBJ007,nisa,2026-05-23,13:23:01.511000,1426120967.0,1030511.0,1.06763,0.02173,-0.04126,-7.656,-1.305,1.87,0.90332,0.33105,0.24878,-2.687,-3.076,5.916,ergonomis
SUBJ007,nisa,2026-05-23,13:23:01.711000,1426121167.0,1030711.0,1.06055,0.01196,-0.03564,-0.573,-0.298,4.038,0.91431,0.3269,0.27344,,7.374,-1.908,ergonomis
SUBJ007,nisa,2026-05-23,13:23:01.911000,1426121367.0,1030911.0,1.05713,0.01587,-0.01465,1.794,3.221,-1.863,0.91626,0.32471,0.31177,-3.412,4.511,2.397,ergonomis
SUBJ007,nisa,2026-05-23,13:23:01.111000,1426120567.0,1031111.0,1.05981,0.02417,0.00122,-2.221,3.015,-0.756,0.91431,0.32471,0.3252,-4.695,0.16,7.206,ergonomis
SUBJ007,nisa,2026-05-23,13:23:02.311000,1426121767.0,1031311.0,1.05078,0.01538,0.00708,-2.0,-0.137,-0.008,0.92456,0.31201,0.30884,-1.153,0.374,3.878,ergonomis
SUBJ007,nisa,2026-05-23,13:23:02.511000,1426121967.0,1031511.0,1.06177,0.01123,0.00024,-2.26,-0.427,0.802,0.92041,0.30688,0.31177,-0.405,-0.29,1.443,ergonomis
SUBJ007,nisa,2026-05-23,13:23:02.711000,1426122167.0,1031711.0,1.05737,0.01025,-0.01074,-1.267,0.015,-0.679,0.93188,0.30322,0.30518,-0.099,-0.061,0.351,ergonomis
SUBJ007,nisa,2026-05-23,13:23:02.911000,1426122367.0,1031911.0,1.06323,0.00952,-0.00171,-1.58,-0.58,-0.29,0.92554,0.31567,0.31689,-1.321,2.336,0.366,ergonomis
SUBJ007,nisa,2026-05-23,13:23:02.111000,1426121567.0,1032111.0,1.06934,0.01294,-0.00269,-2.901,3.26,-0.16,0.92603,0.31738,0.30347,-1.595,2.282,1.053,ergonomis
SUBJ007,nisa,2026-05-23,13:23:03.311000,1426122767.0,1032311.0,1.0603,0.02637,0.01221,-0.45,1.031,-0.328,0.91577,0.31372,0.32227,-2.267,2.748,2.45,ergonomis
SUBJ007,nisa,2026-05-23,13:23:03.511000,1426122967.0,1032511.0,1.05762,0.02563,0.01831,-2.0,1.229,0.397,0.9231,0.31079,0.31982,-0.87,3.305,0.771,ergonomis
SUBJ007,nisa,2026-05-23,13:23:03.711000,1426123167.0,1032711.0,1.06226,0.01685,0.02002,-1.878,0.847,-0.618,0.92261,0.31274,0.31812,-0.931,1.008,1.275,ergonomis
SUBJ007,nisa,2026-05-23,13:23:03.911000,1426123367.0,1032911.0,1.05737,0.02539,0.01416,-1.496,-1.634,-0.809,0.92041,0.31665,0.323,-1.496,0.786,0.496,ergonomis
SUBJ007,nisa,2026-05-23,13:23:03.111000,1426122567.0,1033111.0,1.05981,0.01758,0.01221,-2.198,0.733,-0.366,0.91821,0.32007,0.30933,-0.687,-1.191,0.534,ergonomis
SUBJ007,nisa,2026-05-23,13:23:04.311000,1426123767.0,1033311.0,1.06348,0.01758,-0.00073,-1.489,-1.656,-0.435,0.91431,0.323,0.30005,-0.626,-0.328,1.366,ergonomis
SUBJ007,nisa,2026-05-23,13:23:04.511000,1426123967.0,1033511.0,1.06152,0.01758,0.00024,-0.901,-0.481,0.313,0.92065,0.32153,0.29688,-2.252,1.443,2.389,ergonomis
SUBJ007,nisa,2026-05-23,13:23:04.711000,1426124167.0,1033711.0,1.06055,0.01392,0.00854,-2.336,0.191,0.634,0.91675,0.32251,0.30615,-0.069,2.458,1.542,ergonomis
SUBJ007,nisa,2026-05-23,13:23:04.911000,1426124367.0,1033911.0,1.05957,0.0061,0.00903,-1.962,0.527,-0.206,0.9187,0.31543,0.31567,-0.802,1.092,1.901,ergonomis
SUBJ007,nisa,2026-05-23,13:23:04.111000,1426123567.0,1034111.0,1.06543,0.00757,0.00464,-1.099,-0.076,-1.489,0.91846,0.31494,0.30688,-0.794,1.252,0.817,ergonomis
SUBJ007,nisa,2026-05-23,13:23:05.311000,1426124767.0,1034311.0,1.05786,0.02295,-0.00513,-0.458,-1.115,-0.695,0.91699,0.32593,0.30444,-0.015,1.695,0.603,ergonomis
SUBJ007,nisa,2026-05-23,13:23:05.511000,1426124967.0,1034511.0,1.06348,0.02368,-0.00269,-1.443,-0.527,-0.435,0.9165,0.32324,0.30933,-1.588,0.534,2.664,ergonomis
SUBJ007,nisa,2026-05-23,13:23:05.711000,1426125167.0,1034711.0,1.0603,0.021,-0.00391,-2.16,0.542,-0.198,0.92407,0.30518,0.29639,-1.527,0.305,2.405,ergonomis
SUBJ007,nisa,2026-05-23,13:23:05.911000,1426125367.0,1034911.0,1.05762,0.01294,0.01099,-2.779,1.893,0.924,0.91968,0.30664,0.29443,-1.649,0.588,1.351,ergonomis
SUBJ007,nisa,2026-05-23,13:23:05.111000,1426124567.0,1035111.0,1.05786,0.01904,0.00537,-1.641,-0.511,0.137,0.92261,0.31152,0.29272,-1.298,1.55,1.015,ergonomis
SUBJ007,nisa,2026-05-23,13:23:06.311000,1426125767.0,1035311.0,1.05493,0.0127,0.0061,-2.366,0.763,-0.153,0.91602,0.31641,0.29077,-0.267,0.573,1.191,ergonomis
SUBJ007,nisa,2026-05-23,13:23:06.511000,1426125967.0,1035511.0,1.05908,0.01172,0.01025,-1.74,0.115,-0.198,0.91333,0.30664,0.2937,-0.702,0.137,1.053,ergonomis
SUBJ007,nisa,2026-05-23,13:23:06.711000,1426126167.0,1035711.0,1.05859,0.01343,0.01001,-2.45,0.382,-0.031,0.91968,0.3064,0.29346,-1.229,0.947,1.527,ergonomis
SUBJ007,nisa,2026-05-23,13:23:06.911000,1426126367.0,1035911.0,1.06128,0.01465,0.01489,-2.313,-0.817,0.641,0.91479,0.30786,0.29565,-1.328,1.153,1.542,ergonomis
SUBJ007,nisa,2026-05-23,13:23:06.111000,1426125567.0,1036111.0,1.05835,0.01221,0.00708,-1.802,0.794,-0.015,0.91626,0.31177,0.29639,-0.977,0.244,1.664,ergonomis
SUBJ007,nisa,2026-05-23,13:23:07.311000,1426126767.0,1036311.0,1.05835,0.01318,0.00854,-1.672,-0.229,-0.168,0.9165,0.3125,0.29712,-0.626,1.786,0.74,ergonomis
SUBJ007,nisa,2026-05-23,13:23:07.511000,1426126967.0,1036511.0,1.05811,0.0127,0.00854,-1.053,0.092,-0.053,0.92065,0.31104,0.30371,-1.84,2.13,1.832,ergonomis
SUBJ007,nisa,2026-05-23,13:23:07.711000,1426127167.0,1036711.0,1.06177,0.0144,0.00366,-0.687,0.107,-0.305,0.91602,0.31226,0.29688,-0.809,2.183,0.702,ergonomis
SUBJ007,nisa,2026-05-23,13:23:07.911000,1426127367.0,1036911.0,1.05444,0.01831,0.01099,-2.221,0.374,-0.634,0.9209,0.31445,0.30347,-1.061,1.817,1.649,ergonomis
SUBJ007,nisa,2026-05-23,13:23:07.111000,1426126567.0,1037111.0,1.05298,0.01611,0.0127,-1.275,0.328,0.344,0.91675,0.31445,0.30615,-0.679,1.511,1.198,ergonomis
SUBJ007,nisa,2026-05-23,13:23:08.311000,1426127767.0,1037311.0,1.06152,0.01636,0.00781,-1.58,0.015,0.13,0.91699,0.31079,0.30176,-0.672,-0.534,1.229,ergonomis
SUBJ007,nisa,2026-05-23,13:23:08.511000,1426127967.0,1037511.0,1.06079,0.01807,0.00732,-2.374,0.282,-0.16,0.91479,0.31445,0.2981,-1.198,-0.305,1.42,ergonomis
SUBJ007,nisa,2026-05-23,13:23:08.711000,1426128167.0,1037711.0,1.05298,0.01489,0.01196,-2.359,0.443,0.481,0.91919,0.31421,0.29395,-0.336,0.87,0.595,ergonomis
SUBJ007,nisa,2026-05-23,13:23:08.911000,1426128367.0,1037911.0,1.05786,0.01318,0.00977,-1.947,0.382,-0.046,0.91138,0.31836,0.30054,-1.397,0.496,1.145,ergonomis
SUBJ007,nisa,2026-05-23,13:23:08.111000,1426127567.0,1038111.0,1.06079,0.01123,0.01563,-1.87,1.313,-0.405,0.92041,0.3125,0.29395,-1.176,0.733,1.557,ergonomis
SUBJ007,nisa,2026-05-23,13:23:09.311000,1426128767.0,1038311.0,1.05615,0.0127,0.01489,-2.046,0.45,0.702,0.92114,0.30737,0.29126,0.031,1.641,0.481,ergonomis
SUBJ007,nisa,2026-05-23,13:23:09.511000,1426128967.0,1038511.0,1.05566,0.01538,0.01147,-2.489,0.458,-0.031,0.92236,0.31177,0.2959,-1.473,0.305,1.527,ergonomis
SUBJ007,nisa,2026-05-23,13:23:09.711000,1426129167.0,1038711.0,1.06201,0.01465,0.01514,-2.053,-0.298,0.031,0.91919,0.30811,0.29419,-1.046,0.893,1.473,ergonomis
SUBJ007,nisa,2026-05-23,13:23:09.911000,1426129367.0,1038911.0,1.06128,0.01343,0.01538,-0.969,0.511,0.542,0.91138,0.31226,0.29004,0.794,2.267,0.145,ergonomis
SUBJ007,nisa,2026-05-23,13:23:09.111000,1426128567.0,1039111.0,1.06299,0.00781,0.00464,-1.908,0.382,-0.55,0.91919,0.31006,0.2937,-2.053,1.847,2.511,ergonomis
SUBJ007,nisa,2026-05-23,13:23:10.311000,1426129767.0,1039311.0,1.06177,0.00903,0.0061,-2.672,-0.115,-0.595,0.92358,0.30908,0.29053,-0.71,2.885,1.267,non-ergonomis
SUBJ007,nisa,2026-05-23,13:23:10.511000,1426129967.0,1039511.0,1.05762,0.01245,0.0166,0.458,0.305,-0.969,0.92334,0.31128,0.30615,-0.824,2.344,0.374,non-ergonomis
SUBJ007,nisa,2026-05-23,13:23:10.711000,1426130167.0,1039711.0,1.06641,0.02173,0.0144,-0.641,-0.221,-1.031,0.91821,0.31396,0.30933,-0.481,1.725,0.771,non-ergonomis
SUBJ007,nisa,2026-05-23,13:23:10.911000,1426130367.0,1039911.0,1.05249,0.01855,0.01318,-2.275,-0.069,-0.901,0.92456,0.30786,0.31177,-1.008,1.366,1.565,non-ergonomis
SUBJ007,nisa,2026-05-23,13:23:10.111000,1426129567.0,1040111.0,1.05908,0.02856,0.01758,-1.023,-0.901,-0.115,0.91577,0.30981,0.29858,-1.679,1.42,2.198,non-ergonomis
SUBJ007,nisa,2026-05-23,13:23:11.311000,1426130767.0,1040311.0,1.08618,0.02246,-0.00659,-0.786,10.763,-1.695,0.93872,0.29419,0.34155,-7.183,12.855,5.779,non-ergonomis
SUBJ007,nisa,2026-05-23,13:23:11.511000,1426130967.0,1040511.0,0.94922,0.05298,0.15796,-12.328,62.443,-1.45,0.87891,0.25537,0.40259,-22.328,22.756,21.244,non-ergonomis
SUBJ007,nisa,2026-05-23,13:23:11.711000,1426131167.0,1040711.0,0.96191,-0.00415,0.35742,-7.527,18.595,2.412,0.96191,0.23901,0.38403,-2.458,7.557,4.573,non-ergonomis
SUBJ007,nisa,2026-05-23,13:23:11.911000,1426131367.0,1040911.0,0.95703,0.00879,0.28931,1.313,-5.344,2.916,0.95264,0.22021,0.43726,0.015,-1.641,-0.595,non-ergonomis
SUBJ007,nisa,2026-05-23,13:23:11.111000,1426130567.0,1041111.0,0.95752,0.00195,0.2998,-4.107,-1.695,0.748,0.95166,0.22729,0.42554,-1.626,-0.71,0.084,non-ergonomis
SUBJ007,nisa,2026-05-23,13:23:12.311000,1426131767.0,1041311.0,0.96265,0.00244,0.29663,-0.771,0.473,-0.985,0.948,0.22949,0.4231,-1.863,-0.153,1.046,non-ergonomis
SUBJ007,nisa,2026-05-23,13:23:12.511000,1426131967.0,1041511.0,0.96436,-0.0022,0.29077,-2.275,-1.618,-0.443,0.95142,0.23682,0.41431,-0.168,0.267,-0.725,non-ergonomis
SUBJ007,nisa,2026-05-23,13:23:12.711000,1426132167.0,1041711.0,0.96289,0.01074,0.29053,-3.069,-1.626,-0.191,0.95215,0.24634,0.41846,-0.969,0.321,1.29,non-ergonomis
SUBJ007,nisa,2026-05-23,13:23:12.911000,1426132367.0,1041911.0,0.96655,-0.00488,0.28638,-1.336,-0.26,0.206,0.94556,0.24048,0.41846,-0.435,1.008,1.595,non-ergonomis
SUBJ007,nisa,2026-05-23,13:23:12.111000,1426131567.0,1042111.0,0.95801,0.00366,0.29077,-1.046,0.153,0.748,0.95068,0.24292,0.41016,-0.58,0.931,1.084,non-ergonomis
SUBJ007,nisa,2026-05-23,13:23:13.311000,1426132767.0,1042311.0,0.9646,-0.00415,0.29492,-1.58,0.29,0.084,0.94336,0.24219,0.41675,0.206,1.015,0.718,non-ergonomis
SUBJ007,nisa,2026-05-23,13:23:13.511000,1426132967.0,1042511.0,0.96899,0.0022,0.28809,-2.397,0.237,-0.183,0.94312,0.2439,0.40308,0.069,1.328,1.282,non-ergonomis
SUBJ007,nisa,2026-05-23,13:23:13.711000,1426133167.0,1042711.0,0.97095,-0.00024,0.28564,-0.55,0.244,-0.618,0.94922,0.24243,0.41138,0.389,1.374,0.573,non-ergonomis
SUBJ007,nisa,2026-05-23,13:23:13.911000,1426133367.0,1042911.0,0.96509,0.00073,0.28735,-0.977,0.099,-0.145,0.93799,0.25049,0.40796,0.305,1.122,0.496,non-ergonomis
SUBJ007,nisa,2026-05-23,13:23:13.111000,1426132567.0,1043111.0,0.96484,0.00024,0.28467,-1.809,-0.26,-0.55,0.94458,0.25293,0.41016,-0.893,0.763,0.992,non-ergonomis
SUBJ007,nisa,2026-05-23,13:23:14.311000,1426133767.0,1043311.0,0.97095,0.00562,0.27856,-2.58,0.382,0.099,0.9436,0.2478,0.40112,-1.947,0.863,2.031,non-ergonomis
SUBJ007,nisa,2026-05-23,13:23:14.511000,1426133967.0,1043511.0,0.97583,0.00684,0.27856,-1.756,0.389,0.031,0.948,0.25806,0.40503,-2.053,1.0,1.916,non-ergonomis
SUBJ007,nisa,2026-05-23,13:23:14.711000,1426134167.0,1043711.0,0.96973,0.00366,0.28711,-1.87,0.573,-0.008,0.9458,0.25024,0.4082,-0.916,1.359,1.649,non-ergonomis
SUBJ007,nisa,2026-05-23,13:23:14.911000,1426134367.0,1043911.0,0.96582,0.00513,0.28369,-1.847,0.321,0.137,0.94116,0.24561,0.41528,-0.443,1.389,1.244,non-ergonomis
SUBJ007,nisa,2026-05-23,13:23:14.111000,1426133567.0,1044111.0,0.96802,0.00366,0.29126,-1.863,-0.069,-0.191,0.94312,0.2439,0.41577,-0.939,0.847,1.305,non-ergonomis
SUBJ007,nisa,2026-05-23,13:23:15.311000,1426134767.0,1044311.0,0.96582,0.00342,0.28003,-1.84,0.351,-0.328,0.94946,0.24243,0.41309,-0.443,0.649,1.176,non-ergonomis
SUBJ007,nisa,2026-05-23,13:23:15.511000,1426134967.0,1044511.0,0.96191,0.00073,0.28784,-1.817,0.534,-0.244,0.94043,0.24097,0.41064,-1.321,0.466,1.74,non-ergonomis
SUBJ007,nisa,2026-05-23,13:23:15.711000,1426135167.0,1044711.0,0.95703,0.00391,0.28711,-2.099,0.344,0.351,0.94287,0.24146,0.40381,-0.595,0.763,1.298,non-ergonomis
SUBJ007,nisa,2026-05-23,13:23:15.911000,1426135367.0,1044911.0,0.96777,0.00024,0.28516,-1.763,0.321,-0.206,0.94482,0.24316,0.41016,-1.687,1.496,1.87,non-ergonomis
SUBJ007,nisa,2026-05-23,13:23:15.111000,1426134567.0,1045111.0,0.96802,0.00293,0.2876,-1.336,0.618,-0.214,0.94385,0.24683,0.40454,-0.786,1.504,1.489,non-ergonomis
SUBJ007,nisa,2026-05-23,13:23:16.311000,1426135767.0,1045311.0,0.96973,0.00293,0.28369,-2.023,0.511,-0.206,0.94946,0.24048,0.40991,-1.206,1.137,1.71,non-ergonomis
SUBJ007,nisa,2026-05-23,13:23:16.511000,1426135967.0,1045511.0,0.96021,0.00928,0.28149,-2.237,0.344,-0.305,0.948,0.2417,0.40723,-1.221,1.351,1.649,non-ergonomis
SUBJ007,nisa,2026-05-23,13:23:16.711000,1426136167.0,1045711.0,0.96704,0.00757,0.28442,-1.618,0.779,-0.397,0.94336,0.24072,0.41333,-0.687,1.443,1.176,non-ergonomis
SUBJ007,nisa,2026-05-23,13:23:16.911000,1426136367.0,1045911.0,0.96167,0.00635,0.29736,-1.802,0.962,-0.069,0.94751,0.23779,0.40991,-0.008,1.855,1.038,non-ergonomis
SUBJ007,nisa,2026-05-23,13:23:16.111000,1426135567.0,1046111.0,0.96777,0.00342,0.29541,-1.489,0.954,0.183,0.94092,0.2417,0.41333,1.229,1.42,0.397,non-ergonomis
SUBJ007,nisa,2026-05-23,13:23:17.311000,1426136767.0,1046311.0,0.96289,0.00513,0.29224,-1.412,0.115,-0.038,0.95142,0.24756,0.42725,-0.351,1.534,1.008,non-ergonomis
SUBJ007,nisa,2026-05-23,13:23:17.511000,1426136967.0,1046511.0,0.96191,-0.00098,0.2854,-1.344,0.206,-0.229,0.948,0.24316,0.41406,0.435,1.069,0.863,non-ergonomis
SUBJ007,nisa,2026-05-23,13:23:17.711000,1426137167.0,1046711.0,0.96558,-0.0105,0.28638,-1.832,0.13,0.023,0.9397,0.24365,0.42261,-0.786,0.626,1.435,non-ergonomis
SUBJ007,nisa,2026-05-23,13:23:17.911000,1426137367.0,1046911.0,0.96436,-0.00098,0.28809,-2.168,0.198,-0.313,0.94727,0.23853,0.42017,-0.863,0.55,1.527,non-ergonomis
SUBJ007,nisa,2026-05-23,13:23:17.111000,1426136567.0,1047111.0,0.99414,0.00269,0.28711,-1.55,0.206,-1.87,0.92969,0.22437,0.42603,-5.046,5.206,7.641,non-ergonomis
SUBJ007,nisa,2026-05-23,13:23:18.311000,1426137767.0,1047311.0,0.97119,0.00806,0.28638,-2.58,-1.916,0.389,0.94922,0.22729,0.43506,0.229,1.0,-2.122,non-ergonomis
SUBJ007,nisa,2026-05-23,13:23:18.511000,1426137967.0,1047511.0,0.9751,0.01123,0.28271,-2.977,1.084,1.511,0.94043,0.2251,0.42529,-3.214,2.305,3.924,non-ergonomis
SUBJ007,nisa,2026-05-23,13:23:18.711000,1426138167.0,1047711.0,0.9563,-0.00146,0.28101,-1.992,0.939,-1.061,0.94873,0.2229,0.43433,-1.481,0.229,1.809,non-ergonomis
SUBJ007,nisa,2026-05-23,13:23:18.911000,1426138367.0,1047911.0,0.97241,0.00342,0.28491,-1.573,0.008,-0.397,0.94995,0.23193,0.43604,0.084,0.786,0.832,non-ergonomis
SUBJ007,nisa,2026-05-23,13:23:18.111000,1426137567.0,1048111.0,0.96094,0.00928,0.28076,-1.878,0.519,-0.328,0.94922,0.22656,0.4314,-0.45,0.397,0.679,non-ergonomis
SUBJ007,nisa,2026-05-23,13:23:19.311000,1426138767.0,1048311.0,0.96973,-0.00439,0.28149,-1.763,1.611,-0.679,0.948,0.22412,0.42651,0.046,0.908,1.557,non-ergonomis
SUBJ007,nisa,2026-05-23,13:23:19.511000,1426138967.0,1048511.0,0.96899,0.00293,0.28735,-3.84,-11.496,0.229,0.95093,0.2417,0.40576,4.542,-3.0,-1.031,non-ergonomis
SUBJ007,nisa,2026-05-23,13:23:19.711000,1426139167.0,1048711.0,0.98438,-0.00684,0.23022,0.466,-32.206,-0.542,0.95996,0.25098,0.37915,2.168,-13.779,-5.603,non-ergonomis
SUBJ007,nisa,2026-05-23,13:23:19.911000,1426139367.0,1048911.0,1.03101,0.01001,0.08154,0.443,-33.893,-4.611,0.9502,0.27686,0.30127,2.985,-18.176,-6.038,non-ergonomis
SUBJ007,nisa,2026-05-23,13:23:19.111000,1426138567.0,1049111.0,1.0459,0.03223,-0.00146,-2.565,-5.0,-2.046,0.91772,0.26758,0.24902,3.229,-12.672,-2.489,non-ergonomis
SUBJ007,nisa,2026-05-23,13:23:20.311000,1426139767.0,1049311.0,1.07153,0.01978,-0.02222,-3.519,-3.229,0.313,0.91089,0.28882,0.20947,-0.916,-4.145,-0.611,ergonomis
SUBJ007,nisa,2026-05-23,13:23:20.511000,1426139967.0,1049511.0,1.05762,0.0188,-0.02612,-1.695,-0.275,0.779,0.90674,0.29492,0.19995,1.221,1.29,-2.069,ergonomis
SUBJ007,nisa,2026-05-23,13:23:20.711000,1426140167.0,1049711.0,1.06006,0.02612,-0.00879,-1.023,-1.527,-0.519,0.91479,0.29663,0.21558,-0.588,1.901,0.252,ergonomis
SUBJ007,nisa,2026-05-23,13:23:20.911000,1426140367.0,1049911.0,1.06934,0.02808,-0.01123,-0.046,5.473,-0.168,0.91528,0.31665,0.21655,-0.664,1.565,1.031,ergonomis
SUBJ007,nisa,2026-05-23,13:23:20.111000,1426139567.0,1050111.0,1.07007,0.03345,-0.02173,-0.489,-4.916,-0.542,0.90869,0.3103,0.22485,-0.229,1.435,0.565,ergonomis
SUBJ007,nisa,2026-05-23,13:23:21.311000,1426140767.0,1050311.0,1.07153,0.02588,-0.04224,-1.611,0.305,1.359,0.90527,0.31128,0.21802,-0.565,2.221,1.603,ergonomis
SUBJ007,nisa,2026-05-23,13:23:21.511000,1426140967.0,1050511.0,1.06592,0.02026,-0.0293,-3.725,0.328,1.137,0.91016,0.31152,0.21143,-1.824,0.595,2.962,ergonomis
SUBJ007,nisa,2026-05-23,13:23:21.711000,1426141167.0,1050711.0,1.06396,-0.00293,-0.03735,-4.595,2.328,0.664,0.90894,0.29834,0.2229,-1.656,1.206,2.42,ergonomis
SUBJ007,nisa,2026-05-23,13:23:21.911000,1426141367.0,1050911.0,1.06641,0.0105,-0.0249,-0.099,-0.397,-0.099,0.91431,0.30054,0.22241,-0.779,3.084,0.16,ergonomis
SUBJ007,nisa,2026-05-23,13:23:21.111000,1426140567.0,1051111.0,1.06592,0.01563,-0.03369,-1.695,0.641,-0.176,0.90771,0.31055,0.23193,-1.427,0.924,1.206,ergonomis
SUBJ007,nisa,2026-05-23,13:23:22.311000,1426141767.0,1051311.0,1.06787,0.01196,-0.03271,-1.87,1.321,0.053,0.90454,0.30811,0.22314,-0.595,1.069,1.565,ergonomis
SUBJ007,nisa,2026-05-23,13:23:22.511000,1426141967.0,1051511.0,1.05884,0.01196,-0.02686,-1.16,1.55,0.489,0.90991,0.31177,0.23511,-1.473,1.656,1.489,ergonomis
SUBJ007,nisa,2026-05-23,13:23:22.711000,1426142167.0,1051711.0,1.05713,0.0166,-0.02661,-1.458,0.053,-0.137,0.91284,0.31421,0.23633,0.191,1.847,1.473,ergonomis
SUBJ007,nisa,2026-05-23,13:23:22.911000,1426142367.0,1051911.0,1.05835,0.01465,-0.0293,-2.221,-0.26,-0.305,0.91406,0.30444,0.23047,-1.053,1.046,1.527,ergonomis
SUBJ007,nisa,2026-05-23,13:23:22.111000,1426141567.0,1052111.0,1.06421,0.00732,-0.02197,-2.214,2.527,-0.504,0.90869,0.30396,0.22705,0.519,1.557,1.336,ergonomis
SUBJ007,nisa,2026-05-23,13:23:23.311000,1426142767.0,1052311.0,1.07324,0.01709,-0.03467,-0.71,-0.847,-0.244,0.90967,0.30347,0.23657,-1.107,2.206,1.313,ergonomis
SUBJ007,nisa,2026-05-23,13:23:23.511000,1426142967.0,1052511.0,1.06445,0.01294,-0.03467,-2.13,-0.229,-0.221,0.90918,0.30396,0.23706,-0.481,1.015,0.84,ergonomis
SUBJ007,nisa,2026-05-23,13:23:23.711000,1426143167.0,1052711.0,1.06299,0.01074,-0.03564,-2.641,0.641,-0.122,0.91333,0.30737,0.23608,-1.748,,1.863,ergonomis
SUBJ007,nisa,2026-05-23,13:23:23.911000,1426143367.0,1052911.0,1.06982,0.01563,-0.01538,-2.107,1.931,0.061,0.90674,0.30591,0.23389,-0.191,1.298,0.603,ergonomis
SUBJ007,nisa,2026-05-23,13:23:23.111000,1426142567.0,1053111.0,1.06396,0.00781,-0.03296,-1.908,-0.863,-0.435,0.89941,0.29932,0.23022,-0.611,1.344,1.573,ergonomis
SUBJ007,nisa,2026-05-23,13:23:24.311000,1426143767.0,1053311.0,1.06641,0.01489,-0.03467,-3.221,2.969,0.168,0.90381,0.30933,0.2207,-0.084,0.908,0.214,ergonomis
SUBJ007,nisa,2026-05-23,13:23:24.511000,1426143967.0,1053511.0,1.0686,0.01245,-0.0354,-1.481,0.924,0.214,0.90918,0.3064,0.2356,-1.626,-0.42,1.611,ergonomis
SUBJ007,nisa,2026-05-23,13:23:24.711000,1426144167.0,1053711.0,1.06177,0.01709,-0.01953,-1.55,1.198,-0.084,0.90527,0.30908,0.21826,-1.153,-1.351,1.351,ergonomis
SUBJ007,nisa,2026-05-23,13:23:24.911000,1426144367.0,1053911.0,1.06079,0.01147,-0.02368,-1.29,-1.198,0.153,0.9104,0.30518,0.22998,-0.924,1.305,1.45,ergonomis
SUBJ007,nisa,2026-05-23,13:23:24.111000,1426143567.0,1054111.0,1.06421,0.00854,-0.02637,-1.29,1.489,-0.26,0.90234,0.30737,0.21655,-2.084,0.237,2.397,ergonomis
SUBJ007,nisa,2026-05-23,13:23:25.311000,1426144767.0,1054311.0,1.07275,0.0061,-0.02539,-2.458,-0.534,-0.282,0.90845,0.30566,0.21777,,1.412,0.145,ergonomis
SUBJ007,nisa,2026-05-23,13:23:25.511000,1426144967.0,1054511.0,1.06543,0.00977,-0.02319,-1.595,0.191,-0.664,0.90723,0.30615,0.21387,-1.038,1.366,1.443,ergonomis
SUBJ007,nisa,2026-05-23,13:23:25.711000,1426145167.0,1054711.0,1.07007,0.01611,-0.02173,-0.527,-0.229,-0.893,0.90527,0.31689,0.22998,-1.099,1.664,1.42,ergonomis
SUBJ007,nisa,2026-05-23,13:23:25.911000,1426145367.0,1054911.0,1.05933,0.01733,-0.02002,-1.847,-0.351,-0.603,0.9104,0.30713,0.21997,-0.595,1.626,1.542,ergonomis
SUBJ007,nisa,2026-05-23,13:23:25.111000,1426144567.0,1055111.0,1.06494,0.01196,-0.02173,-1.885,-0.053,-0.221,0.90674,0.30737,0.22656,-1.55,0.748,2.885,ergonomis
SUBJ007,nisa,2026-05-23,13:23:26.311000,1426145767.0,1055311.0,1.06372,0.01367,-0.03027,-1.473,-0.031,0.366,0.91479,0.30762,0.22217,-0.939,1.26,2.45,ergonomis
SUBJ007,nisa,2026-05-23,13:23:26.511000,1426145967.0,1055511.0,1.06641,0.00928,-0.03052,-2.168,-0.084,0.863,0.90527,0.29858,0.23096,-0.58,-0.183,1.359,ergonomis
SUBJ007,nisa,2026-05-23,13:23:26.711000,1426146167.0,1055711.0,1.0625,0.01074,-0.02881,-2.954,0.641,0.176,0.91064,0.29346,0.21753,-1.191,-0.504,1.221,ergonomis
SUBJ007,nisa,2026-05-23,13:23:26.911000,1426146367.0,1055911.0,1.06738,0.0083,-0.01563,-2.931,1.649,-0.351,0.90796,0.30054,0.2251,-1.313,0.382,1.275,ergonomis
SUBJ007,nisa,2026-05-23,13:23:26.111000,1426145567.0,1056111.0,1.07544,0.00513,-0.01733,-2.252,0.374,-0.901,0.91162,0.30151,0.22461,-1.076,2.107,0.069,ergonomis
SUBJ007,nisa,2026-05-23,13:23:27.311000,1426146767.0,1056311.0,1.06836,0.01318,-0.03223,-3.351,1.992,0.198,0.90454,0.31006,0.21997,-0.672,1.924,0.595,ergonomis
SUBJ007,nisa,2026-05-23,13:23:27.511000,1426146967.0,1056511.0,1.06348,0.01538,-0.01904,-2.275,-0.046,-0.321,0.91064,0.30493,0.21729,-1.489,0.275,1.954,ergonomis
SUBJ007,nisa,2026-05-23,13:23:27.711000,1426147167.0,1056711.0,1.06689,-0.00024,-0.01587,-1.702,0.26,0.015,0.90771,0.30591,0.21948,-0.725,1.107,1.26,ergonomis
SUBJ007,nisa,2026-05-23,13:23:27.911000,1426147367.0,1056911.0,1.06323,0.01343,-0.02319,-1.786,0.954,0.015,0.91187,0.31104,0.21533,-0.977,1.069,1.122,ergonomis
SUBJ007,nisa,2026-05-23,13:23:27.111000,1426146567.0,1057111.0,1.06738,0.00854,-0.02905,-2.672,0.42,0.046,0.90576,0.30469,0.21826,-1.122,0.847,1.412,ergonomis
SUBJ007,nisa,2026-05-23,13:23:28.311000,1426147767.0,1057311.0,1.05933,0.01123,-0.02344,-2.649,0.389,0.008,0.90552,0.31152,0.22021,-0.863,1.053,1.656,ergonomis
SUBJ007,nisa,2026-05-23,13:23:28.511000,1426147967.0,1057511.0,1.06396,0.0127,-0.02441,-1.74,-0.122,0.084,0.90942,0.30664,0.22437,-1.809,0.855,2.023,ergonomis
SUBJ007,nisa,2026-05-23,13:23:28.711000,1426148167.0,1057711.0,1.06714,0.00586,-0.02417,-2.099,-0.046,-0.443,0.90625,0.30835,0.21558,-1.252,0.725,1.565,ergonomis
SUBJ007,nisa,2026-05-23,13:23:28.911000,1426148367.0,1057911.0,1.04102,0.02002,-0.0144,-1.489,2.74,-0.641,0.91699,0.30908,0.22485,-4.015,-3.191,2.832,ergonomis
SUBJ007,nisa,2026-05-23,13:23:28.111000,1426147567.0,1058111.0,1.07324,0.01709,-0.02515,-0.71,-3.237,0.099,0.91431,0.30103,0.22314,-1.672,0.954,1.84,ergonomis
SUBJ007,nisa,2026-05-23,13:23:29.311000,1426148767.0,1058311.0,1.04004,0.00586,-0.0249,-1.863,-0.542,0.336,0.9043,0.30298,0.20898,-0.168,0.107,0.687,ergonomis
SUBJ007,nisa,2026-05-23,13:23:29.511000,1426148967.0,1058511.0,1.06567,0.00586,-0.0354,-1.771,-0.679,0.061,0.9082,0.30078,0.21265,-1.214,0.42,1.931,ergonomis
SUBJ007,nisa,2026-05-23,13:23:29.711000,1426149167.0,1058711.0,1.06226,0.00879,-0.03027,-1.359,1.389,-0.092,0.90991,0.30566,0.2124,-1.427,2.206,1.893,ergonomis
SUBJ007,nisa,2026-05-23,13:23:29.911000,1426149367.0,1058911.0,1.06909,0.00977,-0.02954,-2.443,1.405,-1.061,0.90552,0.30371,0.22314,-0.16,1.641,2.13,ergonomis
SUBJ007,nisa,2026-05-23,13:23:29.111000,1426148567.0,1059111.0,1.06348,0.00708,-0.03369,-2.015,-1.481,-0.321,0.9043,0.30249,0.21338,-1.115,1.924,1.702,ergonomis
SUBJ007,nisa,2026-05-23,13:23:30.311000,1426149767.0,1059311.0,1.06812,0.01782,-0.02979,-1.664,0.351,-0.359,0.91235,0.29907,0.21973,-0.962,1.198,0.992,non-ergonomis
SUBJ007,nisa,2026-05-23,13:23:30.511000,1426149967.0,1059511.0,1.05591,0.0188,-0.02905,-2.786,0.58,-0.038,0.90625,0.29883,0.22754,-1.443,-0.496,0.71,non-ergonomis
SUBJ007,nisa,2026-05-23,13:23:30.711000,1426150167.0,1059711.0,1.06665,0.01685,-0.02295,-1.588,0.427,-0.023,0.90405,0.30371,0.22925,-0.802,0.809,1.137,non-ergonomis
SUBJ007,nisa,2026-05-23,13:23:30.911000,1426150367.0,1059911.0,1.06519,0.0127,-0.02686,-1.359,1.168,-0.031,0.9126,0.30762,0.2251,-0.908,1.069,0.824,non-ergonomis
SUBJ007,nisa,2026-05-23,13:23:30.111000,1426149567.0,1060111.0,1.07056,0.01514,-0.01953,-1.42,2.092,0.626,0.90723,0.29443,0.24756,-1.687,1.916,0.634,non-ergonomis
SUBJ007,nisa,2026-05-23,13:23:31.311000,1426150767.0,1060311.0,1.07861,0.02905,0.0061,0.954,17.0,-2.45,0.91064,0.30566,0.2478,-16.046,25.695,13.382,non-ergonomis
SUBJ007,nisa,2026-05-23,13:23:31.511000,1426150967.0,1060511.0,0.94897,0.00244,0.10059,0.992,50.985,0.962,0.87891,0.26953,0.30566,-4.008,32.008,9.298,non-ergonomis
SUBJ007,nisa,2026-05-23,13:23:31.711000,1426151167.0,1060711.0,0.99756,0.00195,0.33984,-2.015,19.855,6.328,0.95898,0.29639,0.36499,-3.733,-0.008,-3.122,non-ergonomis
SUBJ007,nisa,2026-05-23,13:23:31.911000,1426151367.0,1060911.0,0.97559,-0.00488,0.25122,0.519,-4.221,0.214,0.94116,0.28101,0.39648,2.718,2.458,-0.344,non-ergonomis
SUBJ007,nisa,2026-05-23,13:23:31.111000,1426150567.0,1061111.0,0.97876,-0.01001,0.27393,-0.053,2.046,-0.931,0.93872,0.28149,0.37817,-1.267,0.328,1.534,non-ergonomis
SUBJ007,nisa,2026-05-23,13:23:32.311000,1426151767.0,1061311.0,0.97632,-0.00781,0.26831,-0.55,-0.107,0.115,0.93555,0.27661,0.39209,0.29,2.191,0.603,non-ergonomis
SUBJ007,nisa,2026-05-23,13:23:32.511000,1426151967.0,1061511.0,0.96826,-0.00928,0.27075,-1.092,0.939,0.038,0.93726,0.27808,0.39209,1.427,1.046,0.885,non-ergonomis
SUBJ007,nisa,2026-05-23,13:23:32.711000,1426152167.0,1061711.0,0.96313,-0.00659,0.26904,-1.313,-0.168,-0.267,0.93799,0.27954,0.38281,0.809,0.931,0.916,non-ergonomis
SUBJ007,nisa,2026-05-23,13:23:32.911000,1426152367.0,1061911.0,0.96973,0.00146,0.27832,-2.412,0.443,0.221,0.93823,0.28125,0.37988,-3.0,1.046,2.832,non-ergonomis
SUBJ007,nisa,2026-05-23,13:23:32.111000,1426151567.0,1062111.0,0.9729,-0.01025,0.27759,-1.901,0.298,0.176,0.93579,0.28296,0.37769,-2.038,1.122,2.198,non-ergonomis
SUBJ007,nisa,2026-05-23,13:23:33.311000,1426152767.0,1062311.0,0.97412,-0.00659,0.27515,-2.481,0.076,-0.382,0.93921,0.28027,0.37988,-1.733,0.794,1.771,non-ergonomis
SUBJ007,nisa,2026-05-23,13:23:33.511000,1426152967.0,1062511.0,0.97095,-0.0166,0.26709,-2.496,-0.244,-0.58,0.9292,0.27271,0.38257,0.191,0.649,1.099,non-ergonomis
SUBJ007,nisa,2026-05-23,13:23:33.711000,1426153167.0,1062711.0,0.97754,-0.00854,0.27808,-1.298,0.947,-0.061,0.94116,0.271,0.38428,-1.939,0.588,1.634,non-ergonomis
SUBJ007,nisa,2026-05-23,13:23:33.911000,1426153367.0,1062911.0,0.97168,-0.01196,0.26636,-2.504,-1.214,-0.443,0.93408,0.28003,0.37891,-1.015,1.42,2.58,non-ergonomis
SUBJ007,nisa,2026-05-23,13:23:33.111000,1426152567.0,1063111.0,0.97217,-0.01563,0.27246,-2.748,-0.496,-0.069,0.94019,0.27026,0.38037,-2.45,2.687,3.557,non-ergonomis
SUBJ007,nisa,2026-05-23,13:23:34.311000,1426153767.0,1063311.0,0.96436,-0.01245,0.28491,-1.252,0.924,-0.466,0.94678,0.26025,0.39355,-1.763,2.13,1.901,non-ergonomis
SUBJ007,nisa,2026-05-23,13:23:34.511000,1426153967.0,1063511.0,0.97266,-0.00635,0.27783,-1.45,1.641,-1.176,0.93872,0.26367,0.40088,-3.015,3.504,2.649,non-ergonomis
SUBJ007,nisa,2026-05-23,13:23:34.711000,1426154167.0,1063711.0,0.96729,0.00317,0.29175,-2.496,0.641,-0.985,0.9436,0.25757,0.41431,-0.802,1.359,3.618,non-ergonomis
SUBJ007,nisa,2026-05-23,13:23:34.911000,1426154367.0,1063911.0,0.97803,-0.00464,0.29224,-1.893,-0.206,0.779,0.93506,0.25342,0.41992,-2.282,1.267,2.389,non-ergonomis
SUBJ007,nisa,2026-05-23,13:23:34.111000,1426153567.0,1064111.0,0.96216,-0.0105,0.29688,-2.618,0.809,-0.107,0.93262,0.24878,0.40869,-0.771,0.832,1.107,non-ergonomis
SUBJ007,nisa,2026-05-23,13:23:35.311000,1426154767.0,1064311.0,0.96094,-0.00635,0.2981,-2.244,1.008,0.252,0.94189,0.25415,0.40747,-0.214,-0.176,0.298,non-ergonomis
SUBJ007,nisa,2026-05-23,13:23:35.511000,1426154967.0,1064511.0,0.96509,-0.01221,0.28809,-3.351,0.252,-0.023,0.93677,0.26245,0.41211,-0.061,-0.893,1.466,non-ergonomis
SUBJ007,nisa,2026-05-23,13:23:35.711000,1426155167.0,1064711.0,0.9729,-0.01807,0.28638,-1.87,0.473,-0.366,0.94434,0.25366,0.40503,0.71,0.931,1.206,non-ergonomis
SUBJ007,nisa,2026-05-23,13:23:35.911000,1426155367.0,1064911.0,0.96362,-0.01563,0.29077,-1.603,0.282,0.26,0.93628,0.25073,0.39185,0.282,0.794,0.58,non-ergonomis
SUBJ007,nisa,2026-05-23,13:23:35.111000,1426154567.0,1065111.0,0.97119,-0.0127,0.2876,-1.313,0.183,0.397,0.94604,0.25586,0.39697,-1.351,0.496,1.458,non-ergonomis
SUBJ007,nisa,2026-05-23,13:23:36.311000,1426155767.0,1065311.0,0.96313,-0.0127,0.28857,-2.198,-0.26,0.061,0.9541,0.25488,0.39771,-2.366,0.534,1.969,non-ergonomis
SUBJ007,nisa,2026-05-23,13:23:36.511000,1426155967.0,1065511.0,0.96948,-0.01978,0.28711,-1.282,1.107,0.137,0.94678,0.25635,0.3916,-0.947,1.481,1.191,non-ergonomis
SUBJ007,nisa,2026-05-23,13:23:36.711000,1426156167.0,1065711.0,0.95947,-0.01978,0.29395,-2.153,0.389,-0.435,0.94287,0.24829,0.39722,0.214,1.565,1.29,non-ergonomis
SUBJ007,nisa,2026-05-23,13:23:36.911000,1426156367.0,1065911.0,0.96509,-0.01538,0.28906,-1.359,0.55,-0.221,0.94849,0.25635,0.38965,-1.176,0.229,1.328,non-ergonomis
SUBJ007,nisa,2026-05-23,13:23:36.111000,1426155567.0,1066111.0,0.97192,-0.00708,0.29614,-1.42,0.679,0.053,0.94287,0.26294,0.38477,-1.802,1.557,1.305,non-ergonomis
SUBJ007,nisa,2026-05-23,13:23:37.311000,1426156767.0,1066311.0,0.96436,-0.01489,0.2915,-1.656,0.893,0.015,0.9502,0.24048,0.39429,-0.748,1.84,1.771,non-ergonomis
SUBJ007,nisa,2026-05-23,13:23:37.511000,1426156967.0,1066511.0,0.96313,-0.00439,0.30298,-1.71,0.641,0.282,0.93896,0.24561,0.40649,-1.74,1.702,1.634,non-ergonomis
SUBJ007,nisa,2026-05-23,13:23:37.711000,1426157167.0,1066711.0,0.96411,-0.01782,0.29102,-2.244,0.221,0.084,0.94678,0.25269,0.39575,-0.878,0.87,1.496,non-ergonomis
SUBJ007,nisa,2026-05-23,13:23:37.911000,1426157367.0,1066911.0,0.9624,-0.01489,0.29004,-2.573,-0.084,-0.252,0.93457,0.24023,0.38916,-0.794,1.069,1.672,non-ergonomis
SUBJ007,nisa,2026-05-23,13:23:37.111000,1426156567.0,1067111.0,0.96118,-0.01147,0.30396,-1.298,0.71,-0.237,0.94165,0.25024,0.40479,-0.336,1.427,1.084,non-ergonomis
SUBJ007,nisa,2026-05-23,13:23:38.311000,1426157767.0,1067311.0,0.96118,-0.0166,0.28394,-1.924,0.015,-0.321,0.94873,0.24707,0.40771,-0.038,0.672,0.924,non-ergonomis
SUBJ007,nisa,2026-05-23,13:23:38.511000,1426157967.0,1067511.0,0.96289,-0.01611,0.29102,-2.244,-0.183,-0.702,0.948,0.2478,0.40088,-0.58,-0.107,1.527,non-ergonomis
SUBJ007,nisa,2026-05-23,13:23:38.711000,1426158167.0,1067711.0,0.97046,-0.02222,0.29736,-1.298,0.374,-0.198,0.9458,0.2522,0.39038,-0.473,1.641,1.122,non-ergonomis
SUBJ007,nisa,2026-05-23,13:23:38.911000,1426158367.0,1067911.0,0.96143,-0.02026,0.30005,-1.901,0.45,0.229,0.94678,0.24854,0.39551,0.969,1.023,0.527,non-ergonomis
SUBJ007,nisa,2026-05-23,13:23:38.111000,1426157567.0,1068111.0,0.96411,-0.0127,0.30444,-1.908,0.534,-0.137,0.94556,0.24512,0.40527,-0.542,1.282,0.824,non-ergonomis
SUBJ007,nisa,2026-05-23,13:23:39.311000,1426158767.0,1068311.0,0.96118,-0.01245,0.29443,-1.176,0.237,0.031,0.94092,0.24365,0.40234,0.275,0.313,0.931,non-ergonomis
SUBJ007,nisa,2026-05-23,13:23:39.511000,1426158967.0,1068511.0,0.95239,-0.01392,0.29883,-1.885,0.702,0.221,0.9397,0.25317,0.40259,-0.893,0.771,1.344,non-ergonomis
SUBJ007,nisa,2026-05-23,13:23:39.711000,1426159167.0,1068711.0,0.9585,-0.01489,0.30957,-2.473,0.214,-0.176,0.94604,0.25269,0.40063,-2.42,0.679,1.771,non-ergonomis
SUBJ007,nisa,2026-05-23,13:23:39.911000,1426159367.0,1068911.0,0.96191,-0.01074,0.29419,-2.359,0.45,-0.511,0.948,0.25293,0.38501,-2.26,0.954,2.008,non-ergonomis
SUBJ007,nisa,2026-05-23,13:23:39.111000,1426158567.0,1069111.0,0.96118,-0.02026,0.29419,-1.756,0.87,-0.008,0.94824,0.2561,0.39111,0.519,1.389,1.069,non-ergonomis
SUBJ007,nisa,2026-05-23,13:23:40.311000,1426159767.0,1069311.0,0.95703,-0.0144,0.29663,-2.29,-0.084,-0.008,0.94775,0.24927,0.39404,-2.206,0.611,1.496,ergonomis
SUBJ007,nisa,2026-05-23,13:23:40.511000,1426159967.0,1069511.0,0.96094,-0.01782,0.30054,-1.656,0.595,-0.099,0.94507,0.25049,0.39575,0.863,0.557,0.664,ergonomis
SUBJ007,nisa,2026-05-23,13:23:40.711000,1426160167.0,1069711.0,0.95825,-0.01392,0.30005,-1.771,0.58,-0.115,0.94507,0.24072,0.40454,-1.695,0.985,1.702,ergonomis
SUBJ007,nisa,2026-05-23,13:23:40.911000,1426160367.0,1069911.0,0.9519,-0.01563,0.29834,-2.359,0.511,0.076,0.94507,0.24512,0.38965,-2.763,1.069,2.29,ergonomis
SUBJ007,nisa,2026-05-23,13:23:40.111000,1426159567.0,1070111.0,0.96021,-0.00977,0.30298,-1.725,0.863,-0.252,0.94604,0.23975,0.39746,-1.069,1.771,1.618,ergonomis
SUBJ007,nisa,2026-05-23,13:23:41.311000,1426160767.0,1070311.0,0.95288,-0.0166,0.30249,-2.206,0.13,-0.244,0.94141,0.24707,0.39673,0.321,0.893,1.084,ergonomis
SUBJ007,nisa,2026-05-23,13:23:41.511000,1426160967.0,1070511.0,0.95874,-0.01587,0.30176,-1.908,-0.962,-0.618,0.94531,0.24854,0.39087,3.382,-0.695,0.427,ergonomis
SUBJ007,nisa,2026-05-23,13:23:41.711000,1426161167.0,1070711.0,0.99341,-0.01147,0.28809,-2.847,-25.282,-2.206,0.94702,0.26001,0.34546,3.519,-7.893,-1.053,ergonomis
SUBJ007,nisa,2026-05-23,13:23:41.911000,1426161367.0,1070911.0,1.00391,0.01025,0.14819,-9.252,-38.023,-0.679,0.93408,0.24072,0.35132,-2.489,-20.168,2.267,ergonomis
SUBJ007,nisa,2026-05-23,13:23:41.111000,1426160567.0,1071111.0,1.03491,-0.01416,0.02148,-22.092,-24.191,7.802,0.90674,0.25049,0.24951,-6.702,-31.13,9.435,ergonomis
SUBJ007,nisa,2026-05-23,13:23:42.311000,1426161767.0,1071311.0,1.03955,-0.07544,0.00854,-6.221,-7.069,-6.374,0.91748,0.21558,0.16357,1.893,-1.878,3.908,ergonomis
SUBJ007,nisa,2026-05-23,13:23:42.511000,1426161967.0,1071511.0,1.04639,-0.03418,-0.00171,-7.84,-5.802,-1.466,0.91919,0.22144,0.18433,-2.534,-4.145,-1.985,ergonomis
SUBJ007,nisa,2026-05-23,13:23:42.711000,1426162167.0,1071711.0,1.06299,-0.03174,-0.01172,-4.275,-2.359,-1.702,0.92505,0.24316,0.19019,0.191,-3.115,-2.771,ergonomis
SUBJ007,nisa,2026-05-23,13:23:42.911000,1426162367.0,1071911.0,1.0564,-0.01733,-0.01709,0.771,-0.496,-2.313,0.90869,0.2522,0.15723,0.435,-2.115,-1.679,ergonomis
SUBJ007,nisa,2026-05-23,13:23:42.111000,1426161567.0,1072111.0,1.07495,-0.02441,-0.04468,-1.13,-0.107,0.115,0.90283,0.25732,0.16797,-0.076,2.389,-1.977,ergonomis
SUBJ007,nisa,2026-05-23,13:23:43.311000,1426162767.0,1072311.0,1.05737,-0.02954,-0.04614,1.115,0.939,1.634,0.89941,0.27075,0.1709,1.733,4.443,-6.718,ergonomis
SUBJ007,nisa,2026-05-23,13:23:43.511000,1426162967.0,1072511.0,1.11035,0.00586,-0.05591,11.588,2.229,-1.847,0.91187,0.28882,0.21606,-3.649,7.679,1.206,ergonomis
SUBJ007,nisa,2026-05-23,13:23:43.711000,1426163167.0,1072711.0,1.07251,0.00293,-0.02124,-0.656,1.58,-0.168,0.90649,0.30762,0.19165,0.153,1.008,0.092,ergonomis
SUBJ007,nisa,2026-05-23,13:23:43.911000,1426163367.0,1072911.0,1.07227,-0.02148,-0.02539,1.405,1.214,-0.435,0.89624,0.31348,0.18774,0.015,6.244,-1.947,ergonomis
SUBJ007,nisa,2026-05-23,13:23:43.111000,1426162567.0,1073111.0,1.07568,-0.00122,-0.02271,3.137,1.122,-2.794,0.89453,0.3186,0.19849,0.786,6.359,-0.695,ergonomis
SUBJ007,nisa,2026-05-23,13:23:44.311000,1426163767.0,1073311.0,1.06421,0.00269,-0.01514,-0.832,2.0,-0.221,0.90381,0.32471,0.21729,-1.687,2.053,1.664,ergonomis
SUBJ007,nisa,2026-05-23,13:23:44.511000,1426163967.0,1073511.0,1.06738,-0.00244,-0.02393,-2.359,2.71,-1.145,0.90698,0.3125,0.22168,-1.275,0.542,3.198,ergonomis
SUBJ007,nisa,2026-05-23,13:23:44.711000,1426164167.0,1073711.0,1.05859,-0.00244,-0.01953,-3.191,1.16,1.29,0.90869,0.3125,0.21265,-0.924,3.45,1.298,ergonomis
SUBJ007,nisa,2026-05-23,13:23:44.911000,1426164367.0,1073911.0,1.07056,-0.0083,-0.00806,-2.603,0.206,0.641,0.90698,0.30981,0.22559,-0.916,2.443,0.29,ergonomis
SUBJ007,nisa,2026-05-23,13:23:44.111000,1426163567.0,1074111.0,1.06274,-0.00342,-0.01807,-1.244,-1.504,0.023,0.90332,0.31494,0.22266,-0.58,1.809,1.802,ergonomis
SUBJ007,nisa,2026-05-23,13:23:45.311000,1426164767.0,1074311.0,1.07178,-0.00635,-0.01855,-3.122,1.366,0.214,0.90161,0.3103,0.22144,-1.328,-1.305,0.641,ergonomis
SUBJ007,nisa,2026-05-23,13:23:45.511000,1426164967.0,1074511.0,1.06494,-0.00488,-0.01929,1.382,-1.26,-0.672,0.90527,0.31445,0.21777,-1.176,1.748,1.069,ergonomis
SUBJ007,nisa,2026-05-23,13:23:45.711000,1426165167.0,1074711.0,1.05908,-0.00366,-0.01392,0.977,0.336,-0.252,0.89478,0.31836,0.23486,-0.649,1.794,0.305,ergonomis
SUBJ007,nisa,2026-05-23,13:23:45.911000,1426165367.0,1074911.0,1.05933,0.00317,-0.00586,-0.779,-0.733,-0.511,0.90698,0.32104,0.22046,-1.641,-0.427,2.099,ergonomis
SUBJ007,nisa,2026-05-23,13:23:45.111000,1426164567.0,1075111.0,1.05981,-0.00732,-0.01099,-1.985,0.908,0.229,0.90527,0.32495,0.22241,-0.855,0.168,1.122,ergonomis
SUBJ007,nisa,2026-05-23,13:23:46.311000,1426165767.0,1075311.0,1.06519,-0.00244,-0.01245,-0.641,0.832,0.214,0.90308,0.32373,0.22021,-0.962,2.13,1.473,ergonomis
SUBJ007,nisa,2026-05-23,13:23:46.511000,1426165967.0,1075511.0,1.06567,0.00732,-0.00732,-0.649,1.817,-0.16,0.90137,0.31665,0.22144,-2.214,1.74,2.45,ergonomis
SUBJ007,nisa,2026-05-23,13:23:46.711000,1426166167.0,1075711.0,1.05884,-0.00464,-0.00146,-2.26,1.13,-0.221,0.90405,0.31104,0.23413,-1.557,1.58,1.756,ergonomis
SUBJ007,nisa,2026-05-23,13:23:46.911000,1426166367.0,1075911.0,1.06104,-0.00195,-0.00854,-1.115,1.55,-0.298,0.91138,0.31763,0.23242,-1.038,0.832,1.137,ergonomis
SUBJ007,nisa,2026-05-23,13:23:46.111000,1426165567.0,1076111.0,1.06177,0.00293,-0.021,-3.687,1.046,-0.55,0.91406,0.32202,0.22925,-1.26,-1.672,1.313,ergonomis
SUBJ007,nisa,2026-05-23,13:23:47.311000,1426166767.0,1076311.0,1.06104,0.00073,-0.0166,-0.977,-1.802,-0.725,0.90601,0.32007,0.22119,-1.153,1.397,0.229,ergonomis
SUBJ007,nisa,2026-05-23,13:23:47.511000,1426166967.0,1076511.0,1.06592,0.00098,-0.0105,-0.13,-1.153,-0.313,0.90503,0.31738,0.23315,0.191,2.168,0.092,ergonomis
SUBJ007,nisa,2026-05-23,13:23:47.711000,1426167167.0,1076711.0,1.06787,-0.00488,-0.00488,-1.817,1.511,-0.87,0.9082,0.323,0.22461,-0.328,1.42,0.198,ergonomis
SUBJ007,nisa,2026-05-23,13:23:47.911000,1426167367.0,1076911.0,1.06079,0.00122,-0.00854,-0.267,0.122,-0.275,0.90332,0.32251,0.22705,-1.084,3.0,0.198,ergonomis
SUBJ007,nisa,2026-05-23,13:23:47.111000,1426166567.0,1077111.0,1.06104,0.01147,0.00781,-2.145,-0.58,-1.168,0.89697,0.3291,0.2312,-1.695,1.855,2.191,ergonomis
SUBJ007,nisa,2026-05-23,13:23:48.311000,1426167767.0,1077311.0,1.05811,0.00366,0.00195,-1.893,0.427,-0.115,0.89893,0.32813,0.23438,-0.855,1.641,1.443,ergonomis
SUBJ007,nisa,2026-05-23,13:23:48.511000,1426167967.0,1077511.0,1.05933,0.00732,-0.00757,-1.664,-0.771,0.16,0.9021,0.32788,0.24878,-1.0,0.412,1.466,ergonomis
SUBJ007,nisa,2026-05-23,13:23:48.711000,1426168167.0,1077711.0,1.06616,0.00757,-0.00269,-2.115,0.344,0.099,0.90527,0.33179,0.24023,-0.771,0.305,1.756,ergonomis
SUBJ007,nisa,2026-05-23,13:23:48.911000,1426168367.0,1077911.0,1.06885,0.00098,-0.00854,-0.412,-0.473,0.115,0.90723,0.32324,0.23242,-0.656,1.901,1.198,ergonomis
SUBJ007,nisa,2026-05-23,13:23:48.111000,1426167567.0,1078111.0,1.05835,0.00024,-0.00928,-1.832,-0.504,0.321,0.89893,0.32715,0.24048,-1.237,3.046,1.977,ergonomis
SUBJ007,nisa,2026-05-23,13:23:49.311000,1426168767.0,1078311.0,1.06104,0.00464,-0.00854,-0.756,-1.87,-1.557,0.91406,0.33081,0.24146,-1.374,1.626,4.351,ergonomis
SUBJ007,nisa,2026-05-23,13:23:49.511000,1426168967.0,1078511.0,1.07056,0.00195,-0.01953,-0.084,-0.229,-0.313,0.90332,0.31763,0.23999,-1.038,2.038,2.221,ergonomis
SUBJ007,nisa,2026-05-23,13:23:49.711000,1426169167.0,1078711.0,1.07007,0.01172,-0.01367,-0.748,-0.802,0.252,0.90649,0.31714,0.24438,-0.779,0.702,0.427,ergonomis
SUBJ007,nisa,2026-05-23,13:23:49.911000,1426169367.0,1078911.0,1.06177,0.00977,-0.01904,-2.45,0.855,0.275,0.9043,0.32935,0.24365,-1.191,0.13,1.802,ergonomis
SUBJ007,nisa,2026-05-23,13:23:49.111000,1426168567.0,1079111.0,1.06006,0.00513,-0.01343,-0.718,-0.359,-0.313,0.91333,0.31592,0.23364,-1.275,0.626,1.183,ergonomis
SUBJ007,nisa,2026-05-23,13:23:50.311000,1426169767.0,1079311.0,1.05249,0.00269,-0.01636,-3.588,3.122,-0.557,0.9082,0.32227,0.24243,-0.504,1.641,1.069,non-ergonomis
SUBJ007,nisa,2026-05-23,13:23:50.511000,1426169967.0,1079511.0,1.05786,0.00366,-0.00586,-1.588,0.198,-0.649,0.91162,0.32764,0.23535,-1.137,0.374,1.183,non-ergonomis
SUBJ007,nisa,2026-05-23,13:23:50.711000,1426170167.0,1079711.0,1.06177,0.00757,-0.01538,-0.87,-1.038,-0.534,0.90991,0.32861,0.24438,-0.878,0.595,1.191,non-ergonomis
SUBJ007,nisa,2026-05-23,13:23:50.911000,1426170367.0,1079911.0,1.06152,0.0061,-0.00977,-0.443,-0.374,-0.542,0.90918,0.32495,0.23071,-0.832,1.527,0.756,non-ergonomis
SUBJ007,nisa,2026-05-23,13:23:50.111000,1426169567.0,1080111.0,1.07178,0.01831,-0.02173,0.809,9.061,0.611,0.91724,0.30762,0.29297,-6.58,13.908,0.595,non-ergonomis
SUBJ007,nisa,2026-05-23,13:23:51.311000,1426170767.0,1080311.0,1.03101,-0.00342,0.10327,-10.618,42.794,4.557,0.88696,0.26147,0.37085,6.679,25.603,-4.397,non-ergonomis
SUBJ007,nisa,2026-05-23,13:23:51.511000,1426170967.0,1080511.0,1.00415,0.00488,0.32275,2.55,37.809,5.183,0.98291,0.32642,0.35327,-7.893,21.107,10.931,non-ergonomis
SUBJ007,nisa,2026-05-23,13:23:51.711000,1426171167.0,1080711.0,0.96411,0.00049,0.24609,-0.885,-8.542,0.099,0.93457,0.27295,0.42334,5.168,-7.672,-4.198,non-ergonomis
SUBJ007,nisa,2026-05-23,13:23:51.911000,1426171367.0,1080911.0,0.96045,-0.01514,0.29443,-0.374,3.031,0.244,0.9397,0.27246,0.39941,0.389,0.84,0.573,non-ergonomis
SUBJ007,nisa,2026-05-23,13:23:51.111000,1426170567.0,1081111.0,0.95947,-0.01489,0.27881,-1.786,-0.427,-0.282,0.93848,0.28223,0.40063,,-0.038,0.618,non-ergonomis
SUBJ007,nisa,2026-05-23,13:23:52.311000,1426171767.0,1081311.0,0.96484,-0.00586,0.28857,-2.092,-0.16,-0.145,0.93115,0.27954,0.40039,-0.87,0.893,1.672,non-ergonomis
SUBJ007,nisa,2026-05-23,13:23:52.511000,1426171967.0,1081511.0,0.96802,-0.0083,0.27905,-3.031,-0.015,-0.565,0.93555,0.27734,0.40454,-0.718,0.099,2.336,non-ergonomis
SUBJ007,nisa,2026-05-23,13:23:52.711000,1426172167.0,1081711.0,0.96631,-0.01099,0.28687,-1.473,1.458,0.58,0.93701,0.27002,0.39917,-1.679,1.359,1.695,non-ergonomis
SUBJ007,nisa,2026-05-23,13:23:52.911000,1426172367.0,1081911.0,0.96411,-0.00781,0.28564,-1.573,0.344,-0.573,0.93896,0.271,0.40405,-1.0,0.198,1.244,non-ergonomis
SUBJ007,nisa,2026-05-23,13:23:52.111000,1426171567.0,1082111.0,0.9585,-0.01172,0.2959,-1.481,-1.015,-0.656,0.93848,0.27466,0.40259,-0.275,-0.626,-0.176,non-ergonomis
SUBJ007,nisa,2026-05-23,13:23:53.311000,1426172767.0,1082311.0,0.97168,-0.00757,0.2771,-1.275,-1.26,-1.046,0.9397,0.28149,0.38013,-0.588,-0.405,0.145,non-ergonomis
SUBJ007,nisa,2026-05-23,13:23:53.511000,1426172967.0,1082511.0,0.9812,0.00073,0.27026,-2.26,-0.168,-0.733,0.93408,0.28467,0.38257,-1.458,0.641,1.725,non-ergonomis
SUBJ007,nisa,2026-05-23,13:23:53.711000,1426173167.0,1082711.0,0.97998,0.00391,0.27905,-1.595,0.947,0.13,0.93921,0.27661,0.38525,-2.092,1.962,2.183,non-ergonomis
SUBJ007,nisa,2026-05-23,13:23:53.911000,1426173367.0,1082911.0,0.9646,0.00464,0.28271,-2.336,1.229,0.16,0.93237,0.27808,0.39087,-0.603,2.084,1.901,non-ergonomis
SUBJ007,nisa,2026-05-23,13:23:53.111000,1426172567.0,1083111.0,0.9729,-0.00439,0.28369,-2.0,0.519,-0.359,0.93823,0.27368,0.39209,-1.573,1.076,2.16,non-ergonomis
SUBJ007,nisa,2026-05-23,13:23:54.311000,1426173767.0,1083311.0,0.96729,-0.00391,0.27783,-2.076,1.359,0.053,0.94189,0.26489,0.39648,-2.794,3.099,2.55,non-ergonomis
SUBJ007,nisa,2026-05-23,13:23:54.511000,1426173967.0,1083511.0,0.96802,-0.0061,0.28589,-2.198,0.939,-0.504,0.94287,0.27661,0.40112,-1.168,2.954,1.924,non-ergonomis
SUBJ007,nisa,2026-05-23,13:23:54.711000,1426174167.0,1083711.0,0.96533,-0.00586,0.29004,-2.756,2.221,-0.153,0.94092,0.27148,0.40186,-0.931,3.611,2.527,non-ergonomis
SUBJ007,nisa,2026-05-23,13:23:54.911000,1426174367.0,1083911.0,0.96411,-0.00854,0.29932,-1.595,2.947,0.145,0.93701,0.26733,0.42163,-2.023,2.702,2.443,non-ergonomis
SUBJ007,nisa,2026-05-23,13:23:54.111000,1426173567.0,1084111.0,0.95752,-0.01221,0.31055,-0.557,1.641,-0.511,0.93823,0.26685,0.41089,-0.099,1.351,0.908,non-ergonomis
SUBJ007,nisa,2026-05-23,13:23:55.311000,1426174767.0,1084311.0,0.95605,-0.00415,0.30029,-1.084,-0.038,-0.26,0.94116,0.26831,0.41187,-0.191,1.191,0.344,non-ergonomis
SUBJ007,nisa,2026-05-23,13:23:55.511000,1426174967.0,1084511.0,0.96021,-0.00415,0.30103,-1.13,0.145,-1.023,0.93896,0.26343,0.41357,-1.481,-0.634,1.153,non-ergonomis
SUBJ007,nisa,2026-05-23,13:23:55.711000,1426175167.0,1084711.0,0.96411,-0.00513,0.29712,-1.863,0.275,-0.115,0.94263,0.26733,0.4043,-0.145,0.466,0.328,non-ergonomis
SUBJ007,nisa,2026-05-23,13:23:55.911000,1426175367.0,1084911.0,0.95557,-0.00537,0.30591,-2.023,0.13,-0.313,0.93994,0.27734,0.41284,-1.595,0.901,1.656,non-ergonomis
SUBJ007,nisa,2026-05-23,13:23:55.111000,1426174567.0,1085111.0,0.96021,0.00293,0.30518,-2.534,-0.389,-0.191,0.94165,0.26929,0.40991,-1.557,0.405,1.947,non-ergonomis
SUBJ007,nisa,2026-05-23,13:23:56.311000,1426175767.0,1085311.0,0.9563,-0.0022,0.29492,-1.565,0.313,0.153,0.94238,0.27002,0.41016,-1.649,1.13,1.542,non-ergonomis
SUBJ007,nisa,2026-05-23,13:23:56.511000,1426175967.0,1085511.0,0.95728,-0.00391,0.29517,-1.634,0.527,0.076,0.94116,0.26636,0.42407,-0.939,1.099,1.511,non-ergonomis
SUBJ007,nisa,2026-05-23,13:23:56.711000,1426176167.0,1085711.0,0.96216,-0.00415,0.3064,-2.0,0.366,-0.55,0.9397,0.26782,0.41064,-1.328,1.145,1.214,non-ergonomis
SUBJ007,nisa,2026-05-23,13:23:56.911000,1426176367.0,1085911.0,0.95435,-0.00928,0.29688,-1.443,0.511,-0.611,0.93604,0.26611,0.41235,-1.16,0.962,1.176,non-ergonomis
SUBJ007,nisa,2026-05-23,13:23:56.111000,1426175567.0,1086111.0,0.96606,-0.00415,0.30566,-1.71,0.42,-0.74,0.94629,0.26563,0.41675,-1.542,1.771,1.351,non-ergonomis
SUBJ007,nisa,2026-05-23,13:23:57.311000,1426176767.0,1086311.0,0.95752,0.0022,0.2981,-1.458,0.053,-0.84,0.94409,0.26782,0.42334,-0.115,1.046,0.527,non-ergonomis
SUBJ007,nisa,2026-05-23,13:23:57.511000,1426176967.0,1086511.0,0.95825,0.00415,0.30273,-1.786,-0.099,-0.435,0.94141,0.26978,0.41602,0.153,0.893,0.359,non-ergonomis
SUBJ007,nisa,2026-05-23,13:23:57.711000,1426177167.0,1086711.0,0.95459,0.00928,0.29297,-0.786,0.504,-0.374,0.94019,0.27124,0.41455,-0.435,0.992,1.069,non-ergonomis
SUBJ007,nisa,2026-05-23,13:23:57.911000,1426177367.0,1086911.0,0.96216,0.00952,0.30005,-0.947,0.389,-0.382,0.94702,0.26831,0.40527,-1.931,1.527,1.565,non-ergonomis
SUBJ007,nisa,2026-05-23,13:23:57.111000,1426176567.0,1087111.0,0.96069,0.00049,0.30103,-1.527,0.534,-0.115,0.93823,0.27124,0.41553,-0.649,1.374,0.977,non-ergonomis
SUBJ007,nisa,2026-05-23,13:23:58.311000,1426177767.0,1087311.0,0.9624,0.00684,0.29272,-1.481,0.252,-0.641,0.94116,0.2749,0.41309,-0.099,0.985,1.282,non-ergonomis
SUBJ007,nisa,2026-05-23,13:23:58.511000,1426177967.0,1087511.0,0.95752,0.00757,0.29614,-1.924,0.145,-0.13,0.94385,0.27686,0.40698,-1.542,0.802,1.664,non-ergonomis
SUBJ007,nisa,2026-05-23,13:23:58.711000,1426178167.0,1087711.0,0.95361,0.0022,0.29492,-1.969,0.122,-0.145,0.93042,0.27734,0.42285,-1.725,0.664,1.679,non-ergonomis
SUBJ007,nisa,2026-05-23,13:23:58.911000,1426178367.0,1087911.0,0.96191,0.00537,0.29736,-1.382,0.443,-0.015,0.93555,0.27539,0.40967,-0.885,0.878,1.252,non-ergonomis
SUBJ007,nisa,2026-05-23,13:23:58.111000,1426177567.0,1088111.0,0.95898,0.01099,0.29858,-1.916,0.496,-0.206,0.94165,0.27417,0.41284,-1.298,0.74,1.565,non-ergonomis
SUBJ007,nisa,2026-05-23,13:23:59.311000,1426178767.0,1088311.0,0.95386,0.00464,0.30103,-1.977,0.45,-0.244,0.93726,0.26489,0.40771,0.092,0.275,0.863,non-ergonomis
SUBJ007,nisa,2026-05-23,13:23:59.511000,1426178967.0,1088511.0,0.95142,0.00244,0.302,-1.695,0.71,0.137,0.94727,0.27002,0.40625,-1.069,1.0,1.611,non-ergonomis
SUBJ007,nisa,2026-05-23,13:23:59.711000,1426179167.0,1088711.0,0.95703,0.00415,0.30151,-1.74,0.458,-0.252,0.94263,0.27319,0.40967,-1.344,0.756,1.695,non-ergonomis
SUBJ007,nisa,2026-05-23,13:23:59.911000,1426179367.0,1088911.0,0.96143,0.00903,0.30371,-1.786,0.489,-0.542,0.94507,0.26978,0.41431,-1.008,1.198,1.214,non-ergonomis
SUBJ007,nisa,2026-05-23,13:23:59.111000,1426178567.0,1089111.0,0.96069,0.00708,0.31299,-1.237,1.351,-0.473,0.93481,0.27051,0.41162,0.382,1.115,1.076,non-ergonomis
SUBJ007,nisa,2026-05-23,13:24:00.311000,1426179767.0,1089311.0,0.95313,0.01025,0.30029,-1.389,0.511,-0.412,0.94043,0.27588,0.4104,-1.008,1.443,1.191,ergonomis
SUBJ007,nisa,2026-05-23,13:24:00.511000,1426179967.0,1089511.0,0.95728,0.01001,0.30762,-2.031,0.061,-0.427,0.93457,0.26929,0.41675,0.397,1.16,0.878,ergonomis
SUBJ007,nisa,2026-05-23,13:24:00.711000,1426180167.0,1089711.0,0.95679,0.01001,0.29053,-3.305,-6.321,0.008,0.94067,0.29077,0.37158,3.031,1.137,2.748,ergonomis
SUBJ007,nisa,2026-05-23,13:24:00.911000,1426180367.0,1089911.0,1.00049,0.00781,0.25024,-2.511,-32.656,-0.794,0.92651,0.29517,0.36646,8.557,-11.282,-4.847,ergonomis
SUBJ007,nisa,2026-05-23,13:24:00.111000,1426179567.0,1090111.0,1.01465,-0.00854,0.11401,5.878,-36.252,-5.687,0.90234,0.29956,0.34644,8.023,-18.221,-7.878,ergonomis
SUBJ007,nisa,2026-05-23,13:24:01.311000,1426180767.0,1090311.0,1.08691,0.03613,0.02759,-9.794,-10.595,-3.122,0.8999,0.31445,0.26587,-4.771,-11.29,4.038,ergonomis
SUBJ007,nisa,2026-05-23,13:24:01.511000,1426180967.0,1090511.0,1.05762,0.01831,0.00903,-10.183,-6.725,0.351,0.89844,0.30981,0.23877,-2.939,-6.519,3.069,ergonomis
SUBJ007,nisa,2026-05-23,13:24:01.711000,1426181167.0,1090711.0,1.06592,0.01953,-0.0249,-2.145,-3.771,-3.206,0.89233,0.30371,0.20972,-0.481,-2.557,4.313,ergonomis
SUBJ007,nisa,2026-05-23,13:24:01.911000,1426181367.0,1090911.0,1.05664,0.03833,-0.02661,1.771,-0.832,,0.9043,0.30957,0.22021,-1.038,3.458,-3.466,ergonomis
SUBJ007,nisa,2026-05-23,13:24:01.111000,1426180567.0,1091111.0,1.0752,0.04004,-0.01514,3.565,-3.71,2.771,0.89795,0.3335,0.23999,2.359,6.397,-5.122,ergonomis
SUBJ007,nisa,2026-05-23,13:24:02.311000,1426181767.0,1091311.0,1.05396,0.03101,-0.02417,-4.153,-0.519,2.321,0.89893,0.34424,0.23267,-0.145,-2.16,-1.42,ergonomis
SUBJ007,nisa,2026-05-23,13:24:02.511000,1426181967.0,1091511.0,1.06177,0.01416,-0.0249,-2.382,1.351,1.702,0.88721,0.34961,0.22607,-0.092,-2.046,-0.634,ergonomis
SUBJ007,nisa,2026-05-23,13:24:02.711000,1426182167.0,1091711.0,1.06909,0.01147,-0.02905,-3.221,-0.565,-0.321,0.8916,0.35303,0.21289,-0.656,-1.573,0.397,ergonomis
SUBJ007,nisa,2026-05-23,13:24:02.911000,1426182367.0,1091911.0,1.06128,0.01929,-0.02148,-2.504,1.336,0.366,0.88794,0.35205,0.20557,-0.489,-0.16,0.878,ergonomis
SUBJ007,nisa,2026-05-23,13:24:02.111000,1426181567.0,1092111.0,1.06763,0.02588,-0.02612,-2.542,0.832,-0.176,0.88696,0.36353,0.20581,-0.489,0.321,1.74,ergonomis
SUBJ007,nisa,2026-05-23,13:24:03.311000,1426182767.0,1092311.0,1.06714,0.00684,-0.02612,-0.542,-0.015,0.229,0.89014,0.3623,0.19849,-0.733,1.832,1.794,ergonomis
SUBJ007,nisa,2026-05-23,13:24:03.511000,1426182967.0,1092511.0,1.06372,0.0166,-0.02246,-0.679,0.542,-0.145,0.8894,0.35962,0.20239,-1.458,2.076,2.947,ergonomis
SUBJ007,nisa,2026-05-23,13:24:03.711000,1426183167.0,1092711.0,1.05835,0.01489,-0.02222,-2.214,1.008,-0.053,0.89429,0.35352,0.21558,-1.954,1.618,2.321,ergonomis
SUBJ007,nisa,2026-05-23,13:24:03.911000,1426183367.0,1092911.0,1.06201,0.01318,-0.02197,-2.137,0.939,0.023,0.8999,0.35449,0.2085,-1.802,1.298,1.962,ergonomis
SUBJ007,nisa,2026-05-23,13:24:03.111000,1426182567.0,1093111.0,1.07471,0.00757,-0.0166,-1.885,1.702,0.115,0.89648,0.34717,0.21899,-1.626,1.901,1.817,ergonomis
SUBJ007,nisa,2026-05-23,13:24:04.311000,1426183767.0,1093311.0,1.05981,0.01123,-0.01001,-1.573,1.626,0.344,0.8877,0.33667,0.21509,-1.473,0.687,2.115,ergonomis
SUBJ007,nisa,2026-05-23,13:24:04.511000,1426183967.0,1093511.0,1.05688,0.00952,-0.00854,-1.0,0.511,0.069,0.88843,0.3457,0.22046,-1.282,0.885,2.107,ergonomis
SUBJ007,nisa,2026-05-23,13:24:04.711000,1426184167.0,1093711.0,1.06567,0.0022,-0.0127,-1.748,-0.252,-0.366,0.89185,0.34277,0.21753,-0.244,0.916,1.115,ergonomis
SUBJ007,nisa,2026-05-23,13:24:04.911000,1426184367.0,1093911.0,1.06812,0.01367,-0.01318,-2.878,0.198,-0.115,0.89209,0.34668,0.21802,-0.916,0.588,1.069,ergonomis
SUBJ007,nisa,2026-05-23,13:24:04.111000,1426183567.0,1094111.0,1.06104,0.01489,-0.01025,-0.794,0.16,-0.511,0.8938,0.34888,0.21167,-0.099,0.198,0.634,ergonomis
SUBJ007,nisa,2026-05-23,13:24:05.311000,1426184767.0,1094311.0,1.06323,0.00903,-0.01123,-2.412,1.221,0.107,0.89209,0.35645,0.21167,-1.412,1.0,1.122,ergonomis
SUBJ007,nisa,2026-05-23,13:24:05.511000,1426184967.0,1094511.0,1.06592,0.01392,-0.01343,-1.328,-0.183,-0.26,0.88989,0.35059,0.22217,-2.038,1.321,1.565,ergonomis
SUBJ007,nisa,2026-05-23,13:24:05.711000,1426185167.0,1094711.0,1.06323,0.01245,-0.01733,-1.969,0.511,0.061,0.89209,0.34473,0.21704,-1.122,0.763,1.168,ergonomis
SUBJ007,nisa,2026-05-23,13:24:05.911000,1426185367.0,1094911.0,1.06348,0.00732,-0.01538,-1.496,0.481,-0.244,0.89893,0.35229,0.21777,-0.603,1.496,1.008,ergonomis
SUBJ007,nisa,2026-05-23,13:24:05.111000,1426184567.0,1095111.0,1.07031,0.00854,-0.01782,-1.931,-0.176,-0.42,0.8877,0.3501,0.22266,-0.771,1.122,1.351,ergonomis
SUBJ007,nisa,2026-05-23,13:24:06.311000,1426185767.0,1095311.0,1.06299,0.0127,-0.02563,-1.26,-0.687,-0.855,0.89307,0.34033,0.21216,-0.977,0.58,1.557,ergonomis
SUBJ007,nisa,2026-05-23,13:24:06.511000,1426185967.0,1095511.0,1.06323,0.02661,-0.01855,-1.305,-0.42,-1.076,0.89453,0.34888,0.21826,-0.542,0.656,1.962,ergonomis
SUBJ007,nisa,2026-05-23,13:24:06.711000,1426186167.0,1095711.0,1.05688,0.01782,-0.02026,-1.649,-0.481,-0.855,0.89331,0.3479,0.21289,-1.198,0.985,1.954,ergonomis
SUBJ007,nisa,2026-05-23,13:24:06.911000,1426186367.0,1095911.0,1.06226,0.02051,-0.03296,-1.962,0.626,-0.115,0.88501,0.34448,0.22046,-1.702,0.084,1.42,ergonomis
SUBJ007,nisa,2026-05-23,13:24:06.111000,1426185567.0,1096111.0,1.06177,0.02539,-0.02295,-3.924,1.969,-0.313,0.89185,0.34473,0.21436,-0.275,-0.397,0.985,ergonomis
SUBJ007,nisa,2026-05-23,13:24:07.311000,1426186767.0,1096311.0,1.06396,0.02661,-0.01611,-1.588,0.244,-0.244,0.8894,0.34717,0.20703,-1.107,0.908,1.015,ergonomis
SUBJ007,nisa,2026-05-23,13:24:07.511000,1426186967.0,1096511.0,1.05396,0.01904,-0.01538,-2.099,0.504,-0.023,0.89575,0.34375,0.2085,0.115,1.42,0.305,ergonomis
SUBJ007,nisa,2026-05-23,13:24:07.711000,1426187167.0,1096711.0,1.06714,0.01807,-0.00854,-1.168,0.336,-0.107,0.89502,0.35059,0.20874,0.076,1.29,0.473,ergonomis
SUBJ007,nisa,2026-05-23,13:24:07.911000,1426187367.0,1096911.0,1.07202,0.02295,-0.01831,-1.649,-0.038,-0.191,0.89185,0.35156,0.2085,-0.725,1.008,1.282,ergonomis
SUBJ007,nisa,2026-05-23,13:24:07.111000,1426186567.0,1097111.0,1.05981,0.02759,-0.01196,-1.939,0.206,-0.084,0.89136,0.35449,0.20947,-0.809,1.496,1.267,ergonomis
SUBJ007,nisa,2026-05-23,13:24:08.311000,1426187767.0,1097311.0,1.06567,0.02856,-0.01245,-1.176,0.076,-0.038,0.88989,0.35059,0.20532,-0.13,1.252,0.573,ergonomis
SUBJ007,nisa,2026-05-23,13:24:08.511000,1426187967.0,1097511.0,1.0708,0.02075,-0.02222,-2.145,0.618,-0.427,0.89087,0.35303,0.20264,-0.107,0.962,1.252,ergonomis
SUBJ007,nisa,2026-05-23,13:24:08.711000,1426188167.0,1097711.0,1.05811,0.02368,-0.01416,-1.771,1.305,-0.229,0.89014,0.34717,0.21143,-1.466,1.031,1.954,ergonomis
SUBJ007,nisa,2026-05-23,13:24:08.911000,1426188367.0,1097911.0,1.06421,0.02563,-0.01025,-1.267,,-0.366,0.89551,0.34766,0.20483,-0.893,0.473,1.267,ergonomis
SUBJ007,nisa,2026-05-23,13:24:08.111000,1426187567.0,1098111.0,1.05664,0.02246,-0.01538,-1.939,0.649,0.008,0.89063,0.34741,0.20361,-1.298,1.168,1.947,ergonomis
SUBJ007,nisa,2026-05-23,13:24:09.311000,1426188767.0,1098311.0,1.05957,0.01929,-0.0144,-0.58,-0.382,-0.122,0.89038,0.35352,0.2124,-0.298,1.893,1.588,ergonomis
SUBJ007,nisa,2026-05-23,13:24:09.511000,1426188967.0,1098511.0,1.07202,0.02051,-0.02002,-1.779,0.42,-0.229,0.89209,0.34302,0.21484,-1.282,1.244,1.656,ergonomis
SUBJ007,nisa,2026-05-23,13:24:09.711000,1426189167.0,1098711.0,1.0625,0.02051,-0.01807,-0.855,0.29,0.191,0.89282,0.35474,0.2041,-0.885,1.565,1.214,ergonomis
SUBJ007,nisa,2026-05-23,13:24:09.911000,1426189367.0,1098911.0,1.06421,0.02222,-0.03076,-1.252,-0.282,-0.351,0.89307,0.3457,0.2085,-0.427,2.191,1.962,ergonomis
SUBJ007,nisa,2026-05-23,13:24:09.111000,1426188567.0,1099111.0,1.06445,0.01392,-0.02979,-0.855,-0.13,-0.023,0.89941,0.3396,0.20947,-0.389,1.863,1.733,ergonomis
SUBJ007,nisa,2026-05-23,13:24:10.311000,1426189767.0,1099311.0,1.06421,0.02002,-0.02832,-2.626,0.099,0.267,0.90259,0.33765,0.20972,-0.733,0.527,1.313,non-ergonomis
SUBJ007,nisa,2026-05-23,13:24:10.511000,1426189967.0,1099511.0,1.05737,0.01587,-0.021,-2.16,1.496,0.382,0.89063,0.34741,0.21826,-1.603,0.405,1.542,non-ergonomis
SUBJ007,nisa,2026-05-23,13:24:10.711000,1426190167.0,1099711.0,1.06836,0.01392,-0.00952,-2.382,4.977,0.687,0.8877,0.34741,0.21729,-3.137,2.527,2.229,non-ergonomis
SUBJ007,nisa,2026-05-23,13:24:10.911000,1426190367.0,1099911.0,1.05811,0.01221,-0.00464,8.405,9.069,2.176,0.89697,0.35205,0.23413,-1.809,16.397,-1.664,non-ergonomis
SUBJ007,nisa,2026-05-23,13:24:10.111000,1426189567.0,1100111.0,1.0835,0.02246,0.03125,-4.221,26.298,-2.13,0.91577,0.29004,0.32324,-8.275,10.656,8.939,non-ergonomis
SUBJ007,nisa,2026-05-23,13:24:11.311000,1426190767.0,1100311.0,0.9729,0.05664,0.25854,-12.458,61.397,8.313,0.97461,0.30957,0.34888,-15.725,35.473,21.565,non-ergonomis
SUBJ007,nisa,2026-05-23,13:24:11.511000,1426190967.0,1100511.0,0.97144,0.0083,0.24438,1.221,-5.0,2.115,0.92651,0.2749,0.40894,5.321,-14.443,-7.763,non-ergonomis
SUBJ007,nisa,2026-05-23,13:24:11.711000,1426191167.0,1100711.0,0.95239,-0.00781,0.33154,-4.038,4.511,-1.099,0.93066,0.27563,0.39575,-1.916,3.046,2.71,non-ergonomis
SUBJ007,nisa,2026-05-23,13:24:11.911000,1426191367.0,1100911.0,0.96509,0.00439,0.29102,-1.893,-2.58,-1.198,0.92896,0.27148,0.4043,-1.756,1.191,1.71,non-ergonomis
SUBJ007,nisa,2026-05-23,13:24:11.111000,1426190567.0,1101111.0,0.9729,0.01538,0.28711,-1.328,-1.534,-0.115,0.94189,0.27661,0.42065,-0.26,1.672,1.008,non-ergonomis
SUBJ007,nisa,2026-05-23,13:24:12.311000,1426191767.0,1101311.0,0.96899,-0.00293,0.27173,-1.344,-1.603,0.649,0.9375,0.27588,0.41357,0.42,1.756,0.901,non-ergonomis
SUBJ007,nisa,2026-05-23,13:24:12.511000,1426191967.0,1101511.0,0.97607,-0.00122,0.26416,-2.145,-0.725,0.519,0.93164,0.27661,0.41016,0.87,0.695,1.038,non-ergonomis
SUBJ007,nisa,2026-05-23,13:24:12.711000,1426192167.0,1101711.0,0.97412,-0.01172,0.28198,-1.58,-0.244,-0.359,0.93506,0.28564,0.40698,-0.321,1.115,1.145,non-ergonomis
SUBJ007,nisa,2026-05-23,13:24:12.911000,1426192367.0,1101911.0,0.96484,-0.01196,0.27808,-1.412,0.969,-0.489,0.93726,0.2832,0.40283,-0.679,0.924,1.031,non-ergonomis
SUBJ007,nisa,2026-05-23,13:24:12.111000,1426191567.0,1102111.0,0.96729,0.00391,0.27856,-2.489,0.336,-0.099,0.94214,0.27954,0.4043,-0.893,1.397,1.336,non-ergonomis
SUBJ007,nisa,2026-05-23,13:24:13.311000,1426192767.0,1102311.0,0.96436,-0.00781,0.28198,-1.74,0.863,0.298,0.93774,0.28223,0.40527,-1.435,1.344,1.626,non-ergonomis
SUBJ007,nisa,2026-05-23,13:24:13.511000,1426192967.0,1102511.0,0.97583,-0.00586,0.28491,-1.611,0.718,-0.038,0.93848,0.27881,0.41479,-1.252,0.809,1.466,non-ergonomis
SUBJ007,nisa,2026-05-23,13:24:13.711000,1426193167.0,1102711.0,0.96875,-0.0083,0.28369,-2.031,0.458,-0.229,0.93896,0.28076,0.41016,-1.427,1.359,1.45,non-ergonomis
SUBJ007,nisa,2026-05-23,13:24:13.911000,1426193367.0,1102911.0,0.96924,-0.00366,0.28906,-2.107,0.649,-0.344,0.93237,0.28638,0.40796,-0.954,0.733,1.42,non-ergonomis
SUBJ007,nisa,2026-05-23,13:24:13.111000,1426192567.0,1103111.0,0.97266,-0.0127,0.28027,-2.305,0.84,-0.359,0.93457,0.28711,0.41187,-2.023,1.359,1.626,non-ergonomis
SUBJ007,nisa,2026-05-23,13:24:14.311000,1426193767.0,1103311.0,0.96875,-0.00659,0.28857,-1.962,-0.107,-0.763,0.94385,0.26563,0.43799,-1.557,1.733,1.58,non-ergonomis
SUBJ007,nisa,2026-05-23,13:24:14.511000,1426193967.0,1103511.0,0.96875,0.00024,0.27393,-1.527,0.328,-0.206,0.93848,0.28198,0.40869,-1.237,1.008,1.344,non-ergonomis
SUBJ007,nisa,2026-05-23,13:24:14.711000,1426194167.0,1103711.0,0.96606,-0.00122,0.28711,-1.908,0.611,-0.137,0.94019,0.28296,0.4043,-1.206,1.191,1.542,non-ergonomis
SUBJ007,nisa,2026-05-23,13:24:14.911000,1426194367.0,1103911.0,0.96948,-0.00732,0.28394,-1.634,,-0.389,0.93872,0.27563,0.40503,-0.893,0.786,1.191,non-ergonomis
SUBJ007,nisa,2026-05-23,13:24:14.111000,1426193567.0,1104111.0,0.96875,-0.00244,0.28247,-1.237,0.519,0.038,0.94263,0.28076,0.40527,-1.427,1.397,1.168,non-ergonomis
SUBJ007,nisa,2026-05-23,13:24:15.311000,1426194767.0,1104311.0,0.96069,-0.00513,0.28149,-1.649,0.122,-0.061,0.93286,0.28027,0.40405,-0.229,1.519,1.191,non-ergonomis
SUBJ007,nisa,2026-05-23,13:24:15.511000,1426194967.0,1104511.0,0.9585,0.00928,0.27954,-1.656,-0.115,-0.176,0.94165,0.27466,0.3938,-0.076,0.763,1.122,non-ergonomis
SUBJ007,nisa,2026-05-23,13:24:15.711000,1426195167.0,1104711.0,0.96851,-0.00269,0.28271,-1.504,0.13,-0.015,0.9353,0.27686,0.39795,-0.328,1.389,1.336,non-ergonomis
SUBJ007,nisa,2026-05-23,13:24:15.911000,1426195367.0,1104911.0,0.96606,0.00024,0.27246,-1.756,0.046,-0.16,0.93237,0.27832,0.39966,0.16,0.435,0.824,non-ergonomis
SUBJ007,nisa,2026-05-23,13:24:15.111000,1426194567.0,1105111.0,0.97119,-0.00537,0.28271,-1.603,0.55,-0.092,0.93384,0.2749,0.4021,0.542,0.763,1.344,non-ergonomis
SUBJ007,nisa,2026-05-23,13:24:16.311000,1426195767.0,1105311.0,0.96997,-0.01147,0.26807,-1.519,0.26,-0.252,0.93628,0.27979,0.4043,-1.649,0.992,1.13,non-ergonomis
SUBJ007,nisa,2026-05-23,13:24:16.511000,1426195967.0,1105511.0,0.97314,0.00317,0.2854,-1.84,0.42,-0.298,0.93164,0.28369,0.40845,-1.435,1.046,1.458,non-ergonomis
SUBJ007,nisa,2026-05-23,13:24:16.711000,1426196167.0,1105711.0,0.96826,0.00464,0.28809,-1.687,0.595,-0.16,0.93677,0.28198,0.40479,-1.672,1.313,1.443,non-ergonomis
SUBJ007,nisa,2026-05-23,13:24:16.911000,1426196367.0,1105911.0,0.97168,0.00537,0.29321,-1.748,0.847,-0.214,0.93286,0.2832,0.40527,-1.13,0.099,1.26,non-ergonomis
SUBJ007,nisa,2026-05-23,13:24:16.111000,1426195567.0,1106111.0,0.96436,0.00293,0.28735,-1.702,0.504,0.481,0.93506,0.28271,0.4104,-1.878,1.763,1.588,non-ergonomis
SUBJ007,nisa,2026-05-23,13:24:17.311000,1426196767.0,1106311.0,0.96753,-0.00049,0.29199,-2.053,0.504,-0.076,0.93896,0.28125,0.40674,-1.237,0.679,1.427,non-ergonomis
SUBJ007,nisa,2026-05-23,13:24:17.511000,1426196967.0,1106511.0,0.96289,-0.00171,0.2854,-1.817,0.489,-0.038,0.93384,0.28003,0.40649,-1.061,1.015,1.366,non-ergonomis
SUBJ007,nisa,2026-05-23,13:24:17.711000,1426197167.0,1106711.0,0.9624,-0.00293,0.28931,-1.702,0.168,0.076,0.93799,0.27466,0.41333,-1.176,0.771,1.405,non-ergonomis
SUBJ007,nisa,2026-05-23,13:24:17.911000,1426197367.0,1106911.0,0.96411,-0.00586,0.28198,-1.29,0.702,-0.16,0.94385,0.28076,0.4043,-1.573,1.198,1.397,non-ergonomis
SUBJ007,nisa,2026-05-23,13:24:17.111000,1426196567.0,1107111.0,0.96826,0.00073,0.28418,-2.069,0.679,-0.115,0.93481,0.27271,0.40967,-0.916,0.802,1.305,non-ergonomis
SUBJ007,nisa,2026-05-23,13:24:18.311000,1426197767.0,1107311.0,0.96851,-0.00366,0.29126,-1.557,0.771,-0.115,0.93652,0.2771,0.40381,-1.053,1.008,1.466,non-ergonomis
SUBJ007,nisa,2026-05-23,13:24:18.511000,1426197967.0,1107511.0,0.95703,-0.00073,0.29224,-1.885,-0.015,-0.275,0.94287,0.28198,0.4165,-0.916,1.16,1.267,non-ergonomis
SUBJ007,nisa,2026-05-23,13:24:18.711000,1426198167.0,1107711.0,0.96411,-0.00586,0.28491,-1.313,0.191,-0.55,0.93384,0.27612,0.4126,0.107,0.84,1.053,non-ergonomis
SUBJ007,nisa,2026-05-23,13:24:18.911000,1426198367.0,1107911.0,0.97021,-0.00781,0.2915,-1.137,0.198,-0.321,0.93506,0.28076,0.39624,-0.382,0.954,1.13,non-ergonomis
SUBJ007,nisa,2026-05-23,13:24:18.111000,1426197567.0,1108111.0,0.9646,0.00513,0.28198,-1.817,-0.16,-0.153,0.93457,0.28442,0.39087,0.221,0.786,1.321,non-ergonomis
SUBJ007,nisa,2026-05-23,13:24:19.311000,1426198767.0,1108311.0,0.96484,0.00098,0.28906,-1.191,0.023,-0.069,0.93555,0.27612,0.40259,-0.893,1.634,1.237,non-ergonomis
SUBJ007,nisa,2026-05-23,13:24:19.511000,1426198967.0,1108511.0,0.97314,-0.00146,0.28662,-2.023,-0.061,-0.252,0.93213,0.2749,0.40454,-0.031,1.107,1.198,non-ergonomis
SUBJ007,nisa,2026-05-23,13:24:19.711000,1426199167.0,1108711.0,0.96948,0.00391,0.28052,-1.885,0.328,-0.084,0.93677,0.28223,0.40967,-1.29,1.069,1.489,non-ergonomis
SUBJ007,nisa,2026-05-23,13:24:19.911000,1426199367.0,1108911.0,0.96802,-0.00122,0.28101,-2.023,0.191,0.023,0.93506,0.28149,0.40308,-1.13,0.466,1.298,non-ergonomis
SUBJ007,nisa,2026-05-23,13:24:19.111000,1426198567.0,1109111.0,0.96729,0.00415,0.28809,-1.252,0.748,-0.122,0.93896,0.28174,0.40308,-1.328,1.099,1.305,non-ergonomis
SUBJ007,nisa,2026-05-23,13:24:20.311000,1426199767.0,1109311.0,0.96802,-0.00269,0.28564,-1.74,0.489,-0.076,0.93262,0.28125,0.40234,-1.076,1.176,1.466,ergonomis
SUBJ007,nisa,2026-05-23,13:24:20.511000,1426199967.0,1109511.0,0.96509,0.00781,0.28955,-2.084,0.466,-0.069,0.93628,0.28491,0.39697,-0.649,0.45,1.473,ergonomis
SUBJ007,nisa,2026-05-23,13:24:20.711000,1426200167.0,1109711.0,0.9668,-0.00171,0.28271,-1.832,0.099,0.206,0.93994,0.28174,0.38989,-1.374,0.344,1.527,ergonomis
SUBJ007,nisa,2026-05-23,13:24:20.911000,1426200367.0,1109911.0,0.97754,-0.00854,0.27515,-2.786,-11.115,0.008,0.9397,0.27319,0.38403,-0.618,-3.969,1.832,ergonomis
SUBJ007,nisa,2026-05-23,13:24:20.111000,1426199567.0,1110111.0,0.9917,-0.00977,0.2439,-2.855,-13.939,0.344,0.93384,0.30078,0.34009,2.58,-0.183,0.496,ergonomis
SUBJ007,nisa,2026-05-23,13:24:21.311000,1426200767.0,1110311.0,0.99561,-0.00098,0.1748,-5.099,-27.534,-2.443,0.93726,0.28491,0.33691,2.733,-20.183,-3.771,ergonomis
SUBJ007,nisa,2026-05-23,13:24:21.511000,1426200967.0,1110511.0,1.03589,0.00366,0.07227,-7.595,-31.443,-2.695,0.92065,0.2937,0.27734,5.58,-21.618,-7.794,ergonomis
SUBJ007,nisa,2026-05-23,13:24:21.711000,1426201167.0,1110711.0,1.05786,0.00195,0.01514,-5.305,-3.412,-0.855,0.90332,0.30469,0.19946,-1.412,-11.191,-2.405,ergonomis
SUBJ007,nisa,2026-05-23,13:24:21.911000,1426201367.0,1110911.0,1.04053,-0.00244,-0.01416,1.412,-3.954,1.893,0.88525,0.33447,0.17749,5.305,-4.504,-7.061,ergonomis
SUBJ007,nisa,2026-05-23,13:24:21.111000,1426200567.0,1111111.0,1.0647,-0.00659,-0.02881,0.412,-1.122,-1.611,0.86719,0.35718,0.16406,1.489,-4.115,-2.687,ergonomis
SUBJ007,nisa,2026-05-23,13:24:22.311000,1426201767.0,1111311.0,1.07861,0.01807,-0.03271,-0.42,-0.718,-1.229,0.86108,0.37231,0.13965,-2.603,0.336,0.802,ergonomis
SUBJ007,nisa,2026-05-23,13:24:22.511000,1426201967.0,1111511.0,1.0625,0.00684,-0.03394,-1.092,-0.511,-0.305,0.86597,0.36206,0.15088,-1.573,2.031,0.931,ergonomis
SUBJ007,nisa,2026-05-23,13:24:22.711000,1426202167.0,1111711.0,1.05225,0.00708,-0.0354,-1.321,1.267,0.13,0.86719,0.36401,0.15112,0.336,-1.122,0.267,ergonomis
SUBJ007,nisa,2026-05-23,13:24:22.911000,1426202367.0,1111911.0,1.06421,0.00317,-0.0354,-2.954,0.092,0.412,0.86865,0.36279,0.15063,-0.481,0.519,0.511,ergonomis
SUBJ007,nisa,2026-05-23,13:24:22.111000,1426201567.0,1112111.0,1.06738,0.01172,-0.03296,-1.321,-1.176,-0.466,0.87549,0.37109,0.14185,-2.023,1.29,1.603,ergonomis
SUBJ007,nisa,2026-05-23,13:24:23.311000,1426202767.0,1112311.0,1.06689,0.00586,-0.04614,-1.435,-2.458,0.305,0.8645,0.36914,0.14771,-2.237,0.901,1.176,ergonomis
SUBJ007,nisa,2026-05-23,13:24:23.511000,1426202967.0,1112511.0,1.06836,0.01343,-0.04541,-2.267,-0.344,-0.328,0.86548,0.37769,0.15332,-1.954,1.427,1.282,ergonomis
SUBJ007,nisa,2026-05-23,13:24:23.711000,1426203167.0,1112711.0,1.06958,0.00781,-0.04248,-2.595,1.183,-0.29,0.87061,0.37427,0.1543,-1.618,0.847,0.992,ergonomis
SUBJ007,nisa,2026-05-23,13:24:23.911000,1426203367.0,1112911.0,1.06982,0.01074,-0.04297,-1.916,0.359,-0.206,0.8623,0.37524,0.15308,-2.13,1.359,0.687,ergonomis
SUBJ007,nisa,2026-05-23,13:24:23.111000,1426202567.0,1113111.0,1.06812,0.00879,-0.05322,-1.687,-0.534,-0.031,0.86865,0.38257,0.15332,-0.855,1.351,1.374,ergonomis
SUBJ007,nisa,2026-05-23,13:24:24.311000,1426203767.0,1113311.0,1.06152,0.00684,-0.04932,-1.725,-0.176,0.038,0.8584,0.37622,0.15601,-0.718,1.137,1.58,ergonomis
SUBJ007,nisa,2026-05-23,13:24:24.511000,1426203967.0,1113511.0,1.05957,0.00415,-0.04614,-2.061,0.863,-0.031,0.87183,0.36279,0.14502,-1.008,1.542,1.573,ergonomis
SUBJ007,nisa,2026-05-23,13:24:24.711000,1426204167.0,1113711.0,1.06519,0.00415,-0.05176,-1.779,0.023,-0.229,0.86255,0.375,0.15234,-0.794,1.351,1.496,ergonomis
SUBJ007,nisa,2026-05-23,13:24:24.911000,1426204367.0,1113911.0,1.06909,0.00635,-0.04492,-2.214,1.534,-0.504,0.86353,0.37646,0.15356,-1.008,1.229,1.588,ergonomis
SUBJ007,nisa,2026-05-23,13:24:24.111000,1426203567.0,1114111.0,1.06201,0.0127,-0.05688,-2.649,1.748,-0.588,0.86475,0.37305,0.1543,0.176,0.824,1.13,ergonomis
SUBJ007,nisa,2026-05-23,13:24:25.311000,1426204767.0,1114311.0,1.06738,0.01465,-0.0481,-2.634,0.641,-0.305,0.86743,0.36377,0.15674,-1.214,0.908,1.466,ergonomis
SUBJ007,nisa,2026-05-23,13:24:25.511000,1426204967.0,1114511.0,1.06592,0.01392,-0.04565,0.046,0.511,0.061,0.86792,0.37402,0.15723,0.176,1.389,0.931,ergonomis
SUBJ007,nisa,2026-05-23,13:24:25.711000,1426205167.0,1114711.0,1.06445,0.01318,-0.03735,-2.618,1.382,0.382,0.86401,0.37866,0.16504,0.031,0.443,1.458,ergonomis
SUBJ007,nisa,2026-05-23,13:24:25.911000,1426205367.0,1114911.0,1.06665,0.00708,-0.04053,-1.794,1.153,0.344,0.86987,0.36841,0.1521,-1.137,1.275,0.977,ergonomis
SUBJ007,nisa,2026-05-23,13:24:25.111000,1426204567.0,1115111.0,1.06641,0.01099,-0.05103,-3.176,1.023,-0.542,0.86011,0.37354,0.15259,-1.366,0.382,1.374,ergonomis
SUBJ007,nisa,2026-05-23,13:24:26.311000,1426205767.0,1115311.0,1.06812,0.01563,-0.04614,-2.443,1.153,-0.26,0.86694,0.37524,0.15234,-1.435,1.26,1.153,ergonomis
SUBJ007,nisa,2026-05-23,13:24:26.511000,1426205967.0,1115511.0,1.06616,0.02051,-0.03369,-1.229,1.656,-0.664,0.86914,0.37939,0.15527,-0.809,1.023,0.55,ergonomis
SUBJ007,nisa,2026-05-23,13:24:26.711000,1426206167.0,1115711.0,1.06836,0.0105,-0.03467,-1.687,-0.198,0.092,0.86206,0.37012,0.15283,-0.947,1.183,1.573,ergonomis
SUBJ007,nisa,2026-05-23,13:24:26.911000,1426206367.0,1115911.0,1.06665,0.01343,-0.0459,-2.153,0.389,0.267,0.86743,0.3689,0.15283,-0.603,0.618,1.878,ergonomis
SUBJ007,nisa,2026-05-23,13:24:26.111000,1426205567.0,1116111.0,1.07056,0.00659,-0.04199,-1.275,-0.718,-0.42,0.86743,0.37109,0.15454,-1.122,0.573,1.748,ergonomis
SUBJ007,nisa,2026-05-23,13:24:27.311000,1426206767.0,1116311.0,1.06445,0.01514,-0.04272,-2.397,0.076,-0.267,0.86694,0.37305,0.14893,-1.924,1.038,1.267,ergonomis
SUBJ007,nisa,2026-05-23,13:24:27.511000,1426206967.0,1116511.0,1.06299,0.0127,-0.03857,-2.176,-0.672,-0.756,0.86865,0.37207,0.15137,-0.344,0.992,1.519,ergonomis
SUBJ007,nisa,2026-05-23,13:24:27.711000,1426207167.0,1116711.0,1.06201,0.01465,-0.04468,-2.153,0.672,-0.557,0.86938,0.3689,0.15942,-1.191,0.641,1.237,ergonomis
SUBJ007,nisa,2026-05-23,13:24:27.911000,1426207367.0,1116911.0,1.06323,0.01489,-0.04199,-1.954,0.099,-0.794,0.86646,0.37231,0.16162,-1.321,0.481,1.901,ergonomis
SUBJ007,nisa,2026-05-23,13:24:27.111000,1426206567.0,1117111.0,1.05981,0.0188,-0.02612,-2.16,0.351,-0.466,0.86719,0.37134,0.14722,-0.802,0.985,1.267,ergonomis
SUBJ007,nisa,2026-05-23,13:24:28.311000,1426207767.0,1117311.0,1.06641,0.01782,-0.03418,-1.885,0.061,-0.275,0.87256,0.3728,0.1543,-1.45,1.58,2.489,ergonomis
SUBJ007,nisa,2026-05-23,13:24:28.511000,1426207967.0,1117511.0,1.06299,0.01514,-0.04199,-1.634,-0.611,-0.053,0.87354,0.36255,0.15259,0.115,0.298,2.153,ergonomis
SUBJ007,nisa,2026-05-23,13:24:28.711000,1426208167.0,1117711.0,1.06396,0.01416,-0.04395,-1.588,0.466,-0.046,0.87402,0.36792,0.14966,-0.618,1.802,0.992,ergonomis
SUBJ007,nisa,2026-05-23,13:24:28.911000,1426208367.0,1117911.0,1.06445,0.01807,-0.03662,-1.214,-0.397,-0.382,0.87207,0.36987,0.15161,-0.878,0.802,1.16,ergonomis
SUBJ007,nisa,2026-05-23,13:24:28.111000,1426207567.0,1118111.0,1.06812,0.01953,-0.04346,-2.947,-0.313,0.115,0.86475,0.36548,0.15186,-0.748,0.901,1.13,ergonomis
SUBJ007,nisa,2026-05-23,13:24:29.311000,1426208767.0,1118311.0,1.05957,0.01782,-0.04004,-3.649,0.992,0.427,0.86914,0.36255,0.16504,-0.832,0.542,0.824,ergonomis
SUBJ007,nisa,2026-05-23,13:24:29.511000,1426208967.0,1118511.0,1.06592,0.01563,-0.03076,-2.519,1.122,0.115,0.86792,0.36963,0.15601,-0.611,0.809,1.305,ergonomis
SUBJ007,nisa,2026-05-23,13:24:29.711000,1426209167.0,1118711.0,1.06787,0.01929,-0.0415,-3.878,1.901,0.092,0.86377,0.37231,0.15063,-0.954,1.115,1.527,ergonomis
SUBJ007,nisa,2026-05-23,13:24:29.911000,1426209367.0,1118911.0,1.07104,0.01953,-0.04028,-1.588,1.374,-0.489,0.87305,0.36499,0.14722,-1.42,1.237,1.351,ergonomis
SUBJ007,nisa,2026-05-23,13:24:29.111000,1426208567.0,1119111.0,1.06689,0.01489,-0.04126,-1.412,0.031,-0.191,0.87085,0.36938,0.15479,-0.153,1.656,0.595,ergonomis
SUBJ007,nisa,2026-05-23,13:24:30.311000,1426209767.0,1119311.0,1.0708,0.0166,-0.03076,-1.336,0.122,-0.458,0.86377,0.37207,0.15356,-0.802,0.947,1.389,non-ergonomis
SUBJ007,nisa,2026-05-23,13:24:30.511000,1426209967.0,1119511.0,1.06592,0.02124,-0.03882,-1.427,1.511,0.084,0.86133,0.36646,0.15576,-1.168,1.496,1.634,non-ergonomis
SUBJ007,nisa,2026-05-23,13:24:30.711000,1426210167.0,1119711.0,1.0625,0.01196,-0.03052,-0.748,2.443,0.046,0.87036,0.36743,0.15088,-1.435,2.656,2.061,non-ergonomis
SUBJ007,nisa,2026-05-23,13:24:30.911000,1426210367.0,1119911.0,1.09009,0.01001,-0.03662,2.977,12.076,-0.115,0.88257,0.36182,0.1792,-6.977,14.092,8.809,non-ergonomis
SUBJ007,nisa,2026-05-23,13:24:30.111000,1426209567.0,1120111.0,1.05957,0.01343,0.0271,8.137,35.481,0.023,0.87012,0.33301,0.27661,-13.206,20.29,12.344,non-ergonomis
SUBJ007,nisa,2026-05-23,13:24:31.311000,1426210767.0,1120311.0,0.9895,0.02441,0.22656,-15.427,51.58,2.565,0.92676,0.32007,0.34985,-20.282,38.267,22.397,non-ergonomis
SUBJ007,nisa,2026-05-23,13:24:31.511000,1426210967.0,1120511.0,0.99219,0.00073,0.24561,-2.122,-1.397,4.115,0.91504,0.30347,0.39453,31.0,-7.611,-16.771,non-ergonomis
SUBJ007,nisa,2026-05-23,13:24:31.711000,1426211167.0,1120711.0,0.9563,0.00464,0.30469,-2.985,3.122,-0.718,0.93115,0.28809,0.40674,4.0,1.229,0.924,non-ergonomis
SUBJ007,nisa,2026-05-23,13:24:31.911000,1426211367.0,1120911.0,0.97754,-0.0022,0.27148,-2.702,-1.115,0.588,0.93237,0.2854,0.38501,1.252,-0.603,1.038,non-ergonomis
SUBJ007,nisa,2026-05-23,13:24:31.111000,1426210567.0,1121111.0,0.97632,-0.01587,0.27026,-0.802,0.137,1.344,0.93433,0.28687,0.39307,1.305,0.679,1.107,non-ergonomis
SUBJ007,nisa,2026-05-23,13:24:32.311000,1426211767.0,1121311.0,0.97559,-0.00293,0.28198,-1.863,-0.298,0.221,0.93506,0.27808,0.38403,-1.84,0.511,2.115,non-ergonomis
SUBJ007,nisa,2026-05-23,13:24:32.511000,1426211967.0,1121511.0,0.97144,-0.0166,0.26904,-1.527,0.336,-0.504,0.92749,0.28003,0.38306,-1.252,0.015,0.847,non-ergonomis
SUBJ007,nisa,2026-05-23,13:24:32.711000,1426212167.0,1121711.0,0.97168,-0.00391,0.2644,-1.779,-0.221,-0.885,0.94312,0.28174,0.37769,-2.374,2.305,1.924,non-ergonomis
SUBJ007,nisa,2026-05-23,13:24:32.911000,1426212367.0,1121911.0,0.96948,-0.00586,0.27466,-1.55,0.382,-0.931,0.9353,0.28418,0.39478,-3.374,1.275,1.786,non-ergonomis
SUBJ007,nisa,2026-05-23,13:24:32.111000,1426211567.0,1122111.0,0.97681,0.00293,0.26904,-0.847,0.733,-0.374,0.93164,0.28467,0.3894,-2.313,1.557,1.542,non-ergonomis
SUBJ007,nisa,2026-05-23,13:24:33.311000,1426212767.0,1122311.0,0.97656,0.00439,0.27344,-2.191,-0.023,-0.511,0.93677,0.2854,0.38647,-1.0,1.267,1.45,non-ergonomis
SUBJ007,nisa,2026-05-23,13:24:33.511000,1426212967.0,1122511.0,0.97388,0.00415,0.27588,-1.29,1.397,0.412,0.93311,0.28394,0.39209,-1.191,0.771,1.29,non-ergonomis
SUBJ007,nisa,2026-05-23,13:24:33.711000,1426213167.0,1122711.0,0.96484,0.00122,0.27539,-1.908,0.817,-0.198,0.93555,0.29126,0.39087,-0.809,0.901,1.397,non-ergonomis
SUBJ007,nisa,2026-05-23,13:24:33.911000,1426213367.0,1122911.0,0.96484,-0.00244,0.27002,-1.824,0.405,-0.13,0.9375,0.27612,0.39331,-1.58,1.321,1.611,non-ergonomis
SUBJ007,nisa,2026-05-23,13:24:33.111000,1426212567.0,1123111.0,0.9707,0.01196,0.28467,-1.351,0.634,0.023,0.93823,0.28027,0.39624,-0.405,0.756,1.0,non-ergonomis
SUBJ007,nisa,2026-05-23,13:24:34.311000,1426213767.0,1123311.0,0.97656,0.00464,0.28516,-2.031,0.725,0.046,0.93555,0.27881,0.38843,-1.084,1.366,1.473,non-ergonomis
SUBJ007,nisa,2026-05-23,13:24:34.511000,1426213967.0,1123511.0,0.97021,-0.00195,0.27173,-1.832,0.947,0.145,0.93506,0.27783,0.39722,-0.969,1.542,1.427,non-ergonomis
SUBJ007,nisa,2026-05-23,13:24:34.711000,1426214167.0,1123711.0,0.96851,-0.00122,0.28735,-1.534,0.466,-0.328,0.93555,0.28296,0.39209,-0.29,1.229,1.336,non-ergonomis
SUBJ007,nisa,2026-05-23,13:24:34.911000,1426214367.0,1123911.0,0.96484,0.00562,0.27441,-1.71,0.214,-0.221,0.93945,0.28809,0.39087,-1.275,1.282,1.588,non-ergonomis
SUBJ007,nisa,2026-05-23,13:24:34.111000,1426213567.0,1124111.0,0.96826,0.00342,0.28271,-1.443,0.13,-0.313,0.9375,0.28394,0.39502,-0.252,1.038,1.031,non-ergonomis
SUBJ007,nisa,2026-05-23,13:24:35.311000,1426214767.0,1124311.0,0.96484,0.00098,0.28223,-1.985,0.672,-0.221,0.92993,0.28247,0.39673,-0.588,1.099,1.389,non-ergonomis
SUBJ007,nisa,2026-05-23,13:24:35.511000,1426214967.0,1124511.0,0.96582,-0.00049,0.28516,-1.794,0.916,0.244,0.93506,0.28711,0.40527,0.023,0.901,1.069,non-ergonomis
SUBJ007,nisa,2026-05-23,13:24:35.711000,1426215167.0,1124711.0,0.96655,0.00049,0.29688,-2.031,-0.099,0.046,0.9375,0.28271,0.39355,-1.076,1.298,1.496,non-ergonomis
SUBJ007,nisa,2026-05-23,13:24:35.911000,1426215367.0,1124911.0,0.96851,0.00171,0.27612,-1.87,-0.023,-0.038,0.93457,0.28345,0.3894,-0.763,0.924,1.405,non-ergonomis
SUBJ007,nisa,2026-05-23,13:24:35.111000,1426214567.0,1125111.0,0.97437,0.00195,0.28809,-1.702,0.366,-0.13,0.93945,0.27783,0.40186,-1.13,1.198,1.481,non-ergonomis
SUBJ007,nisa,2026-05-23,13:24:36.311000,1426215767.0,1125311.0,0.96045,-0.00195,0.29028,-1.939,0.496,-0.237,0.93188,0.28589,0.3894,-1.298,1.183,1.481,non-ergonomis
SUBJ007,nisa,2026-05-23,13:24:36.511000,1426215967.0,1125511.0,0.96411,-0.00366,0.28027,-1.718,0.351,0.084,0.93457,0.28223,0.38501,-0.588,0.847,1.443,non-ergonomis
SUBJ007,nisa,2026-05-23,13:24:36.711000,1426216167.0,1125711.0,0.9729,-0.00098,0.27759,-2.076,0.389,-0.046,0.9375,0.28662,0.39355,-1.084,1.198,1.618,non-ergonomis
SUBJ007,nisa,2026-05-23,13:24:36.911000,1426216367.0,1125911.0,0.96899,-0.00708,0.28564,-2.466,0.634,0.084,0.93359,0.28955,0.38794,-0.29,0.885,1.626,non-ergonomis
SUBJ007,nisa,2026-05-23,13:24:36.111000,1426215567.0,1126111.0,0.96411,0.00415,0.28442,-1.817,0.42,-0.122,0.93628,0.27637,0.39087,-1.168,1.366,1.305,non-ergonomis
SUBJ007,nisa,2026-05-23,13:24:37.311000,1426216767.0,1126311.0,0.96997,-0.00684,0.28809,-1.962,0.099,-0.389,0.93774,0.27954,0.38477,-0.733,0.855,1.267,non-ergonomis
SUBJ007,nisa,2026-05-23,13:24:37.511000,1426216967.0,1126511.0,0.96973,-0.00073,0.2876,-1.916,0.603,-0.031,0.93848,0.27686,0.38647,-1.046,1.29,1.397,non-ergonomis
SUBJ007,nisa,2026-05-23,13:24:37.711000,1426217167.0,1126711.0,0.96997,-0.00708,0.28491,-2.298,0.626,-0.16,0.94287,0.27783,0.39941,-0.695,0.863,1.344,non-ergonomis
SUBJ007,nisa,2026-05-23,13:24:37.911000,1426217367.0,1126911.0,0.9646,-0.00269,0.28784,-1.557,0.473,-0.092,0.93628,0.27661,0.39282,-1.611,1.489,1.328,non-ergonomis
SUBJ007,nisa,2026-05-23,13:24:37.111000,1426216567.0,1127111.0,0.96362,-0.00854,0.28149,-2.015,0.008,-0.26,0.93628,0.28052,0.37866,-0.802,1.084,1.626,non-ergonomis
SUBJ007,nisa,2026-05-23,13:24:38.311000,1426217767.0,1127311.0,0.96875,,0.29321,-1.794,0.168,-0.092,0.93701,0.28174,0.38892,-0.076,1.496,1.145,non-ergonomis
SUBJ007,nisa,2026-05-23,13:24:38.511000,1426217967.0,1127511.0,0.96899,-0.00586,0.28296,-1.626,0.466,-0.321,0.93848,0.27563,0.39307,0.221,1.053,1.183,non-ergonomis
SUBJ007,nisa,2026-05-23,13:24:38.711000,1426218167.0,1127711.0,0.96265,-0.00708,0.28735,-1.641,0.458,-0.183,0.93408,0.2771,0.39233,-0.763,1.664,1.275,non-ergonomis
SUBJ007,nisa,2026-05-23,13:24:38.911000,1426218367.0,1127911.0,0.96143,-0.00098,0.28955,-1.664,0.26,-0.298,0.93921,0.28198,0.39893,-0.282,0.992,1.038,non-ergonomis
SUBJ007,nisa,2026-05-23,13:24:38.111000,1426217567.0,1128111.0,0.96118,0.00073,0.28613,-1.588,0.374,-0.053,0.93604,0.27539,0.3833,-0.107,1.252,1.221,non-ergonomis
SUBJ007,nisa,2026-05-23,13:24:39.311000,1426218767.0,1128311.0,0.96729,-0.01001,0.29053,-1.809,0.382,-0.122,0.9292,0.27612,0.3894,-1.115,1.122,1.466,non-ergonomis
SUBJ007,nisa,2026-05-23,13:24:39.511000,1426218967.0,1128511.0,0.96094,-0.00659,0.28955,-1.832,0.328,-0.206,0.93433,0.27539,0.38989,-1.42,0.481,1.275,non-ergonomis
SUBJ007,nisa,2026-05-23,13:24:39.711000,1426219167.0,1128711.0,0.96313,-0.00244,0.28149,-2.198,0.107,-0.298,0.93677,0.28174,0.38574,-2.122,0.901,1.626,non-ergonomis
SUBJ007,nisa,2026-05-23,13:24:39.911000,1426219367.0,1128911.0,0.96924,-0.00293,0.28711,-2.267,0.458,-0.076,0.94141,0.28076,0.38647,-0.84,1.26,1.794,non-ergonomis
SUBJ007,nisa,2026-05-23,13:24:39.111000,1426218567.0,1129111.0,0.96875,-0.00879,0.29175,-1.458,0.664,-0.13,0.93848,0.28101,0.38965,-0.992,0.55,1.221,non-ergonomis
SUBJ007,nisa,2026-05-23,13:24:40.311000,1426219767.0,1129311.0,0.95215,-0.01221,0.29102,-1.847,0.389,-0.107,0.93994,0.27539,0.38501,-1.298,1.046,1.29,ergonomis
SUBJ007,nisa,2026-05-23,13:24:40.511000,1426219967.0,1129511.0,0.96558,0.00024,0.28296,-2.168,0.359,-0.168,0.94189,0.27783,0.39917,-1.496,0.817,1.718,ergonomis
SUBJ007,nisa,2026-05-23,13:24:40.711000,1426220167.0,1129711.0,0.96802,-0.01074,0.28564,-1.893,0.756,-0.168,0.93994,0.27759,0.39111,-1.336,1.573,1.748,ergonomis
SUBJ007,nisa,2026-05-23,13:24:40.911000,1426220367.0,1129911.0,0.96289,-0.01001,0.29297,-2.237,0.16,-0.328,0.93994,0.27173,0.39551,-0.176,0.641,1.069,ergonomis
SUBJ007,nisa,2026-05-23,13:24:40.111000,1426219567.0,1130111.0,0.97119,-0.01538,0.29883,-2.55,-8.588,-1.137,0.94604,0.28101,0.35815,2.969,-1.305,1.252,ergonomis
SUBJ007,nisa,2026-05-23,13:24:41.311000,1426220767.0,1130311.0,0.98535,-0.00415,0.24585,-1.466,-29.809,-2.359,0.92432,0.28662,0.36646,7.527,-14.16,-6.878,ergonomis
SUBJ007,nisa,2026-05-23,13:24:41.511000,1426220967.0,1130511.0,1.02197,0.00562,0.10156,-4.809,-35.176,-0.664,0.9165,0.30786,0.31982,7.107,-19.489,-8.389,ergonomis
SUBJ007,nisa,2026-05-23,13:24:41.711000,1426221167.0,1130711.0,1.04761,-0.00464,0.02295,-5.679,-14.725,-0.214,0.89819,0.32788,0.21265,-0.015,-19.603,-3.695,ergonomis
SUBJ007,nisa,2026-05-23,13:24:41.911000,1426221367.0,1130911.0,1.06104,-0.01538,-0.03345,-4.687,-7.702,-0.969,0.87549,0.33984,0.16943,0.55,-10.344,-0.397,ergonomis
SUBJ007,nisa,2026-05-23,13:24:41.111000,1426220567.0,1131111.0,1.06641,-0.00781,-0.04321,-2.443,-4.427,-1.573,0.84741,0.34473,0.09741,0.389,-6.16,-1.359,ergonomis
SUBJ007,nisa,2026-05-23,13:24:42.311000,1426221767.0,1131311.0,1.05176,-0.00293,-0.04761,4.748,-8.496,1.275,0.85913,0.35889,0.14478,-10.412,4.58,1.969,ergonomis
SUBJ007,nisa,2026-05-23,13:24:42.511000,1426221967.0,1131511.0,1.07324,-0.02271,-0.07373,0.359,-6.092,-0.947,0.87134,0.36255,0.13916,-7.763,3.069,0.023,ergonomis
SUBJ007,nisa,2026-05-23,13:24:42.711000,1426222167.0,1131711.0,1.08057,-0.00415,-0.08936,-3.969,-0.015,-1.053,0.86255,0.375,0.15723,-5.695,0.969,0.229,ergonomis
SUBJ007,nisa,2026-05-23,13:24:42.911000,1426222367.0,1131911.0,1.07324,0.00024,-0.09839,-1.107,-0.237,-0.786,0.85938,0.38428,0.16113,-4.489,1.229,0.71,ergonomis
SUBJ007,nisa,2026-05-23,13:24:42.111000,1426221567.0,1132111.0,1.07178,0.00293,-0.11792,-1.534,0.481,-0.145,0.86792,0.39038,0.16675,-2.145,1.344,1.473,ergonomis
SUBJ007,nisa,2026-05-23,13:24:43.311000,1426222767.0,1132311.0,1.07715,0.00391,-0.12402,-2.656,2.931,0.29,0.86426,0.38843,0.17163,-1.053,1.221,1.519,ergonomis
SUBJ007,nisa,2026-05-23,13:24:43.511000,1426222967.0,1132511.0,1.06836,0.00317,-0.11377,-2.947,3.71,0.282,0.86963,0.38745,0.17261,2.382,3.656,0.733,ergonomis
SUBJ007,nisa,2026-05-23,13:24:43.711000,1426223167.0,1132711.0,1.07251,0.00342,-0.06714,-4.55,7.557,1.939,0.86523,0.37842,0.18726,6.527,7.84,-2.786,ergonomis
SUBJ007,nisa,2026-05-23,13:24:43.911000,1426223367.0,1132911.0,1.0625,0.00244,-0.05615,-2.733,4.031,0.473,0.86621,0.38135,0.20874,1.992,1.069,3.015,ergonomis
SUBJ007,nisa,2026-05-23,13:24:43.111000,1426222567.0,1133111.0,1.09595,-0.00854,-0.07568,-4.221,-0.649,1.458,0.88232,0.38403,0.17212,-3.779,1.496,4.924,ergonomis
SUBJ007,nisa,2026-05-23,13:24:44.311000,1426223767.0,1133311.0,1.06909,-0.00781,-0.05347,-3.13,5.389,1.069,0.87109,0.37354,0.177,-0.595,1.336,0.145,ergonomis
SUBJ007,nisa,2026-05-23,13:24:44.511000,1426223967.0,1133511.0,1.05908,-0.00781,-0.06445,-0.473,1.107,0.16,0.87671,0.39185,0.18213,1.252,5.16,1.389,ergonomis
SUBJ007,nisa,2026-05-23,13:24:44.711000,1426224167.0,1133711.0,1.09619,-0.00439,-0.06128,-7.458,1.641,-1.695,0.87646,0.35059,0.19067,-1.206,12.87,8.412,ergonomis
SUBJ007,nisa,2026-05-23,13:24:44.911000,1426224367.0,1133911.0,1.07251,-0.00171,-0.04321,-5.107,2.771,0.252,0.88696,0.35132,0.18481,-5.443,-2.565,6.313,ergonomis
SUBJ007,nisa,2026-05-23,13:24:44.111000,1426223567.0,1134111.0,1.06763,-0.01074,-0.03174,0.405,-0.351,0.611,0.88452,0.35791,0.20386,-0.076,2.053,0.466,ergonomis
SUBJ007,nisa,2026-05-23,13:24:45.311000,1426224767.0,1134311.0,1.06787,-0.01563,-0.04541,-3.26,0.725,-0.45,0.88818,0.35742,0.19702,-1.206,-0.718,1.557,ergonomis
SUBJ007,nisa,2026-05-23,13:24:45.511000,1426224967.0,1134511.0,1.06323,-0.01147,-0.03613,-1.282,0.145,-0.763,0.89063,0.35498,0.20313,-0.992,0.275,1.16,ergonomis
SUBJ007,nisa,2026-05-23,13:24:45.711000,1426225167.0,1134711.0,1.06958,-0.01221,-0.02417,-2.45,0.168,-0.611,0.88867,0.35425,0.19482,-1.031,0.939,1.061,ergonomis
SUBJ007,nisa,2026-05-23,13:24:45.911000,1426225367.0,1134911.0,1.06567,-0.00757,-0.03613,-2.695,0.679,,0.88354,0.35645,0.20825,-1.359,1.252,1.55,ergonomis
SUBJ007,nisa,2026-05-23,13:24:45.111000,1426224567.0,1135111.0,1.06177,-0.01611,-0.04028,-2.282,1.13,-0.405,0.89063,0.35474,0.19678,-0.992,0.885,1.282,ergonomis
SUBJ007,nisa,2026-05-23,13:24:46.311000,1426225767.0,1135311.0,1.06665,-0.00659,-0.03442,-1.695,0.008,-0.008,0.88281,0.35498,0.19702,-0.985,0.725,1.168,ergonomis
SUBJ007,nisa,2026-05-23,13:24:46.511000,1426225967.0,1135511.0,1.07153,0.00024,-0.02856,-1.74,0.084,-0.786,0.88672,0.3562,0.20142,-1.748,1.115,1.351,ergonomis
SUBJ007,nisa,2026-05-23,13:24:46.711000,1426226167.0,1135711.0,1.07397,-0.01099,-0.0354,-1.489,0.13,-0.168,0.88379,0.35693,0.19458,-0.542,1.649,0.611,ergonomis
SUBJ007,nisa,2026-05-23,13:24:46.911000,1426226367.0,1135911.0,1.0647,-0.01367,-0.03247,-2.206,0.573,-1.137,0.88623,0.35986,0.19995,-0.985,-0.275,1.336,ergonomis
SUBJ007,nisa,2026-05-23,13:24:46.111000,1426225567.0,1136111.0,1.06299,-0.01025,-0.03394,-0.191,1.695,-2.55,0.88208,0.36133,0.18848,1.756,1.351,-1.718,ergonomis
SUBJ007,nisa,2026-05-23,13:24:47.311000,1426226767.0,1136311.0,1.06445,-0.02661,-0.02954,1.977,1.847,1.313,0.8855,0.36353,0.20093,2.45,7.641,-1.336,ergonomis
SUBJ007,nisa,2026-05-23,13:24:47.511000,1426226967.0,1136511.0,1.06079,-0.00464,-0.03589,-6.153,3.305,-4.641,0.88477,0.3418,0.19458,-4.58,-2.092,6.908,ergonomis
SUBJ007,nisa,2026-05-23,13:24:47.711000,1426227167.0,1136711.0,1.0708,0.00659,-0.02417,3.198,-2.939,-0.42,0.89185,0.34619,0.21289,0.618,0.099,0.061,ergonomis
SUBJ007,nisa,2026-05-23,13:24:47.911000,1426227367.0,1136911.0,1.06982,0.02222,-0.03052,1.962,-3.046,0.282,0.8894,0.34131,0.20166,-1.176,2.763,2.389,ergonomis
SUBJ007,nisa,2026-05-23,13:24:47.111000,1426226567.0,1137111.0,1.06543,0.00757,-0.01978,0.031,1.107,-1.885,0.89502,0.34814,0.20435,0.023,1.427,2.107,ergonomis
SUBJ007,nisa,2026-05-23,13:24:48.311000,1426227767.0,1137311.0,1.06421,0.00586,-0.03394,-4.137,3.321,-0.45,0.88892,0.3374,0.20776,-1.954,2.58,1.015,ergonomis
SUBJ007,nisa,2026-05-23,13:24:48.511000,1426227967.0,1137511.0,1.06934,0.04419,-0.02954,-1.321,-2.672,-0.771,0.88989,0.35181,0.21118,-0.366,2.855,-0.725,ergonomis
SUBJ007,nisa,2026-05-23,13:24:48.711000,1426228167.0,1137711.0,1.04834,0.02075,-0.03149,-4.542,2.0,-2.328,0.88867,0.33984,0.2124,1.137,4.206,-0.817,ergonomis
SUBJ007,nisa,2026-05-23,13:24:48.911000,1426228367.0,1137911.0,1.05542,0.03296,-0.02173,-5.443,3.611,-0.313,0.89868,0.34082,0.21851,-4.122,-3.344,4.45,ergonomis
SUBJ007,nisa,2026-05-23,13:24:48.111000,1426227567.0,1138111.0,1.08423,0.03638,-0.02124,-1.725,-2.122,-2.641,0.89648,0.34058,0.21411,-2.046,1.267,3.679,ergonomis
SUBJ007,nisa,2026-05-23,13:24:49.311000,1426228767.0,1138311.0,1.05225,0.03467,-0.00317,-3.557,1.229,-1.397,0.90015,0.32886,0.2085,-0.45,4.466,0.733,ergonomis
SUBJ007,nisa,2026-05-23,13:24:49.511000,1426228967.0,1138511.0,1.04175,0.06006,-0.0127,-5.87,0.649,-1.412,0.90039,0.33618,0.21875,-2.221,-5.13,2.427,ergonomis
SUBJ007,nisa,2026-05-23,13:24:49.711000,1426229167.0,1138711.0,1.07031,0.05396,-0.0061,2.748,-1.939,-0.634,0.90161,0.33154,0.21704,0.26,2.458,0.885,ergonomis
SUBJ007,nisa,2026-05-23,13:24:49.911000,1426229367.0,1138911.0,1.05322,0.06616,-0.01343,-5.794,4.435,0.557,0.89868,0.34033,0.22607,-2.809,-1.229,2.58,ergonomis
SUBJ007,nisa,2026-05-23,13:24:49.111000,1426228567.0,1139111.0,1.05591,0.0542,-0.00513,-3.725,3.748,-1.71,0.90283,0.33179,0.2124,1.298,5.008,1.481,ergonomis
SUBJ007,nisa,2026-05-23,13:24:50.311000,1426229767.0,1139311.0,1.05737,0.04688,-0.00854,-2.664,1.107,1.466,0.90112,0.32617,0.2124,0.092,1.641,-1.504,non-ergonomis
SUBJ007,nisa,2026-05-23,13:24:50.511000,1426229967.0,1139511.0,1.06055,0.05029,-0.01318,-2.214,0.794,0.947,0.89746,0.34375,0.22266,-0.298,0.076,0.847,non-ergonomis
SUBJ007,nisa,2026-05-23,13:24:50.711000,1426230167.0,1139711.0,1.06763,0.04053,-0.01392,-3.733,0.481,3.031,0.89746,0.32861,0.23364,0.313,4.565,-3.779,non-ergonomis
SUBJ007,nisa,2026-05-23,13:24:50.911000,1426230367.0,1139911.0,1.06323,0.03687,-0.01563,2.779,0.832,2.145,0.89209,0.35962,0.23022,1.473,3.443,-2.733,non-ergonomis
SUBJ007,nisa,2026-05-23,13:24:50.111000,1426229567.0,1140111.0,1.06934,0.07446,-0.03442,-6.168,18.771,-4.519,0.9104,0.35376,0.23364,-1.069,14.679,8.649,non-ergonomis
SUBJ007,nisa,2026-05-23,13:24:51.311000,1426230767.0,1140311.0,0.98926,-0.00122,0.11304,-18.565,50.29,0.824,0.88232,0.271,0.31665,-19.191,24.084,19.038,non-ergonomis
SUBJ007,nisa,2026-05-23,13:24:51.511000,1426230967.0,1140511.0,1.03687,0.01758,0.28052,5.275,20.969,9.893,0.97559,0.32715,0.37573,-24.076,13.977,6.351,non-ergonomis
SUBJ007,nisa,2026-05-23,13:24:51.711000,1426231167.0,1140711.0,0.97949,0.01733,0.23535,-2.618,-3.076,-2.947,0.92969,0.28174,0.41235,4.985,-1.336,1.863,non-ergonomis
SUBJ007,nisa,2026-05-23,13:24:51.911000,1426231367.0,1140911.0,0.98584,0.00098,0.25757,0.176,1.779,0.466,0.93726,0.29736,0.3999,-0.908,2.053,1.55,non-ergonomis
SUBJ007,nisa,2026-05-23,13:24:51.111000,1426230567.0,1141111.0,0.97485,0.00513,0.25928,-2.725,0.26,0.908,0.9375,0.2915,0.39258,-1.053,0.328,1.649,non-ergonomis
SUBJ007,nisa,2026-05-23,13:24:52.311000,1426231767.0,1141311.0,0.98242,0.00684,0.25439,-1.863,0.924,-0.649,0.94043,0.29102,0.39087,0.115,0.45,1.588,non-ergonomis
SUBJ007,nisa,2026-05-23,13:24:52.511000,1426231967.0,1141511.0,0.98413,0.00049,0.2439,-1.634,0.107,-0.588,0.93384,0.28516,0.40137,-1.939,1.542,1.313,non-ergonomis
SUBJ007,nisa,2026-05-23,13:24:52.711000,1426232167.0,1141711.0,0.97827,0.00684,0.25464,-1.153,0.053,-0.977,0.93384,0.28687,0.40332,-1.84,1.718,1.198,non-ergonomis
SUBJ007,nisa,2026-05-23,13:24:52.911000,1426232367.0,1141911.0,0.98486,0.01807,0.2439,-1.305,0.214,-1.092,0.93408,0.29419,0.40576,0.557,0.16,1.099,non-ergonomis
SUBJ007,nisa,2026-05-23,13:24:52.111000,1426231567.0,1142111.0,0.98071,0.01294,0.24609,-2.466,0.733,-0.87,0.93164,0.28613,0.39844,-0.115,1.092,1.443,non-ergonomis
SUBJ007,nisa,2026-05-23,13:24:53.311000,1426232767.0,1142311.0,0.98169,0.01465,0.25342,-1.718,-0.565,-0.725,0.93018,0.28882,0.40601,0.053,0.359,0.725,non-ergonomis
SUBJ007,nisa,2026-05-23,13:24:53.511000,1426232967.0,1142511.0,0.97925,0.01782,0.25073,-1.275,0.031,-0.221,0.93994,0.29517,0.39355,-0.107,0.824,0.702,non-ergonomis
SUBJ007,nisa,2026-05-23,13:24:53.711000,1426233167.0,1142711.0,0.98535,0.01758,0.25317,-1.489,0.313,-0.305,0.93457,0.29346,0.39526,-1.305,1.237,1.435,non-ergonomis
SUBJ007,nisa,2026-05-23,13:24:53.911000,1426233367.0,1142911.0,0.98584,0.01465,0.25195,-1.832,0.046,-0.107,0.9292,0.29419,0.39014,-1.0,0.443,1.16,non-ergonomis
SUBJ007,nisa,2026-05-23,13:24:53.111000,1426232567.0,1143111.0,0.98267,0.01611,0.24731,-1.702,0.473,-0.282,0.92969,0.29663,0.39038,-1.695,0.947,1.153,non-ergonomis
SUBJ007,nisa,2026-05-23,13:24:54.311000,1426233767.0,1143311.0,0.98755,0.02051,0.24731,-1.893,0.466,-0.511,0.93457,0.29883,0.40112,-1.046,1.214,1.137,non-ergonomis
SUBJ007,nisa,2026-05-23,13:24:54.511000,1426233967.0,1143511.0,0.98193,0.02026,0.2417,-1.16,0.771,0.221,0.92993,0.29321,0.39551,-1.046,0.626,1.237,non-ergonomis
SUBJ007,nisa,2026-05-23,13:24:54.711000,1426234167.0,1143711.0,0.98438,0.02124,0.24585,-1.71,0.092,-0.13,0.93408,0.29077,0.39624,-1.786,1.641,1.588,non-ergonomis
SUBJ007,nisa,2026-05-23,13:24:54.911000,1426234367.0,1143911.0,0.98633,0.01782,0.25269,-1.992,0.321,-0.489,0.93457,0.28784,0.40039,-0.473,0.527,1.145,non-ergonomis
SUBJ007,nisa,2026-05-23,13:24:54.111000,1426233567.0,1144111.0,0.97485,0.02588,0.25122,-1.763,0.702,-0.405,0.93188,0.29272,0.3916,-1.45,1.115,1.55,non-ergonomis
SUBJ007,nisa,2026-05-23,13:24:55.311000,1426234767.0,1144311.0,0.98218,0.02295,0.25781,-1.672,0.58,-0.534,0.93311,0.28955,0.39038,-1.405,1.435,1.42,non-ergonomis
SUBJ007,nisa,2026-05-23,13:24:55.511000,1426234967.0,1144511.0,0.98291,0.02832,0.25439,-1.779,0.229,-0.458,0.92944,0.29175,0.39502,-0.794,0.878,0.939,non-ergonomis
SUBJ007,nisa,2026-05-23,13:24:55.711000,1426235167.0,1144711.0,0.97705,0.0271,0.24902,-1.145,0.389,-0.382,0.93677,0.29712,0.38867,-0.527,1.191,0.985,non-ergonomis
SUBJ007,nisa,2026-05-23,13:24:55.911000,1426235367.0,1144911.0,0.98389,0.02148,0.25244,-1.634,-0.221,-0.229,0.92725,0.29541,0.396,-0.847,1.008,0.855,non-ergonomis
SUBJ007,nisa,2026-05-23,13:24:55.111000,1426234567.0,1145111.0,0.9834,0.02832,0.25171,-1.344,0.794,-0.221,0.93188,0.29102,0.39624,-0.863,1.55,1.038,non-ergonomis
SUBJ007,nisa,2026-05-23,13:24:56.311000,1426235767.0,1145311.0,0.98047,0.03125,0.25464,-1.687,0.603,-0.366,0.93457,0.29614,0.38843,-0.817,1.252,1.038,non-ergonomis
SUBJ007,nisa,2026-05-23,13:24:56.511000,1426235967.0,1145511.0,0.98169,0.02832,0.25146,-2.221,0.573,-0.053,0.93018,0.30347,0.39941,-1.229,1.122,1.435,non-ergonomis
SUBJ007,nisa,2026-05-23,13:24:56.711000,1426236167.0,1145711.0,0.97339,0.03149,0.25439,-1.29,0.55,-0.183,0.92432,0.29907,0.3916,-2.351,1.634,1.534,non-ergonomis
SUBJ007,nisa,2026-05-23,13:24:56.911000,1426236367.0,1145911.0,0.97852,0.03516,0.24414,-2.191,0.328,-0.359,0.92847,0.29688,0.39966,-1.092,0.885,1.603,non-ergonomis
SUBJ007,nisa,2026-05-23,13:24:56.111000,1426235567.0,1146111.0,0.97559,0.02881,0.26587,-1.885,0.786,0.046,0.92773,0.2959,0.39502,-1.115,0.977,1.496,non-ergonomis
SUBJ007,nisa,2026-05-23,13:24:57.311000,1426236767.0,1146311.0,0.97827,0.03149,0.26074,-1.863,0.427,0.099,0.93457,0.29517,0.40259,-0.954,1.015,1.427,non-ergonomis
SUBJ007,nisa,2026-05-23,13:24:57.511000,1426236967.0,1146511.0,0.96948,0.02759,0.2522,-1.748,0.427,0.298,0.92896,0.29468,0.41211,-1.489,1.313,1.504,non-ergonomis
SUBJ007,nisa,2026-05-23,13:24:57.711000,1426237167.0,1146711.0,0.97559,0.02856,0.25757,-1.931,0.473,-0.366,0.93213,0.29199,0.39722,-0.763,0.649,1.511,non-ergonomis
SUBJ007,nisa,2026-05-23,13:24:57.911000,1426237367.0,1146911.0,0.9812,0.02832,0.25488,-1.985,0.641,-0.275,0.9353,0.29321,0.39575,-1.015,0.687,1.656,non-ergonomis
SUBJ007,nisa,2026-05-23,13:24:57.111000,1426236567.0,1147111.0,0.97583,0.02979,0.25659,-1.618,0.389,-0.542,0.93164,0.29248,0.40259,-0.901,0.916,1.214,non-ergonomis
SUBJ007,nisa,2026-05-23,13:24:58.311000,1426237767.0,1147311.0,0.97559,0.02441,0.26392,-1.626,0.565,-0.588,0.93091,0.29468,0.39307,-0.878,0.817,1.26,non-ergonomis
SUBJ007,nisa,2026-05-23,13:24:58.511000,1426237967.0,1147511.0,0.97656,0.03027,0.26343,-1.817,0.351,-0.412,0.93335,0.2981,0.39624,-0.817,1.046,0.947,non-ergonomis
SUBJ007,nisa,2026-05-23,13:24:58.711000,1426238167.0,1147711.0,0.97559,0.0354,0.27295,-1.664,0.183,-0.412,0.93359,0.29199,0.39502,-0.145,1.053,1.122,non-ergonomis
SUBJ007,nisa,2026-05-23,13:24:58.911000,1426238367.0,1147911.0,0.97607,0.03369,0.25366,-1.366,0.16,-0.015,0.92847,0.29443,0.39941,-0.382,1.008,1.198,non-ergonomis
SUBJ007,nisa,2026-05-23,13:24:58.111000,1426237567.0,1148111.0,0.97607,0.03394,0.26489,-1.855,-0.137,0.046,0.93164,0.30029,0.38672,-0.023,1.076,1.099,non-ergonomis
SUBJ007,nisa,2026-05-23,13:24:59.311000,1426238767.0,1148311.0,0.97339,0.03442,0.25537,-1.939,0.382,0.031,0.93872,0.29639,0.39478,-0.115,0.786,1.046,non-ergonomis
SUBJ007,nisa,2026-05-23,13:24:59.511000,1426238967.0,1148511.0,0.9751,0.03003,0.26099,-1.618,1.122,0.099,0.93018,0.29297,0.4043,-0.069,1.244,1.198,non-ergonomis
SUBJ007,nisa,2026-05-23,13:24:59.711000,1426239167.0,1148711.0,0.96997,0.02539,0.27075,-2.061,0.359,0.099,0.93604,0.30103,0.40063,-1.527,1.053,1.588,non-ergonomis
SUBJ007,nisa,2026-05-23,13:24:59.911000,1426239367.0,1148911.0,0.97314,0.0293,0.2644,-1.931,-0.099,-0.229,0.93237,0.29272,0.3916,-0.84,0.389,1.397,non-ergonomis
SUBJ007,nisa,2026-05-23,13:24:59.111000,1426238567.0,1149111.0,0.97998,0.03467,0.26123,-2.153,0.595,-0.023,0.92725,0.29736,0.39429,-1.504,0.992,1.489,non-ergonomis
SUBJ007,nisa,2026-05-23,13:25:00.311000,1426239767.0,1149311.0,0.96997,0.03687,0.26196,-2.603,0.45,0.252,0.94067,0.30371,0.39844,-0.42,0.916,1.725,ergonomis
SUBJ007,nisa,2026-05-23,13:25:00.511000,1426239967.0,1149511.0,0.97217,0.02539,0.26367,-2.389,1.099,0.55,0.93018,0.29272,0.39404,-0.954,1.58,1.42,ergonomis
SUBJ007,nisa,2026-05-23,13:25:00.711000,1426240167.0,1149711.0,0.98096,0.02319,0.26855,-2.527,-4.412,0.382,0.93506,0.30225,0.38672,1.824,0.504,1.466,ergonomis
SUBJ007,nisa,2026-05-23,13:25:00.911000,1426240367.0,1149911.0,1.00293,0.02026,0.24731,-1.16,-19.122,0.733,0.93896,0.31592,0.35986,6.832,-9.046,-5.076,ergonomis
SUBJ007,nisa,2026-05-23,13:25:00.111000,1426239567.0,1150111.0,1.02173,0.03613,0.13623,-0.954,-28.573,0.588,0.91333,0.33984,0.32935,4.504,-17.015,-8.053,ergonomis
SUBJ007,nisa,2026-05-23,13:25:01.311000,1426240767.0,1150311.0,1.0481,0.02563,0.03735,-6.069,-21.008,-0.702,0.90649,0.323,0.27271,3.718,-16.771,-9.656,ergonomis
SUBJ007,nisa,2026-05-23,13:25:01.511000,1426240967.0,1150511.0,1.07495,0.021,,-0.458,-7.099,-0.214,0.88086,0.38257,0.20386,1.779,-6.237,-4.183,ergonomis
SUBJ007,nisa,2026-05-23,13:25:01.711000,1426241167.0,1150711.0,1.0752,0.02197,-0.05225,-7.069,-7.641,2.344,0.86084,0.39185,0.17358,2.13,-7.282,-3.985,ergonomis
SUBJ007,nisa,2026-05-23,13:25:01.911000,1426241367.0,1150911.0,1.07373,0.01489,-0.06982,-1.496,-4.725,-1.038,0.84717,0.40308,0.14209,-2.733,2.191,1.191,ergonomis
SUBJ007,nisa,2026-05-23,13:25:01.111000,1426240567.0,1151111.0,1.06372,0.03394,-0.10181,2.206,-7.214,-0.603,0.85596,0.40234,0.13281,-1.214,1.679,0.992,ergonomis
SUBJ007,nisa,2026-05-23,13:25:02.311000,1426241767.0,1151311.0,1.06177,0.00928,-0.10889,-2.389,1.626,-0.588,0.84888,0.41089,0.14844,0.336,1.237,2.137,ergonomis
SUBJ007,nisa,2026-05-23,13:25:02.511000,1426241967.0,1151511.0,1.08472,0.03345,-0.09473,-6.42,12.076,-1.0,0.86133,0.39771,0.14526,-2.328,12.298,2.305,ergonomis
SUBJ007,nisa,2026-05-23,13:25:02.711000,1426242167.0,1151711.0,1.03931,0.04907,0.00122,6.985,3.641,1.015,0.84277,0.41406,0.19458,0.229,3.794,-0.939,ergonomis
SUBJ007,nisa,2026-05-23,13:25:02.911000,1426242367.0,1151911.0,1.06812,0.03564,-0.05664,-9.145,-0.137,-3.885,0.86646,0.40283,0.18213,-3.718,-2.115,5.359,ergonomis
SUBJ007,nisa,2026-05-23,13:25:02.111000,1426241567.0,1152111.0,1.05908,0.03394,-0.06055,0.71,0.244,-1.962,0.85938,0.42676,0.19653,-0.527,3.122,-2.275,ergonomis
SUBJ007,nisa,2026-05-23,13:25:03.311000,1426242767.0,1152311.0,1.06689,0.05835,-0.05713,-1.779,-0.908,-2.45,0.85718,0.41821,0.19678,-1.725,2.084,2.55,ergonomis
SUBJ007,nisa,2026-05-23,13:25:03.511000,1426242967.0,1152511.0,1.06836,0.04663,-0.04688,-2.076,2.374,-0.534,0.86719,0.41333,0.20386,-0.092,4.656,-0.832,ergonomis
SUBJ007,nisa,2026-05-23,13:25:03.711000,1426243167.0,1152711.0,1.0686,0.05688,-0.05176,-0.374,0.695,-0.626,0.85718,0.41479,0.21045,-1.023,1.985,1.733,ergonomis
SUBJ007,nisa,2026-05-23,13:25:03.911000,1426243367.0,1152911.0,1.06421,0.05518,-0.04102,-1.901,1.336,0.153,0.8667,0.4231,0.20386,-2.099,2.221,1.573,ergonomis
SUBJ007,nisa,2026-05-23,13:25:03.111000,1426242567.0,1153111.0,1.06494,0.05078,-0.0459,-2.412,2.031,0.427,0.8645,0.41113,0.21021,-1.389,2.13,2.351,ergonomis
SUBJ007,nisa,2026-05-23,13:25:04.311000,1426243767.0,1153311.0,1.06421,0.03809,-0.0459,-2.252,0.718,0.26,0.86475,0.41528,0.21338,-1.618,1.588,2.336,ergonomis
SUBJ007,nisa,2026-05-23,13:25:04.511000,1426243967.0,1153511.0,1.06494,0.04346,-0.03882,-0.328,1.458,0.29,0.87085,0.41895,0.21558,-1.275,2.817,2.458,ergonomis
SUBJ007,nisa,2026-05-23,13:25:04.711000,1426244167.0,1153711.0,1.06787,0.04395,-0.03735,-1.214,0.634,-0.198,0.86548,0.41772,0.22437,-0.977,2.443,2.794,ergonomis
SUBJ007,nisa,2026-05-23,13:25:04.911000,1426244367.0,1153911.0,1.06836,0.04883,-0.03027,-2.351,1.252,0.389,0.87061,0.40649,0.22485,-0.504,2.122,1.924,ergonomis
SUBJ007,nisa,2026-05-23,13:25:04.111000,1426243567.0,1154111.0,1.05688,0.03955,-0.03101,-1.618,0.84,0.076,0.87158,0.40234,0.22876,-1.046,0.053,1.885,ergonomis
SUBJ007,nisa,2026-05-23,13:25:05.311000,1426244767.0,1154311.0,1.06421,0.04272,-0.03345,-2.183,0.565,-0.298,0.87036,0.40527,0.23071,-0.649,-0.374,0.779,ergonomis
SUBJ007,nisa,2026-05-23,13:25:05.511000,1426244967.0,1154511.0,1.06885,0.04077,-0.03027,-1.87,-0.214,-0.947,0.86426,0.40527,0.2146,-1.046,0.718,1.321,ergonomis
SUBJ007,nisa,2026-05-23,13:25:05.711000,1426245167.0,1154711.0,1.06006,0.04175,-0.02881,-2.626,0.756,-1.046,0.87109,0.40601,0.22119,-1.313,1.489,1.229,ergonomis
SUBJ007,nisa,2026-05-23,13:25:05.911000,1426245367.0,1154911.0,1.06177,0.05005,-0.0376,-1.496,0.351,-0.687,0.86987,0.40869,0.22241,-0.679,2.076,0.664,ergonomis
SUBJ007,nisa,2026-05-23,13:25:05.111000,1426244567.0,1155111.0,1.06055,0.05347,-0.02881,-2.328,0.389,-0.939,0.86914,0.40845,0.23022,-0.878,0.718,1.26,ergonomis
SUBJ007,nisa,2026-05-23,13:25:06.311000,1426245767.0,1155311.0,1.06543,0.0498,-0.01855,-2.076,1.282,-0.656,0.87134,0.40332,0.21948,-0.298,1.511,0.458,ergonomis
SUBJ007,nisa,2026-05-23,13:25:06.511000,1426245967.0,1155511.0,1.05591,0.05103,-0.0332,-1.985,0.634,-0.244,0.86377,0.4126,0.20532,-0.908,0.29,1.504,ergonomis
SUBJ007,nisa,2026-05-23,13:25:06.711000,1426246167.0,1155711.0,1.06104,0.05713,-0.03687,-1.405,-0.992,-0.145,0.87158,0.40332,0.22021,-1.099,0.847,1.595,ergonomis
SUBJ007,nisa,2026-05-23,13:25:06.911000,1426246367.0,1155911.0,1.06641,0.05225,-0.03223,-2.061,0.664,0.855,0.87476,0.41309,0.21069,-1.481,1.649,2.305,ergonomis
SUBJ007,nisa,2026-05-23,13:25:06.111000,1426245567.0,1156111.0,1.0603,0.04858,-0.03857,-2.214,0.427,0.573,0.86865,0.39917,0.22681,-0.809,0.87,2.359,ergonomis
SUBJ007,nisa,2026-05-23,13:25:07.311000,1426246767.0,1156311.0,1.06494,0.04419,-0.03564,-2.748,-0.031,0.122,0.87915,0.40405,0.22241,-1.351,0.366,2.534,ergonomis
SUBJ007,nisa,2026-05-23,13:25:07.511000,1426246967.0,1156511.0,1.05713,0.03784,-0.02881,-2.191,0.817,0.382,0.87061,0.39233,0.22095,-0.954,1.664,1.504,ergonomis
SUBJ007,nisa,2026-05-23,13:25:07.711000,1426247167.0,1156711.0,1.06494,0.04517,-0.02832,-1.611,0.092,0.435,0.875,0.39868,0.23169,-0.885,1.58,1.214,ergonomis
SUBJ007,nisa,2026-05-23,13:25:07.911000,1426247367.0,1156911.0,1.06445,0.04395,-0.04199,-1.802,0.473,-0.458,0.87695,0.40112,0.22583,-0.977,0.45,1.038,ergonomis
SUBJ007,nisa,2026-05-23,13:25:07.111000,1426246567.0,1157111.0,1.06104,0.03809,-0.03906,-2.58,-0.099,-0.115,0.87402,0.40356,0.21802,-0.924,1.107,1.076,ergonomis
SUBJ007,nisa,2026-05-23,13:25:08.311000,1426247767.0,1157311.0,1.06226,0.04565,-0.04004,-3.42,1.649,-0.023,0.86987,0.40527,0.21777,-1.794,-0.031,1.443,ergonomis
SUBJ007,nisa,2026-05-23,13:25:08.511000,1426247967.0,1157511.0,1.06641,0.04224,-0.03418,-2.45,0.527,-0.13,0.87109,0.40137,0.22192,-0.534,-0.015,0.626,ergonomis
SUBJ007,nisa,2026-05-23,13:25:08.711000,1426248167.0,1157711.0,1.06494,0.0415,-0.03882,-1.618,-0.29,-0.168,0.87061,0.41235,0.2207,-1.206,0.748,0.618,ergonomis
SUBJ007,nisa,2026-05-23,13:25:08.911000,1426248367.0,1157911.0,1.06152,0.03735,-0.03882,-2.855,1.176,0.435,0.86865,0.41309,0.21289,-1.534,0.847,1.931,ergonomis
SUBJ007,nisa,2026-05-23,13:25:08.111000,1426247567.0,1158111.0,1.06787,0.03735,-0.03833,-1.725,0.282,0.038,0.86572,0.41504,0.21216,-0.847,0.916,1.053,ergonomis
SUBJ007,nisa,2026-05-23,13:25:09.311000,1426248767.0,1158311.0,1.06055,0.04199,-0.03613,-1.794,0.534,-0.26,0.86523,0.40747,0.22583,-0.947,0.634,1.374,ergonomis
SUBJ007,nisa,2026-05-23,13:25:09.511000,1426248967.0,1158511.0,1.06323,0.04224,-0.03784,-0.992,0.527,-0.511,0.86719,0.40723,0.21777,-1.191,1.344,1.084,ergonomis
SUBJ007,nisa,2026-05-23,13:25:09.711000,1426249167.0,1158711.0,1.06543,0.04395,-0.02954,-1.511,-0.145,-0.13,0.87183,0.41089,0.2124,-0.817,1.687,1.145,ergonomis
SUBJ007,nisa,2026-05-23,13:25:09.911000,1426249367.0,1158911.0,1.06226,0.04614,-0.02686,-1.634,0.588,-0.084,0.86499,0.40918,0.22192,-0.924,1.397,0.924,ergonomis
SUBJ007,nisa,2026-05-23,13:25:09.111000,1426248567.0,1159111.0,1.06812,0.04517,-0.02783,-0.939,-0.466,-0.069,0.86206,0.41016,0.21558,-0.58,1.443,1.626,ergonomis
SUBJ007,nisa,2026-05-23,13:25:10.311000,1426249767.0,1159311.0,1.06104,0.04565,-0.04028,-0.649,-0.519,0.061,0.86963,0.40405,0.22168,-0.557,1.824,1.305,non-ergonomis
SUBJ007,nisa,2026-05-23,13:25:10.511000,1426249967.0,1159511.0,1.06226,0.04517,-0.03662,-1.557,0.321,-0.191,0.87549,0.40381,0.21094,-1.382,1.603,2.87,non-ergonomis
SUBJ007,nisa,2026-05-23,13:25:10.711000,1426250167.0,1159711.0,1.06641,0.04248,-0.03467,-2.328,1.305,-0.16,0.8728,0.39697,0.22217,-1.611,2.046,2.878,non-ergonomis
SUBJ007,nisa,2026-05-23,13:25:10.911000,1426250367.0,1159911.0,1.05981,0.04028,-0.02759,1.481,7.26,-1.107,0.88794,0.39941,0.24048,-2.473,6.214,5.786,non-ergonomis
SUBJ007,nisa,2026-05-23,13:25:10.111000,1426249567.0,1160111.0,1.07837,0.05347,0.00586,-0.275,23.084,0.954,0.88867,0.37207,0.2561,-7.252,13.603,8.473,non-ergonomis
SUBJ007,nisa,2026-05-23,13:25:11.311000,1426250767.0,1160311.0,1.02954,0.04297,0.09082,-4.137,30.374,0.588,0.92871,0.35864,0.36108,-1.137,26.382,8.153,non-ergonomis
SUBJ007,nisa,2026-05-23,13:25:11.511000,1426250967.0,1160511.0,0.98706,0.02441,0.2771,-7.603,25.275,1.84,0.94287,0.32056,0.35962,-5.519,16.687,7.229,non-ergonomis
SUBJ007,nisa,2026-05-23,13:25:11.711000,1426251167.0,1160711.0,0.96704,0.0376,0.25977,-0.015,-0.45,0.786,0.92993,0.29761,0.44019,0.588,-0.832,-0.313,non-ergonomis
SUBJ007,nisa,2026-05-23,13:25:11.911000,1426251367.0,1160911.0,0.96948,0.0293,0.26343,-2.573,1.427,-1.519,0.92798,0.31055,0.41528,-2.794,0.725,1.809,non-ergonomis
SUBJ007,nisa,2026-05-23,13:25:11.111000,1426250567.0,1161111.0,0.97266,0.03345,0.26123,-1.947,-0.366,-0.183,0.9231,0.31055,0.42456,-0.252,0.244,0.748,non-ergonomis
SUBJ007,nisa,2026-05-23,13:25:12.311000,1426251767.0,1161311.0,0.97681,0.03369,0.26318,-0.779,0.298,-0.511,0.93091,0.31152,0.40723,-0.206,0.351,0.473,non-ergonomis
SUBJ007,nisa,2026-05-23,13:25:12.511000,1426251967.0,1161511.0,0.98096,0.04468,0.26172,-2.366,0.008,-0.588,0.93286,0.31323,0.42041,-0.053,0.832,1.046,non-ergonomis
SUBJ007,nisa,2026-05-23,13:25:12.711000,1426252167.0,1161711.0,0.97412,0.03735,0.25659,-1.313,0.611,-0.466,0.92896,0.30737,0.41431,-0.298,1.153,0.977,non-ergonomis
SUBJ007,nisa,2026-05-23,13:25:12.911000,1426252367.0,1161911.0,0.97998,0.04346,0.26123,-1.405,-0.214,-0.26,0.92456,0.31006,0.40332,0.076,1.046,0.229,non-ergonomis
SUBJ007,nisa,2026-05-23,13:25:12.111000,1426251567.0,1162111.0,0.97266,0.04102,0.25635,-2.427,-0.321,-0.611,0.92505,0.31494,0.41357,-0.031,0.664,0.916,non-ergonomis
SUBJ007,nisa,2026-05-23,13:25:13.311000,1426252767.0,1162311.0,0.97681,0.0415,0.27148,-1.702,0.817,-0.458,0.92969,0.31763,0.41602,-0.275,1.542,0.977,non-ergonomis
SUBJ007,nisa,2026-05-23,13:25:13.511000,1426252967.0,1162511.0,0.97119,0.03735,0.26587,-1.573,0.595,0.427,0.92505,0.30933,0.40332,-1.214,0.603,1.069,non-ergonomis
SUBJ007,nisa,2026-05-23,13:25:13.711000,1426253167.0,1162711.0,0.96997,0.04346,0.25879,-1.496,0.351,0.168,0.92285,0.31763,0.41846,-1.176,0.519,1.214,non-ergonomis
SUBJ007,nisa,2026-05-23,13:25:13.911000,1426253367.0,1162911.0,0.97168,0.04102,0.25757,-1.863,0.244,0.107,0.92383,0.31055,0.40723,-1.916,0.618,1.931,non-ergonomis
SUBJ007,nisa,2026-05-23,13:25:13.111000,1426252567.0,1163111.0,0.97974,0.04541,0.25928,-1.321,1.015,0.031,0.93091,0.31421,0.41431,-0.985,1.176,1.817,non-ergonomis
SUBJ007,nisa,2026-05-23,13:25:14.311000,1426253767.0,1163311.0,0.97876,0.0437,0.25659,-1.733,0.626,-0.008,0.92725,0.3125,0.4104,-0.847,1.191,1.298,non-ergonomis
SUBJ007,nisa,2026-05-23,13:25:14.511000,1426253967.0,1163511.0,0.97095,0.03882,0.26733,-2.107,0.099,-0.313,0.92676,0.31958,0.4165,-1.313,1.16,1.641,non-ergonomis
SUBJ007,nisa,2026-05-23,13:25:14.711000,1426254167.0,1163711.0,0.97925,0.04248,0.26294,-1.344,0.916,-0.344,0.92236,0.31592,0.41211,-0.802,1.389,1.252,non-ergonomis
SUBJ007,nisa,2026-05-23,13:25:14.911000,1426254367.0,1163911.0,0.97485,0.04272,0.26367,-1.87,0.443,-0.107,0.92847,0.30933,0.41626,-0.374,1.107,1.198,non-ergonomis
SUBJ007,nisa,2026-05-23,13:25:14.111000,1426253567.0,1164111.0,0.97241,0.03833,0.26563,-1.931,0.55,-0.313,0.92871,0.31274,0.40698,-1.137,1.031,1.824,non-ergonomis
SUBJ007,nisa,2026-05-23,13:25:15.311000,1426254767.0,1164311.0,0.97314,0.04321,0.26074,-1.359,0.45,-0.099,0.92627,0.3147,0.41504,-1.206,1.336,1.214,non-ergonomis
SUBJ007,nisa,2026-05-23,13:25:15.511000,1426254967.0,1164511.0,0.97485,0.04492,0.2749,-1.71,0.511,-0.038,0.92651,0.31396,0.40259,-0.992,1.366,1.321,non-ergonomis
SUBJ007,nisa,2026-05-23,13:25:15.711000,1426255167.0,1164711.0,0.97095,0.0459,0.26318,-1.733,0.336,-0.191,0.9209,0.31567,0.41284,-0.603,1.817,1.092,non-ergonomis
SUBJ007,nisa,2026-05-23,13:25:15.911000,1426255367.0,1164911.0,0.97217,0.04907,0.25854,-1.336,0.084,-0.153,0.92749,0.31567,0.41406,-0.336,1.359,0.992,non-ergonomis
SUBJ007,nisa,2026-05-23,13:25:15.111000,1426254567.0,1165111.0,0.96313,0.03931,0.26489,-2.42,0.214,0.191,0.92651,0.31543,0.41528,-0.168,1.382,1.321,non-ergonomis
SUBJ007,nisa,2026-05-23,13:25:16.311000,1426255767.0,1165311.0,0.97095,0.03687,0.27344,-1.351,0.397,0.183,0.92407,0.31421,0.40137,-0.496,1.618,1.099,non-ergonomis
SUBJ007,nisa,2026-05-23,13:25:16.511000,1426255967.0,1165511.0,0.96997,0.04126,0.26855,-1.733,0.221,-0.366,0.92554,0.31738,0.41479,-1.084,0.542,1.656,non-ergonomis
SUBJ007,nisa,2026-05-23,13:25:16.711000,1426256167.0,1165711.0,0.97388,0.03735,0.2627,-1.664,0.305,-0.313,0.92944,0.31445,0.40796,-0.626,0.206,1.298,non-ergonomis
SUBJ007,nisa,2026-05-23,13:25:16.911000,1426256367.0,1165911.0,0.97656,0.03979,0.26514,-1.847,0.221,-0.16,0.92114,0.31689,0.41821,-1.656,0.504,1.473,non-ergonomis
SUBJ007,nisa,2026-05-23,13:25:16.111000,1426255567.0,1166111.0,0.9751,0.04321,0.26465,-1.847,0.489,-0.214,0.92407,0.31519,0.41064,-0.695,-0.611,1.221,non-ergonomis
SUBJ007,nisa,2026-05-23,13:25:17.311000,1426256767.0,1166311.0,0.97095,0.04297,0.271,-1.832,0.244,-0.084,0.92334,0.31494,0.40918,-1.26,1.244,1.565,non-ergonomis
SUBJ007,nisa,2026-05-23,13:25:17.511000,1426256967.0,1166511.0,0.98096,0.04517,0.27563,-1.183,0.87,-0.16,0.93066,0.31396,0.42407,-0.588,0.863,1.191,non-ergonomis
SUBJ007,nisa,2026-05-23,13:25:17.711000,1426257167.0,1166711.0,0.97046,0.03784,0.26978,-1.817,0.328,0.061,0.927,0.31396,0.40649,-1.038,1.069,1.565,non-ergonomis
SUBJ007,nisa,2026-05-23,13:25:17.911000,1426257367.0,1166911.0,0.97388,0.04395,0.26685,-1.885,0.305,-0.397,0.92285,0.31226,0.41431,-1.221,1.038,1.794,non-ergonomis
SUBJ007,nisa,2026-05-23,13:25:17.111000,1426256567.0,1167111.0,0.97559,0.04126,0.27148,-2.008,0.595,-0.053,0.92529,0.31494,0.41235,-1.42,1.29,1.794,non-ergonomis
SUBJ007,nisa,2026-05-23,13:25:18.311000,1426257767.0,1167311.0,0.97485,0.0459,0.2666,-2.282,0.16,-0.076,0.93018,0.30493,0.41504,-1.122,0.847,1.344,non-ergonomis
SUBJ007,nisa,2026-05-23,13:25:18.511000,1426257967.0,1167511.0,0.97534,0.04199,0.27441,-1.885,0.634,-0.244,0.92578,0.31348,0.41089,-0.756,0.664,0.977,non-ergonomis
SUBJ007,nisa,2026-05-23,13:25:18.711000,1426258167.0,1167711.0,0.96851,0.03638,0.26831,-1.626,0.298,0.023,0.92212,0.31372,0.40698,-0.573,0.969,0.969,non-ergonomis
SUBJ007,nisa,2026-05-23,13:25:18.911000,1426258367.0,1167911.0,0.97095,0.04468,0.26489,-2.672,-0.183,0.13,0.93188,0.31177,0.40796,-1.756,0.817,1.779,non-ergonomis
SUBJ007,nisa,2026-05-23,13:25:18.111000,1426257567.0,1168111.0,0.97632,0.04272,0.27979,-1.519,0.237,0.191,0.92725,0.31323,0.40942,-0.588,1.435,0.87,non-ergonomis
SUBJ007,nisa,2026-05-23,13:25:19.311000,1426258767.0,1168311.0,0.98315,0.04297,0.27148,-1.847,-0.16,-0.389,0.92334,0.3147,0.41528,-0.145,1.008,1.092,non-ergonomis
SUBJ007,nisa,2026-05-23,13:25:19.511000,1426258967.0,1168511.0,0.97119,0.04102,0.2583,-1.466,0.405,-0.076,0.92822,0.31836,0.41553,,1.511,0.985,non-ergonomis
SUBJ007,nisa,2026-05-23,13:25:19.711000,1426259167.0,1168711.0,0.96826,0.04346,0.25366,-1.84,0.122,-0.038,0.92554,0.31201,0.4126,-1.221,0.458,1.511,non-ergonomis
SUBJ007,nisa,2026-05-23,13:25:19.911000,1426259367.0,1168911.0,0.97461,0.04712,0.26172,-1.786,0.832,0.053,0.92847,0.3186,0.41772,-1.145,1.023,1.229,non-ergonomis
SUBJ007,nisa,2026-05-23,13:25:19.111000,1426258567.0,1169111.0,0.97925,0.03979,0.26978,-2.229,0.443,-0.16,0.92773,0.31226,0.4104,-1.45,1.16,1.618,non-ergonomis
SUBJ007,nisa,2026-05-23,13:25:20.311000,1426259767.0,1169311.0,0.979,0.04883,0.27002,-1.58,0.405,-0.183,0.93457,0.31079,0.41162,-0.832,1.198,1.473,ergonomis
SUBJ007,nisa,2026-05-23,13:25:20.511000,1426259967.0,1169511.0,0.96973,0.0354,0.27173,-1.901,0.42,0.115,0.92847,0.31323,0.41382,-0.855,1.183,1.511,ergonomis
SUBJ007,nisa,2026-05-23,13:25:20.711000,1426260167.0,1169711.0,0.96997,0.04224,0.26318,-1.832,0.443,-0.168,0.93237,0.31616,0.40259,-1.115,1.008,1.748,ergonomis
SUBJ007,nisa,2026-05-23,13:25:20.911000,1426260367.0,1169911.0,0.96973,0.04346,0.27148,-1.557,0.824,0.046,0.92017,0.30957,0.41064,-0.534,1.382,1.29,ergonomis
SUBJ007,nisa,2026-05-23,13:25:20.111000,1426259567.0,1170111.0,0.9812,0.04175,0.26929,-2.092,-3.008,0.015,0.93408,0.3147,0.39502,1.336,1.412,2.809,ergonomis
SUBJ007,nisa,2026-05-23,13:25:21.311000,1426260767.0,1170311.0,0.98853,0.04761,0.23828,-3.885,-22.176,0.878,0.92358,0.31641,0.39551,3.473,-10.733,-1.885,ergonomis
SUBJ007,nisa,2026-05-23,13:25:21.511000,1426260967.0,1170511.0,1.0144,0.03638,0.12866,-5.237,-31.031,-0.412,0.90991,0.32617,0.36279,1.977,-17.817,-4.42,ergonomis
SUBJ007,nisa,2026-05-23,13:25:21.711000,1426261167.0,1170711.0,1.03955,0.02319,0.05615,-3.527,-17.534,2.023,0.89551,0.33228,0.29102,3.511,-10.992,-3.71,ergonomis
SUBJ007,nisa,2026-05-23,13:25:21.911000,1426261367.0,1170911.0,1.05859,0.0249,0.00317,-2.832,-13.389,4.557,0.88892,0.35327,0.23828,0.893,-9.947,-2.237,ergonomis
SUBJ007,nisa,2026-05-23,13:25:21.111000,1426260567.0,1171111.0,1.06885,0.0022,-0.0564,-9.046,-8.176,3.718,0.88208,0.36426,0.18701,-1.191,-9.214,1.405,ergonomis
SUBJ007,nisa,2026-05-23,13:25:22.311000,1426261767.0,1171311.0,1.06494,-0.02051,-0.07617,-2.069,-0.878,0.603,0.86694,0.36426,0.14502,1.122,-5.939,-0.733,ergonomis
SUBJ007,nisa,2026-05-23,13:25:22.511000,1426261967.0,1171511.0,1.07886,-0.00269,-0.07788,-2.191,-0.748,0.718,0.86182,0.36621,0.13647,0.412,-0.84,0.244,ergonomis
SUBJ007,nisa,2026-05-23,13:25:22.711000,1426262167.0,1171711.0,1.07715,-0.0166,-0.07642,-1.626,-0.038,-0.664,0.86523,0.3689,0.14014,-0.435,1.725,-0.511,ergonomis
SUBJ007,nisa,2026-05-23,13:25:22.911000,1426262367.0,1171911.0,1.07593,-0.01245,-0.08228,-0.992,-0.176,-0.053,0.86426,0.37793,0.13867,-1.198,1.107,-1.275,ergonomis
SUBJ007,nisa,2026-05-23,13:25:22.111000,1426261567.0,1172111.0,1.06641,-0.00513,-0.06592,-1.191,0.359,-0.84,0.8584,0.37695,0.13525,-1.191,0.359,1.198,ergonomis
SUBJ007,nisa,2026-05-23,13:25:23.311000,1426262767.0,1172311.0,1.07397,-0.01465,-0.06934,-3.397,0.198,-0.389,0.85669,0.37744,0.13818,-1.588,0.397,1.504,ergonomis
SUBJ007,nisa,2026-05-23,13:25:23.511000,1426262967.0,1172511.0,1.0708,-0.00586,-0.06909,-0.977,1.183,-0.489,0.86255,0.3938,0.13892,-1.313,1.962,1.74,ergonomis
SUBJ007,nisa,2026-05-23,13:25:23.711000,1426263167.0,1172711.0,1.06421,-0.01221,-0.06738,-3.557,1.969,-0.031,0.85449,0.38501,0.14087,-1.863,1.229,2.435,ergonomis
SUBJ007,nisa,2026-05-23,13:25:23.911000,1426263367.0,1172911.0,1.06934,-0.00635,-0.05908,-0.809,1.511,-0.221,0.85596,0.3833,0.13989,-1.336,1.321,1.29,ergonomis
SUBJ007,nisa,2026-05-23,13:25:23.111000,1426262567.0,1173111.0,1.07104,-0.01147,-0.06079,-2.168,0.985,-0.198,0.8606,0.38354,0.14453,-0.916,1.244,1.366,ergonomis
SUBJ007,nisa,2026-05-23,13:25:24.311000,1426263767.0,1173311.0,1.07446,-0.00122,-0.06079,-1.069,-0.13,-0.779,0.86646,0.38086,0.14014,-2.061,2.061,2.107,ergonomis
SUBJ007,nisa,2026-05-23,13:25:24.511000,1426263967.0,1173511.0,1.07349,-0.01001,-0.06104,-1.489,0.74,0.176,0.86523,0.37817,0.15747,-1.153,2.756,1.908,ergonomis
SUBJ007,nisa,2026-05-23,13:25:24.711000,1426264167.0,1173711.0,1.07056,-0.00171,-0.05688,-1.771,0.916,0.55,0.86768,0.36621,0.1499,-1.198,2.321,2.427,ergonomis
SUBJ007,nisa,2026-05-23,13:25:24.911000,1426264367.0,1173911.0,1.07104,-0.01343,-0.05249,-1.031,0.519,0.145,0.86621,0.37134,0.15674,-0.916,2.221,1.824,ergonomis
SUBJ007,nisa,2026-05-23,13:25:24.111000,1426263567.0,1174111.0,1.06543,-0.00757,-0.05688,-0.847,0.588,0.008,0.87231,0.37231,0.16113,-0.42,1.29,1.427,ergonomis
SUBJ007,nisa,2026-05-23,13:25:25.311000,1426264767.0,1174311.0,1.06738,-0.00366,-0.06152,-2.061,0.275,-0.382,0.86694,0.36743,0.15088,-1.351,0.42,1.718,ergonomis
SUBJ007,nisa,2026-05-23,13:25:25.511000,1426264967.0,1174511.0,1.06616,-0.0061,-0.05347,-3.015,0.557,-0.26,0.87158,0.37036,0.15063,-1.313,0.076,1.038,ergonomis
SUBJ007,nisa,2026-05-23,13:25:25.711000,1426265167.0,1174711.0,1.07373,-0.00488,-0.06299,-1.885,0.145,-0.397,0.86597,0.37012,0.1543,-1.305,-0.084,0.832,ergonomis
SUBJ007,nisa,2026-05-23,13:25:25.911000,1426265367.0,1174911.0,1.06909,0.00146,-0.04712,-1.824,0.817,-0.443,0.86304,0.37891,0.15308,-0.695,0.427,0.771,ergonomis
SUBJ007,nisa,2026-05-23,13:25:25.111000,1426264567.0,1175111.0,1.07568,-0.00024,-0.05029,-2.626,0.87,-0.412,0.87109,0.37109,0.1521,-1.679,0.153,1.634,ergonomis
SUBJ007,nisa,2026-05-23,13:25:26.311000,1426265767.0,1175311.0,1.07324,-0.00244,-0.052,-1.13,0.771,0.183,0.87012,0.38257,0.14917,-0.802,1.641,1.023,ergonomis
SUBJ007,nisa,2026-05-23,13:25:26.511000,1426265967.0,1175511.0,1.06958,-0.00562,-0.05005,-2.16,0.947,-0.366,0.86108,0.37964,0.15942,-1.252,0.84,1.183,ergonomis
SUBJ007,nisa,2026-05-23,13:25:26.711000,1426266167.0,1175711.0,1.06177,0.00122,-0.04321,-1.916,0.977,-0.008,0.87036,0.38159,0.1582,-1.107,1.397,1.183,ergonomis
SUBJ007,nisa,2026-05-23,13:25:26.911000,1426266367.0,1175911.0,1.06982,0.00488,-0.05591,-0.947,0.954,-0.405,0.86621,0.38159,0.15454,-1.511,1.252,1.985,ergonomis
SUBJ007,nisa,2026-05-23,13:25:26.111000,1426265567.0,1176111.0,1.07471,-0.00098,-0.04199,-1.397,0.282,0.031,0.87207,0.375,0.15747,-0.794,2.229,1.641,ergonomis
SUBJ007,nisa,2026-05-23,13:25:27.311000,1426266767.0,1176311.0,1.06738,0.00391,-0.03882,-1.863,0.863,-0.313,0.86694,0.38452,0.15967,-1.267,1.099,2.099,ergonomis
SUBJ007,nisa,2026-05-23,13:25:27.511000,1426266967.0,1176511.0,1.07031,0.00317,-0.04126,0.87,0.916,-0.443,0.86646,0.37378,0.15771,-0.26,2.58,,ergonomis
SUBJ007,nisa,2026-05-23,13:25:27.711000,1426267167.0,1176711.0,1.06787,-0.01245,-0.06909,-3.359,0.206,-2.099,0.87622,0.3562,0.17725,-2.802,10.718,1.344,ergonomis
SUBJ007,nisa,2026-05-23,13:25:27.911000,1426267367.0,1176911.0,1.06226,-0.00366,-0.02466,1.45,-0.74,-7.221,0.88428,0.36963,0.19678,-2.954,9.55,2.924,ergonomis
SUBJ007,nisa,2026-05-23,13:25:27.111000,1426266567.0,1177111.0,1.07422,0.05615,-0.05347,0.16,-0.099,-9.695,0.89038,0.37036,0.23267,-2.664,4.191,8.412,ergonomis
SUBJ007,nisa,2026-05-23,13:25:28.311000,1426267767.0,1177311.0,1.05664,0.03931,-0.03198,-3.809,0.267,2.0,0.89136,0.36572,0.22778,-3.489,1.0,-1.893,ergonomis
SUBJ007,nisa,2026-05-23,13:25:28.511000,1426267967.0,1177511.0,1.05396,0.0603,-0.03589,-5.145,-1.252,-4.443,0.8894,0.34839,0.22144,-1.321,-1.931,1.725,ergonomis
SUBJ007,nisa,2026-05-23,13:25:28.711000,1426268167.0,1177711.0,1.05737,0.06226,-0.0271,-2.092,1.534,-2.153,0.88989,0.35742,0.22046,-0.466,,-0.015,ergonomis
SUBJ007,nisa,2026-05-23,13:25:28.911000,1426268367.0,1177911.0,1.06396,0.06616,-0.02759,0.939,0.435,1.321,0.8855,0.35986,0.21973,,-0.656,-1.252,ergonomis
SUBJ007,nisa,2026-05-23,13:25:28.111000,1426267567.0,1178111.0,1.06128,0.06372,-0.02539,-0.603,-0.038,1.26,0.88062,0.37622,0.22827,-0.29,-0.092,1.382,ergonomis
SUBJ007,nisa,2026-05-23,13:25:29.311000,1426268767.0,1178311.0,1.05542,0.05859,-0.0188,-0.779,0.779,-0.519,0.88428,0.36499,0.21533,-1.099,-0.687,2.252,ergonomis
SUBJ007,nisa,2026-05-23,13:25:29.511000,1426268967.0,1178511.0,1.0625,0.05884,-0.03271,-1.214,1.26,0.237,0.88574,0.36353,0.21362,-0.702,3.107,1.061,ergonomis
SUBJ007,nisa,2026-05-23,13:25:29.711000,1426269167.0,1178711.0,1.05859,0.06665,-0.0249,-2.061,1.382,-0.756,0.88745,0.36206,0.20825,-1.58,1.351,2.168,ergonomis
SUBJ007,nisa,2026-05-23,13:25:29.911000,1426269367.0,1178911.0,1.0625,0.06152,-0.01953,-0.885,0.198,-1.145,0.88257,0.36157,0.21948,-1.405,1.511,2.321,ergonomis
SUBJ007,nisa,2026-05-23,13:25:29.111000,1426268567.0,1179111.0,1.06421,0.06616,-0.02612,-0.679,1.145,0.573,0.88672,0.37085,0.22607,-1.275,3.832,1.786,ergonomis
SUBJ007,nisa,2026-05-23,13:25:30.311000,1426269767.0,1179311.0,1.0625,0.06616,-0.0188,-1.427,1.427,0.832,0.88647,0.35962,0.2417,-1.29,0.649,1.702,non-ergonomis
SUBJ007,nisa,2026-05-23,13:25:30.511000,1426269967.0,1179511.0,1.06104,0.05981,-0.02417,-1.389,3.382,0.489,0.89136,0.35229,0.23486,-1.496,3.389,2.16,non-ergonomis
SUBJ007,nisa,2026-05-23,13:25:30.711000,1426270167.0,1179711.0,1.07788,0.04858,-0.01685,8.214,22.832,4.649,0.8916,0.35034,0.29736,-2.786,29.008,2.191,non-ergonomis
SUBJ007,nisa,2026-05-23,13:25:30.911000,1426270367.0,1179911.0,0.98657,0.04077,0.21875,-7.588,40.008,6.344,0.90991,0.3584,0.33984,-38.42,17.214,21.069,non-ergonomis
SUBJ007,nisa,2026-05-23,13:25:30.111000,1426269567.0,1180111.0,1.00366,0.01172,0.21265,-7.939,8.366,0.817,0.91309,0.3291,0.40942,-5.611,5.725,4.794,non-ergonomis
SUBJ007,nisa,2026-05-23,13:25:31.311000,1426270767.0,1180311.0,0.98706,0.00244,0.25342,-1.282,3.84,-1.107,0.92529,0.31738,0.41797,-1.336,0.992,1.183,non-ergonomis
SUBJ007,nisa,2026-05-23,13:25:31.511000,1426270967.0,1180511.0,0.97754,0.01318,0.25586,-3.527,2.45,-2.55,0.92505,0.31226,0.41431,-2.908,2.336,1.962,non-ergonomis
SUBJ007,nisa,2026-05-23,13:25:31.711000,1426271167.0,1180711.0,0.98413,0.02344,0.24683,-3.725,2.153,-1.366,0.93091,0.31226,0.41748,-1.107,-0.099,0.878,non-ergonomis
SUBJ007,nisa,2026-05-23,13:25:31.911000,1426271367.0,1180911.0,0.98022,0.01514,0.25732,-1.359,0.321,-1.412,0.93286,0.31909,0.4165,-0.939,0.985,0.458,non-ergonomis
SUBJ007,nisa,2026-05-23,13:25:31.111000,1426270567.0,1181111.0,0.99658,0.02515,0.25244,-2.947,-0.885,1.176,0.92847,0.31909,0.4231,-1.687,3.443,1.74,non-ergonomis
SUBJ007,nisa,2026-05-23,13:25:32.311000,1426271767.0,1181311.0,0.98193,0.01123,0.25244,-2.855,-1.893,3.924,0.9187,0.33374,0.43286,-0.695,1.58,1.74,non-ergonomis
SUBJ007,nisa,2026-05-23,13:25:32.511000,1426271967.0,1181511.0,0.98779,-0.01001,0.24268,-1.977,0.702,1.466,0.92749,0.32227,0.42212,1.137,-1.618,2.55,non-ergonomis
SUBJ007,nisa,2026-05-23,13:25:32.711000,1426272167.0,1181711.0,0.98584,-0.01416,0.23877,-4.168,-0.176,4.603,0.92676,0.31934,0.40942,-1.672,-0.481,1.733,non-ergonomis
SUBJ007,nisa,2026-05-23,13:25:32.911000,1426272367.0,1181911.0,0.99023,0.00146,0.23413,-7.397,-0.725,-1.901,0.92603,0.31592,0.40674,-3.656,-1.527,5.534,non-ergonomis
SUBJ007,nisa,2026-05-23,13:25:32.111000,1426271567.0,1182111.0,0.9834,-0.01318,0.25293,-1.397,3.252,1.168,0.92578,0.30347,0.41016,-0.504,2.71,0.794,non-ergonomis
SUBJ007,nisa,2026-05-23,13:25:33.311000,1426272767.0,1182311.0,0.98218,-0.00903,0.24634,-4.069,-0.351,-3.542,0.91455,0.30835,0.40259,-2.282,-2.809,4.924,non-ergonomis
SUBJ007,nisa,2026-05-23,13:25:33.511000,1426272967.0,1182511.0,0.97974,-0.00732,0.26123,-2.527,-0.603,-0.634,0.92676,0.30664,0.40698,-1.71,0.87,1.0,non-ergonomis
SUBJ007,nisa,2026-05-23,13:25:33.711000,1426273167.0,1182711.0,0.97974,-0.00439,0.25464,-0.985,-1.687,-2.229,0.93457,0.30493,0.4126,-0.954,1.42,3.313,non-ergonomis
SUBJ007,nisa,2026-05-23,13:25:33.911000,1426273367.0,1182911.0,0.97827,-0.00269,0.25684,3.198,-0.985,0.664,0.93945,0.30225,0.41992,1.137,1.771,0.099,non-ergonomis
SUBJ007,nisa,2026-05-23,13:25:33.111000,1426272567.0,1183111.0,0.97656,0.00732,0.25317,-5.496,0.061,-0.29,0.93091,0.28882,0.43726,-0.71,3.473,5.038,non-ergonomis
SUBJ007,nisa,2026-05-23,13:25:34.311000,1426273767.0,1183311.0,0.99072,-0.00366,0.25024,0.092,-0.573,2.046,0.92285,0.29639,0.43433,0.687,-0.237,0.427,non-ergonomis
SUBJ007,nisa,2026-05-23,13:25:34.511000,1426273967.0,1183511.0,0.9834,-0.00171,0.27344,-1.26,1.504,1.954,0.93335,0.29443,0.43164,1.046,2.061,3.191,non-ergonomis
SUBJ007,nisa,2026-05-23,13:25:34.711000,1426274167.0,1183711.0,0.98828,-0.00903,0.26953,-2.42,1.359,0.489,0.92749,0.2771,0.44775,-1.595,3.122,5.725,non-ergonomis
SUBJ007,nisa,2026-05-23,13:25:34.911000,1426274367.0,1183911.0,0.99316,-0.01294,0.28247,-4.756,-1.328,0.855,0.93237,0.27197,0.42822,0.656,-2.366,2.29,non-ergonomis
SUBJ007,nisa,2026-05-23,13:25:34.111000,1426273567.0,1184111.0,0.97949,-0.0166,0.27466,-3.489,-0.267,0.748,0.93774,0.26611,0.4585,-0.053,0.214,2.611,non-ergonomis
SUBJ007,nisa,2026-05-23,13:25:35.311000,1426274767.0,1184311.0,0.97266,-0.01978,0.27417,-4.695,1.122,1.679,0.92798,0.2561,0.44971,0.008,-2.55,-2.763,non-ergonomis
SUBJ007,nisa,2026-05-23,13:25:35.511000,1426274967.0,1184511.0,0.97144,-0.02393,0.27173,-2.702,2.588,1.656,0.93799,0.2832,0.44214,-0.901,-1.489,-0.786,non-ergonomis
SUBJ007,nisa,2026-05-23,13:25:35.711000,1426275167.0,1184711.0,0.96631,-0.02734,0.27197,-0.321,-0.794,-0.122,0.93872,0.28491,0.4292,1.412,-1.74,-0.954,non-ergonomis
SUBJ007,nisa,2026-05-23,13:25:35.911000,1426275367.0,1184911.0,0.97266,-0.02881,0.27344,-0.679,0.015,0.366,0.9314,0.28271,0.41797,2.405,0.305,-0.473,non-ergonomis
SUBJ007,nisa,2026-05-23,13:25:35.111000,1426274567.0,1185111.0,0.97192,-0.03052,0.26538,-0.87,-0.099,0.244,0.93237,0.28711,0.4209,0.435,0.023,0.58,non-ergonomis
SUBJ007,nisa,2026-05-23,13:25:36.311000,1426275767.0,1185311.0,0.97729,-0.0249,0.25952,-1.321,-0.145,-0.244,0.93579,0.29248,0.42236,-1.221,0.519,0.634,non-ergonomis
SUBJ007,nisa,2026-05-23,13:25:36.511000,1426275967.0,1185511.0,0.97803,-0.02588,0.26099,-1.672,0.313,-0.29,0.94019,0.29346,0.41943,-0.916,0.885,0.84,non-ergonomis
SUBJ007,nisa,2026-05-23,13:25:36.711000,1426276167.0,1185711.0,0.9856,-0.0188,0.25391,-1.214,0.618,-0.26,0.93408,0.29443,0.41528,-1.809,1.718,1.954,non-ergonomis
SUBJ007,nisa,2026-05-23,13:25:36.911000,1426276367.0,1185911.0,0.98584,-0.02588,0.26611,-1.58,0.977,0.313,0.93774,0.29468,0.41113,-0.55,1.641,1.076,non-ergonomis
SUBJ007,nisa,2026-05-23,13:25:36.111000,1426275567.0,1186111.0,0.98486,-0.01978,0.25586,-2.084,0.252,-0.092,0.93188,0.2915,0.41235,-1.214,0.725,1.931,non-ergonomis
SUBJ007,nisa,2026-05-23,13:25:37.311000,1426276767.0,1186311.0,0.97754,-0.03149,0.26099,-1.634,0.443,-0.305,0.93457,0.29712,0.41089,-1.191,0.733,1.618,non-ergonomis
SUBJ007,nisa,2026-05-23,13:25:37.511000,1426276967.0,1186511.0,0.97046,-0.02393,0.25879,-1.687,0.794,-0.321,0.93726,0.29565,0.41113,-1.527,1.412,1.58,non-ergonomis
SUBJ007,nisa,2026-05-23,13:25:37.711000,1426277167.0,1186711.0,0.97827,-0.01929,0.26611,-2.137,0.45,-0.58,0.93652,0.29175,0.41553,-2.153,0.649,1.977,non-ergonomis
SUBJ007,nisa,2026-05-23,13:25:37.911000,1426277367.0,1186911.0,0.97314,-0.01904,0.26074,-1.71,0.672,-0.092,0.93237,0.29272,0.42041,-0.847,1.252,1.366,non-ergonomis
SUBJ007,nisa,2026-05-23,13:25:37.111000,1426276567.0,1187111.0,0.97754,-0.02026,0.2688,-1.878,0.366,-0.13,0.93823,0.28687,0.41821,-1.267,1.053,1.733,non-ergonomis
SUBJ007,nisa,2026-05-23,13:25:38.311000,1426277767.0,1187311.0,0.97192,-0.0293,0.26172,-1.527,0.802,-0.115,0.9314,0.29272,0.41284,-0.931,0.885,0.947,non-ergonomis
SUBJ007,nisa,2026-05-23,13:25:38.511000,1426277967.0,1187511.0,0.97583,-0.02271,0.26807,-1.718,0.427,-0.061,0.92993,0.29102,0.41821,-0.489,1.359,1.397,non-ergonomis
SUBJ007,nisa,2026-05-23,13:25:38.711000,1426278167.0,1187711.0,0.97412,-0.02002,0.2644,-0.725,0.672,-0.351,0.93237,0.29468,0.41602,-0.015,1.473,0.916,non-ergonomis
SUBJ007,nisa,2026-05-23,13:25:38.911000,1426278367.0,1187911.0,0.97314,-0.0293,0.27954,-1.466,0.107,-0.069,0.92725,0.29053,0.41284,-0.466,1.099,1.214,non-ergonomis
SUBJ007,nisa,2026-05-23,13:25:38.111000,1426277567.0,1188111.0,0.97314,-0.01831,0.26221,-0.779,-0.053,0.298,0.927,0.29932,0.4126,-0.107,1.282,1.45,non-ergonomis
SUBJ007,nisa,2026-05-23,13:25:39.311000,1426278767.0,1188311.0,0.97632,-0.0354,0.2605,-1.962,0.473,0.473,0.93872,0.29004,0.40967,-0.473,0.809,1.908,non-ergonomis
SUBJ007,nisa,2026-05-23,13:25:39.511000,1426278967.0,1188511.0,0.97583,-0.02783,0.2644,-1.756,0.298,0.756,0.93433,0.28809,0.41724,-1.13,0.924,1.137,non-ergonomis
SUBJ007,nisa,2026-05-23,13:25:39.711000,1426279167.0,1188711.0,0.979,-0.02734,0.25708,-2.038,0.252,0.244,0.93457,0.28687,0.42163,-1.71,0.45,1.969,non-ergonomis
SUBJ007,nisa,2026-05-23,13:25:39.911000,1426279367.0,1188911.0,0.97534,-0.03516,0.26807,-1.962,0.588,0.664,0.94092,0.28687,0.41187,-2.176,1.122,2.0,non-ergonomis
SUBJ007,nisa,2026-05-23,13:25:39.111000,1426278567.0,1189111.0,0.97314,-0.02783,0.26611,-1.634,0.489,0.313,0.93237,0.28345,0.41284,-1.557,0.924,1.847,non-ergonomis
SUBJ007,nisa,2026-05-23,13:25:40.311000,1426279767.0,1189311.0,0.97021,-0.03223,0.27661,-1.992,0.565,0.214,0.93506,0.28711,0.40308,-1.664,1.176,1.725,ergonomis
SUBJ007,nisa,2026-05-23,13:25:40.511000,1426279967.0,1189511.0,0.97095,-0.03613,0.27417,-1.733,0.939,-0.321,0.93506,0.28638,0.41602,-1.137,1.359,1.802,ergonomis
SUBJ007,nisa,2026-05-23,13:25:40.711000,1426280167.0,1189711.0,0.97046,-0.03687,0.26636,-1.786,0.038,-0.046,0.93384,0.27979,0.41821,-1.099,0.947,1.084,ergonomis
SUBJ007,nisa,2026-05-23,13:25:40.911000,1426280367.0,1189911.0,0.96899,-0.03101,0.2771,-2.786,-2.687,-1.092,0.93457,0.28198,0.39795,-0.229,-0.71,1.282,ergonomis
SUBJ007,nisa,2026-05-23,13:25:40.111000,1426279567.0,1190111.0,0.99072,-0.04199,0.25513,-0.969,-18.641,-2.366,0.92456,0.29395,0.38501,4.824,-2.74,-4.191,ergonomis
SUBJ007,nisa,2026-05-23,13:25:41.311000,1426280767.0,1190311.0,1.00439,-0.01831,0.14697,4.107,-40.611,2.168,0.88721,0.33398,0.37524,9.71,-14.74,-17.779,ergonomis
SUBJ007,nisa,2026-05-23,13:25:41.511000,1426280967.0,1190511.0,1.04468,-0.01538,0.03931,-2.145,-36.008,-4.176,0.9292,0.38135,0.30176,5.168,-18.87,-11.74,ergonomis
SUBJ007,nisa,2026-05-23,13:25:41.711000,1426281167.0,1190711.0,1.11353,0.00122,-0.05762,-12.107,-3.962,-5.985,0.88208,0.38403,0.25903,-0.656,-12.038,-1.221,ergonomis
SUBJ007,nisa,2026-05-23,13:25:41.911000,1426281367.0,1190911.0,1.07666,0.03638,-0.07471,-8.687,-9.458,-2.389,0.86353,0.41479,0.19873,-1.779,-15.328,4.695,ergonomis
SUBJ007,nisa,2026-05-23,13:25:41.111000,1426280567.0,1191111.0,1.08936,0.01294,-0.10522,-10.519,0.252,-4.87,0.86914,0.37183,0.15381,-2.756,-1.16,5.328,ergonomis
SUBJ007,nisa,2026-05-23,13:25:42.311000,1426281767.0,1191311.0,1.07178,0.05762,-0.09546,-5.603,1.435,-5.863,0.86938,0.36646,0.1394,-4.977,-3.298,5.405,ergonomis
SUBJ007,nisa,2026-05-23,13:25:42.511000,1426281967.0,1191511.0,1.07056,0.04614,-0.07886,-0.679,0.847,-1.473,0.86182,0.36108,0.15649,-2.573,2.466,0.71,ergonomis
SUBJ007,nisa,2026-05-23,13:25:42.711000,1426282167.0,1191711.0,1.06372,0.05664,-0.07788,1.939,0.366,-0.794,0.86792,0.36768,0.15698,-0.221,2.725,-0.489,ergonomis
SUBJ007,nisa,2026-05-23,13:25:42.911000,1426282367.0,1191911.0,1.06348,0.05811,-0.07568,-1.916,3.702,0.328,0.86719,0.38647,0.16821,-1.42,4.756,-0.176,ergonomis
SUBJ007,nisa,2026-05-23,13:25:42.111000,1426281567.0,1192111.0,1.06787,0.05396,-0.06934,1.282,3.901,4.374,0.86597,0.38916,0.17822,-1.313,9.015,-4.313,ergonomis
SUBJ007,nisa,2026-05-23,13:25:43.311000,1426282767.0,1192311.0,1.06226,0.03369,-0.05103,2.992,0.244,4.237,0.86694,0.40942,0.20142,-2.511,4.481,2.656,ergonomis
SUBJ007,nisa,2026-05-23,13:25:43.511000,1426282967.0,1192511.0,1.06812,0.02319,-0.05249,-0.534,2.794,0.718,0.87451,0.3894,0.2146,-1.466,4.359,2.71,ergonomis
SUBJ007,nisa,2026-05-23,13:25:43.711000,1426283167.0,1192711.0,1.06543,0.01294,-0.05859,-2.115,1.763,3.16,0.87817,0.39893,0.22046,-2.084,4.298,2.847,ergonomis
SUBJ007,nisa,2026-05-23,13:25:43.911000,1426283367.0,1192911.0,1.06226,0.00439,-0.03735,1.962,-0.954,1.519,0.88062,0.39697,0.24023,-0.641,9.351,-1.198,ergonomis
SUBJ007,nisa,2026-05-23,13:25:43.111000,1426282567.0,1193111.0,1.07031,0.01025,-0.0332,-0.55,0.992,0.626,0.87329,0.4021,0.2522,-0.954,3.374,1.496,ergonomis
SUBJ007,nisa,2026-05-23,13:25:44.311000,1426283767.0,1193311.0,1.06592,0.00708,-0.03027,-1.206,-1.168,-1.137,0.88574,0.39258,0.25879,-0.527,2.267,2.473,ergonomis
SUBJ007,nisa,2026-05-23,13:25:44.511000,1426283967.0,1193511.0,1.06494,0.00269,-0.04956,-0.863,2.069,0.038,0.87842,0.39697,0.2583,-1.099,3.603,0.626,ergonomis
SUBJ007,nisa,2026-05-23,13:25:44.711000,1426284167.0,1193711.0,1.06763,0.0083,-0.04565,1.282,-0.427,-0.053,0.88403,0.39551,0.2688,-0.817,2.275,0.519,ergonomis
SUBJ007,nisa,2026-05-23,13:25:44.911000,1426284367.0,1193911.0,1.05713,0.00977,-0.04004,-2.244,0.832,-0.061,0.88574,0.38672,0.27295,-1.603,-0.511,1.29,ergonomis
SUBJ007,nisa,2026-05-23,13:25:44.111000,1426283567.0,1194111.0,1.07251,0.00635,-0.03882,-2.023,0.931,-0.298,0.88599,0.39844,0.2644,-0.718,1.252,,ergonomis
SUBJ007,nisa,2026-05-23,13:25:45.311000,1426284767.0,1194311.0,1.06177,0.00952,-0.04126,-0.939,-0.427,-0.221,0.88403,0.40088,0.25488,-0.702,-0.305,0.504,ergonomis
SUBJ007,nisa,2026-05-23,13:25:45.511000,1426284967.0,1194511.0,1.06641,0.00708,-0.04272,-2.649,0.985,-0.214,0.88281,0.40063,0.25977,-1.023,-0.16,1.954,ergonomis
SUBJ007,nisa,2026-05-23,13:25:45.711000,1426285167.0,1194711.0,1.06421,0.00122,-0.04443,-1.763,-0.275,0.313,0.88379,0.39478,0.25439,-1.275,0.473,1.779,ergonomis
SUBJ007,nisa,2026-05-23,13:25:45.911000,1426285367.0,1194911.0,1.07007,0.00586,-0.03882,-2.29,1.183,-0.74,0.88623,0.39209,0.24927,-1.496,0.527,2.092,ergonomis
SUBJ007,nisa,2026-05-23,13:25:45.111000,1426284567.0,1195111.0,1.07202,0.00513,-0.04028,-2.443,0.023,-0.519,0.88354,0.39624,0.24976,-0.916,1.321,1.031,ergonomis
SUBJ007,nisa,2026-05-23,13:25:46.311000,1426285767.0,1195311.0,1.06299,0.01611,-0.02539,-2.023,1.084,-0.588,0.88281,0.40137,0.24854,-1.221,1.626,1.672,ergonomis
SUBJ007,nisa,2026-05-23,13:25:46.511000,1426285967.0,1195511.0,1.0564,0.01147,-0.02881,-2.748,1.595,-0.389,0.8833,0.39453,0.24316,-0.985,0.939,2.0,ergonomis
SUBJ007,nisa,2026-05-23,13:25:46.711000,1426286167.0,1195711.0,1.06348,0.01147,-0.03882,-1.802,-0.069,-0.26,0.88501,0.39258,0.26123,-1.695,0.969,2.824,ergonomis
SUBJ007,nisa,2026-05-23,13:25:46.911000,1426286367.0,1195911.0,1.05981,0.01636,-0.03369,-2.13,1.099,0.137,0.8811,0.3894,0.25659,-1.588,0.603,3.115,ergonomis
SUBJ007,nisa,2026-05-23,13:25:46.111000,1426285567.0,1196111.0,1.0647,0.01196,-0.02686,-3.267,1.786,0.557,0.89038,0.3772,0.26147,-2.427,-0.786,3.771,ergonomis
SUBJ007,nisa,2026-05-23,13:25:47.311000,1426286767.0,1196311.0,1.05664,0.00635,-0.02783,-2.58,0.702,0.183,0.88623,0.37744,0.24658,-1.473,0.275,3.061,ergonomis
SUBJ007,nisa,2026-05-23,13:25:47.511000,1426286967.0,1196511.0,1.05713,0.00098,-0.02954,-2.969,0.214,0.26,0.89209,0.37524,0.2439,-0.931,-0.015,1.908,ergonomis
SUBJ007,nisa,2026-05-23,13:25:47.711000,1426287167.0,1196711.0,1.06104,0.00146,-0.01855,-2.87,1.107,0.542,0.89282,0.36987,0.24731,-0.977,0.351,0.863,ergonomis
SUBJ007,nisa,2026-05-23,13:25:47.911000,1426287367.0,1196911.0,1.06055,0.00659,-0.03296,-2.16,-0.168,-0.29,0.88818,0.37476,0.24414,-1.145,0.794,1.603,ergonomis
SUBJ007,nisa,2026-05-23,13:25:47.111000,1426286567.0,1197111.0,1.06396,0.00415,-0.02759,-1.802,0.481,0.046,0.8894,0.37769,0.24829,-1.58,1.802,1.725,ergonomis
SUBJ007,nisa,2026-05-23,13:25:48.311000,1426287767.0,1197311.0,1.06348,0.01025,-0.01636,-3.008,1.55,0.412,0.88623,0.37524,0.24976,-2.298,0.901,2.802,ergonomis
SUBJ007,nisa,2026-05-23,13:25:48.511000,1426287967.0,1197511.0,1.06299,0.00317,-0.021,-1.527,-0.122,0.473,0.89185,0.37451,0.25562,-0.557,1.298,1.389,ergonomis
SUBJ007,nisa,2026-05-23,13:25:48.711000,1426288167.0,1197711.0,1.05737,0.00073,-0.01953,-2.328,0.611,0.359,0.89014,0.36621,0.25098,-1.29,0.55,1.473,ergonomis
SUBJ007,nisa,2026-05-23,13:25:48.911000,1426288367.0,1197911.0,1.06812,0.00195,-0.01978,-1.55,0.305,0.137,0.88721,0.37402,0.25513,-0.87,0.679,0.809,ergonomis
SUBJ007,nisa,2026-05-23,13:25:48.111000,1426287567.0,1198111.0,1.06763,0.00098,-0.02197,-1.756,0.527,-0.496,0.89111,0.37158,0.25073,-1.137,1.16,0.992,ergonomis
SUBJ007,nisa,2026-05-23,13:25:49.311000,1426288767.0,1198311.0,1.06982,0.00342,-0.021,-2.198,1.023,-0.321,0.89331,0.37207,0.26294,-1.069,1.344,1.305,ergonomis
SUBJ007,nisa,2026-05-23,13:25:49.511000,1426288967.0,1198511.0,1.06519,0.00269,-0.01978,-1.511,0.634,-0.214,0.89771,0.36963,0.25171,-0.252,2.26,0.756,ergonomis
SUBJ007,nisa,2026-05-23,13:25:49.711000,1426289167.0,1198711.0,1.06812,-0.00171,-0.03564,-2.298,0.664,0.511,0.89063,0.375,0.25586,-0.885,1.771,1.901,ergonomis
SUBJ007,nisa,2026-05-23,13:25:49.911000,1426289367.0,1198911.0,1.0686,-0.01099,-0.01123,-0.588,-0.634,0.008,0.89282,0.36621,0.26172,-0.832,2.168,1.725,ergonomis
SUBJ007,nisa,2026-05-23,13:25:49.111000,1426288567.0,1199111.0,1.06934,0.00122,-0.02979,-1.855,0.305,0.008,0.89307,0.36694,0.26367,-0.565,1.916,1.588,ergonomis
SUBJ007,nisa,2026-05-23,13:25:50.311000,1426289767.0,1199311.0,1.05884,0.00684,-0.01855,-1.053,1.084,-0.206,0.89209,0.35889,0.25854,-0.969,1.832,1.237,non-ergonomis
SUBJ007,nisa,2026-05-23,13:25:50.511000,1426289967.0,1199511.0,1.06226,0.00562,-0.02148,-1.672,0.076,-0.366,0.89551,0.36011,0.27344,-0.847,0.298,2.29,non-ergonomis
SUBJ007,nisa,2026-05-23,13:25:50.711000,1426290167.0,1199711.0,1.06958,0.00171,-0.02295,-1.229,-0.511,-0.084,0.89819,0.36401,0.26318,-1.351,0.084,1.321,non-ergonomis
SUBJ007,nisa,2026-05-23,13:25:50.911000,1426290367.0,1199911.0,1.06104,0.00171,-0.0271,-3.511,1.466,0.244,0.89453,0.36206,0.26294,-1.405,0.038,0.817,non-ergonomis
SUBJ007,nisa,2026-05-23,13:25:50.111000,1426289567.0,1200111.0,1.06836,0.00195,-0.01416,-2.427,1.519,-0.298,0.90161,0.36768,0.25366,-1.84,0.603,1.756,non-ergonomis
SUBJ007,nisa,2026-05-23,13:25:51.311000,1426290767.0,1200311.0,1.0603,0.00024,-0.01929,1.695,5.298,-2.489,0.89478,0.35303,0.26563,-2.122,4.42,2.672,non-ergonomis
SUBJ007,nisa,2026-05-23,13:25:51.511000,1426290967.0,1200511.0,1.05249,0.01172,0.00244,5.313,28.481,0.695,0.896,0.34912,0.32544,-6.008,23.015,6.908,non-ergonomis
SUBJ007,nisa,2026-05-23,13:25:51.711000,1426291167.0,1200711.0,0.98022,-0.01025,0.15503,-6.901,45.015,2.511,0.88892,0.3252,0.3606,-8.687,17.58,12.802,non-ergonomis
SUBJ007,nisa,2026-05-23,13:25:51.911000,1426291367.0,1200911.0,0.99585,-0.00854,0.26636,1.473,3.847,-0.008,0.93408,0.33081,0.38599,0.412,-7.176,-4.969,non-ergonomis
SUBJ007,nisa,2026-05-23,13:25:51.111000,1426290567.0,1201111.0,0.99268,0.01294,0.23315,-5.244,1.145,-3.069,0.91772,0.31885,0.39941,-3.794,7.71,4.779,non-ergonomis
SUBJ007,nisa,2026-05-23,13:25:52.311000,1426291767.0,1201311.0,0.99854,0.00586,0.24951,-3.137,1.924,0.26,0.92773,0.31909,0.42017,1.061,2.969,1.534,non-ergonomis
SUBJ007,nisa,2026-05-23,13:25:52.511000,1426291967.0,1201511.0,0.98218,-0.0022,0.24805,-1.206,-0.985,1.13,0.93066,0.30908,0.42505,1.763,1.29,1.29,non-ergonomis
SUBJ007,nisa,2026-05-23,13:25:52.711000,1426292167.0,1201711.0,0.9856,-0.01733,0.24414,-1.855,0.382,1.275,0.92212,0.31006,0.42334,1.733,1.733,1.496,non-ergonomis
SUBJ007,nisa,2026-05-23,13:25:52.911000,1426292367.0,1201911.0,0.98486,-0.01147,0.24072,-1.137,,0.908,0.92578,0.31201,0.42358,-0.183,1.695,1.275,non-ergonomis
SUBJ007,nisa,2026-05-23,13:25:52.111000,1426291567.0,1202111.0,0.98975,-0.02124,0.25073,-1.374,0.099,0.023,0.9248,0.31641,0.41357,-0.092,1.527,1.168,non-ergonomis
SUBJ007,nisa,2026-05-23,13:25:53.311000,1426292767.0,1202311.0,0.97998,-0.01318,0.2439,-1.534,0.298,-0.45,0.92993,0.31055,0.41553,-1.13,1.496,1.206,non-ergonomis
SUBJ007,nisa,2026-05-23,13:25:53.511000,1426292967.0,1202511.0,0.98071,-0.01587,0.2439,-1.71,0.122,0.198,0.92627,0.3125,0.4187,-1.603,1.092,1.275,non-ergonomis
SUBJ007,nisa,2026-05-23,13:25:53.711000,1426293167.0,1202711.0,0.99219,-0.00659,0.24707,-1.908,0.702,-0.198,0.92725,0.31372,0.41406,-1.084,1.107,1.344,non-ergonomis
SUBJ007,nisa,2026-05-23,13:25:53.911000,1426293367.0,1202911.0,0.98975,-0.01709,0.24902,-1.847,0.603,0.008,0.9231,0.30835,0.41895,-1.336,1.496,1.382,non-ergonomis
SUBJ007,nisa,2026-05-23,13:25:53.111000,1426292567.0,1203111.0,0.99585,-0.01196,0.24268,-1.336,1.0,0.42,0.93555,0.31494,0.41064,-0.55,0.672,1.267,non-ergonomis
SUBJ007,nisa,2026-05-23,13:25:54.311000,1426293767.0,1203311.0,0.97949,-0.02124,0.24902,-1.786,0.794,0.321,0.93433,0.31982,0.41895,-1.115,1.718,1.763,non-ergonomis
SUBJ007,nisa,2026-05-23,13:25:54.511000,1426293967.0,1203511.0,0.97998,-0.02271,0.25049,-2.16,0.618,-0.061,0.91919,0.30933,0.40796,-0.099,0.061,1.237,non-ergonomis
SUBJ007,nisa,2026-05-23,13:25:54.711000,1426294167.0,1203711.0,0.97925,-0.00879,0.26025,-2.0,0.405,-0.092,0.92847,0.30981,0.42188,-0.252,1.031,1.389,non-ergonomis
SUBJ007,nisa,2026-05-23,13:25:54.911000,1426294367.0,1203911.0,0.9834,-0.01758,0.25659,-1.863,0.183,-0.366,0.92822,0.30151,0.42603,-1.176,1.252,1.267,non-ergonomis
SUBJ007,nisa,2026-05-23,13:25:54.111000,1426293567.0,1204111.0,0.9812,-0.01685,0.25757,-1.748,0.183,-0.008,0.92725,0.30859,0.4209,-1.252,1.168,1.374,non-ergonomis
SUBJ007,nisa,2026-05-23,13:25:55.311000,1426294767.0,1204311.0,0.97803,-0.02197,0.25244,-1.84,0.748,0.084,0.92993,0.30933,0.4231,-1.038,1.221,1.42,non-ergonomis
SUBJ007,nisa,2026-05-23,13:25:55.511000,1426294967.0,1204511.0,0.9834,-0.01367,0.25464,-2.374,0.458,-0.038,0.93457,0.32153,0.39551,-0.397,0.084,1.13,non-ergonomis
SUBJ007,nisa,2026-05-23,13:25:55.711000,1426295167.0,1204711.0,0.98242,-0.02441,0.2583,-1.748,0.336,0.008,0.92261,0.31079,0.41602,-1.191,1.565,1.198,non-ergonomis
SUBJ007,nisa,2026-05-23,13:25:55.911000,1426295367.0,1204911.0,0.97729,-0.02075,0.25122,-2.221,-0.275,-0.397,0.92798,0.31152,0.42407,-0.45,0.664,1.137,non-ergonomis
SUBJ007,nisa,2026-05-23,13:25:55.111000,1426294567.0,1205111.0,0.98462,-0.01929,0.25,-1.099,0.366,-0.427,0.91968,0.3103,0.4187,-0.588,0.405,1.221,non-ergonomis
SUBJ007,nisa,2026-05-23,13:25:56.311000,1426295767.0,1205311.0,0.98145,-0.02271,0.25269,-1.489,0.901,-0.55,0.92749,0.31323,0.42017,0.183,0.557,0.977,non-ergonomis
SUBJ007,nisa,2026-05-23,13:25:56.511000,1426295967.0,1205511.0,0.98511,-0.0166,0.25317,-1.473,0.626,-0.053,0.92407,0.31445,0.41235,0.031,1.183,1.282,non-ergonomis
SUBJ007,nisa,2026-05-23,13:25:56.711000,1426296167.0,1205711.0,0.98315,-0.01855,0.24805,-1.412,0.206,-0.336,0.92432,0.31543,0.41162,-0.031,0.992,1.092,non-ergonomis
SUBJ007,nisa,2026-05-23,13:25:56.911000,1426296367.0,1205911.0,0.98291,-0.01489,0.24829,-1.389,0.145,0.023,0.92993,0.31274,0.42432,-0.107,0.885,1.145,non-ergonomis
SUBJ007,nisa,2026-05-23,13:25:56.111000,1426295567.0,1206111.0,0.97656,-0.0188,0.24902,-1.504,0.069,0.069,0.92603,0.31592,0.42261,-0.641,0.901,1.336,non-ergonomis
SUBJ007,nisa,2026-05-23,13:25:57.311000,1426296767.0,1206311.0,0.9856,-0.02368,0.25024,-1.954,0.863,0.038,0.92944,0.31592,0.41577,-1.069,0.74,1.359,non-ergonomis
SUBJ007,nisa,2026-05-23,13:25:57.511000,1426296967.0,1206511.0,0.97461,-0.02271,0.24902,-1.748,0.908,-0.267,0.9248,0.31519,0.41992,-1.221,0.847,1.496,non-ergonomis
SUBJ007,nisa,2026-05-23,13:25:57.711000,1426297167.0,1206711.0,0.97754,-0.02124,0.2522,-1.809,0.611,-0.237,0.92749,0.30908,0.41602,-2.069,1.29,1.466,non-ergonomis
SUBJ007,nisa,2026-05-23,13:25:57.911000,1426297367.0,1206911.0,0.97803,-0.01611,0.25537,-1.893,0.244,-0.267,0.93066,0.30933,0.42017,-1.931,1.618,1.389,non-ergonomis
SUBJ007,nisa,2026-05-23,13:25:57.111000,1426296567.0,1207111.0,0.9834,-0.0144,0.26147,-2.038,0.29,-0.298,0.92676,0.31006,0.427,-1.069,0.885,1.267,non-ergonomis
SUBJ007,nisa,2026-05-23,13:25:58.311000,1426297767.0,1207311.0,0.98096,-0.01611,0.25146,-1.855,0.603,0.008,0.92847,0.30981,0.41772,-1.061,1.13,1.58,non-ergonomis
SUBJ007,nisa,2026-05-23,13:25:58.511000,1426297967.0,1207511.0,0.979,-0.00732,0.2666,-1.466,0.366,-0.153,0.93164,0.30933,0.41675,-1.168,1.237,1.313,non-ergonomis
SUBJ007,nisa,2026-05-23,13:25:58.711000,1426298167.0,1207711.0,0.97974,-0.01392,0.25684,-1.893,0.29,-0.092,0.93237,0.30811,0.41748,-1.519,1.397,1.466,non-ergonomis
SUBJ007,nisa,2026-05-23,13:25:58.911000,1426298367.0,1207911.0,0.98511,-0.01807,0.26074,-1.534,0.458,-0.389,0.92798,0.30713,0.4209,-0.84,1.038,1.412,non-ergonomis
SUBJ007,nisa,2026-05-23,13:25:58.111000,1426297567.0,1208111.0,0.98315,-0.01807,0.26318,-0.954,0.168,-0.282,0.92334,0.31274,0.41406,-1.679,1.153,1.374,non-ergonomis
SUBJ007,nisa,2026-05-23,13:25:59.311000,1426298767.0,1208311.0,0.98291,-0.01978,0.2522,-1.26,1.122,-0.137,0.93188,0.30786,0.43018,-0.641,0.954,1.443,non-ergonomis
SUBJ007,nisa,2026-05-23,13:25:59.511000,1426298967.0,1208511.0,0.9856,-0.01904,0.25391,-1.74,0.26,-0.061,0.92285,0.31592,0.41235,-0.458,0.817,1.366,non-ergonomis
SUBJ007,nisa,2026-05-23,13:25:59.711000,1426299167.0,1208711.0,0.97998,-0.01685,0.26489,-1.626,0.336,-0.557,0.92896,0.30933,0.42041,0.038,0.931,1.031,non-ergonomis
SUBJ007,nisa,2026-05-23,13:25:59.911000,1426299367.0,1208911.0,0.97656,-0.01367,0.26123,-1.763,0.252,-0.191,0.93579,0.30737,0.41211,-0.069,0.656,1.099,non-ergonomis
SUBJ007,nisa,2026-05-23,13:25:59.111000,1426298567.0,1209111.0,0.98071,-0.01782,0.25562,-1.924,-0.069,-0.221,0.92725,0.30688,0.4126,-0.42,0.855,1.221,non-ergonomis
SUBJ007,nisa,2026-05-23,13:26:00.311000,1426299767.0,1209311.0,0.98193,-0.01538,0.26392,-1.58,0.328,-0.229,0.92529,0.30933,0.4187,-0.565,1.053,1.137,ergonomis
SUBJ007,nisa,2026-05-23,13:26:00.511000,1426299967.0,1209511.0,0.97949,-0.00928,0.26831,-1.878,0.359,-0.298,0.92896,0.31055,0.41333,-0.015,0.885,1.206,ergonomis
SUBJ007,nisa,2026-05-23,13:26:00.711000,1426300167.0,1209711.0,0.98828,-0.0188,0.25513,-3.397,0.267,0.42,0.92871,0.31738,0.39429,-0.313,-2.366,1.794,ergonomis
SUBJ007,nisa,2026-05-23,13:26:00.911000,1426300367.0,1209911.0,0.98999,-0.01782,0.25,-0.885,-10.603,-0.252,0.927,0.3103,0.36987,0.137,0.198,3.435,ergonomis
SUBJ007,nisa,2026-05-23,13:26:00.111000,1426299567.0,1210111.0,0.99512,-0.02637,0.21899,-1.527,-19.832,-1.565,0.94019,0.28638,0.38867,-0.45,-3.939,-0.321,ergonomis
SUBJ007,nisa,2026-05-23,13:26:01.311000,1426300767.0,1210311.0,1.01709,-0.02197,0.13647,-1.901,-23.168,-1.351,0.92944,0.30908,0.37988,-1.779,-9.313,-5.588,ergonomis
SUBJ007,nisa,2026-05-23,13:26:01.511000,1426300967.0,1210511.0,1.04126,-0.00732,0.05713,-2.626,-22.649,1.718,0.91602,0.36328,0.35498,1.099,-14.336,-8.214,ergonomis
SUBJ007,nisa,2026-05-23,13:26:01.711000,1426301167.0,1210711.0,1.05566,-0.01782,-0.02417,-5.305,-9.611,-3.824,0.90063,0.35474,0.28564,-0.336,-15.672,-1.542,ergonomis
SUBJ007,nisa,2026-05-23,13:26:01.911000,1426301367.0,1210911.0,1.07617,0.00317,-0.05591,-13.634,3.679,-4.13,0.88525,0.36304,0.21802,-1.847,-17.084,-0.198,ergonomis
SUBJ007,nisa,2026-05-23,13:26:01.111000,1426300567.0,1211111.0,1.07227,0.00952,-0.08325,-1.443,-11.405,-1.763,0.87109,0.37817,0.1853,-5.344,0.649,1.924,ergonomis
SUBJ007,nisa,2026-05-23,13:26:02.311000,1426301767.0,1211311.0,1.06934,0.01245,-0.10522,0.969,-5.275,0.29,0.87646,0.37964,0.18872,-3.031,1.962,0.221,ergonomis
SUBJ007,nisa,2026-05-23,13:26:02.511000,1426301967.0,1211511.0,1.07373,0.00757,-0.10718,-0.137,-1.786,0.221,0.88159,0.38403,0.19214,0.573,0.916,1.092,ergonomis
SUBJ007,nisa,2026-05-23,13:26:02.711000,1426302167.0,1211711.0,1.07422,0.00537,-0.08862,-1.374,3.618,-0.061,0.87842,0.38525,0.18701,-0.221,1.802,1.405,ergonomis
SUBJ007,nisa,2026-05-23,13:26:02.911000,1426302367.0,1211911.0,1.06958,0.00342,-0.08081,-0.954,4.511,0.817,0.86328,0.38745,0.198,1.305,1.634,-0.87,ergonomis
SUBJ007,nisa,2026-05-23,13:26:02.111000,1426301567.0,1212111.0,1.06763,0.01001,-0.06348,-1.557,2.603,-1.534,0.87085,0.38721,0.18848,-1.443,1.107,2.099,ergonomis
SUBJ007,nisa,2026-05-23,13:26:03.311000,1426302767.0,1212311.0,1.06763,0.01514,-0.05933,-1.176,1.435,-1.298,0.87158,0.38403,0.19409,-0.336,1.198,0.939,ergonomis
SUBJ007,nisa,2026-05-23,13:26:03.511000,1426302967.0,1212511.0,1.06445,0.00977,-0.0647,-0.168,1.214,-0.748,0.87329,0.38452,0.19727,0.084,1.473,-0.573,ergonomis
SUBJ007,nisa,2026-05-23,13:26:03.711000,1426303167.0,1212711.0,1.07349,0.02417,-0.07129,-2.908,-0.748,0.26,0.86353,0.39307,0.20117,-0.45,0.611,0.206,ergonomis
SUBJ007,nisa,2026-05-23,13:26:03.911000,1426303367.0,1212911.0,1.07056,0.02148,-0.07544,-1.664,2.237,0.015,0.8645,0.39014,0.19141,-0.931,1.611,1.092,ergonomis
SUBJ007,nisa,2026-05-23,13:26:03.111000,1426302567.0,1213111.0,1.07422,0.01929,-0.06641,-1.214,1.763,0.29,0.86938,0.39429,0.19556,-0.901,2.916,0.603,ergonomis
SUBJ007,nisa,2026-05-23,13:26:04.311000,1426303767.0,1213311.0,1.07056,0.01196,-0.04346,-2.214,1.573,0.489,0.86646,0.39282,0.20044,-1.191,2.527,2.015,ergonomis
SUBJ007,nisa,2026-05-23,13:26:04.511000,1426303967.0,1213511.0,1.06665,0.01758,-0.04614,-1.74,0.298,-0.198,0.87061,0.39673,0.20752,-0.611,0.168,1.366,ergonomis
SUBJ007,nisa,2026-05-23,13:26:04.711000,1426304167.0,1213711.0,1.06787,0.00684,-0.05933,-2.092,0.382,0.412,0.87891,0.39233,0.19238,-1.229,0.748,2.275,ergonomis
SUBJ007,nisa,2026-05-23,13:26:04.911000,1426304367.0,1213911.0,1.06372,0.00928,-0.04321,-2.076,0.779,0.351,0.87354,0.38794,0.20435,-0.634,1.115,1.153,ergonomis
SUBJ007,nisa,2026-05-23,13:26:04.111000,1426303567.0,1214111.0,1.06738,0.01196,-0.04688,-1.756,-0.282,-0.084,0.87378,0.38818,0.19141,-1.206,0.931,1.847,ergonomis
SUBJ007,nisa,2026-05-23,13:26:05.311000,1426304767.0,1214311.0,1.06909,0.01465,-0.04004,-0.74,-0.076,-0.496,0.86816,0.39014,0.19556,-0.962,2.305,1.405,ergonomis
SUBJ007,nisa,2026-05-23,13:26:05.511000,1426304967.0,1214511.0,1.06616,0.01392,-0.04834,-2.305,1.115,-0.458,0.87549,0.38672,0.20483,-0.779,1.603,1.427,ergonomis
SUBJ007,nisa,2026-05-23,13:26:05.711000,1426305167.0,1214711.0,1.06348,0.01392,-0.04932,-0.267,-1.824,-0.183,0.87793,0.38696,0.20947,-1.687,2.015,2.908,ergonomis
SUBJ007,nisa,2026-05-23,13:26:05.911000,1426305367.0,1214911.0,1.06689,0.01514,-0.0481,-2.038,1.237,0.298,0.87158,0.38208,0.20898,-0.763,2.061,2.076,ergonomis
SUBJ007,nisa,2026-05-23,13:26:05.111000,1426304567.0,1215111.0,1.06445,0.01001,-0.04639,-1.962,0.595,0.656,0.88062,0.37988,0.22192,-0.695,1.611,1.565,ergonomis
SUBJ007,nisa,2026-05-23,13:26:06.311000,1426305767.0,1215311.0,1.06592,0.00684,-0.03027,-1.038,-0.939,0.359,0.88135,0.38379,0.22192,-0.099,1.885,1.473,ergonomis
SUBJ007,nisa,2026-05-23,13:26:06.511000,1426305967.0,1215511.0,1.06665,0.00317,-0.05469,-2.595,0.855,0.298,0.88159,0.37622,0.21851,-0.534,0.664,1.069,ergonomis
SUBJ007,nisa,2026-05-23,13:26:06.711000,1426306167.0,1215711.0,1.06323,-0.00146,-0.04297,-2.099,-0.015,0.962,0.88379,0.37744,0.22119,-0.695,0.153,0.87,ergonomis
SUBJ007,nisa,2026-05-23,13:26:06.911000,1426306367.0,1215911.0,1.06567,-0.00366,-0.03857,-1.908,1.458,-0.115,0.88062,0.38086,0.2207,-1.908,0.664,1.29,ergonomis
SUBJ007,nisa,2026-05-23,13:26:06.111000,1426305567.0,1216111.0,1.07007,0.00269,-0.03711,-1.275,0.366,,0.87842,0.38037,0.21582,-1.115,1.137,1.305,ergonomis
SUBJ007,nisa,2026-05-23,13:26:07.311000,1426306767.0,1216311.0,1.06714,0.00098,-0.04321,-0.855,1.786,0.008,0.87451,0.37573,0.21313,-0.954,1.267,1.29,ergonomis
SUBJ007,nisa,2026-05-23,13:26:07.511000,1426306967.0,1216511.0,1.07886,0.00317,-0.04077,-1.58,-0.221,0.366,0.87622,0.38086,0.22314,-0.916,1.298,1.305,ergonomis
SUBJ007,nisa,2026-05-23,13:26:07.711000,1426307167.0,1216711.0,1.07617,-0.0022,-0.02783,-1.832,,0.137,0.87842,0.38062,0.22168,-0.802,0.962,1.435,ergonomis
SUBJ007,nisa,2026-05-23,13:26:07.911000,1426307367.0,1216911.0,1.06519,0.00269,-0.04224,-1.45,1.145,-0.107,0.87695,0.38013,0.2124,-1.458,1.16,1.595,ergonomis
SUBJ007,nisa,2026-05-23,13:26:07.111000,1426306567.0,1217111.0,1.06738,-0.00732,-0.03613,-1.626,0.718,0.168,0.87988,0.37451,0.22168,-0.588,1.634,0.802,ergonomis
SUBJ007,nisa,2026-05-23,13:26:08.311000,1426307767.0,1217311.0,1.06665,0.00269,-0.03198,-1.023,0.061,-0.359,0.88184,0.37573,0.22266,-1.153,1.397,1.573,ergonomis
SUBJ007,nisa,2026-05-23,13:26:08.511000,1426307967.0,1217511.0,1.0686,-0.0061,-0.03857,-1.763,1.344,-0.305,0.88281,0.37695,0.22021,-1.603,1.702,1.931,ergonomis
SUBJ007,nisa,2026-05-23,13:26:08.711000,1426308167.0,1217711.0,1.06738,-0.0022,-0.03027,-1.702,0.893,-0.389,0.87891,0.37427,0.21289,-0.687,1.481,1.26,ergonomis
SUBJ007,nisa,2026-05-23,13:26:08.911000,1426308367.0,1217911.0,1.06641,0.00513,-0.03711,-2.0,-0.191,-0.511,0.87988,0.375,0.22974,-1.893,1.275,2.695,ergonomis
SUBJ007,nisa,2026-05-23,13:26:08.111000,1426307567.0,1218111.0,1.06494,0.00513,-0.0332,-2.771,0.977,-0.359,0.8877,0.36743,0.23706,-1.328,0.939,2.397,ergonomis
SUBJ007,nisa,2026-05-23,13:26:09.311000,1426308767.0,1218311.0,1.06567,0.00195,-0.03369,-1.244,-0.992,0.198,0.88892,0.3667,0.22583,-0.221,1.756,1.053,ergonomis
SUBJ007,nisa,2026-05-23,13:26:09.511000,1426308967.0,1218511.0,1.06445,0.00342,-0.03589,-1.794,0.748,0.053,0.88403,0.36938,0.23389,-0.939,0.519,1.466,ergonomis
SUBJ007,nisa,2026-05-23,13:26:09.711000,1426309167.0,1218711.0,1.06689,0.00146,-0.0459,-2.908,0.466,0.122,0.88501,0.36841,0.22534,-0.656,-0.008,0.924,ergonomis
SUBJ007,nisa,2026-05-23,13:26:09.911000,1426309367.0,1218911.0,1.07007,0.00391,-0.02808,-2.076,0.71,-0.168,0.88403,0.37305,0.22339,-1.099,0.809,1.145,ergonomis
SUBJ007,nisa,2026-05-23,13:26:09.111000,1426308567.0,1219111.0,1.06958,-0.00342,-0.02734,-2.351,1.038,0.038,0.88599,0.37451,0.22388,-0.527,1.038,0.588,ergonomis
SUBJ007,nisa,2026-05-23,13:26:10.311000,1426309767.0,1219311.0,1.05811,-0.00049,-0.03638,-1.275,0.496,-0.153,0.88428,0.3689,0.22974,-1.176,1.84,1.321,non-ergonomis
SUBJ007,nisa,2026-05-23,13:26:10.511000,1426309967.0,1219511.0,1.07642,0.00391,-0.03174,-0.42,0.58,-0.008,0.8894,0.38086,0.23633,-2.153,3.084,2.458,non-ergonomis
SUBJ007,nisa,2026-05-23,13:26:10.711000,1426310167.0,1219711.0,1.0835,,-0.03906,1.16,11.679,-2.695,0.89233,0.34863,0.24414,-5.435,10.16,7.618,non-ergonomis
SUBJ007,nisa,2026-05-23,13:26:10.911000,1426310367.0,1219911.0,1.03735,0.00024,0.03638,-0.489,20.756,2.542,0.92456,0.34766,0.28906,-0.206,15.084,3.206,non-ergonomis
SUBJ007,nisa,2026-05-23,13:26:10.111000,1426309567.0,1220111.0,0.98584,0.00952,0.1377,1.099,44.191,2.206,0.90405,0.31226,0.38599,-6.443,24.603,9.42,non-ergonomis
SUBJ007,nisa,2026-05-23,13:26:11.311000,1426310767.0,1220311.0,0.99121,0.01074,0.29785,-1.58,10.863,-1.076,0.9375,0.33105,0.39648,2.328,-1.924,-2.237,non-ergonomis
SUBJ007,nisa,2026-05-23,13:26:11.511000,1426310967.0,1220511.0,0.97607,,0.2627,-2.481,1.305,-3.427,0.92505,0.31006,0.41016,-0.107,2.427,2.962,non-ergonomis
SUBJ007,nisa,2026-05-23,13:26:11.711000,1426311167.0,1220711.0,0.97485,0.01367,0.27344,-2.275,-0.061,-0.084,0.93091,0.30859,0.39844,-0.038,2.069,1.061,non-ergonomis
SUBJ007,nisa,2026-05-23,13:26:11.911000,1426311367.0,1220911.0,0.9812,0.0166,0.26758,-1.748,-0.786,1.046,0.92139,0.31641,0.41504,0.595,2.489,1.198,non-ergonomis
SUBJ007,nisa,2026-05-23,13:26:11.111000,1426310567.0,1221111.0,0.97412,-0.00049,0.27441,-1.947,-0.038,-0.115,0.92676,0.30786,0.4165,0.664,1.702,1.038,non-ergonomis
SUBJ007,nisa,2026-05-23,13:26:12.311000,1426311767.0,1221311.0,0.97314,0.00537,0.26563,-1.198,-0.145,0.107,0.93188,0.3103,0.40894,-0.321,1.191,1.176,non-ergonomis
SUBJ007,nisa,2026-05-23,13:26:12.511000,1426311967.0,1221511.0,0.97314,0.00757,0.26221,-2.115,0.939,-0.649,0.9248,0.31055,0.40845,-1.015,1.328,1.702,non-ergonomis
SUBJ007,nisa,2026-05-23,13:26:12.711000,1426312167.0,1221711.0,0.98071,,0.27368,-1.824,0.931,0.458,0.93262,0.30762,0.42163,-1.115,0.046,0.931,non-ergonomis
SUBJ007,nisa,2026-05-23,13:26:12.911000,1426312367.0,1221911.0,0.97144,0.00391,0.27686,-1.977,0.298,-0.053,0.92798,0.30835,0.41626,-1.427,1.779,1.603,non-ergonomis
SUBJ007,nisa,2026-05-23,13:26:12.111000,1426311567.0,1222111.0,0.97266,0.00269,0.26953,-1.817,0.046,-0.336,0.92285,0.3125,0.42383,-0.679,0.878,1.26,non-ergonomis
SUBJ007,nisa,2026-05-23,13:26:13.311000,1426312767.0,1222311.0,0.97925,0.00977,0.27148,-1.542,0.466,-0.321,0.93213,0.31519,0.41016,-0.779,0.802,1.511,non-ergonomis
SUBJ007,nisa,2026-05-23,13:26:13.511000,1426312967.0,1222511.0,0.97412,0.01074,0.26489,-1.496,0.725,-0.344,0.92896,0.31543,0.42017,-1.473,1.115,1.351,non-ergonomis
SUBJ007,nisa,2026-05-23,13:26:13.711000,1426313167.0,1222711.0,0.97632,0.0022,0.27783,-1.939,0.26,-0.802,0.92676,0.31152,0.41235,-0.763,1.0,1.26,non-ergonomis
SUBJ007,nisa,2026-05-23,13:26:13.911000,1426313367.0,1222911.0,0.96973,0.00586,0.27441,-2.115,0.481,-0.321,0.93188,0.31421,0.42212,-0.672,0.924,1.527,non-ergonomis
SUBJ007,nisa,2026-05-23,13:26:13.111000,1426312567.0,1223111.0,0.97705,0.00781,0.27783,-2.046,0.183,-0.244,0.92407,0.30469,0.42505,-1.145,0.931,1.405,non-ergonomis
SUBJ007,nisa,2026-05-23,13:26:14.311000,1426313767.0,1223311.0,0.97754,0.00317,0.28149,-1.466,0.672,-0.16,0.9292,0.31592,0.41113,-1.237,0.992,1.26,non-ergonomis
SUBJ007,nisa,2026-05-23,13:26:14.511000,1426313967.0,1223511.0,0.9729,0.00073,0.27808,-1.573,0.42,-0.237,0.92163,0.30664,0.42285,-1.092,1.122,1.412,non-ergonomis
SUBJ007,nisa,2026-05-23,13:26:14.711000,1426314167.0,1223711.0,0.96558,0.00586,0.27954,-2.099,0.595,-0.336,0.93091,0.31787,0.4187,-1.031,1.153,1.389,non-ergonomis
SUBJ007,nisa,2026-05-23,13:26:14.911000,1426314367.0,1223911.0,0.97241,0.01074,0.2854,-1.496,0.496,-0.145,0.92651,0.31592,0.41699,-0.656,1.321,1.046,non-ergonomis
SUBJ007,nisa,2026-05-23,13:26:14.111000,1426313567.0,1224111.0,0.9751,0.00562,0.27124,-2.107,-0.084,-0.489,0.9248,0.31592,0.41138,-0.191,0.748,1.29,non-ergonomis
SUBJ007,nisa,2026-05-23,13:26:15.311000,1426314767.0,1224311.0,0.96899,0.0127,0.26978,-1.42,0.489,-0.191,0.92676,0.31006,0.41382,-0.664,1.0,1.076,non-ergonomis
SUBJ007,nisa,2026-05-23,13:26:15.511000,1426314967.0,1224511.0,0.97339,0.00488,0.26831,-1.275,1.183,-0.115,0.92261,0.3103,0.41211,-0.527,0.847,1.107,non-ergonomis
SUBJ007,nisa,2026-05-23,13:26:15.711000,1426315167.0,1224711.0,0.97021,0.02026,0.2854,-1.489,0.718,-0.176,0.92163,0.31348,0.41895,-0.878,1.565,1.45,non-ergonomis
SUBJ007,nisa,2026-05-23,13:26:15.911000,1426315367.0,1224911.0,0.97168,0.01416,0.27563,-1.702,0.511,-0.45,0.92261,0.30933,0.41528,-1.305,1.412,1.603,non-ergonomis
SUBJ007,nisa,2026-05-23,13:26:15.111000,1426314567.0,1225111.0,0.96484,0.01611,0.27344,-1.618,0.206,-0.26,0.92749,0.31079,0.41968,-1.351,1.237,1.42,non-ergonomis
SUBJ007,nisa,2026-05-23,13:26:16.311000,1426315767.0,1225311.0,0.96875,0.01074,0.27393,-2.122,0.153,,0.92603,0.3125,0.41406,-1.26,0.565,1.603,non-ergonomis
SUBJ007,nisa,2026-05-23,13:26:16.511000,1426315967.0,1225511.0,0.96899,0.01489,0.27808,-1.58,0.618,0.092,0.92383,0.31567,0.40796,-0.779,0.679,1.336,non-ergonomis
SUBJ007,nisa,2026-05-23,13:26:16.711000,1426316167.0,1225711.0,0.96899,0.00806,0.27588,-1.878,0.656,-0.115,0.93042,0.31274,0.42456,-0.939,0.58,1.595,non-ergonomis
SUBJ007,nisa,2026-05-23,13:26:16.911000,1426316367.0,1225911.0,0.98022,0.01074,0.28564,-1.748,0.878,-0.412,0.92505,0.30859,0.41919,-0.305,0.26,1.534,non-ergonomis
SUBJ007,nisa,2026-05-23,13:26:16.111000,1426315567.0,1226111.0,0.96509,0.00659,0.29077,-1.588,0.901,-0.359,0.92676,0.31006,0.41406,-1.641,1.252,1.565,non-ergonomis
SUBJ007,nisa,2026-05-23,13:26:17.311000,1426316767.0,1226311.0,0.96753,0.00928,0.28882,-2.115,0.267,-0.603,0.92065,0.31616,0.40259,-1.145,1.107,1.542,non-ergonomis
SUBJ007,nisa,2026-05-23,13:26:17.511000,1426316967.0,1226511.0,0.96533,0.01025,0.28271,-2.008,0.359,-0.206,0.92725,0.31543,0.40454,-1.16,1.275,1.557,non-ergonomis
SUBJ007,nisa,2026-05-23,13:26:17.711000,1426317167.0,1226711.0,0.9624,0.01318,0.2793,-1.687,-0.061,0.046,0.92651,0.3064,0.41479,-0.74,0.832,0.824,non-ergonomis
SUBJ007,nisa,2026-05-23,13:26:17.911000,1426317367.0,1226911.0,0.96606,0.01367,0.28198,-1.802,0.282,0.023,0.93091,0.3208,0.41333,-0.305,1.115,0.939,non-ergonomis
SUBJ007,nisa,2026-05-23,13:26:17.111000,1426316567.0,1227111.0,0.96533,0.01392,0.28027,-1.794,0.298,-0.13,0.92358,0.30859,0.40771,-0.191,1.29,1.198,non-ergonomis
SUBJ007,nisa,2026-05-23,13:26:18.311000,1426317767.0,1227311.0,0.96387,0.01636,0.28442,-1.557,0.412,-0.038,0.92285,0.3186,0.41235,-0.779,1.168,1.504,non-ergonomis
SUBJ007,nisa,2026-05-23,13:26:18.511000,1426317967.0,1227511.0,0.96753,0.01123,0.28296,-1.588,0.237,-0.313,0.93311,0.31128,0.40698,-1.053,1.405,1.206,non-ergonomis
SUBJ007,nisa,2026-05-23,13:26:18.711000,1426318167.0,1227711.0,0.96533,0.0166,0.28271,-1.763,0.137,-0.527,0.92773,0.3125,0.41016,-0.374,1.16,1.305,non-ergonomis
SUBJ007,nisa,2026-05-23,13:26:18.911000,1426318367.0,1227911.0,0.96533,0.0105,0.28101,-1.466,0.405,-0.321,0.92725,0.31885,0.41553,-1.267,0.924,1.359,non-ergonomis
SUBJ007,nisa,2026-05-23,13:26:18.111000,1426317567.0,1228111.0,0.97144,0.01709,0.28711,-2.015,-0.046,0.145,0.92749,0.31323,0.40771,-1.107,0.771,0.931,non-ergonomis
SUBJ007,nisa,2026-05-23,13:26:19.311000,1426318767.0,1228311.0,0.96802,0.01001,0.28809,-1.565,0.672,-0.16,0.92676,0.31885,0.4187,-1.496,0.885,1.237,non-ergonomis
SUBJ007,nisa,2026-05-23,13:26:19.511000,1426318967.0,1228511.0,0.96826,0.01636,0.28711,-1.809,0.45,-0.069,0.9292,0.30908,0.40405,-1.061,1.008,1.458,non-ergonomis
SUBJ007,nisa,2026-05-23,13:26:19.711000,1426319167.0,1228711.0,0.96533,0.01587,0.28589,-1.916,0.382,0.137,0.9248,0.31226,0.39844,-1.053,0.809,1.817,non-ergonomis
SUBJ007,nisa,2026-05-23,13:26:19.911000,1426319367.0,1228911.0,0.96875,0.01367,0.29443,-1.733,0.824,-0.099,0.92749,0.31006,0.41528,-1.603,1.237,1.695,non-ergonomis
SUBJ007,nisa,2026-05-23,13:26:19.111000,1426318567.0,1229111.0,0.96484,0.01392,0.28467,-2.053,0.359,-0.565,0.92285,0.31128,0.41284,-1.221,1.023,1.427,non-ergonomis
SUBJ007,nisa,2026-05-23,13:26:20.311000,1426319767.0,1229311.0,0.96631,0.01147,0.29346,-1.756,0.473,-0.282,0.92896,0.31274,0.41211,-1.351,1.229,1.565,ergonomis
SUBJ007,nisa,2026-05-23,13:26:20.511000,1426319967.0,1229511.0,0.97095,0.00684,0.28979,-1.664,0.435,-0.076,0.92651,0.31226,0.41675,-1.206,0.679,1.229,ergonomis
SUBJ007,nisa,2026-05-23,13:26:20.711000,1426320167.0,1229711.0,0.96655,0.01709,0.28931,-1.389,0.595,0.031,0.93164,0.31958,0.41577,-0.863,0.74,1.046,ergonomis
SUBJ007,nisa,2026-05-23,13:26:20.911000,1426320367.0,1229911.0,0.97095,0.01318,0.2937,-1.992,0.115,-0.221,0.9165,0.31445,0.41309,-0.595,0.939,1.176,ergonomis
SUBJ007,nisa,2026-05-23,13:26:20.111000,1426319567.0,1230111.0,0.96631,0.02612,0.28711,-2.053,-0.061,-0.092,0.92969,0.30908,0.41528,-0.244,0.992,1.397,ergonomis
SUBJ007,nisa,2026-05-23,13:26:21.311000,1426320767.0,1230311.0,0.96045,0.00977,0.29028,-2.031,-1.267,0.397,0.92236,0.31152,0.41064,-1.13,0.824,0.87,ergonomis
SUBJ007,nisa,2026-05-23,13:26:21.511000,1426320967.0,1230511.0,0.98071,0.01318,0.27124,-1.511,-15.275,0.496,0.92285,0.31934,0.38086,4.74,-4.664,-1.771,ergonomis
SUBJ007,nisa,2026-05-23,13:26:21.711000,1426321167.0,1230711.0,1.0271,0.01025,0.19727,1.313,-22.58,1.099,0.92188,0.32861,0.35547,5.947,-6.183,-3.229,ergonomis
SUBJ007,nisa,2026-05-23,13:26:21.911000,1426321367.0,1230911.0,1.02173,0.01831,0.13135,-1.908,-22.122,2.725,0.90503,0.34595,0.33691,4.435,-9.565,-3.015,ergonomis
SUBJ007,nisa,2026-05-23,13:26:21.111000,1426320567.0,1231111.0,1.04492,0.00024,0.04614,-2.74,-18.58,2.282,0.90771,0.36157,0.29443,1.458,-12.916,-2.405,ergonomis
SUBJ007,nisa,2026-05-23,13:26:22.311000,1426321767.0,1231311.0,1.05835,-0.01904,0.00586,-6.557,-8.786,1.496,0.89063,0.36206,0.24023,2.115,-9.672,0.58,ergonomis
SUBJ007,nisa,2026-05-23,13:26:22.511000,1426321967.0,1231511.0,1.04907,-0.02686,-0.00977,-2.695,-7.817,-0.351,0.89429,0.35938,0.20215,-1.893,-9.779,-0.489,ergonomis
SUBJ007,nisa,2026-05-23,13:26:22.711000,1426322167.0,1231711.0,1.06445,-0.00146,-0.04053,-3.588,-15.374,0.008,0.87964,0.35864,0.21021,-8.649,2.824,0.718,ergonomis
SUBJ007,nisa,2026-05-23,13:26:22.911000,1426322367.0,1231911.0,1.08374,-0.02075,-0.13867,1.107,-10.481,1.137,0.88062,0.39014,0.21533,-6.275,2.649,0.519,ergonomis
SUBJ007,nisa,2026-05-23,13:26:22.111000,1426321567.0,1232111.0,1.07959,-0.02026,-0.17017,-2.672,-0.107,-0.687,0.88184,0.38501,0.23535,-1.511,0.74,1.298,ergonomis
SUBJ007,nisa,2026-05-23,13:26:23.311000,1426322767.0,1232311.0,1.07031,-0.01221,-0.14014,-2.405,2.29,-1.008,0.88428,0.38257,0.22363,-1.038,0.832,1.359,ergonomis
SUBJ007,nisa,2026-05-23,13:26:23.511000,1426322967.0,1232511.0,1.07153,-0.0083,-0.12524,-3.565,3.344,-0.977,0.87134,0.38525,0.2229,-1.053,0.557,1.328,ergonomis
SUBJ007,nisa,2026-05-23,13:26:23.711000,1426323167.0,1232711.0,1.07617,-0.00659,-0.1189,-3.053,2.786,-0.603,0.88574,0.36694,0.24268,4.824,2.779,-0.221,ergonomis
SUBJ007,nisa,2026-05-23,13:26:23.911000,1426323367.0,1232911.0,1.07617,-0.0083,-0.10864,-1.985,1.496,-0.466,0.87646,0.38135,0.22412,-0.008,0.916,1.443,ergonomis
SUBJ007,nisa,2026-05-23,13:26:23.111000,1426322567.0,1233111.0,1.07422,-0.00635,-0.11646,-1.336,1.832,-0.595,0.88354,0.38794,0.23315,0.489,1.511,1.252,ergonomis
SUBJ007,nisa,2026-05-23,13:26:24.311000,1426323767.0,1233311.0,1.0769,-0.00244,-0.10522,-2.183,0.847,-0.351,0.88257,0.38062,0.22021,0.092,1.374,1.45,ergonomis
SUBJ007,nisa,2026-05-23,13:26:24.511000,1426323967.0,1233511.0,1.07397,-0.01025,-0.09399,-1.26,2.664,-0.031,0.88599,0.37427,0.22876,0.244,0.618,1.053,ergonomis
SUBJ007,nisa,2026-05-23,13:26:24.711000,1426324167.0,1233711.0,1.07886,0.00415,-0.09546,-1.183,1.0,0.527,0.88306,0.3833,0.21851,-0.969,1.504,1.344,ergonomis
SUBJ007,nisa,2026-05-23,13:26:24.911000,1426324367.0,1233911.0,1.0708,-0.00342,-0.10522,-2.13,-0.198,-0.16,0.88159,0.37988,0.21997,0.168,0.527,1.443,ergonomis
SUBJ007,nisa,2026-05-23,13:26:24.111000,1426323567.0,1234111.0,1.07666,-0.00732,-0.09766,-1.214,0.496,0.183,0.88672,0.38599,0.22266,-1.763,0.626,0.901,ergonomis
SUBJ007,nisa,2026-05-23,13:26:25.311000,1426324767.0,1234311.0,1.07593,-0.00513,-0.08423,-1.626,0.26,0.107,0.88501,0.38062,0.22412,-1.496,1.305,1.122,ergonomis
SUBJ007,nisa,2026-05-23,13:26:25.511000,1426324967.0,1234511.0,1.07471,-0.00488,-0.08887,-2.427,0.519,-0.718,0.87915,0.37769,0.2207,-1.313,0.023,1.962,ergonomis
SUBJ007,nisa,2026-05-23,13:26:25.711000,1426325167.0,1234711.0,1.06812,-0.0127,-0.0957,-2.16,0.42,-0.198,0.88477,0.38306,0.23242,-2.252,1.229,1.466,ergonomis
SUBJ007,nisa,2026-05-23,13:26:25.911000,1426325367.0,1234911.0,1.07349,-0.00781,-0.09155,-2.031,0.282,-0.031,0.88379,0.38745,0.22534,-1.794,1.084,1.405,ergonomis
SUBJ007,nisa,2026-05-23,13:26:25.111000,1426324567.0,1235111.0,1.0769,0.00024,-0.10181,-2.557,0.275,-0.351,0.88477,0.38281,0.22144,-0.748,1.046,1.626,ergonomis
SUBJ007,nisa,2026-05-23,13:26:26.311000,1426325767.0,1235311.0,1.06934,-0.00317,-0.09204,-1.794,0.634,-0.008,0.88232,0.38208,0.23267,-0.947,0.992,1.55,ergonomis
SUBJ007,nisa,2026-05-23,13:26:26.511000,1426325967.0,1235511.0,1.07227,-0.0061,-0.09546,-1.763,0.046,-0.176,0.8811,0.38232,0.22705,-1.183,1.13,1.229,ergonomis
SUBJ007,nisa,2026-05-23,13:26:26.711000,1426326167.0,1235711.0,1.06958,-0.00903,-0.09302,-1.565,0.542,-0.122,0.88403,0.38867,0.23804,-0.962,1.0,1.45,ergonomis
SUBJ007,nisa,2026-05-23,13:26:26.911000,1426326367.0,1235911.0,1.07178,-0.00684,-0.09863,-2.092,0.481,-0.061,0.87744,0.38257,0.23145,-1.122,1.504,1.473,ergonomis
SUBJ007,nisa,2026-05-23,13:26:26.111000,1426325567.0,1236111.0,1.06885,-0.00952,-0.09082,-1.656,1.221,-0.069,0.87891,0.37939,0.22729,-0.359,1.42,1.26,ergonomis
SUBJ007,nisa,2026-05-23,13:26:27.311000,1426326767.0,1236311.0,1.07837,-0.00391,-0.08862,-1.298,0.664,-0.511,0.87915,0.38428,0.22656,-0.366,1.542,1.481,ergonomis
SUBJ007,nisa,2026-05-23,13:26:27.511000,1426326967.0,1236511.0,1.07495,-0.0083,-0.08325,-1.115,2.29,-0.634,0.87939,0.38599,0.22485,-0.366,1.031,1.237,ergonomis
SUBJ007,nisa,2026-05-23,13:26:27.711000,1426327167.0,1236711.0,1.07227,-0.00146,-0.08545,-0.962,0.305,-0.267,0.88574,0.38135,0.21729,-0.58,0.824,1.313,ergonomis
SUBJ007,nisa,2026-05-23,13:26:27.911000,1426327367.0,1236911.0,1.07227,-0.00342,-0.0813,-1.397,0.733,0.046,0.87915,0.38599,0.22827,-1.641,1.16,1.16,ergonomis
SUBJ007,nisa,2026-05-23,13:26:27.111000,1426326567.0,1237111.0,1.06738,-0.00293,-0.08179,-1.763,-0.511,-0.153,0.87891,0.38525,0.22705,-1.084,0.756,1.458,ergonomis
SUBJ007,nisa,2026-05-23,13:26:28.311000,1426327767.0,1237311.0,1.07788,-0.00757,-0.0896,-1.74,0.023,-0.328,0.87939,0.37622,0.23389,-1.366,0.908,1.305,ergonomis
SUBJ007,nisa,2026-05-23,13:26:28.511000,1426327967.0,1237511.0,1.06616,-0.00049,-0.08643,-1.618,1.115,-0.389,0.88721,0.38232,0.22485,-2.305,1.412,1.122,ergonomis
SUBJ007,nisa,2026-05-23,13:26:28.711000,1426328167.0,1237711.0,1.06982,0.00024,-0.08423,-1.489,0.122,-0.168,0.87817,0.38354,0.22852,-0.962,1.0,1.481,ergonomis
SUBJ007,nisa,2026-05-23,13:26:28.911000,1426328367.0,1237911.0,1.06934,-0.00342,-0.08154,-1.87,0.649,-0.076,0.89453,0.39868,0.23096,-1.534,1.282,1.237,ergonomis
SUBJ007,nisa,2026-05-23,13:26:28.111000,1426327567.0,1238111.0,1.06812,-0.0083,-0.08252,-2.412,0.809,0.382,0.8833,0.38696,0.23462,-0.588,1.0,1.496,ergonomis
SUBJ007,nisa,2026-05-23,13:26:29.311000,1426328767.0,1238311.0,1.06982,-0.0127,-0.07397,-1.26,0.84,-0.252,0.87549,0.38721,0.22339,-1.137,1.153,1.229,ergonomis
SUBJ007,nisa,2026-05-23,13:26:29.511000,1426328967.0,1238511.0,1.07129,-0.00903,-0.08203,-1.664,0.87,-0.366,0.88062,0.38989,0.22998,-1.221,1.16,1.145,ergonomis
SUBJ007,nisa,2026-05-23,13:26:29.711000,1426329167.0,1238711.0,1.07007,0.00244,-0.07593,-1.733,1.382,-0.565,0.88062,0.38257,0.2312,-1.076,1.557,0.969,ergonomis
SUBJ007,nisa,2026-05-23,13:26:29.911000,1426329367.0,1238911.0,1.07153,-0.00464,-0.07642,-1.832,0.344,-0.107,0.88086,0.38379,0.22705,-0.664,1.527,1.42,ergonomis
SUBJ007,nisa,2026-05-23,13:26:29.111000,1426328567.0,1239111.0,1.07397,-0.00439,-0.07739,-1.618,0.046,-0.405,0.87842,0.39038,0.23389,-0.427,1.229,1.336,ergonomis
SUBJ007,nisa,2026-05-23,13:26:30.311000,1426329767.0,1239311.0,1.07251,-0.01392,-0.08252,-1.008,1.366,0.084,0.87646,0.38818,0.2312,-0.511,1.29,1.595,non-ergonomis
SUBJ007,nisa,2026-05-23,13:26:30.511000,1426329967.0,1239511.0,1.07007,-0.00146,-0.07373,-0.71,0.733,-0.076,0.88452,0.38623,0.23389,-0.969,1.74,1.389,non-ergonomis
SUBJ007,nisa,2026-05-23,13:26:30.711000,1426330167.0,1239711.0,1.07031,0.00049,-0.06982,-1.779,0.473,-0.267,0.88696,0.38086,0.2356,-0.466,1.053,1.45,non-ergonomis
SUBJ007,nisa,2026-05-23,13:26:30.911000,1426330367.0,1239911.0,1.07495,0.00195,-0.07593,-0.962,-0.748,-0.26,0.88135,0.38428,0.23145,-1.565,1.122,1.069,non-ergonomis
SUBJ007,nisa,2026-05-23,13:26:30.111000,1426329567.0,1240111.0,1.07275,-0.00317,-0.06836,-1.374,2.58,-0.321,0.87842,0.3811,0.23315,-2.229,1.328,1.13,non-ergonomis
SUBJ007,nisa,2026-05-23,13:26:31.311000,1426330767.0,1240311.0,1.09009,-0.00488,-0.05884,-0.191,15.847,1.489,0.88989,0.37671,0.28198,-1.748,15.183,5.786,non-ergonomis
SUBJ007,nisa,2026-05-23,13:26:31.511000,1426330967.0,1240511.0,1.02124,-0.01489,0.08154,5.84,52.412,1.55,0.89453,0.34229,0.34644,-16.977,35.733,16.901,non-ergonomis
SUBJ007,nisa,2026-05-23,13:26:31.711000,1426331167.0,1240711.0,0.99438,0.01245,0.30444,-6.038,23.115,0.107,0.93677,0.34082,0.39648,0.275,1.099,2.046,non-ergonomis
SUBJ007,nisa,2026-05-23,13:26:31.911000,1426331367.0,1240911.0,0.9751,-0.0166,0.26587,-1.298,0.053,-1.458,0.92358,0.30371,0.41162,-1.443,1.45,3.649,non-ergonomis
SUBJ007,nisa,2026-05-23,13:26:31.111000,1426330567.0,1241111.0,0.98389,-0.00488,0.26758,-1.618,1.672,1.344,0.92725,0.30225,0.40649,-2.534,-0.206,3.198,non-ergonomis
SUBJ007,nisa,2026-05-23,13:26:32.311000,1426331767.0,1241311.0,0.98169,-0.02393,0.25244,-1.977,-0.084,1.26,0.93115,0.30078,0.41333,1.855,-0.153,0.771,non-ergonomis
SUBJ007,nisa,2026-05-23,13:26:32.511000,1426331967.0,1241511.0,0.98242,-0.01636,0.26611,-1.763,0.038,0.427,0.93213,0.30737,0.40454,-0.672,1.008,2.328,non-ergonomis
SUBJ007,nisa,2026-05-23,13:26:32.711000,1426332167.0,1241711.0,0.9751,-0.02417,0.25342,-1.42,0.557,-0.328,0.93311,0.30078,0.40356,-3.008,0.947,2.0,non-ergonomis
SUBJ007,nisa,2026-05-23,13:26:32.911000,1426332367.0,1241911.0,0.98828,-0.00806,0.26245,-1.267,0.847,-0.405,0.93506,0.302,0.39795,0.061,0.527,0.832,non-ergonomis
SUBJ007,nisa,2026-05-23,13:26:32.111000,1426331567.0,1242111.0,0.98022,-0.02344,0.27441,-1.29,0.908,-0.611,0.93384,0.29395,0.40356,-0.527,0.947,1.053,non-ergonomis
SUBJ007,nisa,2026-05-23,13:26:33.311000,1426332767.0,1242311.0,0.97168,-0.01758,0.27637,-1.198,0.359,-0.847,0.927,0.30664,0.39917,-0.481,0.924,0.947,non-ergonomis
SUBJ007,nisa,2026-05-23,13:26:33.511000,1426332967.0,1242511.0,0.97559,-0.01001,0.26953,-1.672,0.298,-0.275,0.9353,0.30957,0.396,-0.992,1.023,1.458,non-ergonomis
SUBJ007,nisa,2026-05-23,13:26:33.711000,1426333167.0,1242711.0,0.97339,-0.01245,0.25952,-1.878,0.275,-0.336,0.92407,0.30225,0.4082,-1.511,1.053,1.542,non-ergonomis
SUBJ007,nisa,2026-05-23,13:26:33.911000,1426333367.0,1242911.0,0.97388,-0.01416,0.2583,-1.832,0.405,-0.359,0.93506,0.29614,0.40186,-1.336,0.649,1.664,non-ergonomis
SUBJ007,nisa,2026-05-23,13:26:33.111000,1426332567.0,1243111.0,0.97241,-0.02148,0.26733,-2.084,0.611,-0.29,0.93506,0.30371,0.39868,-1.725,0.947,2.115,non-ergonomis
SUBJ007,nisa,2026-05-23,13:26:34.311000,1426333767.0,1243311.0,0.97339,-0.01416,0.26489,-2.107,0.122,-0.519,0.92627,0.29956,0.39722,-1.168,-0.122,1.916,non-ergonomis
SUBJ007,nisa,2026-05-23,13:26:34.511000,1426333967.0,1243511.0,0.97412,-0.01221,0.26074,-2.153,-0.191,-0.985,0.93555,0.2937,0.39355,-1.595,0.588,1.87,non-ergonomis
SUBJ007,nisa,2026-05-23,13:26:34.711000,1426334167.0,1243711.0,0.98169,-0.0022,0.25146,-2.206,0.069,-0.298,0.93506,0.29053,0.39038,-0.901,0.832,1.351,non-ergonomis
SUBJ007,nisa,2026-05-23,13:26:34.911000,1426334367.0,1243911.0,0.97583,-0.00977,0.2644,-2.244,-1.237,-0.038,0.93604,0.29736,0.38452,0.191,-0.206,0.931,non-ergonomis
SUBJ007,nisa,2026-05-23,13:26:34.111000,1426333567.0,1244111.0,0.9729,-0.01074,0.2561,-1.359,-1.664,-0.053,0.92798,0.29541,0.40161,-2.183,1.595,0.244,non-ergonomis
SUBJ007,nisa,2026-05-23,13:26:35.311000,1426334767.0,1244311.0,0.98633,-0.01147,0.25293,-1.847,2.321,-0.198,0.9248,0.30859,0.39209,-1.046,2.504,0.618,non-ergonomis
SUBJ007,nisa,2026-05-23,13:26:35.511000,1426334967.0,1244511.0,0.9707,-0.00366,0.26611,-2.534,-2.282,1.031,0.91455,0.29443,0.41553,2.382,1.282,-2.298,non-ergonomis
SUBJ007,nisa,2026-05-23,13:26:35.711000,1426335167.0,1244711.0,0.98511,-0.00928,0.24536,-1.885,2.221,0.702,0.93188,0.32129,0.39868,-0.824,1.206,1.901,non-ergonomis
SUBJ007,nisa,2026-05-23,13:26:35.911000,1426335367.0,1244911.0,0.98315,-0.02124,0.24365,-2.031,-3.42,0.389,0.92749,0.29175,0.39502,0.176,0.481,1.16,non-ergonomis
SUBJ007,nisa,2026-05-23,13:26:35.111000,1426334567.0,1245111.0,0.98364,-0.01294,0.25098,-1.466,2.076,0.145,0.92749,0.31592,0.4021,0.221,2.443,0.389,non-ergonomis
SUBJ007,nisa,2026-05-23,13:26:36.311000,1426335767.0,1245311.0,0.99512,-0.02222,0.25293,-2.992,-0.756,-1.45,0.93579,0.31494,0.39014,-2.053,-2.954,6.702,non-ergonomis
SUBJ007,nisa,2026-05-23,13:26:36.511000,1426335967.0,1245511.0,0.96851,-0.02051,0.25415,0.809,-1.321,-1.412,0.92627,0.28906,0.39258,-0.656,-1.702,1.679,non-ergonomis
SUBJ007,nisa,2026-05-23,13:26:36.711000,1426336167.0,1245711.0,0.98975,0.01221,0.24194,-1.901,1.733,-1.298,0.92749,0.31104,0.36963,-1.076,1.733,1.076,non-ergonomis
SUBJ007,nisa,2026-05-23,13:26:36.911000,1426336367.0,1245911.0,0.97583,-0.00293,0.2312,-3.13,-3.321,-3.855,0.93188,0.27856,0.39111,-2.954,-0.809,2.084,non-ergonomis
SUBJ007,nisa,2026-05-23,13:26:36.111000,1426335567.0,1246111.0,0.9939,-0.00391,0.23657,-2.634,2.649,-1.069,0.93335,0.29614,0.35962,-1.748,1.351,-0.359,non-ergonomis
SUBJ007,nisa,2026-05-23,13:26:37.311000,1426336767.0,1246311.0,0.99634,0.01172,0.2605,-2.13,-1.84,-3.42,0.92651,0.28955,0.37964,-0.786,2.008,-1.809,non-ergonomis
SUBJ007,nisa,2026-05-23,13:26:37.511000,1426336967.0,1246511.0,0.98291,0.02783,0.25317,-0.366,3.954,3.718,0.93359,0.31494,0.40015,-1.634,3.824,0.878,non-ergonomis
SUBJ007,nisa,2026-05-23,13:26:37.711000,1426337167.0,1246711.0,0.99341,-0.01001,0.25244,-3.634,-0.802,-0.55,0.93774,0.30347,0.38794,-1.16,-0.328,2.16,non-ergonomis
SUBJ007,nisa,2026-05-23,13:26:37.911000,1426337367.0,1246911.0,0.97827,0.00635,0.23535,-0.466,1.099,0.863,0.92822,0.3064,0.39624,-1.061,5.351,0.137,non-ergonomis
SUBJ007,nisa,2026-05-23,13:26:37.111000,1426336567.0,1247111.0,0.98169,-0.00098,0.2373,-3.076,1.55,-0.16,0.92871,0.30396,0.39746,-5.359,-1.183,7.725,non-ergonomis
SUBJ007,nisa,2026-05-23,13:26:38.311000,1426337767.0,1247311.0,0.97852,-0.01831,0.25073,-1.237,-1.527,-0.511,0.93237,0.28638,0.39258,-1.939,-1.107,1.16,non-ergonomis
SUBJ007,nisa,2026-05-23,13:26:38.511000,1426337967.0,1247511.0,0.98779,0.02661,0.25537,-1.29,1.267,-0.473,0.93286,0.31152,0.39624,-1.534,1.84,-0.58,non-ergonomis
SUBJ007,nisa,2026-05-23,13:26:38.711000,1426338167.0,1247711.0,0.9873,,0.24292,-1.473,-2.29,-3.649,0.93188,0.28833,0.38818,1.649,-0.84,0.13,non-ergonomis
SUBJ007,nisa,2026-05-23,13:26:38.911000,1426338367.0,1247911.0,0.98926,0.03467,0.24243,-1.763,-1.863,1.061,0.93579,0.32202,0.36768,-0.802,0.221,0.435,non-ergonomis
SUBJ007,nisa,2026-05-23,13:26:38.111000,1426337567.0,1248111.0,0.98975,0.0144,0.24365,-1.504,-3.0,0.634,0.93188,0.30444,0.38452,-0.13,0.954,2.962,non-ergonomis
SUBJ007,nisa,2026-05-23,13:26:39.311000,1426338767.0,1248311.0,0.98926,0.00439,0.23779,-0.809,0.725,-0.298,0.93262,0.28857,0.37549,-1.374,0.412,2.359,non-ergonomis
SUBJ007,nisa,2026-05-23,13:26:39.511000,1426338967.0,1248511.0,0.99707,0.00342,0.22656,-2.672,0.924,0.771,0.93188,0.29443,0.36133,-1.84,1.0,1.053,non-ergonomis
SUBJ007,nisa,2026-05-23,13:26:39.711000,1426339167.0,1248711.0,0.99072,0.00684,0.23804,-1.702,0.84,-0.344,0.93213,0.30908,0.38184,-1.489,1.137,1.092,non-ergonomis
SUBJ007,nisa,2026-05-23,13:26:39.911000,1426339367.0,1248911.0,0.9873,0.01758,0.23389,-2.191,0.191,-0.366,0.92871,0.30225,0.38037,-1.229,1.153,1.519,non-ergonomis
SUBJ007,nisa,2026-05-23,13:26:39.111000,1426338567.0,1249111.0,0.98413,0.00635,0.22949,-1.313,0.244,0.389,0.92798,0.30347,0.37378,-1.015,1.71,1.305,non-ergonomis
SUBJ007,nisa,2026-05-23,13:26:40.311000,1426339767.0,1249311.0,0.99292,0.00488,0.23462,-1.275,0.992,0.145,0.927,0.29688,0.37451,-0.427,1.191,0.802,ergonomis
SUBJ007,nisa,2026-05-23,13:26:40.511000,1426339967.0,1249511.0,0.99072,0.0105,0.23315,-2.298,-0.313,0.008,0.93018,0.30615,0.36743,-1.336,1.237,1.397,ergonomis
SUBJ007,nisa,2026-05-23,13:26:40.711000,1426340167.0,1249711.0,0.9939,0.01245,0.21973,-1.542,0.328,0.023,0.93262,0.30688,0.3855,-0.71,0.901,1.458,ergonomis
SUBJ007,nisa,2026-05-23,13:26:40.911000,1426340367.0,1249911.0,0.98657,0.00439,0.23096,-2.267,1.336,0.046,0.93164,0.31104,0.38159,-1.351,1.786,2.0,ergonomis
SUBJ007,nisa,2026-05-23,13:26:40.111000,1426339567.0,1250111.0,0.98926,0.00342,0.24243,-2.282,-3.55,0.924,0.93286,0.30786,0.3689,0.435,0.542,0.702,ergonomis
SUBJ007,nisa,2026-05-23,13:26:41.311000,1426340767.0,1250311.0,1.00806,0.00586,0.22681,-1.015,-21.084,1.748,0.94116,0.31812,0.35742,2.878,-11.779,-6.053,ergonomis
SUBJ007,nisa,2026-05-23,13:26:41.511000,1426340967.0,1250511.0,1.02759,0.00171,0.14307,-3.221,-27.527,1.664,0.92188,0.33057,0.31006,5.603,-22.122,-6.718,ergonomis
SUBJ007,nisa,2026-05-23,13:26:41.711000,1426341167.0,1250711.0,1.0415,-0.01074,0.04346,-4.466,-26.374,2.672,0.90796,0.33838,0.22461,9.481,-26.618,-10.069,ergonomis
SUBJ007,nisa,2026-05-23,13:26:41.911000,1426341367.0,1250911.0,1.06445,-0.06982,-0.05103,-2.305,-8.053,0.977,0.87231,0.35254,0.17163,-3.473,6.908,2.328,ergonomis
SUBJ007,nisa,2026-05-23,13:26:41.111000,1426340567.0,1251111.0,1.07153,-0.03711,-0.11499,1.947,-15.641,-2.252,0.87793,0.36499,0.16089,-7.198,0.053,-0.473,ergonomis
SUBJ007,nisa,2026-05-23,13:26:42.311000,1426341767.0,1251311.0,1.08765,-0.03467,-0.16357,-3.282,-6.611,-3.489,0.87231,0.38306,0.18237,-8.557,1.015,-0.55,ergonomis
SUBJ007,nisa,2026-05-23,13:26:42.511000,1426341967.0,1251511.0,1.06616,0.00415,-0.16577,-2.939,-2.023,-1.641,0.87915,0.39844,0.18628,-7.183,0.092,0.595,ergonomis
SUBJ007,nisa,2026-05-23,13:26:42.711000,1426342167.0,1251711.0,1.08838,0.01123,-0.17627,-3.443,2.008,-2.008,0.86938,0.38989,0.18799,-0.038,1.115,1.046,ergonomis
SUBJ007,nisa,2026-05-23,13:26:42.911000,1426342367.0,1251911.0,1.0769,0.0105,-0.17212,-2.725,5.328,0.42,0.86401,0.39722,0.17944,0.252,0.153,0.908,ergonomis
SUBJ007,nisa,2026-05-23,13:26:42.111000,1426341567.0,1252111.0,1.0791,0.00171,-0.12671,-4.176,6.672,0.718,0.86572,0.39526,0.18921,-0.336,1.511,1.443,ergonomis
SUBJ007,nisa,2026-05-23,13:26:43.311000,1426342767.0,1252311.0,1.073,0.0061,-0.1062,-4.267,7.626,-1.031,0.86572,0.3877,0.1709,3.305,2.053,0.328,ergonomis
SUBJ007,nisa,2026-05-23,13:26:43.511000,1426342967.0,1252511.0,1.07397,0.00098,-0.07813,0.191,4.786,-0.29,0.86914,0.39111,0.19702,-0.076,4.672,1.779,ergonomis
SUBJ007,nisa,2026-05-23,13:26:43.711000,1426343167.0,1252711.0,1.05933,0.00952,-0.06323,-2.092,3.145,-0.099,0.86865,0.38477,0.19531,-1.198,2.038,1.878,ergonomis
SUBJ007,nisa,2026-05-23,13:26:43.911000,1426343367.0,1252911.0,1.06665,0.00269,-0.06958,-0.565,1.519,0.206,0.87256,0.39209,0.19141,-0.916,3.344,1.42,ergonomis
SUBJ007,nisa,2026-05-23,13:26:43.111000,1426342567.0,1253111.0,1.0708,0.00684,-0.06567,-1.359,0.45,0.137,0.88354,0.38745,0.20703,-1.55,2.42,2.664,ergonomis
SUBJ007,nisa,2026-05-23,13:26:44.311000,1426343767.0,1253311.0,1.06812,-0.00439,-0.05884,-2.687,2.351,0.252,0.8772,0.37866,0.20703,-1.382,2.282,2.252,ergonomis
SUBJ007,nisa,2026-05-23,13:26:44.511000,1426343967.0,1253511.0,1.06543,0.00293,-0.05005,-1.137,0.824,-0.206,0.88721,0.38379,0.21899,-0.87,2.16,1.756,ergonomis
SUBJ007,nisa,2026-05-23,13:26:44.711000,1426344167.0,1253711.0,1.07568,0.00562,-0.05298,-2.069,0.58,-0.168,0.87891,0.38159,0.22632,-1.313,0.74,2.137,ergonomis
SUBJ007,nisa,2026-05-23,13:26:44.911000,1426344367.0,1253911.0,1.06885,0.00122,-0.05444,-1.137,0.84,0.374,0.88306,0.37231,0.22192,-0.832,0.504,0.885,ergonomis
SUBJ007,nisa,2026-05-23,13:26:44.111000,1426343567.0,1254111.0,1.0708,0.01465,-0.06567,-0.412,2.435,1.458,0.88428,0.37793,0.21313,-3.115,-0.031,4.855,ergonomis
SUBJ007,nisa,2026-05-23,13:26:45.311000,1426344767.0,1254311.0,1.05835,-0.02393,-0.06421,-5.45,2.771,1.16,0.8855,0.35938,0.20898,-1.664,0.328,2.748,ergonomis
SUBJ007,nisa,2026-05-23,13:26:45.511000,1426344967.0,1254511.0,1.0686,0.00024,-0.05322,-1.863,0.458,-1.176,0.89111,0.36084,0.21338,-1.168,2.817,0.221,ergonomis
SUBJ007,nisa,2026-05-23,13:26:45.711000,1426345167.0,1254711.0,1.0647,-0.00684,-0.05078,-1.145,0.939,-0.504,0.88599,0.37329,0.21777,-0.153,2.786,-0.366,ergonomis
SUBJ007,nisa,2026-05-23,13:26:45.911000,1426345367.0,1254911.0,1.06934,0.00757,-0.052,-2.351,1.74,-1.282,0.88452,0.36621,0.21094,-1.435,0.916,1.863,ergonomis
SUBJ007,nisa,2026-05-23,13:26:45.111000,1426344567.0,1255111.0,1.05884,0.00391,-0.05005,-1.16,0.656,-0.382,0.89014,0.37231,0.2207,-0.885,1.588,0.733,ergonomis
SUBJ007,nisa,2026-05-23,13:26:46.311000,1426345767.0,1255311.0,1.06567,0.00244,-0.04517,-2.008,0.58,-0.603,0.88354,0.37207,0.21338,-1.084,1.137,1.397,ergonomis
SUBJ007,nisa,2026-05-23,13:26:46.511000,1426345967.0,1255511.0,1.07495,0.00488,-0.05493,-1.863,0.145,-0.748,0.88428,0.36914,0.22046,-1.229,1.214,1.733,ergonomis
SUBJ007,nisa,2026-05-23,13:26:46.711000,1426346167.0,1255711.0,1.06348,0.02124,-0.0481,1.649,-3.496,-1.336,0.8916,0.37158,0.22583,-0.992,1.656,2.756,ergonomis
SUBJ007,nisa,2026-05-23,13:26:46.911000,1426346367.0,1255911.0,1.07593,0.02271,-0.06421,5.252,-4.931,0.298,0.87622,0.38037,0.23999,2.924,5.496,-0.924,ergonomis
SUBJ007,nisa,2026-05-23,13:26:46.111000,1426345567.0,1256111.0,1.06689,0.01758,-0.05713,-3.748,0.221,0.687,0.88623,0.36865,0.22803,-1.916,1.985,3.435,ergonomis
SUBJ007,nisa,2026-05-23,13:26:47.311000,1426346767.0,1256311.0,1.06958,0.00684,-0.05615,-2.321,1.702,-0.351,0.89282,0.3584,0.2356,-1.412,0.595,1.664,ergonomis
SUBJ007,nisa,2026-05-23,13:26:47.511000,1426346967.0,1256511.0,1.073,0.00513,-0.04663,-0.244,4.305,0.748,0.89014,0.36865,0.2373,-1.237,5.038,-0.443,ergonomis
SUBJ007,nisa,2026-05-23,13:26:47.711000,1426347167.0,1256711.0,1.0625,0.00317,-0.04077,-2.641,0.87,-0.908,0.8916,0.36279,0.24268,-1.786,1.649,2.405,ergonomis
SUBJ007,nisa,2026-05-23,13:26:47.911000,1426347367.0,1256911.0,1.06934,0.00903,-0.03491,-2.344,1.359,-0.046,0.89844,0.36206,0.24658,-0.878,1.504,1.092,ergonomis
SUBJ007,nisa,2026-05-23,13:26:47.111000,1426346567.0,1257111.0,1.06445,0.01147,-0.03345,-2.26,0.649,-0.099,0.88623,0.37036,0.23901,-1.053,0.656,1.252,ergonomis
SUBJ007,nisa,2026-05-23,13:26:48.311000,1426347767.0,1257311.0,1.06519,0.0083,-0.03271,-2.336,0.031,-0.244,0.89429,0.36328,0.24023,-1.191,0.573,1.527,ergonomis
SUBJ007,nisa,2026-05-23,13:26:48.511000,1426347967.0,1257511.0,1.06567,0.01392,-0.0293,0.321,-1.298,-0.298,0.89551,0.36792,0.24219,-1.153,1.26,0.046,ergonomis
SUBJ007,nisa,2026-05-23,13:26:48.711000,1426348167.0,1257711.0,1.0708,0.01196,-0.03613,-2.832,1.221,-0.206,0.88281,0.37305,0.24292,-0.115,0.221,-0.122,ergonomis
SUBJ007,nisa,2026-05-23,13:26:48.911000,1426348367.0,1257911.0,1.06738,0.00684,-0.02979,-2.511,-1.191,-0.29,0.89233,0.37573,0.23633,-0.672,-1.443,0.924,ergonomis
SUBJ007,nisa,2026-05-23,13:26:48.111000,1426347567.0,1258111.0,1.07593,0.00684,-0.03589,-2.198,0.588,-0.122,0.88696,0.37793,0.22046,-0.046,0.29,-0.802,ergonomis
SUBJ007,nisa,2026-05-23,13:26:49.311000,1426348767.0,1258311.0,1.06836,,-0.04736,-0.443,-0.611,0.55,0.87744,0.38867,0.22217,-0.466,2.13,-0.282,ergonomis
SUBJ007,nisa,2026-05-23,13:26:49.511000,1426348967.0,1258511.0,1.07007,0.00757,-0.0459,-1.817,0.802,-0.962,0.88501,0.38599,0.22021,-1.008,1.985,1.305,ergonomis
SUBJ007,nisa,2026-05-23,13:26:49.711000,1426349167.0,1258711.0,1.07178,0.01074,-0.04224,-0.153,0.634,-1.153,0.87842,0.38428,0.22095,-1.733,1.878,2.008,ergonomis
SUBJ007,nisa,2026-05-23,13:26:49.911000,1426349367.0,1258911.0,1.06543,0.0127,-0.05029,-1.519,0.115,-0.58,0.87939,0.37866,0.22241,-0.947,1.389,1.771,ergonomis
SUBJ007,nisa,2026-05-23,13:26:49.111000,1426348567.0,1259111.0,1.07104,0.01367,-0.04102,-1.336,0.443,-0.557,0.88232,0.38037,0.22461,-0.405,1.679,1.16,ergonomis
SUBJ007,nisa,2026-05-23,13:26:50.311000,1426349767.0,1259311.0,1.0752,0.0166,-0.04395,-1.183,0.649,-0.58,0.87769,0.38159,0.22363,-1.489,1.244,1.267,non-ergonomis
SUBJ007,nisa,2026-05-23,13:26:50.511000,1426349967.0,1259511.0,1.07764,0.01978,-0.05469,0.42,3.229,-0.198,0.88257,0.37427,0.24536,-1.954,9.191,5.855,non-ergonomis
SUBJ007,nisa,2026-05-23,13:26:50.711000,1426350167.0,1259711.0,1.03906,0.01367,-0.00098,2.58,19.771,-1.733,0.92554,0.36597,0.23804,-1.687,18.634,3.023,non-ergonomis
SUBJ007,nisa,2026-05-23,13:26:50.911000,1426350367.0,1259911.0,0.97754,0.04199,0.09619,-4.092,44.656,-1.687,0.90039,0.30054,0.35156,-23.084,36.855,20.908,non-ergonomis
SUBJ007,nisa,2026-05-23,13:26:50.111000,1426349567.0,1260111.0,0.97998,-0.01538,0.33154,-8.641,15.649,5.366,0.94727,0.33521,0.3877,2.298,0.13,0.336,non-ergonomis
SUBJ007,nisa,2026-05-23,13:26:51.311000,1426350767.0,1260311.0,0.98486,-0.00781,0.20215,3.649,-0.13,3.069,0.91479,0.29395,0.44336,-2.817,8.122,7.733,non-ergonomis
SUBJ007,nisa,2026-05-23,13:26:51.511000,1426350967.0,1260511.0,0.97754,-0.02124,0.28442,-5.244,-0.405,-2.962,0.94702,0.2644,0.41431,-0.13,-3.977,1.221,non-ergonomis
SUBJ007,nisa,2026-05-23,13:26:51.711000,1426351167.0,1260711.0,0.97632,-0.03467,0.2522,-1.817,0.893,2.725,0.93921,0.2998,0.43677,-0.458,4.519,-0.931,non-ergonomis
SUBJ007,nisa,2026-05-23,13:26:51.911000,1426351367.0,1260911.0,0.98364,-0.02002,0.25073,0.137,0.588,-1.183,0.9314,0.28296,0.42871,1.183,-0.053,1.046,non-ergonomis
SUBJ007,nisa,2026-05-23,13:26:51.111000,1426350567.0,1261111.0,0.97583,-0.00635,0.26367,-0.176,0.427,-0.153,0.93237,0.29639,0.42065,-1.618,1.481,1.069,non-ergonomis
SUBJ007,nisa,2026-05-23,13:26:52.311000,1426351767.0,1261311.0,0.97632,-0.021,0.25928,-1.336,0.71,-0.328,0.92993,0.29932,0.42896,,2.176,0.382,non-ergonomis
SUBJ007,nisa,2026-05-23,13:26:52.511000,1426351967.0,1261511.0,0.99023,-0.01221,0.26099,-1.023,0.229,-1.977,0.93115,0.29395,0.42993,-0.786,0.695,2.076,non-ergonomis
SUBJ007,nisa,2026-05-23,13:26:52.711000,1426352167.0,1261711.0,0.97974,-0.00586,0.26025,-0.802,0.656,-0.962,0.93188,0.29224,0.42651,0.45,0.702,0.939,non-ergonomis
SUBJ007,nisa,2026-05-23,13:26:52.911000,1426352367.0,1261911.0,0.98096,0.00024,0.25464,-1.672,0.916,-0.298,0.93555,0.2981,0.42969,-2.427,1.298,1.817,non-ergonomis
SUBJ007,nisa,2026-05-23,13:26:52.111000,1426351567.0,1262111.0,0.98047,-0.00903,0.25562,-1.84,0.382,-0.916,0.93433,0.29346,0.42383,-1.458,1.183,1.87,non-ergonomis
SUBJ007,nisa,2026-05-23,13:26:53.311000,1426352767.0,1262311.0,0.97583,-0.00659,0.27197,-1.496,-0.069,-0.466,0.93555,0.29395,0.42212,0.046,0.099,0.771,non-ergonomis
SUBJ007,nisa,2026-05-23,13:26:53.511000,1426352967.0,1262511.0,0.97852,-0.00488,0.2644,-1.282,1.359,-0.565,0.93848,0.28613,0.42578,-1.473,1.832,1.947,non-ergonomis
SUBJ007,nisa,2026-05-23,13:26:53.711000,1426353167.0,1262711.0,0.97534,0.00342,0.26904,-1.985,0.389,0.229,0.93164,0.29834,0.43091,-2.053,0.992,1.901,non-ergonomis
SUBJ007,nisa,2026-05-23,13:26:53.911000,1426353367.0,1262911.0,0.97876,0.00708,0.26147,-1.481,0.176,-0.137,0.93384,0.28955,0.42749,-0.191,0.626,1.336,non-ergonomis
SUBJ007,nisa,2026-05-23,13:26:53.111000,1426352567.0,1263111.0,0.9729,-0.00513,0.26392,-2.0,0.069,0.061,0.93506,0.28491,0.4353,-2.802,2.176,2.206,non-ergonomis
SUBJ007,nisa,2026-05-23,13:26:54.311000,1426353767.0,1263311.0,0.97607,-0.00586,0.26758,-1.382,0.656,-0.099,0.93604,0.28882,0.4397,-1.023,0.779,1.519,non-ergonomis
SUBJ007,nisa,2026-05-23,13:26:54.511000,1426353967.0,1263511.0,0.97412,-0.00122,0.27441,-1.863,0.641,-0.305,0.93506,0.28003,0.42847,-0.427,1.046,1.29,non-ergonomis
SUBJ007,nisa,2026-05-23,13:26:54.711000,1426354167.0,1263711.0,0.97559,0.00098,0.26416,-1.267,0.985,-0.481,0.93384,0.28345,0.43188,-0.55,1.542,1.176,non-ergonomis
SUBJ007,nisa,2026-05-23,13:26:54.911000,1426354367.0,1263911.0,0.98291,-0.00903,0.2688,-1.58,0.504,-0.298,0.93677,0.29077,0.44482,-0.496,1.763,1.168,non-ergonomis
SUBJ007,nisa,2026-05-23,13:26:54.111000,1426353567.0,1264111.0,0.98047,-0.00366,0.26416,-1.855,0.107,-0.168,0.93872,0.29004,0.43433,-0.267,1.275,1.099,non-ergonomis
SUBJ007,nisa,2026-05-23,13:26:55.311000,1426354767.0,1264311.0,0.9751,0.01074,0.27441,-1.427,-0.397,-0.29,0.93188,0.28223,0.42993,-0.702,0.901,1.328,non-ergonomis
SUBJ007,nisa,2026-05-23,13:26:55.511000,1426354967.0,1264511.0,0.9751,0.00122,0.26392,-1.397,-0.107,-0.198,0.93774,0.27979,0.43726,-0.389,0.695,0.939,non-ergonomis
SUBJ007,nisa,2026-05-23,13:26:55.711000,1426355167.0,1264711.0,0.97778,0.00537,0.25977,-1.824,0.183,-0.466,0.93457,0.28857,0.43701,-0.939,1.023,1.504,non-ergonomis
SUBJ007,nisa,2026-05-23,13:26:55.911000,1426355367.0,1264911.0,0.9751,0.00391,0.26782,-1.71,0.282,-0.618,0.93384,0.28979,0.43066,-0.244,0.763,0.992,non-ergonomis
SUBJ007,nisa,2026-05-23,13:26:55.111000,1426354567.0,1265111.0,0.97559,0.00391,0.271,-1.763,0.084,-0.214,0.93311,0.29175,0.43213,-2.374,0.344,1.771,non-ergonomis
SUBJ007,nisa,2026-05-23,13:26:56.311000,1426355767.0,1265311.0,0.97754,0.00391,0.27173,-2.237,0.061,-0.122,0.93579,0.28076,0.43848,-1.466,0.908,1.534,non-ergonomis
SUBJ007,nisa,2026-05-23,13:26:56.511000,1426355967.0,1265511.0,0.97876,0.00146,0.27222,-1.733,0.275,0.176,0.93408,0.2854,0.43604,-1.344,1.092,1.626,non-ergonomis
SUBJ007,nisa,2026-05-23,13:26:56.711000,1426356167.0,1265711.0,0.97925,0.01123,0.25684,-1.985,0.252,-0.015,0.94141,0.28223,0.43408,-2.603,1.824,2.321,non-ergonomis
SUBJ007,nisa,2026-05-23,13:26:56.911000,1426356367.0,1265911.0,0.97803,0.00195,0.25708,-1.588,0.748,-0.42,0.93579,0.27954,0.43506,-0.687,1.412,1.351,non-ergonomis
SUBJ007,nisa,2026-05-23,13:26:56.111000,1426355567.0,1266111.0,0.97754,0.00952,0.26855,-1.618,0.779,-0.809,0.92554,0.27515,0.43677,-1.634,2.229,1.771,non-ergonomis
SUBJ007,nisa,2026-05-23,13:26:57.311000,1426356767.0,1266311.0,0.97949,0.00781,0.2749,-1.435,0.74,-0.366,0.9314,0.28003,0.44824,-1.29,1.168,1.702,non-ergonomis
SUBJ007,nisa,2026-05-23,13:26:57.511000,1426356967.0,1266511.0,0.96411,0.00513,0.26904,-1.137,-0.603,-0.023,0.9292,0.27148,0.44775,-0.611,-0.435,0.328,non-ergonomis
SUBJ007,nisa,2026-05-23,13:26:57.711000,1426357167.0,1266711.0,0.98511,0.01611,0.25806,0.168,2.481,0.573,0.93774,0.28833,0.43311,-1.084,2.794,1.527,non-ergonomis
SUBJ007,nisa,2026-05-23,13:26:57.911000,1426357367.0,1266911.0,0.97314,0.00757,0.28613,-2.84,1.244,0.107,0.93237,0.28198,0.45459,-0.313,1.954,1.939,non-ergonomis
SUBJ007,nisa,2026-05-23,13:26:57.111000,1426356567.0,1267111.0,0.9707,0.01392,0.28833,-0.733,-0.115,-0.038,0.93774,0.28394,0.43848,-1.45,0.298,1.008,non-ergonomis
SUBJ007,nisa,2026-05-23,13:26:58.311000,1426357767.0,1267311.0,0.97852,0.00024,0.27563,-1.634,-0.977,-0.405,0.94019,0.2854,0.44775,0.389,1.397,0.168,non-ergonomis
SUBJ007,nisa,2026-05-23,13:26:58.511000,1426357967.0,1267511.0,0.97485,0.01416,0.28418,-1.122,-0.618,-0.947,0.93677,0.28491,0.44043,0.45,0.321,0.405,non-ergonomis
SUBJ007,nisa,2026-05-23,13:26:58.711000,1426358167.0,1267711.0,0.97046,0.01587,0.26831,-1.061,0.244,-0.947,0.93848,0.28979,0.43042,-0.733,0.878,0.947,non-ergonomis
SUBJ007,nisa,2026-05-23,13:26:58.911000,1426358367.0,1267911.0,0.97046,0.01489,0.27563,-1.618,0.855,-0.321,0.92993,0.29297,0.43604,-1.336,1.229,1.603,non-ergonomis
SUBJ007,nisa,2026-05-23,13:26:58.111000,1426357567.0,1268111.0,0.97827,0.01782,0.2771,-1.885,0.481,-0.397,0.93018,0.28882,0.43359,-1.718,0.885,1.878,non-ergonomis
SUBJ007,nisa,2026-05-23,13:26:59.311000,1426358767.0,1268311.0,0.97241,0.01196,0.26587,-2.115,0.092,-0.046,0.9292,0.29175,0.43384,-0.534,0.382,1.382,non-ergonomis
SUBJ007,nisa,2026-05-23,13:26:59.511000,1426358967.0,1268511.0,0.97949,0.01611,0.27344,-2.168,-0.023,-0.137,0.9353,0.29297,0.43848,-1.779,0.672,1.275,non-ergonomis
SUBJ007,nisa,2026-05-23,13:26:59.711000,1426359167.0,1268711.0,0.97241,0.01001,0.27002,-1.237,0.687,-0.29,0.93408,0.29004,0.4397,-0.824,0.832,0.985,non-ergonomis
SUBJ007,nisa,2026-05-23,13:26:59.911000,1426359367.0,1268911.0,0.97217,0.01538,0.27588,-1.802,0.527,-0.573,0.93408,0.28906,0.43799,-1.046,0.924,1.55,non-ergonomis
SUBJ007,nisa,2026-05-23,13:26:59.111000,1426358567.0,1269111.0,0.97314,0.01611,0.27734,-1.351,0.824,-0.13,0.93506,0.28833,0.43823,-0.695,1.863,1.115,non-ergonomis
SUBJ007,nisa,2026-05-23,13:27:00.311000,1426359767.0,1269311.0,0.96948,0.02832,0.27588,-1.924,0.687,-0.534,0.9375,0.28809,0.44043,-1.244,1.962,1.496,ergonomis
SUBJ007,nisa,2026-05-23,13:27:00.511000,1426359967.0,1269511.0,0.96606,0.02246,0.27808,-1.939,0.641,-0.565,0.93213,0.28687,0.44482,-1.237,1.389,1.687,ergonomis
SUBJ007,nisa,2026-05-23,13:27:00.711000,1426360167.0,1269711.0,0.96997,0.03125,0.28662,-1.557,0.427,-0.481,0.93506,0.2876,0.44214,-1.382,1.305,1.649,ergonomis
SUBJ007,nisa,2026-05-23,13:27:00.911000,1426360367.0,1269911.0,0.96802,0.01929,0.28662,-1.58,-0.947,-0.16,0.93921,0.28833,0.44214,0.977,0.466,-0.55,ergonomis
SUBJ007,nisa,2026-05-23,13:27:00.111000,1426359567.0,1270111.0,0.97925,0.02661,0.2771,-1.588,-7.031,0.824,0.93018,0.29907,0.43262,3.252,-3.534,-0.42,ergonomis
SUBJ007,nisa,2026-05-23,13:27:01.311000,1426360767.0,1270311.0,0.98779,0.01172,0.24365,-2.267,-15.565,1.382,0.91992,0.2981,0.40381,5.336,-6.84,-3.13,ergonomis
SUBJ007,nisa,2026-05-23,13:27:01.511000,1426360967.0,1270511.0,1.01636,0.00879,0.15771,-3.298,-26.427,2.832,0.92749,0.32397,0.35376,8.092,-15.344,-6.313,ergonomis
SUBJ007,nisa,2026-05-23,13:27:01.711000,1426361167.0,1270711.0,1.03052,-0.01025,0.07886,-0.435,-20.008,2.489,0.89893,0.33154,0.33252,6.794,-13.885,-7.038,ergonomis
SUBJ007,nisa,2026-05-23,13:27:01.911000,1426361367.0,1270911.0,1.04883,-0.01025,0.02417,-3.885,-16.092,1.191,0.89478,0.32568,0.24097,0.359,1.13,1.656,ergonomis
SUBJ007,nisa,2026-05-23,13:27:01.111000,1426360567.0,1271111.0,1.06445,-0.02515,-0.07422,-2.939,-19.878,1.183,0.90552,0.35034,0.25928,-10.099,6.168,-1.397,ergonomis
SUBJ007,nisa,2026-05-23,13:27:02.311000,1426361767.0,1271311.0,1.08594,-0.02588,-0.12939,-1.55,-10.229,-1.122,0.89014,0.37646,0.25342,-9.779,-0.389,-1.435,ergonomis
SUBJ007,nisa,2026-05-23,13:27:02.511000,1426361967.0,1271511.0,1.07666,-0.01953,-0.12549,-2.008,-3.084,0.321,0.88647,0.39673,0.27026,-5.504,-0.489,-0.321,ergonomis
SUBJ007,nisa,2026-05-23,13:27:02.711000,1426362167.0,1271711.0,1.07129,-0.01294,-0.1394,-2.565,4.275,-0.573,0.88599,0.40137,0.26758,-3.786,-0.237,0.626,ergonomis
SUBJ007,nisa,2026-05-23,13:27:02.911000,1426362367.0,1271911.0,1.0896,0.02856,-0.13232,-12.809,2.198,-1.412,0.88623,0.40601,0.26563,-0.656,0.366,0.878,ergonomis
SUBJ007,nisa,2026-05-23,13:27:02.111000,1426361567.0,1272111.0,1.07886,-0.00317,-0.10669,-1.382,3.153,-3.229,0.87891,0.40112,0.26318,0.321,0.977,1.626,ergonomis
SUBJ007,nisa,2026-05-23,13:27:03.311000,1426362767.0,1272311.0,1.07593,-0.00366,-0.10645,-1.595,3.611,-0.695,0.88184,0.39771,0.27075,-1.366,0.947,1.344,ergonomis
SUBJ007,nisa,2026-05-23,13:27:03.511000,1426362967.0,1272511.0,1.07397,0.00586,-0.09131,-1.924,3.069,-0.779,0.88428,0.42993,0.26245,6.084,6.771,-2.817,ergonomis
SUBJ007,nisa,2026-05-23,13:27:03.711000,1426363167.0,1272711.0,1.07227,0.00098,-0.08008,-2.061,3.092,-0.992,0.88379,0.40015,0.27075,1.229,0.45,1.595,ergonomis
SUBJ007,nisa,2026-05-23,13:27:03.911000,1426363367.0,1272911.0,1.07935,0.00488,-0.06421,-1.031,1.916,-0.794,0.88232,0.42017,0.27295,0.328,3.824,-0.076,ergonomis
SUBJ007,nisa,2026-05-23,13:27:03.111000,1426362567.0,1273111.0,1.07227,0.0127,-0.073,-1.069,0.794,-0.275,0.87915,0.40894,0.27222,0.588,2.084,0.794,ergonomis
SUBJ007,nisa,2026-05-23,13:27:04.311000,1426363767.0,1273311.0,1.07251,0.00366,-0.06934,-1.305,0.802,-0.878,0.88623,0.40845,0.26685,0.115,0.702,1.137,ergonomis
SUBJ007,nisa,2026-05-23,13:27:04.511000,1426363967.0,1273511.0,1.07495,0.00781,-0.06543,-1.885,0.924,-0.718,0.87476,0.40503,0.26196,-1.244,0.649,0.489,ergonomis
SUBJ007,nisa,2026-05-23,13:27:04.711000,1426364167.0,1273711.0,1.07617,0.01538,-0.06226,-1.924,-0.473,-0.183,0.87891,0.40479,0.26465,-1.534,0.962,1.29,ergonomis
SUBJ007,nisa,2026-05-23,13:27:04.911000,1426364367.0,1273911.0,1.07178,0.00903,-0.06494,-2.076,0.771,-0.397,0.87524,0.40063,0.25464,-1.092,0.992,1.321,ergonomis
SUBJ007,nisa,2026-05-23,13:27:04.111000,1426363567.0,1274111.0,1.08008,0.0061,-0.06787,-0.863,0.985,-0.366,0.87842,0.40576,0.2666,-1.58,2.206,1.229,ergonomis
SUBJ007,nisa,2026-05-23,13:27:05.311000,1426364767.0,1274311.0,1.07104,0.0144,-0.06982,-0.756,-1.023,-0.473,0.8811,0.40405,0.2644,-1.053,1.305,1.519,ergonomis
SUBJ007,nisa,2026-05-23,13:27:05.511000,1426364967.0,1274511.0,1.0708,0.01294,-0.06982,-1.595,-0.107,-0.664,0.87451,0.4021,0.25488,-1.748,0.977,1.466,ergonomis
SUBJ007,nisa,2026-05-23,13:27:05.711000,1426365167.0,1274711.0,1.07324,0.01245,-0.07178,-1.382,1.076,-0.466,0.8938,0.41089,0.26343,-1.618,2.099,1.076,ergonomis
SUBJ007,nisa,2026-05-23,13:27:05.911000,1426365367.0,1274911.0,1.06812,0.01172,-0.07837,-1.977,-0.176,-0.221,0.87695,0.40259,0.271,-0.916,1.038,1.427,ergonomis
SUBJ007,nisa,2026-05-23,13:27:05.111000,1426364567.0,1275111.0,1.0708,0.01099,-0.06787,-1.779,0.695,-0.176,0.87744,0.40601,0.26978,-0.939,0.962,1.45,ergonomis
SUBJ007,nisa,2026-05-23,13:27:06.311000,1426365767.0,1275311.0,1.0752,0.01294,-0.06104,-1.443,1.061,-0.336,0.88086,0.40942,0.26807,-0.733,1.573,1.191,ergonomis
SUBJ007,nisa,2026-05-23,13:27:06.511000,1426365967.0,1275511.0,1.06763,0.01245,-0.06006,-1.809,0.557,0.603,0.87622,0.40527,0.25928,-0.84,1.489,1.611,ergonomis
SUBJ007,nisa,2026-05-23,13:27:06.711000,1426366167.0,1275711.0,1.07007,0.01172,-0.06177,-1.504,-0.069,-0.641,0.87964,0.40088,0.26196,-0.061,1.29,1.679,ergonomis
SUBJ007,nisa,2026-05-23,13:27:06.911000,1426366367.0,1275911.0,1.08032,0.00757,-0.06738,-0.74,0.496,-0.55,0.87964,0.39697,0.26709,-0.725,1.542,1.008,ergonomis
SUBJ007,nisa,2026-05-23,13:27:06.111000,1426365567.0,1276111.0,1.0769,0.02002,-0.05688,-1.496,-0.206,-0.198,0.88696,0.40234,0.26099,-0.771,1.611,1.519,ergonomis
SUBJ007,nisa,2026-05-23,13:27:07.311000,1426366767.0,1276311.0,1.06982,0.01685,-0.07251,-2.145,0.076,-0.176,0.88257,0.39648,0.26147,-0.611,1.092,1.42,ergonomis
SUBJ007,nisa,2026-05-23,13:27:07.511000,1426366967.0,1276511.0,1.06665,0.00757,-0.06445,-1.351,0.42,0.336,0.88159,0.39502,0.25977,-0.855,0.931,0.695,ergonomis
SUBJ007,nisa,2026-05-23,13:27:07.711000,1426367167.0,1276711.0,1.06934,0.0105,-0.06519,-2.344,0.74,0.107,0.88086,0.40186,0.26123,-1.122,0.855,1.153,ergonomis
SUBJ007,nisa,2026-05-23,13:27:07.911000,1426367367.0,1276911.0,1.06787,0.01367,-0.07178,-2.13,0.71,0.191,0.87769,0.4043,0.25781,-1.58,1.153,1.153,ergonomis
SUBJ007,nisa,2026-05-23,13:27:07.111000,1426366567.0,1277111.0,1.06519,0.00732,-0.05444,-1.55,0.809,0.229,0.87622,0.40503,0.25684,-0.573,1.13,1.176,ergonomis
SUBJ007,nisa,2026-05-23,13:27:08.311000,1426367767.0,1277311.0,1.06836,0.01025,-0.05371,-1.901,1.076,-0.023,0.8772,0.40601,0.26099,-1.542,1.786,1.458,ergonomis
SUBJ007,nisa,2026-05-23,13:27:08.511000,1426367967.0,1277511.0,1.0625,0.0166,-0.05981,-1.992,0.824,-0.351,0.87354,0.40039,0.26025,-1.221,1.443,1.282,ergonomis
SUBJ007,nisa,2026-05-23,13:27:08.711000,1426368167.0,1277711.0,1.06787,0.01465,-0.05176,-1.466,1.405,0.038,0.87866,0.39966,0.26685,-0.863,1.481,1.481,ergonomis
SUBJ007,nisa,2026-05-23,13:27:08.911000,1426368367.0,1277911.0,1.07153,0.00708,-0.05884,-1.527,1.0,-0.252,0.88403,0.40259,0.25635,-1.435,2.412,1.649,ergonomis
SUBJ007,nisa,2026-05-23,13:27:08.111000,1426367567.0,1278111.0,1.06836,0.01611,-0.05615,-2.206,0.573,0.13,0.87622,0.40747,0.2561,0.107,1.031,1.473,ergonomis
SUBJ007,nisa,2026-05-23,13:27:09.311000,1426368767.0,1278311.0,1.06812,0.01123,-0.05835,-0.931,1.084,0.168,0.88403,0.40405,0.271,-0.107,1.74,1.275,ergonomis
SUBJ007,nisa,2026-05-23,13:27:09.511000,1426368967.0,1278511.0,1.06763,0.01489,-0.06055,-1.756,1.275,0.214,0.88232,0.39917,0.27319,-0.099,1.252,1.809,ergonomis
SUBJ007,nisa,2026-05-23,13:27:09.711000,1426369167.0,1278711.0,1.06982,0.01489,-0.04858,-2.26,1.198,-0.153,0.88843,0.396,0.26074,0.763,0.198,1.305,ergonomis
SUBJ007,nisa,2026-05-23,13:27:09.911000,1426369367.0,1278911.0,1.0625,0.01367,-0.04272,-0.908,0.702,0.29,0.8833,0.3938,0.26123,1.092,1.511,0.221,ergonomis
SUBJ007,nisa,2026-05-23,13:27:09.111000,1426368567.0,1279111.0,1.07178,0.00537,-0.04565,-0.977,1.031,0.038,0.88135,0.39258,0.25854,-0.076,1.58,1.305,ergonomis
SUBJ007,nisa,2026-05-23,13:27:10.311000,1426369767.0,1279311.0,1.06543,0.01196,-0.04126,-1.443,0.435,-0.13,0.87939,0.39697,0.25854,-1.069,1.076,1.214,non-ergonomis
SUBJ007,nisa,2026-05-23,13:27:10.511000,1426369967.0,1279511.0,1.06421,0.00806,-0.04517,-0.992,1.435,0.351,0.87695,0.39136,0.26099,-0.427,1.595,0.916,non-ergonomis
SUBJ007,nisa,2026-05-23,13:27:10.711000,1426370167.0,1279711.0,1.06665,0.00903,-0.04541,-0.618,8.71,-1.412,0.88843,0.39282,0.27417,-2.313,8.244,5.145,non-ergonomis
SUBJ007,nisa,2026-05-23,13:27:10.911000,1426370367.0,1279911.0,1.05249,0.02124,0.01636,6.55,37.275,-4.321,0.89478,0.35327,0.3186,3.038,25.427,7.45,non-ergonomis
SUBJ007,nisa,2026-05-23,13:27:10.111000,1426369567.0,1280111.0,1.00342,0.03516,0.27661,-5.084,38.061,-2.237,0.96143,0.3291,0.35767,-7.695,27.359,12.183,non-ergonomis
SUBJ007,nisa,2026-05-23,13:27:11.311000,1426370767.0,1280311.0,0.97021,0.03271,0.25317,-1.802,-1.916,1.916,0.92432,0.29663,0.44751,-1.687,4.817,1.511,non-ergonomis
SUBJ007,nisa,2026-05-23,13:27:11.511000,1426370967.0,1280511.0,0.96606,0.02783,0.28979,-0.687,7.763,0.214,0.92651,0.29321,0.45996,-1.565,2.344,4.023,non-ergonomis
SUBJ007,nisa,2026-05-23,13:27:11.711000,1426371167.0,1280711.0,0.96729,0.01074,0.28491,-3.031,0.511,1.229,0.93823,0.27808,0.46509,-0.939,1.603,2.0,non-ergonomis
SUBJ007,nisa,2026-05-23,13:27:11.911000,1426371367.0,1280911.0,0.96069,0.00879,0.28882,-1.321,1.45,-0.344,0.93579,0.2854,0.46265,-1.779,1.397,2.031,non-ergonomis
SUBJ007,nisa,2026-05-23,13:27:11.111000,1426370567.0,1281111.0,0.96094,0.00757,0.28955,-1.74,0.244,-0.053,0.93286,0.28735,0.45532,0.74,-0.122,1.046,non-ergonomis
SUBJ007,nisa,2026-05-23,13:27:12.311000,1426371767.0,1281311.0,0.97217,0.02417,0.28931,-0.817,0.183,-0.107,0.93457,0.29077,0.44897,-0.153,0.076,1.427,non-ergonomis
SUBJ007,nisa,2026-05-23,13:27:12.511000,1426371967.0,1281511.0,0.96509,-0.00073,0.29004,-2.015,0.298,-0.321,0.93701,0.29663,0.45313,0.221,1.076,1.389,non-ergonomis
SUBJ007,nisa,2026-05-23,13:27:12.711000,1426372167.0,1281711.0,0.96704,0.00806,0.29297,-2.023,0.527,-0.618,0.93359,0.28516,0.4502,-0.046,1.672,0.84,non-ergonomis
SUBJ007,nisa,2026-05-23,13:27:12.911000,1426372367.0,1281911.0,0.96899,0.02026,0.29517,-2.374,-0.351,-0.542,0.93799,0.29346,0.43628,-0.901,0.153,1.267,non-ergonomis
SUBJ007,nisa,2026-05-23,13:27:12.111000,1426371567.0,1282111.0,0.96118,0.01099,0.28564,-2.282,0.71,-0.573,0.93408,0.29761,0.44678,-0.344,0.359,1.427,non-ergonomis
SUBJ007,nisa,2026-05-23,13:27:13.311000,1426372767.0,1282311.0,0.96143,0.01538,0.28027,-2.13,-0.389,-0.534,0.93506,0.27979,0.45337,-1.046,0.107,1.443,non-ergonomis
SUBJ007,nisa,2026-05-23,13:27:13.511000,1426372967.0,1282511.0,0.96533,0.0188,0.28223,-1.527,-0.023,0.183,0.93896,0.29663,0.44067,-2.389,0.603,2.13,non-ergonomis
SUBJ007,nisa,2026-05-23,13:27:13.711000,1426373167.0,1282711.0,0.95996,0.01343,0.29077,-1.71,0.374,-0.16,0.93604,0.29004,0.43188,-0.977,0.87,1.351,non-ergonomis
SUBJ007,nisa,2026-05-23,13:27:13.911000,1426373367.0,1282911.0,0.97485,0.01294,0.28052,-1.069,0.679,-0.603,0.93359,0.28882,0.43921,-0.29,1.221,1.252,non-ergonomis
SUBJ007,nisa,2026-05-23,13:27:13.111000,1426372567.0,1283111.0,0.97046,0.01758,0.28857,-1.931,0.763,-0.626,0.93677,0.28711,0.4502,-2.321,1.802,2.42,non-ergonomis
SUBJ007,nisa,2026-05-23,13:27:14.311000,1426373767.0,1283311.0,0.96533,0.01733,0.28857,-1.679,-0.191,-1.084,0.93042,0.28345,0.43774,-0.687,1.763,1.779,non-ergonomis
SUBJ007,nisa,2026-05-23,13:27:14.511000,1426373967.0,1283511.0,0.95752,0.02173,0.28979,-1.962,-0.336,-0.336,0.93408,0.27881,0.44287,1.519,-0.015,-0.015,non-ergonomis
SUBJ007,nisa,2026-05-23,13:27:14.711000,1426374167.0,1283711.0,0.9729,0.00781,0.271,-2.015,-0.275,-0.176,0.93066,0.28735,0.43872,2.42,-0.382,0.038,non-ergonomis
SUBJ007,nisa,2026-05-23,13:27:14.911000,1426374367.0,1283911.0,0.96387,0.01807,0.27808,-2.053,-1.176,-0.153,0.92969,0.29102,0.43701,-0.664,0.214,1.214,non-ergonomis
SUBJ007,nisa,2026-05-23,13:27:14.111000,1426373567.0,1284111.0,0.97314,0.01831,0.27344,-0.794,,-0.168,0.93481,0.29102,0.4314,-0.45,1.809,1.405,non-ergonomis
SUBJ007,nisa,2026-05-23,13:27:15.311000,1426374767.0,1284311.0,0.97876,0.01538,0.27539,-1.817,0.046,-0.336,0.93311,0.28442,0.42944,-0.573,1.718,1.206,non-ergonomis
SUBJ007,nisa,2026-05-23,13:27:15.511000,1426374967.0,1284511.0,0.98047,0.01685,0.26611,-1.939,-1.0,-0.26,0.92871,0.28955,0.43384,0.901,0.176,0.168,non-ergonomis
SUBJ007,nisa,2026-05-23,13:27:15.711000,1426375167.0,1284711.0,0.97192,0.01636,0.26636,-1.389,0.237,-0.275,0.93896,0.28735,0.42725,-1.901,0.786,1.718,non-ergonomis
SUBJ007,nisa,2026-05-23,13:27:15.911000,1426375367.0,1284911.0,0.97705,0.02246,0.2771,-2.481,0.916,0.076,0.93188,0.2854,0.42651,-0.733,2.977,1.344,non-ergonomis
SUBJ007,nisa,2026-05-23,13:27:15.111000,1426374567.0,1285111.0,0.97412,0.01807,0.26904,-1.771,0.153,0.137,0.927,0.28467,0.4292,0.374,0.412,0.916,non-ergonomis
SUBJ007,nisa,2026-05-23,13:27:16.311000,1426375767.0,1285311.0,0.97729,0.01904,0.28223,-1.641,0.435,-0.183,0.94019,0.29004,0.43872,-0.29,0.84,1.084,non-ergonomis
SUBJ007,nisa,2026-05-23,13:27:16.511000,1426375967.0,1285511.0,0.97437,0.01685,0.2771,-1.87,0.252,0.084,0.93652,0.29224,0.42334,0.16,0.733,1.198,non-ergonomis
SUBJ007,nisa,2026-05-23,13:27:16.711000,1426376167.0,1285711.0,0.97241,0.01831,0.27881,-1.214,0.313,0.092,0.93335,0.2854,0.44019,-2.267,1.359,1.748,non-ergonomis
SUBJ007,nisa,2026-05-23,13:27:16.911000,1426376367.0,1285911.0,0.97485,0.01465,0.28027,-1.298,0.351,-0.221,0.93286,0.29077,0.42944,-1.641,0.496,1.626,non-ergonomis
SUBJ007,nisa,2026-05-23,13:27:16.111000,1426375567.0,1286111.0,0.97192,0.01489,0.27148,-1.374,0.695,-0.191,0.92969,0.29272,0.43286,-0.802,0.748,1.305,non-ergonomis
SUBJ007,nisa,2026-05-23,13:27:17.311000,1426376767.0,1286311.0,0.96899,0.021,0.27344,-1.611,0.412,-0.061,0.92847,0.29297,0.42334,-0.802,-0.008,1.153,non-ergonomis
SUBJ007,nisa,2026-05-23,13:27:17.511000,1426376967.0,1286511.0,0.97314,0.01563,0.28369,-1.374,0.366,-0.214,0.93018,0.28418,0.43213,1.237,0.58,0.237,non-ergonomis
SUBJ007,nisa,2026-05-23,13:27:17.711000,1426377167.0,1286711.0,0.96777,0.02124,0.27197,-1.069,-0.229,-0.351,0.93774,0.28613,0.43018,-2.153,1.374,1.809,non-ergonomis
SUBJ007,nisa,2026-05-23,13:27:17.911000,1426377367.0,1286911.0,0.97559,0.01392,0.27441,-1.275,0.344,-0.557,0.93481,0.28833,0.43823,0.115,0.863,0.626,non-ergonomis
SUBJ007,nisa,2026-05-23,13:27:17.111000,1426376567.0,1287111.0,0.97852,0.02563,0.27197,-1.947,0.145,-0.26,0.93311,0.29468,0.42725,0.565,1.855,0.977,non-ergonomis
SUBJ007,nisa,2026-05-23,13:27:18.311000,1426377767.0,1287311.0,0.97168,0.02124,0.27051,-1.863,0.412,-0.443,0.93848,0.28955,0.42798,-0.557,1.023,1.511,non-ergonomis
SUBJ007,nisa,2026-05-23,13:27:18.511000,1426377967.0,1287511.0,0.97021,0.02246,0.2644,-1.298,0.069,-0.275,0.93188,0.28784,0.42993,-2.756,1.061,2.366,non-ergonomis
SUBJ007,nisa,2026-05-23,13:27:18.711000,1426378167.0,1287711.0,0.97583,0.02417,0.27612,-2.092,0.015,-0.099,0.93726,0.29639,0.4292,-2.382,0.55,1.435,non-ergonomis
SUBJ007,nisa,2026-05-23,13:27:18.911000,1426378367.0,1287911.0,0.9729,0.01514,0.27026,-1.893,-0.076,-0.107,0.93213,0.2981,0.427,-2.947,0.397,2.298,non-ergonomis
SUBJ007,nisa,2026-05-23,13:27:18.111000,1426377567.0,1288111.0,0.97534,0.02222,0.2666,-2.351,1.046,0.076,0.93433,0.28564,0.43823,-0.901,1.466,1.84,non-ergonomis
SUBJ007,nisa,2026-05-23,13:27:19.311000,1426378767.0,1288311.0,0.97168,0.01538,0.26587,-1.87,0.206,-0.305,0.93506,0.28735,0.42603,-3.16,1.779,2.58,non-ergonomis
SUBJ007,nisa,2026-05-23,13:27:19.511000,1426378967.0,1288511.0,0.96973,0.01709,0.27026,-2.16,-0.626,-0.679,0.93408,0.27832,0.4314,-2.473,0.191,2.069,non-ergonomis
SUBJ007,nisa,2026-05-23,13:27:19.711000,1426379167.0,1288711.0,0.97754,0.02246,0.26196,-1.496,0.092,-0.214,0.93042,0.28052,0.42358,-0.771,1.42,1.176,non-ergonomis
SUBJ007,nisa,2026-05-23,13:27:19.911000,1426379367.0,1288911.0,0.97314,0.02075,0.2688,-2.435,0.176,-0.74,0.93164,0.28198,0.43774,-0.443,0.962,1.191,non-ergonomis
SUBJ007,nisa,2026-05-23,13:27:19.111000,1426378567.0,1289111.0,0.97827,0.02295,0.2749,-1.084,0.641,-0.221,0.93237,0.28418,0.42749,-1.389,0.985,0.992,non-ergonomis
SUBJ007,nisa,2026-05-23,13:27:20.311000,1426379767.0,1289311.0,0.97583,0.02344,0.26782,-1.84,-0.053,-0.053,0.93018,0.29102,0.43774,1.298,0.55,0.267,ergonomis
SUBJ007,nisa,2026-05-23,13:27:20.511000,1426379967.0,1289511.0,0.98218,0.02759,0.26563,-1.412,-0.16,0.321,0.93286,0.29297,0.427,-0.802,1.382,0.901,ergonomis
SUBJ007,nisa,2026-05-23,13:27:20.711000,1426380167.0,1289711.0,0.96948,0.02002,0.27173,-2.038,0.405,-0.145,0.93262,0.29346,0.42651,-0.069,0.939,0.817,ergonomis
SUBJ007,nisa,2026-05-23,13:27:20.911000,1426380367.0,1289911.0,0.98145,0.02026,0.27466,-1.374,0.634,0.183,0.93115,0.28784,0.42163,-1.71,1.229,1.504,ergonomis
SUBJ007,nisa,2026-05-23,13:27:20.111000,1426379567.0,1290111.0,0.97852,0.02002,0.27368,-1.55,0.74,0.29,0.92529,0.29175,0.41577,-0.504,0.527,1.244,ergonomis
SUBJ007,nisa,2026-05-23,13:27:21.311000,1426380767.0,1290311.0,0.97754,0.02051,0.27173,-2.58,-6.458,0.237,0.93848,0.29175,0.42017,2.176,-2.771,-0.641,ergonomis
SUBJ007,nisa,2026-05-23,13:27:21.511000,1426380967.0,1290511.0,0.99438,0.02344,0.23511,-0.206,-21.763,1.16,0.92212,0.32275,0.37646,1.992,-9.733,-3.473,ergonomis
SUBJ007,nisa,2026-05-23,13:27:21.711000,1426381167.0,1290711.0,1.02441,0.00684,0.1416,-4.496,-26.756,0.107,0.91992,0.31689,0.33862,3.802,-16.191,-5.382,ergonomis
SUBJ007,nisa,2026-05-23,13:27:21.911000,1426381367.0,1290911.0,1.04614,0.01636,0.06763,-1.817,-21.595,1.198,0.89771,0.34375,0.2937,2.092,-19.649,-3.084,ergonomis
SUBJ007,nisa,2026-05-23,13:27:21.111000,1426380567.0,1291111.0,1.07324,0.00464,-0.02222,-10.061,-8.405,-1.191,0.9021,0.34106,0.21191,-2.26,-16.115,1.924,ergonomis
SUBJ007,nisa,2026-05-23,13:27:22.311000,1426381767.0,1291311.0,1.07837,0.00049,-0.05322,1.542,-16.45,-0.832,0.90308,0.33862,0.18213,-2.305,1.985,1.115,ergonomis
SUBJ007,nisa,2026-05-23,13:27:22.511000,1426381967.0,1291511.0,1.07715,0.00879,-0.11426,-9.168,-5.893,-1.168,0.89478,0.34937,0.198,-1.595,0.252,2.817,ergonomis
SUBJ007,nisa,2026-05-23,13:27:22.711000,1426382167.0,1291711.0,1.07202,0.01514,-0.10278,-1.977,2.824,-2.023,0.8374,0.35938,0.16577,-5.313,-2.954,-0.992,ergonomis
SUBJ007,nisa,2026-05-23,13:27:22.911000,1426382367.0,1291911.0,1.07056,0.04541,-0.07935,1.336,5.763,-1.176,0.88477,0.34766,0.19727,2.595,1.779,1.634,ergonomis
SUBJ007,nisa,2026-05-23,13:27:22.111000,1426381567.0,1292111.0,1.0686,0.03491,-0.03223,-2.534,3.985,-2.214,0.89087,0.34253,0.19531,0.74,0.206,4.214,ergonomis
SUBJ007,nisa,2026-05-23,13:27:23.311000,1426382767.0,1292311.0,1.0603,0.02124,-0.02466,0.229,5.969,0.237,0.89893,0.34009,0.19971,2.489,5.221,2.336,ergonomis
SUBJ007,nisa,2026-05-23,13:27:23.511000,1426382967.0,1292511.0,1.06665,0.04468,-0.02051,-0.29,3.122,-0.634,0.90137,0.32886,0.21436,-0.603,4.489,4.023,ergonomis
SUBJ007,nisa,2026-05-23,13:27:23.711000,1426383167.0,1292711.0,1.04321,0.02661,-0.00464,0.863,0.931,0.489,0.90186,0.31226,0.21631,0.901,3.649,0.168,ergonomis
SUBJ007,nisa,2026-05-23,13:27:23.911000,1426383367.0,1292911.0,1.05298,0.02539,0.00073,-2.489,0.031,-0.542,0.90063,0.32251,0.22095,-1.427,-1.313,1.649,ergonomis
SUBJ007,nisa,2026-05-23,13:27:23.111000,1426382567.0,1293111.0,1.05176,0.03442,0.00195,-2.649,-0.534,-0.366,0.88574,0.32202,0.19824,2.901,-4.863,-5.191,ergonomis
SUBJ007,nisa,2026-05-23,13:27:24.311000,1426383767.0,1293311.0,1.04248,0.02441,-0.01636,-1.962,-2.214,0.336,0.89111,0.33691,0.18652,-1.206,-3.824,-1.962,ergonomis
SUBJ007,nisa,2026-05-23,13:27:24.511000,1426383967.0,1293511.0,1.05493,0.03369,-0.02026,-0.13,-3.0,0.122,0.90161,0.34326,0.20483,-4.893,4.275,4.542,ergonomis
SUBJ007,nisa,2026-05-23,13:27:24.711000,1426384167.0,1293711.0,1.06201,0.02441,-0.00049,-1.466,4.252,0.481,0.90454,0.33911,0.22583,-3.763,4.603,4.298,ergonomis
SUBJ007,nisa,2026-05-23,13:27:24.911000,1426384367.0,1293911.0,1.05444,0.01074,0.0083,-0.916,1.458,1.076,0.90576,0.323,0.22827,-1.389,3.107,1.992,ergonomis
SUBJ007,nisa,2026-05-23,13:27:24.111000,1426383567.0,1294111.0,1.06177,0.01074,0.00806,-3.809,1.634,0.534,0.89966,0.31738,0.23145,-2.252,1.863,2.511,ergonomis
SUBJ007,nisa,2026-05-23,13:27:25.311000,1426384767.0,1294311.0,1.06274,0.01221,0.00952,-2.0,1.115,-0.282,0.90894,0.31763,0.23535,-2.802,2.496,1.687,ergonomis
SUBJ007,nisa,2026-05-23,13:27:25.511000,1426384967.0,1294511.0,1.0603,0.01514,0.00171,-3.618,0.504,-0.427,0.90649,0.32471,0.24072,0.122,4.076,1.954,ergonomis
SUBJ007,nisa,2026-05-23,13:27:25.711000,1426385167.0,1294711.0,1.05493,0.01489,0.00024,5.229,-3.412,-0.748,0.89136,0.32446,0.23633,1.183,0.298,-0.168,ergonomis
SUBJ007,nisa,2026-05-23,13:27:25.911000,1426385367.0,1294911.0,1.07495,0.01953,0.00122,-6.435,3.702,-0.771,0.90112,0.33691,0.22485,-1.458,4.664,3.107,ergonomis
SUBJ007,nisa,2026-05-23,13:27:25.111000,1426384567.0,1295111.0,1.05078,0.02686,0.00293,0.374,-0.336,-0.695,0.90381,0.32031,0.24536,-2.458,-1.214,5.168,ergonomis
SUBJ007,nisa,2026-05-23,13:27:26.311000,1426385767.0,1295311.0,1.05273,0.01001,0.01123,-1.42,2.611,1.328,0.90698,0.31348,0.23071,-0.924,2.107,1.122,ergonomis
SUBJ007,nisa,2026-05-23,13:27:26.511000,1426385967.0,1295511.0,1.06104,0.00391,0.02051,-0.954,2.237,0.344,0.90845,0.32861,0.2522,-1.771,0.183,1.382,ergonomis
SUBJ007,nisa,2026-05-23,13:27:26.711000,1426386167.0,1295711.0,1.06665,0.00952,0.00342,-0.573,-0.214,0.229,0.91187,0.31836,0.24976,-0.977,3.344,1.519,ergonomis
SUBJ007,nisa,2026-05-23,13:27:26.911000,1426386367.0,1295911.0,1.05249,0.01147,0.01538,-1.733,1.0,-0.847,0.90454,0.31738,0.26196,-1.931,1.672,2.55,ergonomis
SUBJ007,nisa,2026-05-23,13:27:26.111000,1426385567.0,1296111.0,1.06494,0.00244,0.02075,-1.061,1.176,-0.641,0.90723,0.31958,0.25293,-1.351,1.305,0.565,ergonomis
SUBJ007,nisa,2026-05-23,13:27:27.311000,1426386767.0,1296311.0,1.06274,0.01318,0.0166,-1.206,-0.092,0.015,0.90796,0.32397,0.24438,0.084,2.115,-0.137,ergonomis
SUBJ007,nisa,2026-05-23,13:27:27.511000,1426386967.0,1296511.0,1.05542,0.01489,0.02783,-1.565,0.573,-0.534,0.9104,0.32178,0.24976,-0.664,1.153,0.534,ergonomis
SUBJ007,nisa,2026-05-23,13:27:27.711000,1426387167.0,1296711.0,1.06396,0.0166,0.01782,-0.557,-0.046,-0.71,0.90625,0.32886,0.25635,-1.275,1.481,0.954,ergonomis
SUBJ007,nisa,2026-05-23,13:27:27.911000,1426387367.0,1296911.0,1.05542,0.00952,0.02075,-2.412,0.611,-0.13,0.91113,0.32397,0.24829,-0.015,2.634,0.427,ergonomis
SUBJ007,nisa,2026-05-23,13:27:27.111000,1426386567.0,1297111.0,1.05518,0.01147,0.02734,-2.115,1.176,-0.038,0.90527,0.33057,0.25854,-1.504,0.611,1.702,ergonomis
SUBJ007,nisa,2026-05-23,13:27:28.311000,1426387767.0,1297311.0,1.05469,0.01733,0.01978,-0.55,1.153,-0.382,0.91162,0.3252,0.25854,-1.29,0.771,2.282,ergonomis
SUBJ007,nisa,2026-05-23,13:27:28.511000,1426387967.0,1297511.0,1.06079,0.01587,0.02759,-0.786,-0.511,-0.466,0.90894,0.32007,0.25488,-1.137,1.412,1.885,ergonomis
SUBJ007,nisa,2026-05-23,13:27:28.711000,1426388167.0,1297711.0,1.06079,0.01709,0.02612,-1.565,0.641,-0.641,0.91064,0.32153,0.26538,-0.389,0.55,1.672,ergonomis
SUBJ007,nisa,2026-05-23,13:27:28.911000,1426388367.0,1297911.0,1.06543,0.02612,0.02588,0.023,-1.16,-0.679,0.90967,0.3125,0.25342,-0.603,0.817,1.878,ergonomis
SUBJ007,nisa,2026-05-23,13:27:28.111000,1426387567.0,1298111.0,1.05591,0.01953,0.02686,-0.336,-0.702,-0.824,0.91113,0.32153,0.25806,-0.076,1.092,0.893,ergonomis
SUBJ007,nisa,2026-05-23,13:27:29.311000,1426388767.0,1298311.0,1.06226,0.02417,0.02173,-0.618,-0.427,-0.382,0.91333,0.31714,0.25366,-0.939,0.908,1.191,ergonomis
SUBJ007,nisa,2026-05-23,13:27:29.511000,1426388967.0,1298511.0,1.05249,0.02368,0.02661,-1.969,0.786,-0.084,0.90674,0.3186,0.25098,-2.092,0.046,2.0,ergonomis
SUBJ007,nisa,2026-05-23,13:27:29.711000,1426389167.0,1298711.0,1.05737,0.02124,0.01489,-1.901,-0.511,0.107,0.90771,0.32153,0.25708,-1.137,1.168,1.153,ergonomis
SUBJ007,nisa,2026-05-23,13:27:29.911000,1426389367.0,1298911.0,1.05786,0.02002,0.02588,-3.015,0.695,0.397,0.91211,0.32227,0.25122,-1.359,0.977,1.405,ergonomis
SUBJ007,nisa,2026-05-23,13:27:29.111000,1426388567.0,1299111.0,1.05225,0.02002,0.01514,-1.863,-0.191,,0.91357,0.31616,0.2522,-0.725,1.412,0.863,ergonomis
SUBJ007,nisa,2026-05-23,13:27:30.311000,1426389767.0,1299311.0,1.05176,0.01538,0.02612,-2.473,1.992,0.008,0.9104,0.31836,0.25513,-1.962,1.168,1.695,non-ergonomis
SUBJ007,nisa,2026-05-23,13:27:30.511000,1426389967.0,1299511.0,1.05518,0.01685,0.02661,-1.641,1.13,-0.221,0.90771,0.32007,0.26318,-0.58,1.969,0.008,non-ergonomis
SUBJ007,nisa,2026-05-23,13:27:30.711000,1426390167.0,1299711.0,1.05396,0.02588,0.01831,-1.473,0.611,0.366,0.91064,0.32129,0.26294,-1.13,2.687,1.496,non-ergonomis
SUBJ007,nisa,2026-05-23,13:27:30.911000,1426390367.0,1299911.0,1.06494,0.01978,0.02246,-0.557,8.328,-0.26,0.91089,0.31201,0.28271,-2.458,6.328,4.267,non-ergonomis
SUBJ007,nisa,2026-05-23,13:27:30.111000,1426389567.0,1300111.0,1.03931,0.01563,0.06201,0.176,15.901,2.282,0.92163,0.31934,0.28687,1.366,8.71,1.397,non-ergonomis
SUBJ007,nisa,2026-05-23,13:27:31.311000,1426390767.0,1300311.0,1.01953,0.00635,0.1377,-0.405,27.763,4.366,0.91895,0.3042,0.38965,-4.542,15.641,1.206,non-ergonomis
SUBJ007,nisa,2026-05-23,13:27:31.511000,1426390967.0,1300511.0,1.0022,-0.00122,0.26196,0.55,24.817,4.305,0.96191,0.35474,0.37622,-7.443,13.496,3.779,non-ergonomis
SUBJ007,nisa,2026-05-23,13:27:31.711000,1426391167.0,1300711.0,0.98364,0.01099,0.24951,-1.969,0.313,-3.053,0.92041,0.31274,0.41455,0.328,-2.221,1.267,non-ergonomis
SUBJ007,nisa,2026-05-23,13:27:31.911000,1426391367.0,1300911.0,0.96851,0.00635,0.27539,-1.176,2.13,-1.687,0.92065,0.32373,0.3999,-0.87,0.695,0.672,non-ergonomis
SUBJ007,nisa,2026-05-23,13:27:31.111000,1426390567.0,1301111.0,0.97241,0.00659,0.26245,-5.214,0.802,0.168,0.92139,0.31543,0.40845,-2.313,0.824,1.847,non-ergonomis
SUBJ007,nisa,2026-05-23,13:27:32.311000,1426391767.0,1301311.0,0.9707,0.01025,0.28076,-1.611,0.924,0.359,0.92847,0.32397,0.41675,-0.977,1.702,1.595,non-ergonomis
SUBJ007,nisa,2026-05-23,13:27:32.511000,1426391967.0,1301511.0,0.97607,0.00098,0.26855,-1.763,0.679,0.824,0.92896,0.31372,0.40698,0.031,0.916,1.427,non-ergonomis
SUBJ007,nisa,2026-05-23,13:27:32.711000,1426392167.0,1301711.0,0.97266,-0.00806,0.28564,-1.992,0.649,0.481,0.92358,0.31421,0.42896,-1.008,1.748,1.45,non-ergonomis
SUBJ007,nisa,2026-05-23,13:27:32.911000,1426392367.0,1301911.0,0.97192,-0.00659,0.28589,-1.405,0.733,-0.031,0.90552,0.31787,0.40796,-1.511,1.58,1.702,non-ergonomis
SUBJ007,nisa,2026-05-23,13:27:32.111000,1426391567.0,1302111.0,0.96216,-0.00439,0.27393,-2.038,0.031,-0.397,0.92822,0.30786,0.41431,-1.145,1.26,1.366,non-ergonomis
SUBJ007,nisa,2026-05-23,13:27:33.311000,1426392767.0,1302311.0,0.9707,-0.00635,0.28735,-1.771,0.336,-0.267,0.92456,0.30518,0.41357,-1.618,1.275,1.702,non-ergonomis
SUBJ007,nisa,2026-05-23,13:27:33.511000,1426392967.0,1302511.0,0.96655,,0.27173,-1.672,0.435,-0.13,0.92896,0.30908,0.41528,-1.55,1.191,1.313,non-ergonomis
SUBJ007,nisa,2026-05-23,13:27:33.711000,1426393167.0,1302711.0,0.96777,-0.00537,0.28247,-1.748,0.092,-0.069,0.92578,0.3147,0.41211,-0.557,0.748,1.282,non-ergonomis
SUBJ007,nisa,2026-05-23,13:27:33.911000,1426393367.0,1302911.0,0.96802,-0.00488,0.28394,-1.718,0.313,-0.023,0.92822,0.30273,0.4126,-0.733,1.061,1.45,non-ergonomis
SUBJ007,nisa,2026-05-23,13:27:33.111000,1426392567.0,1303111.0,0.97681,-0.00488,0.27417,-1.931,-0.076,-0.107,0.92627,0.3125,0.40771,-1.0,0.931,1.405,non-ergonomis
SUBJ007,nisa,2026-05-23,13:27:34.311000,1426393767.0,1303311.0,0.9624,-0.00903,0.27759,-1.71,0.237,-0.405,0.92358,0.31372,0.41113,-0.084,1.084,1.16,non-ergonomis
SUBJ007,nisa,2026-05-23,13:27:34.511000,1426393967.0,1303511.0,0.96899,-0.00903,0.27808,-1.374,0.649,-0.137,0.92798,0.31836,0.40723,-0.229,1.16,1.206,non-ergonomis
SUBJ007,nisa,2026-05-23,13:27:34.711000,1426394167.0,1303711.0,0.96875,-0.00684,0.28589,-1.397,,0.252,0.92261,0.3103,0.41479,-0.374,0.679,0.947,non-ergonomis
SUBJ007,nisa,2026-05-23,13:27:34.911000,1426394367.0,1303911.0,0.97388,-0.00122,0.27905,-1.443,0.275,-0.16,0.92969,0.31958,0.40894,-0.55,1.42,1.153,non-ergonomis
SUBJ007,nisa,2026-05-23,13:27:34.111000,1426393567.0,1304111.0,0.96899,0.00244,0.27759,-1.695,0.16,-0.336,0.92285,0.31006,0.40112,-1.214,1.115,1.374,non-ergonomis
SUBJ007,nisa,2026-05-23,13:27:35.311000,1426394767.0,1304311.0,0.97192,-0.0061,0.2771,-1.427,0.664,-0.092,0.92676,0.30542,0.4126,-0.779,0.725,1.267,non-ergonomis
SUBJ007,nisa,2026-05-23,13:27:35.511000,1426394967.0,1304511.0,0.97095,-0.00342,0.28418,-2.038,0.359,-0.015,0.92358,0.31665,0.4082,-1.511,1.382,1.389,non-ergonomis
SUBJ007,nisa,2026-05-23,13:27:35.711000,1426395167.0,1304711.0,0.97119,-0.00806,0.27686,-1.962,0.427,-0.26,0.92847,0.31299,0.4126,-1.29,0.992,1.397,non-ergonomis
SUBJ007,nisa,2026-05-23,13:27:35.911000,1426395367.0,1304911.0,0.96753,0.00049,0.27856,-1.519,0.282,-0.122,0.92871,0.30908,0.40454,-1.374,1.389,1.511,non-ergonomis
SUBJ007,nisa,2026-05-23,13:27:35.111000,1426394567.0,1305111.0,0.96802,-0.00659,0.27661,-1.832,0.221,0.198,0.92969,0.3147,0.4104,-1.458,0.84,1.443,non-ergonomis
SUBJ007,nisa,2026-05-23,13:27:36.311000,1426395767.0,1305311.0,0.96924,-0.00732,0.28052,-1.824,0.45,-0.13,0.93164,0.31543,0.40723,-1.046,0.947,1.305,non-ergonomis
SUBJ007,nisa,2026-05-23,13:27:36.511000,1426395967.0,1305511.0,0.96704,-0.00781,0.28052,-1.733,0.42,-0.16,0.9314,0.30542,0.40137,-1.16,1.206,1.42,non-ergonomis
SUBJ007,nisa,2026-05-23,13:27:36.711000,1426396167.0,1305711.0,0.96802,-0.00171,0.27783,-2.221,0.397,-0.115,0.92896,0.30591,0.41382,-0.847,1.267,1.336,non-ergonomis
SUBJ007,nisa,2026-05-23,13:27:36.911000,1426396367.0,1305911.0,0.9668,-0.0083,0.28345,-1.855,0.084,-0.061,0.92773,0.31226,0.41406,-1.237,1.061,1.511,non-ergonomis
SUBJ007,nisa,2026-05-23,13:27:36.111000,1426395567.0,1306111.0,0.96802,-0.00439,0.29224,-1.771,0.412,-0.214,0.92944,0.31836,0.40308,-0.382,0.687,1.206,non-ergonomis
SUBJ007,nisa,2026-05-23,13:27:37.311000,1426396767.0,1306311.0,0.96216,-0.00806,0.28662,-1.527,0.405,-0.336,0.93018,0.30786,0.4021,-0.496,1.076,1.26,non-ergonomis
SUBJ007,nisa,2026-05-23,13:27:37.511000,1426396967.0,1306511.0,0.96948,-0.00635,0.2793,-1.855,0.168,-0.267,0.92676,0.30859,0.40723,-0.565,1.137,1.298,non-ergonomis
SUBJ007,nisa,2026-05-23,13:27:37.711000,1426397167.0,1306711.0,0.96021,-0.00635,0.27979,-1.748,0.015,-0.473,0.92725,0.30591,0.41162,-0.466,1.26,1.359,non-ergonomis
SUBJ007,nisa,2026-05-23,13:27:37.911000,1426397367.0,1306911.0,0.96655,0.00024,0.28394,-1.458,0.252,-0.336,0.92505,0.31274,0.40015,-0.183,0.611,1.046,non-ergonomis
SUBJ007,nisa,2026-05-23,13:27:37.111000,1426396567.0,1307111.0,0.97217,-0.00708,0.29297,-1.557,0.542,-0.076,0.92749,0.31274,0.41333,-0.573,1.237,1.29,non-ergonomis
SUBJ007,nisa,2026-05-23,13:27:38.311000,1426397767.0,1307311.0,0.9729,-0.00488,0.28247,-2.298,0.443,0.084,0.92749,0.31128,0.40894,-0.771,1.008,1.908,non-ergonomis
SUBJ007,nisa,2026-05-23,13:27:38.511000,1426397967.0,1307511.0,0.97168,-0.00073,0.26953,-1.817,0.389,0.015,0.92676,0.31152,0.40845,-1.885,1.122,1.511,non-ergonomis
SUBJ007,nisa,2026-05-23,13:27:38.711000,1426398167.0,1307711.0,0.96509,-0.00244,0.28369,-3.221,-1.824,-0.855,0.92358,0.30542,0.40161,-1.008,-0.344,1.153,non-ergonomis
SUBJ007,nisa,2026-05-23,13:27:38.911000,1426398367.0,1307911.0,0.97949,-0.0061,0.26855,-0.87,1.489,0.29,0.92847,0.31128,0.40894,-2.527,2.107,1.748,non-ergonomis
SUBJ007,nisa,2026-05-23,13:27:38.111000,1426397567.0,1308111.0,0.97534,-0.01025,0.28003,-2.366,0.443,-0.802,0.91919,0.31128,0.39014,-0.672,-0.611,1.481,non-ergonomis
SUBJ007,nisa,2026-05-23,13:27:39.311000,1426398767.0,1308311.0,0.97314,-0.00122,0.27783,-0.954,0.779,0.069,0.927,0.31592,0.4043,-1.985,2.176,1.786,non-ergonomis
SUBJ007,nisa,2026-05-23,13:27:39.511000,1426398967.0,1308511.0,0.9729,-0.00586,0.2688,-2.107,0.191,-1.069,0.9314,0.30884,0.4021,-1.45,1.16,1.45,non-ergonomis
SUBJ007,nisa,2026-05-23,13:27:39.711000,1426399167.0,1308711.0,0.96899,-0.00659,0.27563,-2.046,0.015,-0.389,0.93091,0.30884,0.4043,-1.443,1.153,1.076,non-ergonomis
SUBJ007,nisa,2026-05-23,13:27:39.911000,1426399367.0,1308911.0,0.96802,-0.00024,0.26709,-1.649,0.71,-0.519,0.93408,0.31323,0.40698,-1.298,1.0,1.511,non-ergonomis
SUBJ007,nisa,2026-05-23,13:27:39.111000,1426398567.0,1309111.0,0.96362,-0.0022,0.28931,-1.969,-0.099,-0.229,0.93066,0.30713,0.396,-0.084,0.198,0.985,non-ergonomis
SUBJ007,nisa,2026-05-23,13:27:40.311000,1426399767.0,1309311.0,0.96899,0.00317,0.27881,-1.718,-0.023,0.198,0.92627,0.31006,0.40479,-1.244,1.916,1.252,ergonomis
SUBJ007,nisa,2026-05-23,13:27:40.511000,1426399967.0,1309511.0,0.97803,0.01123,0.27075,-1.496,0.305,0.725,0.92896,0.3186,0.4043,-0.237,1.382,1.298,ergonomis
SUBJ007,nisa,2026-05-23,13:27:40.711000,1426400167.0,1309711.0,0.96582,-0.00293,0.27954,-2.008,-0.191,0.26,0.92578,0.31714,0.39868,0.137,0.595,1.092,ergonomis
SUBJ007,nisa,2026-05-23,13:27:40.911000,1426400367.0,1309911.0,0.96948,-0.00562,0.27222,-1.198,0.321,0.252,0.92871,0.31226,0.40161,-1.344,2.053,1.458,ergonomis
SUBJ007,nisa,2026-05-23,13:27:40.111000,1426399567.0,1310111.0,0.97949,-0.00562,0.26807,-2.298,-0.229,0.275,0.9231,0.32129,0.39795,-0.687,-0.099,1.435,ergonomis
SUBJ007,nisa,2026-05-23,13:27:41.311000,1426400767.0,1310311.0,0.98242,-0.00781,0.27954,-1.748,-12.214,0.336,0.92017,0.31836,0.38867,3.061,-5.473,-1.267,ergonomis
SUBJ007,nisa,2026-05-23,13:27:41.511000,1426400967.0,1310511.0,0.99585,-0.00854,0.21387,-3.305,-23.985,-1.725,0.91968,0.32593,0.34229,2.13,-14.534,-5.061,ergonomis
SUBJ007,nisa,2026-05-23,13:27:41.711000,1426401167.0,1310711.0,1.01563,0.00244,0.11475,-4.366,-22.748,-3.107,0.90674,0.36108,0.28564,0.374,-17.42,-6.076,ergonomis
SUBJ007,nisa,2026-05-23,13:27:41.911000,1426401367.0,1310911.0,1.05591,0.00586,0.05786,-3.382,-20.321,-0.214,0.90234,0.36597,0.27881,-11.412,2.748,-2.092,ergonomis
SUBJ007,nisa,2026-05-23,13:27:41.111000,1426400567.0,1311111.0,1.0708,0.00586,-0.05054,-1.42,-22.168,2.863,0.89966,0.38525,0.29419,-12.603,7.122,-0.359,ergonomis
SUBJ007,nisa,2026-05-23,13:27:42.311000,1426401767.0,1311311.0,1.07593,-0.0061,-0.13574,-4.061,-13.458,0.702,0.89917,0.40747,0.28906,-5.42,3.0,0.321,ergonomis
SUBJ007,nisa,2026-05-23,13:27:42.511000,1426401967.0,1311511.0,1.08765,-0.021,-0.15747,3.061,-6.244,4.664,0.88892,0.41162,0.30908,-2.26,-0.863,2.038,ergonomis
SUBJ007,nisa,2026-05-23,13:27:42.711000,1426402167.0,1311711.0,1.07715,-0.00854,-0.13306,-3.023,4.87,-0.626,0.88843,0.40234,0.31299,-2.107,-0.832,0.725,ergonomis
SUBJ007,nisa,2026-05-23,13:27:42.911000,1426402367.0,1311911.0,1.05957,-0.021,-0.11035,-0.809,4.397,-3.191,0.88574,0.40405,0.28931,2.023,1.595,0.328,ergonomis
SUBJ007,nisa,2026-05-23,13:27:42.111000,1426401567.0,1312111.0,1.07959,0.00391,-0.08179,-1.611,5.321,-2.214,0.87939,0.40332,0.29468,0.145,-1.443,0.756,ergonomis
SUBJ007,nisa,2026-05-23,13:27:43.311000,1426402767.0,1312311.0,1.07104,0.01001,-0.07104,0.649,3.763,-1.244,0.87671,0.42529,0.2876,1.374,1.45,1.084,ergonomis
SUBJ007,nisa,2026-05-23,13:27:43.511000,1426402967.0,1312511.0,1.06299,-0.00537,-0.07324,-2.672,4.382,3.634,0.8855,0.42505,0.28052,-1.634,0.786,5.397,ergonomis
SUBJ007,nisa,2026-05-23,13:27:43.711000,1426403167.0,1312711.0,1.00098,-0.03711,-0.06934,31.153,5.969,-11.634,0.86987,0.40649,0.30591,2.023,1.046,2.634,ergonomis
SUBJ007,nisa,2026-05-23,13:27:43.911000,1426403367.0,1312911.0,1.0647,-0.04712,-0.06104,1.702,3.649,-0.023,0.88696,0.38477,0.26587,-1.664,1.153,0.954,ergonomis
SUBJ007,nisa,2026-05-23,13:27:43.111000,1426402567.0,1313111.0,1.06909,-0.02441,-0.05396,-2.519,1.74,0.687,0.88672,0.40332,0.27222,-2.641,1.298,1.611,ergonomis
SUBJ007,nisa,2026-05-23,13:27:44.311000,1426403767.0,1313311.0,1.0686,-0.03271,-0.05859,-1.374,1.168,-0.756,0.88232,0.39722,0.27417,-0.74,2.427,0.183,ergonomis
SUBJ007,nisa,2026-05-23,13:27:44.511000,1426403967.0,1313511.0,1.07715,-0.03345,-0.05225,0.481,4.504,4.771,0.86865,0.41479,0.28247,1.427,7.412,-1.992,ergonomis
SUBJ007,nisa,2026-05-23,13:27:44.711000,1426404167.0,1313711.0,1.07031,-0.0415,-0.03589,-0.672,-0.672,-0.626,0.87744,0.40747,0.27954,1.542,1.771,-1.237,ergonomis
SUBJ007,nisa,2026-05-23,13:27:44.911000,1426404367.0,1313911.0,1.06128,-0.04102,-0.03174,1.504,3.366,3.809,0.86377,0.42627,0.29199,-1.71,3.565,0.954,ergonomis
SUBJ007,nisa,2026-05-23,13:27:44.111000,1426403567.0,1314111.0,1.07251,-0.04565,-0.03076,-1.397,1.695,1.076,0.87573,0.43115,0.2915,0.557,1.45,1.046,ergonomis
SUBJ007,nisa,2026-05-23,13:27:45.311000,1426404767.0,1314311.0,1.05762,-0.04272,-0.02661,-2.695,-3.641,-5.542,0.87085,0.41943,0.29272,0.878,-1.962,2.405,ergonomis
SUBJ007,nisa,2026-05-23,13:27:45.511000,1426404967.0,1314511.0,1.0647,-0.02295,-0.05127,-5.0,-5.168,-4.336,0.87939,0.41553,0.27002,-1.962,2.565,2.313,ergonomis
SUBJ007,nisa,2026-05-23,13:27:45.711000,1426405167.0,1314711.0,1.0752,-0.03052,-0.0354,-2.458,-0.718,1.008,0.88354,0.42798,0.28125,1.412,-0.847,0.855,ergonomis
SUBJ007,nisa,2026-05-23,13:27:45.911000,1426405367.0,1314911.0,1.06372,-0.02563,-0.03809,-0.137,-0.489,-4.481,0.87793,0.4126,0.28174,-4.405,1.542,4.168,ergonomis
SUBJ007,nisa,2026-05-23,13:27:45.111000,1426404567.0,1315111.0,1.07153,-0.02563,-0.05078,-3.0,1.557,3.504,0.88281,0.41138,0.27368,-0.489,0.29,1.496,ergonomis
SUBJ007,nisa,2026-05-23,13:27:46.311000,1426405767.0,1315311.0,1.06348,-0.02051,-0.0459,-2.061,0.13,0.061,0.88159,0.41211,0.27856,-1.252,1.191,1.176,ergonomis
SUBJ007,nisa,2026-05-23,13:27:46.511000,1426405967.0,1315511.0,1.06592,-0.03833,-0.04346,-1.718,1.977,2.13,0.87695,0.41724,0.26953,-3.763,3.687,1.099,ergonomis
SUBJ007,nisa,2026-05-23,13:27:46.711000,1426406167.0,1315711.0,1.06372,-0.02661,-0.04297,-2.672,-0.916,-0.733,0.87695,0.41479,0.29395,1.031,-0.794,1.45,ergonomis
SUBJ007,nisa,2026-05-23,13:27:46.911000,1426406367.0,1315911.0,1.06128,-0.02466,-0.03149,-0.748,0.733,-2.389,0.87939,0.41479,0.27612,-1.634,1.183,1.588,ergonomis
SUBJ007,nisa,2026-05-23,13:27:46.111000,1426405567.0,1316111.0,1.06885,-0.02783,-0.04639,-2.351,-0.305,0.634,0.87915,0.42065,0.27905,-1.71,1.458,1.038,ergonomis
SUBJ007,nisa,2026-05-23,13:27:47.311000,1426406767.0,1316311.0,1.06592,-0.02783,-0.03906,-1.26,0.13,-1.092,0.87427,0.41602,0.28345,-1.336,1.656,1.916,ergonomis
SUBJ007,nisa,2026-05-23,13:27:47.511000,1426406967.0,1316511.0,1.06689,-0.02661,-0.03784,-2.206,1.145,0.405,0.87354,0.42432,0.27881,-1.076,1.244,1.595,ergonomis
SUBJ007,nisa,2026-05-23,13:27:47.711000,1426407167.0,1316711.0,1.06665,-0.02661,-0.03101,-1.931,0.45,-0.008,0.88135,0.41577,0.28369,-0.481,1.053,1.214,ergonomis
SUBJ007,nisa,2026-05-23,13:27:47.911000,1426407367.0,1316911.0,1.06787,-0.03857,-0.03735,-1.344,0.687,0.061,0.88013,0.41357,0.28613,-0.832,1.382,1.366,ergonomis
SUBJ007,nisa,2026-05-23,13:27:47.111000,1426406567.0,1317111.0,1.06445,-0.03516,-0.03491,-2.092,-0.374,-1.26,0.87573,0.4165,0.27783,-0.244,0.473,1.389,ergonomis
SUBJ007,nisa,2026-05-23,13:27:48.311000,1426407767.0,1317311.0,1.0686,-0.03149,-0.02515,-1.618,0.542,-0.74,0.87842,0.40869,0.2854,-1.389,0.817,1.366,ergonomis
SUBJ007,nisa,2026-05-23,13:27:48.511000,1426407967.0,1317511.0,1.06567,-0.02393,-0.03979,-0.695,1.153,-0.084,0.88208,0.41943,0.28345,-0.977,1.496,1.221,ergonomis
SUBJ007,nisa,2026-05-23,13:27:48.711000,1426408167.0,1317711.0,1.0752,-0.01685,-0.03564,-1.344,0.74,-0.046,0.87671,0.41406,0.2771,0.145,1.26,1.374,ergonomis
SUBJ007,nisa,2026-05-23,13:27:48.911000,1426408367.0,1317911.0,1.06323,-0.02856,-0.02881,-2.183,0.282,0.267,0.88232,0.41406,0.27979,-1.0,0.832,1.366,ergonomis
SUBJ007,nisa,2026-05-23,13:27:48.111000,1426407567.0,1318111.0,1.07178,-0.0271,-0.03589,-1.908,-0.71,0.015,0.8772,0.41138,0.27075,-0.794,0.771,1.183,ergonomis
SUBJ007,nisa,2026-05-23,13:27:49.311000,1426408767.0,1318311.0,1.07056,-0.02686,-0.02734,-1.42,0.282,0.214,0.87744,0.41992,0.28149,-0.885,1.137,1.198,ergonomis
SUBJ007,nisa,2026-05-23,13:27:49.511000,1426408967.0,1318511.0,1.07031,-0.0271,-0.03662,-1.794,0.389,0.084,0.87402,0.41406,0.28125,-1.214,1.412,1.344,ergonomis
SUBJ007,nisa,2026-05-23,13:27:49.711000,1426409167.0,1318711.0,1.07153,-0.03857,-0.04663,-2.237,0.344,-0.053,0.87524,0.41553,0.28149,-0.939,1.069,1.282,ergonomis
SUBJ007,nisa,2026-05-23,13:27:49.911000,1426409367.0,1318911.0,1.06763,-0.03516,-0.03418,-2.023,0.634,-0.092,0.87231,0.41406,0.29712,-2.015,3.504,1.588,ergonomis
SUBJ007,nisa,2026-05-23,13:27:49.111000,1426408567.0,1319111.0,1.06567,-0.03662,-0.03711,-1.634,0.481,0.374,0.87891,0.41333,0.28516,-0.885,1.397,1.42,ergonomis
SUBJ007,nisa,2026-05-23,13:27:50.311000,1426409767.0,1319311.0,1.06152,-0.03857,-0.03442,-1.748,0.282,0.023,0.8811,0.4187,0.28833,-0.885,1.183,1.366,non-ergonomis
SUBJ007,nisa,2026-05-23,13:27:50.511000,1426409967.0,1319511.0,1.07324,-0.04321,-0.03394,-1.496,0.282,-0.076,0.87573,0.41162,0.28003,-0.595,1.389,1.031,non-ergonomis
SUBJ007,nisa,2026-05-23,13:27:50.711000,1426410167.0,1319711.0,1.06885,-0.03394,-0.04272,-1.855,0.26,0.099,0.87842,0.41138,0.27588,-1.206,1.527,1.298,non-ergonomis
SUBJ007,nisa,2026-05-23,13:27:50.911000,1426410367.0,1319911.0,1.06641,-0.03613,-0.03516,-1.901,0.298,-0.336,0.87939,0.4165,0.28296,-0.55,1.351,1.634,non-ergonomis
SUBJ007,nisa,2026-05-23,13:27:50.111000,1426409567.0,1320111.0,1.07349,-0.03809,-0.03052,-0.931,2.885,-0.817,0.87744,0.41406,0.27881,0.336,2.565,2.191,non-ergonomis
SUBJ007,nisa,2026-05-23,13:27:51.311000,1426410767.0,1320311.0,1.07471,-0.03735,-0.02051,1.084,18.298,-2.748,0.88208,0.42114,0.31104,1.542,3.802,7.626,non-ergonomis
SUBJ007,nisa,2026-05-23,13:27:51.511000,1426410967.0,1320511.0,0.97949,-0.01392,0.12305,-3.771,41.527,-3.198,0.91553,0.36426,0.34082,-7.344,21.16,10.649,non-ergonomis
SUBJ007,nisa,2026-05-23,13:27:51.711000,1426411167.0,1320711.0,1.01611,-0.02222,0.17676,-0.244,15.71,-1.107,0.90332,0.3623,0.44434,-6.115,7.718,6.634,non-ergonomis
SUBJ007,nisa,2026-05-23,13:27:51.911000,1426411367.0,1320911.0,0.99316,-0.02124,0.28687,9.511,13.786,1.275,0.91699,0.33057,0.39355,1.756,2.878,2.802,non-ergonomis
SUBJ007,nisa,2026-05-23,13:27:51.111000,1426410567.0,1321111.0,0.97656,-0.02417,0.25366,-1.992,0.351,0.756,0.92676,0.30957,0.41553,-4.481,-0.962,4.84,non-ergonomis
SUBJ007,nisa,2026-05-23,13:27:52.311000,1426411767.0,1321311.0,0.97754,-0.02783,0.26392,0.031,0.756,0.359,0.92334,0.31714,0.40137,-2.565,1.313,1.229,non-ergonomis
SUBJ007,nisa,2026-05-23,13:27:52.511000,1426411967.0,1321511.0,0.97778,-0.01636,0.25952,-1.374,0.237,-0.397,0.92529,0.31372,0.40649,-0.771,1.489,1.756,non-ergonomis
SUBJ007,nisa,2026-05-23,13:27:52.711000,1426412167.0,1321711.0,0.97925,-0.01489,0.25317,-1.901,0.489,-0.42,0.92041,0.31104,0.41138,-0.84,1.336,1.641,non-ergonomis
SUBJ007,nisa,2026-05-23,13:27:52.911000,1426412367.0,1321911.0,0.97461,-0.02246,0.26929,-1.542,1.58,-0.435,0.92798,0.31323,0.40186,-0.71,0.405,1.351,non-ergonomis
SUBJ007,nisa,2026-05-23,13:27:52.111000,1426411567.0,1322111.0,0.98267,-0.01416,0.26025,-1.901,0.069,-0.702,0.9292,0.30957,0.41211,-2.008,1.603,1.496,non-ergonomis
SUBJ007,nisa,2026-05-23,13:27:53.311000,1426412767.0,1322311.0,0.97681,-0.01489,0.25879,-2.107,0.542,-0.748,0.91699,0.3457,0.42896,-3.649,0.053,1.527,non-ergonomis
SUBJ007,nisa,2026-05-23,13:27:53.511000,1426412967.0,1322511.0,0.97339,-0.01099,0.26733,-1.893,0.58,-0.061,0.927,0.30322,0.40991,-0.267,0.863,1.137,non-ergonomis
SUBJ007,nisa,2026-05-23,13:27:53.711000,1426413167.0,1322711.0,0.9751,-0.01221,0.26733,-1.466,0.252,0.053,0.92554,0.30713,0.41113,-1.328,1.649,0.969,non-ergonomis
SUBJ007,nisa,2026-05-23,13:27:53.911000,1426413367.0,1322911.0,0.97656,-0.00928,0.26636,-1.847,0.084,-0.107,0.9314,0.31006,0.41284,0.656,1.069,1.206,non-ergonomis
SUBJ007,nisa,2026-05-23,13:27:53.111000,1426412567.0,1323111.0,0.97729,-0.0166,0.26123,-0.672,0.328,-0.473,0.92456,0.31226,0.40869,0.298,1.168,0.84,non-ergonomis
SUBJ007,nisa,2026-05-23,13:27:54.311000,1426413767.0,1323311.0,0.98315,-0.00952,0.26221,-2.031,0.275,0.069,0.93481,0.30664,0.40283,-0.053,1.58,1.092,non-ergonomis
SUBJ007,nisa,2026-05-23,13:27:54.511000,1426413967.0,1323511.0,0.97363,-0.01367,0.27148,-1.527,0.206,-0.656,0.92529,0.30591,0.4126,0.16,0.511,1.191,non-ergonomis
SUBJ007,nisa,2026-05-23,13:27:54.711000,1426414167.0,1323711.0,0.9812,-0.01392,0.26831,-0.58,0.832,0.038,0.92578,0.3125,0.4104,-1.649,1.328,1.122,non-ergonomis
SUBJ007,nisa,2026-05-23,13:27:54.911000,1426414367.0,1323911.0,0.98389,-0.00854,0.25854,-2.023,-0.137,-0.038,0.92847,0.31006,0.40771,-1.366,1.092,1.527,non-ergonomis
SUBJ007,nisa,2026-05-23,13:27:54.111000,1426413567.0,1324111.0,0.97876,-0.00806,0.26318,-1.725,-0.13,-0.435,0.92725,0.30396,0.41895,-1.023,1.244,1.527,non-ergonomis
SUBJ007,nisa,2026-05-23,13:27:55.311000,1426414767.0,1324311.0,0.98047,-0.01782,0.25952,-1.718,1.405,0.305,0.93237,0.31128,0.40259,-1.634,0.504,1.122,non-ergonomis
SUBJ007,nisa,2026-05-23,13:27:55.511000,1426414967.0,1324511.0,0.9751,-0.01514,0.27051,-2.901,-1.176,-0.481,0.9248,0.3269,0.40381,-0.641,-0.565,1.374,non-ergonomis
SUBJ007,nisa,2026-05-23,13:27:55.711000,1426415167.0,1324711.0,0.98267,-0.0188,0.2583,-1.672,0.634,-0.061,0.92627,0.31201,0.40186,-2.282,2.527,1.466,non-ergonomis
SUBJ007,nisa,2026-05-23,13:27:55.911000,1426415367.0,1324911.0,0.98364,-0.01172,0.2605,-1.618,0.969,-0.374,0.92236,0.3125,0.42334,-0.29,-0.244,1.595,non-ergonomis
SUBJ007,nisa,2026-05-23,13:27:55.111000,1426414567.0,1325111.0,0.9812,-0.01636,0.26978,-1.977,0.145,0.206,0.92725,0.30737,0.40625,-1.13,1.504,1.458,non-ergonomis
SUBJ007,nisa,2026-05-23,13:27:56.311000,1426415767.0,1325311.0,0.9856,-0.01514,0.25928,-1.58,0.473,0.16,0.93018,0.30811,0.40894,-1.076,1.13,1.359,non-ergonomis
SUBJ007,nisa,2026-05-23,13:27:56.511000,1426415967.0,1325511.0,0.97607,-0.0127,0.26025,-2.076,-0.046,-0.206,0.92798,0.30688,0.39307,-0.267,0.45,1.282,non-ergonomis
SUBJ007,nisa,2026-05-23,13:27:56.711000,1426416167.0,1325711.0,0.97656,-0.01392,0.26392,-1.267,0.359,0.076,0.92627,0.3125,0.4082,-0.924,1.58,1.092,non-ergonomis
SUBJ007,nisa,2026-05-23,13:27:56.911000,1426416367.0,1325911.0,0.98291,-0.01294,0.25732,-1.924,0.267,-0.534,0.92896,0.30957,0.39746,0.786,0.817,1.321,non-ergonomis
SUBJ007,nisa,2026-05-23,13:27:56.111000,1426415567.0,1326111.0,0.97559,-0.02075,0.26099,-1.221,-0.298,-0.412,0.91943,0.30835,0.4021,-1.198,1.466,1.214,non-ergonomis
SUBJ007,nisa,2026-05-23,13:27:57.311000,1426416767.0,1326311.0,0.98169,-0.01123,0.25439,-1.214,0.313,0.191,0.92871,0.31396,0.40503,-0.611,1.412,1.443,non-ergonomis
SUBJ007,nisa,2026-05-23,13:27:57.511000,1426416967.0,1326511.0,0.98242,-0.01221,0.26221,-2.0,-0.611,-0.137,0.92163,0.30469,0.40576,-0.382,0.573,1.137,non-ergonomis
SUBJ007,nisa,2026-05-23,13:27:57.711000,1426417167.0,1326711.0,0.98389,-0.01343,0.25903,-1.687,0.695,0.565,0.92529,0.31177,0.41406,-2.008,1.771,1.489,non-ergonomis
SUBJ007,nisa,2026-05-23,13:27:57.911000,1426417367.0,1326911.0,0.97998,-0.01489,0.25952,-2.229,0.191,0.13,0.93237,0.29736,0.42773,-0.351,0.672,1.817,non-ergonomis
SUBJ007,nisa,2026-05-23,13:27:57.111000,1426416567.0,1327111.0,0.9729,-0.02954,0.26318,-1.832,0.595,-0.519,0.92725,0.31641,0.40479,-1.527,1.298,1.656,non-ergonomis
SUBJ007,nisa,2026-05-23,13:27:58.311000,1426417767.0,1327311.0,0.97778,-0.0188,0.26294,-2.099,0.771,0.237,0.92603,0.3064,0.40161,-1.55,1.099,1.656,non-ergonomis
SUBJ007,nisa,2026-05-23,13:27:58.511000,1426417967.0,1327511.0,0.97754,-0.02393,0.2627,-1.832,-0.16,-0.145,0.93091,0.31104,0.40869,-0.656,0.435,1.214,non-ergonomis
SUBJ007,nisa,2026-05-23,13:27:58.711000,1426418167.0,1327711.0,0.97583,-0.02002,0.26294,-2.16,0.305,0.443,0.93188,0.30469,0.40601,-2.176,1.229,1.298,non-ergonomis
SUBJ007,nisa,2026-05-23,13:27:58.911000,1426418367.0,1327911.0,0.98267,-0.02539,0.26245,-1.305,0.992,0.618,0.92798,0.30103,0.39868,-0.695,0.779,1.389,non-ergonomis
SUBJ007,nisa,2026-05-23,13:27:58.111000,1426417567.0,1328111.0,0.97827,-0.02246,0.26636,-1.496,0.473,1.305,0.92773,0.30176,0.40308,-0.534,0.26,0.824,non-ergonomis
SUBJ007,nisa,2026-05-23,13:27:59.311000,1426418767.0,1328311.0,0.97534,-0.03076,0.27368,-1.321,0.672,-0.45,0.92871,0.30591,0.40918,-1.611,1.855,1.26,non-ergonomis
SUBJ007,nisa,2026-05-23,13:27:59.511000,1426418967.0,1328511.0,0.979,-0.02197,0.25879,-1.336,-0.069,-0.924,0.93262,0.30469,0.40186,-1.031,1.84,1.137,non-ergonomis
SUBJ007,nisa,2026-05-23,13:27:59.711000,1426419167.0,1328711.0,0.98486,-0.02637,0.25464,-1.145,0.87,-1.008,0.92773,0.30933,0.40796,0.107,1.115,1.107,non-ergonomis
SUBJ007,nisa,2026-05-23,13:27:59.911000,1426419367.0,1328911.0,0.97754,-0.01587,0.26733,-1.351,1.092,-0.565,0.93018,0.31201,0.40918,-0.84,1.893,1.557,non-ergonomis
SUBJ007,nisa,2026-05-23,13:27:59.111000,1426418567.0,1329111.0,0.98071,-0.0127,0.26758,-1.122,0.916,-0.511,0.9248,0.30688,0.41748,-0.534,0.695,1.244,non-ergonomis
